time,loc,eci,source
2012,ABW,-0.0118377036700318,BACI
2012,ABW,,BACI
2013,ABW,-0.0203853979489187,BACI
2013,ABW,,BACI
2014,ABW,-0.3506764509082505,BACI
2014,ABW,,BACI
2015,ABW,-0.8398857109144142,BACI
2015,ABW,,BACI
2016,ABW,-0.3350981316162721,BACI
2016,ABW,,BACI
2017,ABW,-0.4712868101520259,BACI
2017,ABW,,BACI
2018,ABW,-0.3588683241100404,BACI
2018,ABW,,BACI
2019,ABW,-0.8235868341528351,BACI
2019,ABW,,BACI
2020,ABW,-0.9340185821325712,BACI
2020,ABW,,BACI
2021,ABW,-0.7573532453892399,BACI
2021,ABW,,BACI
2022,ABW,-0.9827483898467014,BACI
2022,ABW,,BACI
2023,ABW,-0.8601426224655049,BACI
2023,ABW,,BACI
2024,ABW,-1.0560530131192178,BACI
2024,ABW,,BACI
2025,ABW,-1.266246908612625,SSP2
2025,ABW,,SSP2
2030,ABW,-1.2748927302506874,SSP2
2030,ABW,,SSP2
2035,ABW,-1.2364136663052188,SSP2
2035,ABW,,SSP2
2040,ABW,-1.216256594431403,SSP2
2040,ABW,,SSP2
2045,ABW,-1.2208428439344217,SSP2
2045,ABW,,SSP2
2050,ABW,-1.234161246027175,SSP2
2050,ABW,,SSP2
2055,ABW,-1.22321985245382,SSP2
2055,ABW,,SSP2
2060,ABW,-1.2719798630388586,SSP2
2060,ABW,,SSP2
2065,ABW,-1.272802969854534,SSP2
2065,ABW,,SSP2
2070,ABW,-1.3352285898858458,SSP2
2070,ABW,,SSP2
2075,ABW,-1.3321777251618525,SSP2
2075,ABW,,SSP2
2080,ABW,-1.3435471254401503,SSP2
2080,ABW,,SSP2
2085,ABW,-1.3259507332980125,SSP2
2085,ABW,,SSP2
2090,ABW,-1.3276667631032797,SSP2
2090,ABW,,SSP2
2095,ABW,-1.3327378765583513,SSP2
2095,ABW,,SSP2
2100,ABW,-1.3160921748303112,SSP2
2100,ABW,,SSP2
2012,AFG,-0.0615015125811121,BACI
2012,AFG,,BACI
2013,AFG,0.0036090794054542,BACI
2013,AFG,,BACI
2014,AFG,-0.346203262312061,BACI
2014,AFG,,BACI
2015,AFG,-0.3522144266766692,BACI
2015,AFG,,BACI
2016,AFG,-0.4812130526891502,BACI
2016,AFG,,BACI
2017,AFG,-0.0025000970385573,BACI
2017,AFG,,BACI
2018,AFG,-0.1580576251325628,BACI
2018,AFG,,BACI
2019,AFG,0.4335796467780843,BACI
2019,AFG,,BACI
2020,AFG,-0.1276584565669176,BACI
2020,AFG,,BACI
2021,AFG,0.0850523358059783,BACI
2021,AFG,,BACI
2022,AFG,-0.094288922838486,BACI
2022,AFG,,BACI
2023,AFG,-0.2473863590080331,BACI
2023,AFG,,BACI
2024,AFG,,BACI
2024,AFG,-0.1114271043971157,BACI
2012,AGO,-0.0102898563965961,BACI
2012,AGO,,BACI
2013,AGO,-0.6101986346643825,BACI
2013,AGO,,BACI
2014,AGO,-0.7666990300033457,BACI
2014,AGO,,BACI
2015,AGO,0.0150079077806837,BACI
2015,AGO,,BACI
2016,AGO,-0.0813236049540289,BACI
2016,AGO,,BACI
2017,AGO,0.1177484358055119,BACI
2017,AGO,,BACI
2018,AGO,0.1506827460585812,BACI
2018,AGO,,BACI
2019,AGO,0.1362975688987176,BACI
2019,AGO,,BACI
2020,AGO,0.3683403098785751,BACI
2020,AGO,,BACI
2021,AGO,-0.0181029774847051,BACI
2021,AGO,,BACI
2022,AGO,0.5338275897444598,BACI
2022,AGO,,BACI
2023,AGO,0.2876612116458052,BACI
2023,AGO,,BACI
2024,AGO,0.5807623009577483,BACI
2024,AGO,,BACI
2025,AGO,-0.3918841395060601,SSP2
2025,AGO,,SSP2
2030,AGO,-0.3764546061740096,SSP2
2030,AGO,,SSP2
2035,AGO,-0.3449597473556325,SSP2
2035,AGO,,SSP2
2040,AGO,-0.3242605215444604,SSP2
2040,AGO,,SSP2
2045,AGO,-0.3327353440273325,SSP2
2045,AGO,,SSP2
2050,AGO,-0.3225040654973505,SSP2
2050,AGO,,SSP2
2055,AGO,-0.4316754459274352,SSP2
2055,AGO,,SSP2
2060,AGO,-0.3311743480308963,SSP2
2060,AGO,,SSP2
2065,AGO,-0.3862498512473504,SSP2
2065,AGO,,SSP2
2070,AGO,-0.4596915301196427,SSP2
2070,AGO,,SSP2
2075,AGO,-0.4817598607106778,SSP2
2075,AGO,,SSP2
2080,AGO,-0.510799811799282,SSP2
2080,AGO,,SSP2
2085,AGO,-0.5039569511747453,SSP2
2085,AGO,,SSP2
2090,AGO,-0.4992454669577856,SSP2
2090,AGO,,SSP2
2095,AGO,-0.585314305640683,SSP2
2095,AGO,,SSP2
2100,AGO,-0.6062832017559128,SSP2
2100,AGO,,SSP2
2012,AIA,-0.95436179103221,BACI
2012,AIA,,BACI
2013,AIA,-1.2285882296120076,BACI
2013,AIA,,BACI
2014,AIA,-1.654781124447488,BACI
2014,AIA,,BACI
2015,AIA,-1.0656312323772366,BACI
2015,AIA,,BACI
2016,AIA,-0.8953375722736626,BACI
2016,AIA,,BACI
2017,AIA,-1.2929711473975265,BACI
2017,AIA,,BACI
2018,AIA,-1.1972660820762575,BACI
2018,AIA,,BACI
2019,AIA,-1.277817977995831,BACI
2019,AIA,,BACI
2020,AIA,-1.6380470559655484,BACI
2020,AIA,,BACI
2021,AIA,-1.4912848533352914,BACI
2021,AIA,,BACI
2022,AIA,-1.4899000220879304,BACI
2022,AIA,,BACI
2023,AIA,-1.4854621023352708,BACI
2023,AIA,,BACI
2024,AIA,-1.5330595718207929,BACI
2024,AIA,,BACI
2012,ALB,0.5194284115301535,BACI
2012,ALB,,BACI
2013,ALB,0.3673757828956439,BACI
2013,ALB,,BACI
2014,ALB,0.1040027090795896,BACI
2014,ALB,,BACI
2015,ALB,0.2879252028571489,BACI
2015,ALB,,BACI
2016,ALB,0.2351996240294586,BACI
2016,ALB,,BACI
2017,ALB,0.0626198876994739,BACI
2017,ALB,,BACI
2018,ALB,,BACI
2018,ALB,0.0971381131066046,BACI
2019,ALB,0.1632490520299629,BACI
2019,ALB,,BACI
2020,ALB,0.0640809535724309,BACI
2020,ALB,,BACI
2021,ALB,0.0114405235762169,BACI
2021,ALB,,BACI
2022,ALB,0.2796508955293239,BACI
2022,ALB,,BACI
2023,ALB,0.1764753738989342,BACI
2023,ALB,,BACI
2024,ALB,0.2690728946858888,BACI
2024,ALB,,BACI
2025,ALB,-0.4487065551958691,SSP2
2025,ALB,,SSP2
2030,ALB,-0.4437416874304722,SSP2
2030,ALB,,SSP2
2035,ALB,-0.4739271785533798,SSP2
2035,ALB,,SSP2
2040,ALB,-0.4400486629022271,SSP2
2040,ALB,,SSP2
2045,ALB,-0.4623613103085143,SSP2
2045,ALB,,SSP2
2050,ALB,-0.4981024111571298,SSP2
2050,ALB,,SSP2
2055,ALB,-0.3932327920940988,SSP2
2055,ALB,,SSP2
2060,ALB,-0.4027042756635051,SSP2
2060,ALB,,SSP2
2065,ALB,-0.3893424388463796,SSP2
2065,ALB,,SSP2
2070,ALB,-0.3726386477193005,SSP2
2070,ALB,,SSP2
2075,ALB,-0.4507138346826559,SSP2
2075,ALB,,SSP2
2080,ALB,-0.4542405003466452,SSP2
2080,ALB,,SSP2
2085,ALB,-0.4225048805145631,SSP2
2085,ALB,,SSP2
2090,ALB,-0.3869348302756973,SSP2
2090,ALB,,SSP2
2095,ALB,-0.4675515576654453,SSP2
2095,ALB,,SSP2
2100,ALB,-0.4734752092730826,SSP2
2100,ALB,,SSP2
2012,AND,-0.1662590253924703,BACI
2012,AND,,BACI
2013,AND,-0.3049331602403597,BACI
2013,AND,,BACI
2014,AND,-0.4384982571936321,BACI
2014,AND,,BACI
2015,AND,-0.3991237802483819,BACI
2015,AND,,BACI
2016,AND,-0.3428620539069283,BACI
2016,AND,,BACI
2017,AND,-0.4680953478039149,BACI
2017,AND,,BACI
2018,AND,-0.5857592769490918,BACI
2018,AND,,BACI
2019,AND,-0.4271887506785707,BACI
2019,AND,,BACI
2020,AND,-0.4767891407036836,BACI
2020,AND,,BACI
2021,AND,-0.4256976781359545,BACI
2021,AND,,BACI
2022,AND,-0.470260377019846,BACI
2022,AND,,BACI
2023,AND,-0.4738497219129629,BACI
2023,AND,,BACI
2024,AND,-0.6490724563683883,BACI
2024,AND,,BACI
2012,ARE,,BACI
2012,ARE,0.3360139433080844,BACI
2013,ARE,,BACI
2013,ARE,0.7659626395367123,BACI
2014,ARE,,BACI
2014,ARE,0.5373977365647462,BACI
2015,ARE,0.6835664267276623,BACI
2015,ARE,,BACI
2016,ARE,,BACI
2016,ARE,0.8603307782939575,BACI
2017,ARE,,BACI
2017,ARE,0.5358967614931567,BACI
2018,ARE,,BACI
2018,ARE,0.2050495145987999,BACI
2019,ARE,,BACI
2019,ARE,0.301582212186507,BACI
2020,ARE,,BACI
2020,ARE,0.3981361970495544,BACI
2021,ARE,,BACI
2021,ARE,0.5948562474600887,BACI
2022,ARE,0.6441017145614705,BACI
2022,ARE,,BACI
2023,ARE,0.5959737648309508,BACI
2023,ARE,,BACI
2024,ARE,,BACI
2024,ARE,0.3795688946851551,BACI
2025,ARE,,SSP2
2025,ARE,0.7635077473581355,SSP2
2030,ARE,,SSP2
2030,ARE,0.9743115718764584,SSP2
2035,ARE,,SSP2
2035,ARE,1.21164696738159,SSP2
2040,ARE,,SSP2
2040,ARE,1.1044438796744778,SSP2
2045,ARE,,SSP2
2045,ARE,1.2198641183216166,SSP2
2050,ARE,,SSP2
2050,ARE,1.251074796311478,SSP2
2055,ARE,,SSP2
2055,ARE,1.2834443613742157,SSP2
2060,ARE,,SSP2
2060,ARE,1.1568464369072906,SSP2
2065,ARE,,SSP2
2065,ARE,1.1986093118153218,SSP2
2070,ARE,,SSP2
2070,ARE,1.201508005308354,SSP2
2075,ARE,,SSP2
2075,ARE,0.7162268041008674,SSP2
2080,ARE,,SSP2
2080,ARE,0.7094821387699226,SSP2
2085,ARE,,SSP2
2085,ARE,0.810136143330206,SSP2
2090,ARE,,SSP2
2090,ARE,0.8225796706419712,SSP2
2095,ARE,,SSP2
2095,ARE,0.7944179425432315,SSP2
2100,ARE,,SSP2
2100,ARE,0.7743321818595721,SSP2
2012,ARG,1.3293236038914913,BACI
2012,ARG,,BACI
2013,ARG,,BACI
2013,ARG,1.3891723575145558,BACI
2014,ARG,1.3442920780533043,BACI
2014,ARG,,BACI
2015,ARG,,BACI
2015,ARG,1.3679370427746136,BACI
2016,ARG,,BACI
2016,ARG,1.2574750267908337,BACI
2017,ARG,,BACI
2017,ARG,1.325850650469177,BACI
2018,ARG,,BACI
2018,ARG,1.0977602888936184,BACI
2019,ARG,,BACI
2019,ARG,0.9906444656288088,BACI
2020,ARG,,BACI
2020,ARG,0.9527944536161784,BACI
2021,ARG,1.213670121153995,BACI
2021,ARG,,BACI
2022,ARG,,BACI
2022,ARG,1.1399396518936138,BACI
2023,ARG,,BACI
2023,ARG,1.251868670193474,BACI
2024,ARG,,BACI
2024,ARG,1.3782404508052049,BACI
2025,ARG,0.3638229200163522,SSP2
2025,ARG,,SSP2
2030,ARG,0.3877129967623356,SSP2
2030,ARG,,SSP2
2035,ARG,0.4160157869753129,SSP2
2035,ARG,,SSP2
2040,ARG,0.3940909292959799,SSP2
2040,ARG,,SSP2
2045,ARG,0.2789189412839671,SSP2
2045,ARG,,SSP2
2050,ARG,0.2335588820638472,SSP2
2050,ARG,,SSP2
2055,ARG,0.266740819726651,SSP2
2055,ARG,,SSP2
2060,ARG,0.2651616393796801,SSP2
2060,ARG,,SSP2
2065,ARG,0.2365337711611031,SSP2
2065,ARG,,SSP2
2070,ARG,0.1950064663737558,SSP2
2070,ARG,,SSP2
2075,ARG,0.2445371924522365,SSP2
2075,ARG,,SSP2
2080,ARG,0.1895297996105365,SSP2
2080,ARG,,SSP2
2085,ARG,0.3472410551624586,SSP2
2085,ARG,,SSP2
2090,ARG,0.4886279273357227,SSP2
2090,ARG,,SSP2
2095,ARG,0.5648131303944789,SSP2
2095,ARG,,SSP2
2100,ARG,0.5552779779509588,SSP2
2100,ARG,,SSP2
2012,ARM,0.3146378032530074,BACI
2012,ARM,,BACI
2013,ARM,0.1327800924340797,BACI
2013,ARM,,BACI
2014,ARM,0.1030771192199468,BACI
2014,ARM,,BACI
2015,ARM,0.217155098840233,BACI
2015,ARM,,BACI
2016,ARM,-0.0047216808592924,BACI
2016,ARM,,BACI
2017,ARM,0.0455595007915346,BACI
2017,ARM,,BACI
2018,ARM,0.123973447929487,BACI
2018,ARM,,BACI
2019,ARM,0.2146892512671924,BACI
2019,ARM,,BACI
2020,ARM,-0.081397917165681,BACI
2020,ARM,,BACI
2021,ARM,0.1766618504432362,BACI
2021,ARM,,BACI
2022,ARM,0.4387962198016596,BACI
2022,ARM,,BACI
2023,ARM,0.534436595082522,BACI
2023,ARM,,BACI
2024,ARM,,BACI
2024,ARM,0.8650906426378578,BACI
2025,ARM,,SSP2
2025,ARM,0.1445280432084746,SSP2
2030,ARM,,SSP2
2030,ARM,0.1196192482704869,SSP2
2035,ARM,,SSP2
2035,ARM,0.1393933371836543,SSP2
2040,ARM,,SSP2
2040,ARM,0.1594512054550473,SSP2
2045,ARM,,SSP2
2045,ARM,0.0542036871088667,SSP2
2050,ARM,,SSP2
2050,ARM,0.0574846342077049,SSP2
2055,ARM,,SSP2
2055,ARM,0.1209246889906354,SSP2
2060,ARM,,SSP2
2060,ARM,0.1411710828244808,SSP2
2065,ARM,,SSP2
2065,ARM,0.14439033969664,SSP2
2070,ARM,,SSP2
2070,ARM,0.3594599103571378,SSP2
2075,ARM,,SSP2
2075,ARM,0.3762876991132456,SSP2
2080,ARM,,SSP2
2080,ARM,0.3054055185372932,SSP2
2085,ARM,,SSP2
2085,ARM,0.2791094392365602,SSP2
2090,ARM,,SSP2
2090,ARM,0.2286544937489551,SSP2
2095,ARM,,SSP2
2095,ARM,0.1797196818309212,SSP2
2100,ARM,0.1588796769567578,SSP2
2100,ARM,,SSP2
2012,ASM,-0.5088126640264583,BACI
2012,ASM,,BACI
2013,ASM,-0.8016698252699753,BACI
2013,ASM,,BACI
2014,ASM,-1.0443294671007406,BACI
2014,ASM,,BACI
2015,ASM,-1.1659008285336387,BACI
2015,ASM,,BACI
2016,ASM,-1.3092298114319618,BACI
2016,ASM,,BACI
2017,ASM,-1.1663027977581488,BACI
2017,ASM,,BACI
2018,ASM,-0.9317998899489194,BACI
2018,ASM,,BACI
2019,ASM,-0.8435947669517871,BACI
2019,ASM,,BACI
2020,ASM,-1.2918138342888386,BACI
2020,ASM,,BACI
2021,ASM,-1.3135953360627792,BACI
2021,ASM,,BACI
2022,ASM,-1.091430186300249,BACI
2022,ASM,,BACI
2023,ASM,-0.9775346575662304,BACI
2023,ASM,,BACI
2024,ASM,-0.9473811550125476,BACI
2024,ASM,,BACI
2012,ATF,-1.4997389099782832,BACI
2012,ATF,,BACI
2013,ATF,-1.0943434494686228,BACI
2013,ATF,,BACI
2014,ATF,-1.5880485950298069,BACI
2014,ATF,,BACI
2015,ATF,-1.2211073075306125,BACI
2015,ATF,,BACI
2016,ATF,-1.3269509213984734,BACI
2016,ATF,,BACI
2017,ATF,-1.7793145180634056,BACI
2017,ATF,,BACI
2018,ATF,-1.3143530722481374,BACI
2018,ATF,,BACI
2019,ATF,-1.711513877833015,BACI
2019,ATF,,BACI
2020,ATF,-1.4363032547838572,BACI
2020,ATF,,BACI
2021,ATF,-1.1787942142991703,BACI
2021,ATF,,BACI
2022,ATF,-1.8348803764448816,BACI
2022,ATF,,BACI
2023,ATF,-1.717017449967669,BACI
2023,ATF,,BACI
2024,ATF,-1.528722173509799,BACI
2024,ATF,,BACI
2012,ATG,-0.7051121107831992,BACI
2012,ATG,,BACI
2013,ATG,-0.5092043442314124,BACI
2013,ATG,,BACI
2014,ATG,-0.5024459854136104,BACI
2014,ATG,,BACI
2015,ATG,-0.361898955436749,BACI
2015,ATG,,BACI
2016,ATG,-0.929729734340792,BACI
2016,ATG,,BACI
2017,ATG,-0.6799951703425613,BACI
2017,ATG,,BACI
2018,ATG,-1.0391360605557436,BACI
2018,ATG,,BACI
2019,ATG,-1.0316166122175727,BACI
2019,ATG,,BACI
2020,ATG,-1.0738679188485272,BACI
2020,ATG,,BACI
2021,ATG,-0.9649190105248838,BACI
2021,ATG,,BACI
2022,ATG,-1.0032256580348984,BACI
2022,ATG,,BACI
2023,ATG,-0.778956824250386,BACI
2023,ATG,,BACI
2024,ATG,-0.7695960078085978,BACI
2024,ATG,,BACI
2012,AUS,,BACI
2012,AUS,1.3674172784158023,BACI
2013,AUS,,BACI
2013,AUS,1.5871701584333675,BACI
2014,AUS,,BACI
2014,AUS,1.748268954218516,BACI
2015,AUS,,BACI
2015,AUS,1.8478685342230157,BACI
2016,AUS,,BACI
2016,AUS,1.633649179173057,BACI
2017,AUS,,BACI
2017,AUS,1.9030841759027683,BACI
2018,AUS,1.9763470051308203,BACI
2018,AUS,,BACI
2019,AUS,1.9917989684691924,BACI
2019,AUS,,BACI
2020,AUS,,BACI
2020,AUS,1.4979174395958696,BACI
2021,AUS,1.6610591844869451,BACI
2021,AUS,,BACI
2022,AUS,,BACI
2022,AUS,1.712779782814965,BACI
2023,AUS,,BACI
2023,AUS,1.9849828504080127,BACI
2024,AUS,,BACI
2024,AUS,1.7475925388297406,BACI
2025,AUS,,SSP2
2025,AUS,1.5576856192563378,SSP2
2030,AUS,,SSP2
2030,AUS,1.596706399784526,SSP2
2035,AUS,1.6934233635118343,SSP2
2035,AUS,,SSP2
2040,AUS,,SSP2
2040,AUS,1.5926817963277995,SSP2
2045,AUS,,SSP2
2045,AUS,1.6637955344148858,SSP2
2050,AUS,,SSP2
2050,AUS,1.6071462913702488,SSP2
2055,AUS,,SSP2
2055,AUS,1.6355756784798896,SSP2
2060,AUS,,SSP2
2060,AUS,1.734304500453512,SSP2
2065,AUS,,SSP2
2065,AUS,1.748952748170974,SSP2
2070,AUS,,SSP2
2070,AUS,1.5747640438127464,SSP2
2075,AUS,,SSP2
2075,AUS,1.5962518448386698,SSP2
2080,AUS,,SSP2
2080,AUS,1.614360549305458,SSP2
2085,AUS,,SSP2
2085,AUS,1.6176621637788977,SSP2
2090,AUS,,SSP2
2090,AUS,1.584698974419644,SSP2
2095,AUS,,SSP2
2095,AUS,1.5841837343336278,SSP2
2100,AUS,,SSP2
2100,AUS,1.5982479267770329,SSP2
2012,AUT,,BACI
2012,AUT,1.573494973993706,BACI
2013,AUT,,BACI
2013,AUT,1.558544254901454,BACI
2014,AUT,,BACI
2014,AUT,1.595048405818188,BACI
2015,AUT,,BACI
2015,AUT,1.7113088925472926,BACI
2016,AUT,,BACI
2016,AUT,1.8107752203402243,BACI
2017,AUT,,BACI
2017,AUT,1.6452139688565808,BACI
2018,AUT,,BACI
2018,AUT,1.5705177782224946,BACI
2019,AUT,,BACI
2019,AUT,1.555536511139207,BACI
2020,AUT,,BACI
2020,AUT,1.495258558079307,BACI
2021,AUT,1.488097692742912,BACI
2021,AUT,,BACI
2022,AUT,,BACI
2022,AUT,1.3527840553471704,BACI
2023,AUT,,BACI
2023,AUT,1.3395020929746857,BACI
2024,AUT,,BACI
2024,AUT,1.515849833789407,BACI
2025,AUT,,SSP2
2025,AUT,1.6927382414987038,SSP2
2030,AUT,,SSP2
2030,AUT,1.6777178111988935,SSP2
2035,AUT,,SSP2
2035,AUT,1.7298010727229916,SSP2
2040,AUT,1.6650865360105749,SSP2
2040,AUT,,SSP2
2045,AUT,1.6476260655323147,SSP2
2045,AUT,,SSP2
2050,AUT,,SSP2
2050,AUT,1.6571873926377398,SSP2
2055,AUT,1.6842016317844646,SSP2
2055,AUT,,SSP2
2060,AUT,,SSP2
2060,AUT,1.6246782354403857,SSP2
2065,AUT,,SSP2
2065,AUT,1.5364700384170535,SSP2
2070,AUT,,SSP2
2070,AUT,1.5310574072950374,SSP2
2075,AUT,,SSP2
2075,AUT,1.4215749921749143,SSP2
2080,AUT,,SSP2
2080,AUT,1.4090728548214315,SSP2
2085,AUT,,SSP2
2085,AUT,1.42515544445722,SSP2
2090,AUT,,SSP2
2090,AUT,1.4013789753986097,SSP2
2095,AUT,,SSP2
2095,AUT,1.4611193430943066,SSP2
2100,AUT,1.4472174180157056,SSP2
2100,AUT,,SSP2
2012,AZE,0.4324973892796993,BACI
2012,AZE,,BACI
2013,AZE,0.2589737873187401,BACI
2013,AZE,,BACI
2014,AZE,-0.0530229880671382,BACI
2014,AZE,,BACI
2015,AZE,0.0637335073712793,BACI
2015,AZE,,BACI
2016,AZE,0.2110428600053683,BACI
2016,AZE,,BACI
2017,AZE,0.1570334272940119,BACI
2017,AZE,,BACI
2018,AZE,0.0565004025302461,BACI
2018,AZE,,BACI
2019,AZE,0.1711201715664583,BACI
2019,AZE,,BACI
2020,AZE,0.3732926937586275,BACI
2020,AZE,,BACI
2021,AZE,0.3945621918013842,BACI
2021,AZE,,BACI
2022,AZE,0.510755336931046,BACI
2022,AZE,,BACI
2023,AZE,0.3630364353461425,BACI
2023,AZE,,BACI
2024,AZE,0.66666093777045,BACI
2024,AZE,,BACI
2025,AZE,-0.4145881373455644,SSP2
2025,AZE,,SSP2
2030,AZE,-0.4455605240915281,SSP2
2030,AZE,,SSP2
2035,AZE,-0.4733579046838443,SSP2
2035,AZE,,SSP2
2040,AZE,-0.4823678795371802,SSP2
2040,AZE,,SSP2
2045,AZE,-0.4814923954882419,SSP2
2045,AZE,,SSP2
2050,AZE,-0.4766770657195766,SSP2
2050,AZE,,SSP2
2055,AZE,-0.5374778880115844,SSP2
2055,AZE,,SSP2
2060,AZE,-0.5543362510385116,SSP2
2060,AZE,,SSP2
2065,AZE,-0.577368980684526,SSP2
2065,AZE,,SSP2
2070,AZE,-0.5982031215157644,SSP2
2070,AZE,,SSP2
2075,AZE,-0.6309874511466779,SSP2
2075,AZE,,SSP2
2080,AZE,-0.6277966599647274,SSP2
2080,AZE,,SSP2
2085,AZE,-0.6283339176742144,SSP2
2085,AZE,,SSP2
2090,AZE,-0.6267016034305735,SSP2
2090,AZE,,SSP2
2095,AZE,-0.6756301078785744,SSP2
2095,AZE,,SSP2
2100,AZE,-0.6937800678074757,SSP2
2100,AZE,,SSP2
2012,BDI,-1.1567571047014087,BACI
2012,BDI,,BACI
2013,BDI,-0.6835238643195293,BACI
2013,BDI,,BACI
2014,BDI,-0.6288912940264116,BACI
2014,BDI,,BACI
2015,BDI,-0.8168704959992552,BACI
2015,BDI,,BACI
2016,BDI,-0.9516716209811562,BACI
2016,BDI,,BACI
2017,BDI,-0.8770157053034111,BACI
2017,BDI,,BACI
2018,BDI,-0.7947234706255372,BACI
2018,BDI,,BACI
2019,BDI,-0.7289260287954864,BACI
2019,BDI,,BACI
2020,BDI,-0.3942165551988995,BACI
2020,BDI,,BACI
2021,BDI,-0.9567343483211584,BACI
2021,BDI,,BACI
2022,BDI,-0.9420785968252527,BACI
2022,BDI,,BACI
2023,BDI,-0.7417240189816344,BACI
2023,BDI,,BACI
2024,BDI,-1.092572893264051,BACI
2024,BDI,,BACI
2025,BDI,-1.3871072962401128,SSP2
2025,BDI,,SSP2
2030,BDI,-1.4038180325151697,SSP2
2030,BDI,,SSP2
2035,BDI,-1.4758222185452348,SSP2
2035,BDI,,SSP2
2040,BDI,-1.522291206013554,SSP2
2040,BDI,,SSP2
2045,BDI,-1.561390569733543,SSP2
2045,BDI,,SSP2
2050,BDI,-1.530925190329174,SSP2
2050,BDI,,SSP2
2055,BDI,-1.6267784062488324,SSP2
2055,BDI,,SSP2
2060,BDI,-1.6215860919635694,SSP2
2060,BDI,,SSP2
2065,BDI,-1.5715151893981676,SSP2
2065,BDI,,SSP2
2070,BDI,-1.6364519931282626,SSP2
2070,BDI,,SSP2
2075,BDI,-1.724866205566421,SSP2
2075,BDI,,SSP2
2080,BDI,-1.6714417160113535,SSP2
2080,BDI,,SSP2
2085,BDI,-1.6795727849114657,SSP2
2085,BDI,,SSP2
2090,BDI,-1.7446664502347735,SSP2
2090,BDI,,SSP2
2095,BDI,-1.6443554319321367,SSP2
2095,BDI,,SSP2
2100,BDI,-1.60141114229028,SSP2
2100,BDI,,SSP2
2012,BEL,,BACI
2012,BEL,1.8903012097570804,BACI
2013,BEL,,BACI
2013,BEL,1.5445089869143545,BACI
2014,BEL,,BACI
2014,BEL,2.09952186575784,BACI
2015,BEL,1.8183040487859865,BACI
2015,BEL,,BACI
2016,BEL,,BACI
2016,BEL,2.180625805656669,BACI
2017,BEL,2.169227907496154,BACI
2017,BEL,,BACI
2018,BEL,,BACI
2018,BEL,2.3738856659913146,BACI
2019,BEL,,BACI
2019,BEL,2.178324440882641,BACI
2020,BEL,,BACI
2020,BEL,2.028278089546488,BACI
2021,BEL,,BACI
2021,BEL,2.4397360910622674,BACI
2022,BEL,,BACI
2022,BEL,1.6108608831776745,BACI
2023,BEL,,BACI
2023,BEL,1.7213867564585796,BACI
2024,BEL,1.609369113724455,BACI
2024,BEL,,BACI
2025,BEL,,SSP2
2025,BEL,1.5853240656578245,SSP2
2030,BEL,,SSP2
2030,BEL,1.6242961032823795,SSP2
2035,BEL,,SSP2
2035,BEL,1.6709692185817635,SSP2
2040,BEL,,SSP2
2040,BEL,1.6627394956108643,SSP2
2045,BEL,,SSP2
2045,BEL,1.5277215866444906,SSP2
2050,BEL,,SSP2
2050,BEL,1.541041643869607,SSP2
2055,BEL,,SSP2
2055,BEL,1.547112597965864,SSP2
2060,BEL,,SSP2
2060,BEL,1.71930031412686,SSP2
2065,BEL,,SSP2
2065,BEL,1.524900036489449,SSP2
2070,BEL,,SSP2
2070,BEL,1.5550912006847375,SSP2
2075,BEL,,SSP2
2075,BEL,1.447977671002129,SSP2
2080,BEL,,SSP2
2080,BEL,1.4245203327892255,SSP2
2085,BEL,,SSP2
2085,BEL,1.324626551755857,SSP2
2090,BEL,,SSP2
2090,BEL,1.3042604631615686,SSP2
2095,BEL,,SSP2
2095,BEL,1.2157938478650494,SSP2
2100,BEL,,SSP2
2100,BEL,1.1850585492238253,SSP2
2012,BEN,-1.3562568232029002,BACI
2012,BEN,,BACI
2013,BEN,-0.9027659484465584,BACI
2013,BEN,,BACI
2014,BEN,-0.7435269260012705,BACI
2014,BEN,,BACI
2015,BEN,-0.2424977311146161,BACI
2015,BEN,,BACI
2016,BEN,-0.269894045849006,BACI
2016,BEN,,BACI
2017,BEN,-0.2082989361391391,BACI
2017,BEN,,BACI
2018,BEN,-0.4821439888940637,BACI
2018,BEN,,BACI
2019,BEN,-0.3804745826370181,BACI
2019,BEN,,BACI
2020,BEN,-0.3985120891348871,BACI
2020,BEN,,BACI
2021,BEN,-0.137240398417739,BACI
2021,BEN,,BACI
2022,BEN,-0.3981560281837858,BACI
2022,BEN,,BACI
2023,BEN,-0.4059648182486413,BACI
2023,BEN,,BACI
2024,BEN,-0.0687976918367748,BACI
2024,BEN,,BACI
2025,BEN,-0.8181536130805921,SSP2
2025,BEN,,SSP2
2030,BEN,-0.8307092258003548,SSP2
2030,BEN,,SSP2
2035,BEN,-0.8803392117819888,SSP2
2035,BEN,,SSP2
2040,BEN,-0.8966994224656037,SSP2
2040,BEN,,SSP2
2045,BEN,-0.9148344313892248,SSP2
2045,BEN,,SSP2
2050,BEN,-0.9153771982648397,SSP2
2050,BEN,,SSP2
2055,BEN,-0.8383433566111683,SSP2
2055,BEN,,SSP2
2060,BEN,-0.7744692044134734,SSP2
2060,BEN,,SSP2
2065,BEN,-0.7050375055767717,SSP2
2065,BEN,,SSP2
2070,BEN,-0.6848171210833472,SSP2
2070,BEN,,SSP2
2075,BEN,-0.770519680372959,SSP2
2075,BEN,,SSP2
2080,BEN,-0.7983227620771265,SSP2
2080,BEN,,SSP2
2085,BEN,-0.8271308555708468,SSP2
2085,BEN,,SSP2
2090,BEN,-0.7913738771240363,SSP2
2090,BEN,,SSP2
2095,BEN,-0.8052508047404501,SSP2
2095,BEN,,SSP2
2100,BEN,-0.7524009823831445,SSP2
2100,BEN,,SSP2
2012,BES,-4.331562932519637,BACI
2013,BES,-1.798834619424658,BACI
2014,BES,-1.7208985012983542,BACI
2014,BES,,BACI
2015,BES,-1.7714634876069122,BACI
2015,BES,,BACI
2016,BES,-2.0597656081764324,BACI
2016,BES,,BACI
2017,BES,-1.3029877203783724,BACI
2017,BES,,BACI
2018,BES,-1.2407860627988323,BACI
2018,BES,,BACI
2019,BES,-1.161260062822689,BACI
2019,BES,,BACI
2020,BES,-1.1754468747808842,BACI
2020,BES,,BACI
2021,BES,-1.9513384378524916,BACI
2021,BES,,BACI
2022,BES,-1.8608853655349424,BACI
2022,BES,,BACI
2023,BES,-1.7691461818659844,BACI
2023,BES,,BACI
2024,BES,-1.8945542697245812,BACI
2024,BES,,BACI
2012,BFA,-1.2411851340338718,BACI
2012,BFA,,BACI
2013,BFA,-0.9189587562064164,BACI
2013,BFA,,BACI
2014,BFA,-0.9710225231804702,BACI
2014,BFA,,BACI
2015,BFA,-0.3387618202832262,BACI
2015,BFA,,BACI
2016,BFA,-0.3691007029370667,BACI
2016,BFA,,BACI
2017,BFA,-0.6394664688001571,BACI
2017,BFA,,BACI
2018,BFA,-0.4648669256125587,BACI
2018,BFA,,BACI
2019,BFA,-0.4438033378711205,BACI
2019,BFA,,BACI
2020,BFA,-0.5085913584690712,BACI
2020,BFA,,BACI
2021,BFA,-0.3091402330970316,BACI
2021,BFA,,BACI
2022,BFA,-0.2836796548717034,BACI
2022,BFA,,BACI
2023,BFA,-0.3428371201157928,BACI
2023,BFA,,BACI
2024,BFA,-0.3631699660153513,BACI
2024,BFA,,BACI
2025,BFA,-0.7343544635888264,SSP2
2025,BFA,,SSP2
2030,BFA,-0.7266099251657487,SSP2
2030,BFA,,SSP2
2035,BFA,-0.7705590710074267,SSP2
2035,BFA,,SSP2
2040,BFA,-0.735376302149443,SSP2
2040,BFA,,SSP2
2045,BFA,-0.8023821355051103,SSP2
2045,BFA,,SSP2
2050,BFA,-0.6200522700168366,SSP2
2050,BFA,,SSP2
2055,BFA,-0.5681302243285636,SSP2
2055,BFA,,SSP2
2060,BFA,-0.7221029058348463,SSP2
2060,BFA,,SSP2
2065,BFA,-0.6769749024422458,SSP2
2065,BFA,,SSP2
2070,BFA,-0.6788893166782435,SSP2
2070,BFA,,SSP2
2075,BFA,-0.7615318792828072,SSP2
2075,BFA,,SSP2
2080,BFA,-0.8135304327482878,SSP2
2080,BFA,,SSP2
2085,BFA,-0.809728897971435,SSP2
2085,BFA,,SSP2
2090,BFA,-0.8220161350950875,SSP2
2090,BFA,,SSP2
2095,BFA,-0.8389607778535888,SSP2
2095,BFA,,SSP2
2100,BFA,-0.8356548004872326,SSP2
2100,BFA,,SSP2
2012,BGD,0.4383443904869462,BACI
2012,BGD,,BACI
2013,BGD,0.2975797293775042,BACI
2013,BGD,,BACI
2014,BGD,0.1432506277654285,BACI
2014,BGD,,BACI
2015,BGD,0.2740713447906992,BACI
2015,BGD,,BACI
2016,BGD,0.2193344438703286,BACI
2016,BGD,,BACI
2017,BGD,0.1252679033121831,BACI
2017,BGD,,BACI
2018,BGD,0.2847075186912192,BACI
2018,BGD,,BACI
2019,BGD,0.1509274600115702,BACI
2019,BGD,,BACI
2020,BGD,0.0184933344035676,BACI
2020,BGD,,BACI
2021,BGD,0.1212839401645758,BACI
2021,BGD,,BACI
2022,BGD,0.0693378353991886,BACI
2022,BGD,,BACI
2023,BGD,-0.0048379640677999,BACI
2023,BGD,,BACI
2024,BGD,-0.0975467532714557,BACI
2024,BGD,,BACI
2025,BGD,-0.0752893226298869,SSP2
2025,BGD,,SSP2
2030,BGD,-0.0859477121632926,SSP2
2030,BGD,,SSP2
2035,BGD,-0.0676525594756562,SSP2
2035,BGD,,SSP2
2040,BGD,0.0591853601177636,SSP2
2040,BGD,,SSP2
2045,BGD,0.0594309179202945,SSP2
2045,BGD,,SSP2
2050,BGD,0.0016460564397981,SSP2
2050,BGD,,SSP2
2055,BGD,0.1230612684515811,SSP2
2055,BGD,,SSP2
2060,BGD,0.1374061387537812,SSP2
2060,BGD,,SSP2
2065,BGD,0.1462938078929622,SSP2
2065,BGD,,SSP2
2070,BGD,0.1737691552514585,SSP2
2070,BGD,,SSP2
2075,BGD,0.2202973084744534,SSP2
2075,BGD,,SSP2
2080,BGD,0.2172910500957008,SSP2
2080,BGD,,SSP2
2085,BGD,0.2155278611080958,SSP2
2085,BGD,,SSP2
2090,BGD,0.2132642006996962,SSP2
2090,BGD,,SSP2
2095,BGD,0.1355468888892416,SSP2
2095,BGD,,SSP2
2100,BGD,0.0049524908347055,SSP2
2100,BGD,,SSP2
2012,BGR,,BACI
2012,BGR,1.3050099087513187,BACI
2013,BGR,1.276573829760427,BACI
2013,BGR,,BACI
2014,BGR,1.439534619365916,BACI
2014,BGR,,BACI
2015,BGR,1.3411917244421,BACI
2015,BGR,,BACI
2016,BGR,,BACI
2016,BGR,1.3984223993787903,BACI
2017,BGR,,BACI
2017,BGR,1.35371050575606,BACI
2018,BGR,,BACI
2018,BGR,1.0617436383586265,BACI
2019,BGR,,BACI
2019,BGR,1.1269480064114323,BACI
2020,BGR,,BACI
2020,BGR,1.1522922186160085,BACI
2021,BGR,,BACI
2021,BGR,1.2194937583944567,BACI
2022,BGR,1.1111274303443832,BACI
2022,BGR,,BACI
2023,BGR,1.1121952561352788,BACI
2023,BGR,,BACI
2024,BGR,,BACI
2024,BGR,1.0430788938382318,BACI
2025,BGR,,SSP2
2025,BGR,1.1017292121309534,SSP2
2030,BGR,,SSP2
2030,BGR,0.8805878891280589,SSP2
2035,BGR,,SSP2
2035,BGR,1.0541526138297368,SSP2
2040,BGR,,SSP2
2040,BGR,1.0496876860719335,SSP2
2045,BGR,,SSP2
2045,BGR,1.0677222991328077,SSP2
2050,BGR,,SSP2
2050,BGR,1.056457800608874,SSP2
2055,BGR,,SSP2
2055,BGR,1.1836859168346503,SSP2
2060,BGR,,SSP2
2060,BGR,1.1932508343656023,SSP2
2065,BGR,,SSP2
2065,BGR,0.9800295377618852,SSP2
2070,BGR,,SSP2
2070,BGR,1.0788476245274377,SSP2
2075,BGR,,SSP2
2075,BGR,1.0913698956530098,SSP2
2080,BGR,,SSP2
2080,BGR,1.106904664551428,SSP2
2085,BGR,,SSP2
2085,BGR,1.0557438888535209,SSP2
2090,BGR,1.0992748682608544,SSP2
2090,BGR,,SSP2
2095,BGR,1.079063157264471,SSP2
2095,BGR,,SSP2
2100,BGR,1.0526482633359475,SSP2
2100,BGR,,SSP2
2012,BHR,0.2375751338543056,BACI
2012,BHR,,BACI
2013,BHR,0.5057528043784354,BACI
2013,BHR,,BACI
2014,BHR,0.5450809669285105,BACI
2014,BHR,,BACI
2015,BHR,0.6312733152185865,BACI
2015,BHR,,BACI
2016,BHR,0.4879681708943502,BACI
2016,BHR,,BACI
2017,BHR,0.5890039905116071,BACI
2017,BHR,,BACI
2018,BHR,0.6892135775677275,BACI
2018,BHR,,BACI
2019,BHR,,BACI
2019,BHR,0.610875879342394,BACI
2020,BHR,0.5942518623467328,BACI
2020,BHR,,BACI
2021,BHR,0.7235572569604904,BACI
2021,BHR,,BACI
2022,BHR,0.4443279949339445,BACI
2022,BHR,,BACI
2023,BHR,0.4441009496521514,BACI
2023,BHR,,BACI
2024,BHR,0.3229296781785724,BACI
2024,BHR,,BACI
2025,BHR,0.2946218837221065,SSP2
2025,BHR,,SSP2
2030,BHR,0.2742358365296649,SSP2
2030,BHR,,SSP2
2035,BHR,0.310185724370807,SSP2
2035,BHR,,SSP2
2040,BHR,0.5681791574309834,SSP2
2040,BHR,,SSP2
2045,BHR,0.4853743211166175,SSP2
2045,BHR,,SSP2
2050,BHR,0.3571432076759395,SSP2
2050,BHR,,SSP2
2055,BHR,0.4026078715229653,SSP2
2055,BHR,,SSP2
2060,BHR,0.3672013020645712,SSP2
2060,BHR,,SSP2
2065,BHR,0.3661363556663068,SSP2
2065,BHR,,SSP2
2070,BHR,0.3750249029727024,SSP2
2070,BHR,,SSP2
2075,BHR,0.3883332845687326,SSP2
2075,BHR,,SSP2
2080,BHR,0.3744629188548679,SSP2
2080,BHR,,SSP2
2085,BHR,0.4198859313564572,SSP2
2085,BHR,,SSP2
2090,BHR,0.4033690993046865,SSP2
2090,BHR,,SSP2
2095,BHR,0.3370999141463163,SSP2
2095,BHR,,SSP2
2100,BHR,0.3050559423642376,SSP2
2100,BHR,,SSP2
2012,BHS,-0.521028707028909,BACI
2012,BHS,,BACI
2013,BHS,-0.1143253275527316,BACI
2013,BHS,,BACI
2014,BHS,-0.2578637583811268,BACI
2014,BHS,,BACI
2015,BHS,-0.1910654141462651,BACI
2015,BHS,,BACI
2016,BHS,-0.1912520599585296,BACI
2016,BHS,,BACI
2017,BHS,-0.4856428018907248,BACI
2017,BHS,,BACI
2018,BHS,-0.3431892459132059,BACI
2018,BHS,,BACI
2019,BHS,-0.2496728604055088,BACI
2019,BHS,,BACI
2020,BHS,-0.4733371567963315,BACI
2020,BHS,,BACI
2021,BHS,-0.4647189714130662,BACI
2021,BHS,,BACI
2022,BHS,-0.3938093833977847,BACI
2022,BHS,,BACI
2023,BHS,-0.5426002141505447,BACI
2023,BHS,,BACI
2024,BHS,-0.3504622187850869,BACI
2024,BHS,,BACI
2025,BHS,-0.6706783491842209,SSP2
2025,BHS,,SSP2
2030,BHS,-0.6916265711140773,SSP2
2030,BHS,,SSP2
2035,BHS,-0.6072517504563559,SSP2
2035,BHS,,SSP2
2040,BHS,-0.5650818587346674,SSP2
2040,BHS,,SSP2
2045,BHS,-0.5392460034413575,SSP2
2045,BHS,,SSP2
2050,BHS,-0.6009353111933089,SSP2
2050,BHS,,SSP2
2055,BHS,-0.4849122330658563,SSP2
2055,BHS,,SSP2
2060,BHS,-0.5280581601618078,SSP2
2060,BHS,,SSP2
2065,BHS,-0.5355147552696015,SSP2
2065,BHS,,SSP2
2070,BHS,-0.5138775180791574,SSP2
2070,BHS,,SSP2
2075,BHS,-0.3590164349610713,SSP2
2075,BHS,,SSP2
2080,BHS,-0.2004199652631379,SSP2
2080,BHS,,SSP2
2085,BHS,-0.2120592457539537,SSP2
2085,BHS,,SSP2
2090,BHS,-0.2314654472457847,SSP2
2090,BHS,,SSP2
2095,BHS,-0.2257871260327274,SSP2
2095,BHS,,SSP2
2100,BHS,-0.2376507086364524,SSP2
2100,BHS,,SSP2
2012,BIH,,BACI
2012,BIH,0.6546658650006454,BACI
2013,BIH,0.5926883111102412,BACI
2013,BIH,,BACI
2014,BIH,0.4876556876672165,BACI
2014,BIH,,BACI
2015,BIH,0.4364465052682952,BACI
2015,BIH,,BACI
2016,BIH,0.5541393822400444,BACI
2016,BIH,,BACI
2017,BIH,0.4137894514800319,BACI
2017,BIH,,BACI
2018,BIH,0.3741869072465686,BACI
2018,BIH,,BACI
2019,BIH,0.4163449054275668,BACI
2019,BIH,,BACI
2020,BIH,0.3697769349152461,BACI
2020,BIH,,BACI
2021,BIH,0.3278927161252312,BACI
2021,BIH,,BACI
2022,BIH,0.1850473281692538,BACI
2022,BIH,,BACI
2023,BIH,0.2519633624388703,BACI
2023,BIH,,BACI
2024,BIH,0.2833683789303088,BACI
2024,BIH,,BACI
2025,BIH,0.0240090186035606,SSP2
2025,BIH,,SSP2
2030,BIH,0.0034195654878851,SSP2
2030,BIH,,SSP2
2035,BIH,-0.0361339699139927,SSP2
2035,BIH,,SSP2
2040,BIH,-0.040334740229729,SSP2
2040,BIH,,SSP2
2045,BIH,-0.0550489751757737,SSP2
2045,BIH,,SSP2
2050,BIH,-0.0624345343026099,SSP2
2050,BIH,,SSP2
2055,BIH,0.062167348584994,SSP2
2055,BIH,,SSP2
2060,BIH,-0.0257204198057684,SSP2
2060,BIH,,SSP2
2065,BIH,-0.0413981232465563,SSP2
2065,BIH,,SSP2
2070,BIH,0.002505228915869,SSP2
2070,BIH,,SSP2
2075,BIH,0.0184766245396778,SSP2
2075,BIH,,SSP2
2080,BIH,-0.0192798508122944,SSP2
2080,BIH,,SSP2
2085,BIH,-0.0400112342452369,SSP2
2085,BIH,,SSP2
2090,BIH,-0.0259761140408908,SSP2
2090,BIH,,SSP2
2095,BIH,-0.0385153425678947,SSP2
2095,BIH,,SSP2
2100,BIH,-0.0888974095819747,SSP2
2100,BIH,,SSP2
2013,BLM,-1.1128129236979438,BACI
2013,BLM,,BACI
2014,BLM,-0.9158546527188792,BACI
2014,BLM,,BACI
2015,BLM,-1.066432770757712,BACI
2015,BLM,,BACI
2016,BLM,-1.2675897349190266,BACI
2016,BLM,,BACI
2017,BLM,-0.9891142098453028,BACI
2017,BLM,,BACI
2018,BLM,-1.317732103099398,BACI
2018,BLM,,BACI
2019,BLM,-1.0271430221231168,BACI
2019,BLM,,BACI
2020,BLM,-0.9906726120602684,BACI
2020,BLM,,BACI
2021,BLM,-1.1611590075329885,BACI
2021,BLM,,BACI
2022,BLM,-1.627149418238931,BACI
2022,BLM,,BACI
2023,BLM,-1.192752416309591,BACI
2023,BLM,,BACI
2024,BLM,-1.1338465489915015,BACI
2024,BLM,,BACI
2012,BLR,1.0998694903663513,BACI
2012,BLR,,BACI
2013,BLR,1.2651994597811402,BACI
2013,BLR,,BACI
2014,BLR,,BACI
2014,BLR,1.3099320373766674,BACI
2015,BLR,1.4377836426600317,BACI
2015,BLR,,BACI
2016,BLR,1.3093181473894224,BACI
2016,BLR,,BACI
2017,BLR,1.2846651676980476,BACI
2017,BLR,,BACI
2018,BLR,1.3043822422020157,BACI
2018,BLR,,BACI
2019,BLR,1.4347312146370188,BACI
2019,BLR,,BACI
2020,BLR,1.3363709257743746,BACI
2020,BLR,,BACI
2021,BLR,1.3538119092489962,BACI
2021,BLR,,BACI
2022,BLR,0.709349459570159,BACI
2022,BLR,,BACI
2023,BLR,0.6875192851455726,BACI
2023,BLR,,BACI
2024,BLR,0.6533494514088548,BACI
2024,BLR,,BACI
2025,BLR,-0.2007649483949196,SSP2
2025,BLR,,SSP2
2030,BLR,-0.2326690968436601,SSP2
2030,BLR,,SSP2
2035,BLR,-0.281977903752608,SSP2
2035,BLR,,SSP2
2040,BLR,-0.2908628637740921,SSP2
2040,BLR,,SSP2
2045,BLR,-0.298769256775898,SSP2
2045,BLR,,SSP2
2050,BLR,-0.2905278850519864,SSP2
2050,BLR,,SSP2
2055,BLR,-0.3444343728151293,SSP2
2055,BLR,,SSP2
2060,BLR,-0.3502979303245565,SSP2
2060,BLR,,SSP2
2065,BLR,-0.339757869287329,SSP2
2065,BLR,,SSP2
2070,BLR,-0.2931081366580691,SSP2
2070,BLR,,SSP2
2075,BLR,-0.3058586002914792,SSP2
2075,BLR,,SSP2
2080,BLR,-0.2753169909420701,SSP2
2080,BLR,,SSP2
2085,BLR,-0.2714038993155396,SSP2
2085,BLR,,SSP2
2090,BLR,-0.2849215611266386,SSP2
2090,BLR,,SSP2
2095,BLR,-0.2648540460252401,SSP2
2095,BLR,,SSP2
2100,BLR,-0.1954995190321104,SSP2
2100,BLR,,SSP2
2012,BLZ,-0.5874057760561505,BACI
2012,BLZ,,BACI
2013,BLZ,-0.2745758278296162,BACI
2013,BLZ,,BACI
2014,BLZ,-0.6185868453144461,BACI
2014,BLZ,,BACI
2015,BLZ,-0.5859861758558048,BACI
2015,BLZ,,BACI
2016,BLZ,-0.5133527830437138,BACI
2016,BLZ,,BACI
2017,BLZ,-0.758750364576605,BACI
2017,BLZ,,BACI
2018,BLZ,-0.7327783460375545,BACI
2018,BLZ,,BACI
2019,BLZ,-0.5358586469967294,BACI
2019,BLZ,,BACI
2020,BLZ,-0.4476158643289843,BACI
2020,BLZ,,BACI
2021,BLZ,-0.5544053211101493,BACI
2021,BLZ,,BACI
2022,BLZ,-0.4425716935643308,BACI
2022,BLZ,,BACI
2023,BLZ,-0.4136850718858549,BACI
2023,BLZ,,BACI
2024,BLZ,-0.4161480538828398,BACI
2024,BLZ,,BACI
2025,BLZ,-0.9773494238212213,SSP2
2025,BLZ,,SSP2
2030,BLZ,-0.9856051905533176,SSP2
2030,BLZ,,SSP2
2035,BLZ,-1.0216735103207744,SSP2
2035,BLZ,,SSP2
2040,BLZ,-1.0216992740445798,SSP2
2040,BLZ,,SSP2
2045,BLZ,-1.039910322823178,SSP2
2045,BLZ,,SSP2
2050,BLZ,-0.9901384641760604,SSP2
2050,BLZ,,SSP2
2055,BLZ,-0.9943032040386462,SSP2
2055,BLZ,,SSP2
2060,BLZ,-1.0276905349516685,SSP2
2060,BLZ,,SSP2
2065,BLZ,-1.009037473747866,SSP2
2065,BLZ,,SSP2
2070,BLZ,-1.080488555403904,SSP2
2070,BLZ,,SSP2
2075,BLZ,-1.109618109240393,SSP2
2075,BLZ,,SSP2
2080,BLZ,-1.1127154001659976,SSP2
2080,BLZ,,SSP2
2085,BLZ,-0.844757038587055,SSP2
2085,BLZ,,SSP2
2090,BLZ,-0.8123074568497785,SSP2
2090,BLZ,,SSP2
2095,BLZ,-0.8062032841169082,SSP2
2095,BLZ,,SSP2
2100,BLZ,-0.807792168532697,SSP2
2100,BLZ,,SSP2
2012,BMU,-0.6489567739468269,BACI
2012,BMU,,BACI
2013,BMU,-0.7636156044089993,BACI
2013,BMU,,BACI
2014,BMU,-1.1715961635992589,BACI
2014,BMU,,BACI
2015,BMU,-1.2501470680670437,BACI
2015,BMU,,BACI
2016,BMU,-0.9098462368580634,BACI
2016,BMU,,BACI
2017,BMU,-1.246760246014058,BACI
2017,BMU,,BACI
2018,BMU,-1.1290150661830682,BACI
2018,BMU,,BACI
2019,BMU,-1.0386384062347214,BACI
2019,BMU,,BACI
2020,BMU,-0.8030331586505608,BACI
2020,BMU,,BACI
2021,BMU,-1.0251166817727486,BACI
2021,BMU,,BACI
2022,BMU,-1.234044787509094,BACI
2022,BMU,,BACI
2023,BMU,-1.152714523063226,BACI
2023,BMU,,BACI
2024,BMU,-1.036023306694852,BACI
2024,BMU,,BACI
2012,BOL,0.4473762403983144,BACI
2012,BOL,,BACI
2013,BOL,0.401096108404348,BACI
2013,BOL,,BACI
2014,BOL,0.2251739831884827,BACI
2014,BOL,,BACI
2015,BOL,0.1492253266918476,BACI
2015,BOL,,BACI
2016,BOL,0.316151424094341,BACI
2016,BOL,,BACI
2017,BOL,0.3783890605073315,BACI
2017,BOL,,BACI
2018,BOL,0.4086883089828235,BACI
2018,BOL,,BACI
2019,BOL,0.3976927125590418,BACI
2019,BOL,,BACI
2020,BOL,0.4757995487790843,BACI
2020,BOL,,BACI
2021,BOL,0.2610448718645563,BACI
2021,BOL,,BACI
2022,BOL,0.5000358132580398,BACI
2022,BOL,,BACI
2023,BOL,0.2841001738176458,BACI
2023,BOL,,BACI
2024,BOL,0.480730830606631,BACI
2024,BOL,,BACI
2025,BOL,-0.7006557427053826,SSP2
2025,BOL,,SSP2
2030,BOL,-0.679004428302941,SSP2
2030,BOL,,SSP2
2035,BOL,-0.6821528401347974,SSP2
2035,BOL,,SSP2
2040,BOL,-0.696192796946584,SSP2
2040,BOL,,SSP2
2045,BOL,-0.7206175438135879,SSP2
2045,BOL,,SSP2
2050,BOL,-0.7128636587783819,SSP2
2050,BOL,,SSP2
2055,BOL,-0.7172589514982534,SSP2
2055,BOL,,SSP2
2060,BOL,-0.7271040554315487,SSP2
2060,BOL,,SSP2
2065,BOL,-0.7274614721820905,SSP2
2065,BOL,,SSP2
2070,BOL,-0.727191669097612,SSP2
2070,BOL,,SSP2
2075,BOL,-0.6993600454642158,SSP2
2075,BOL,,SSP2
2080,BOL,-0.6902712938542946,SSP2
2080,BOL,,SSP2
2085,BOL,-0.7197117358789369,SSP2
2085,BOL,,SSP2
2090,BOL,-0.7373385686887962,SSP2
2090,BOL,,SSP2
2095,BOL,-0.738994159016707,SSP2
2095,BOL,,SSP2
2100,BOL,-0.7133506570734188,SSP2
2100,BOL,,SSP2
2012,BRA,,BACI
2012,BRA,1.246128729397915,BACI
2013,BRA,,BACI
2013,BRA,1.4167336217718725,BACI
2014,BRA,1.2012046097602005,BACI
2014,BRA,,BACI
2015,BRA,1.505624891519236,BACI
2015,BRA,,BACI
2016,BRA,1.63775985823789,BACI
2016,BRA,,BACI
2017,BRA,1.6976790514926088,BACI
2017,BRA,,BACI
2018,BRA,,BACI
2018,BRA,1.66578456993995,BACI
2019,BRA,,BACI
2019,BRA,1.5324789594177897,BACI
2020,BRA,,BACI
2020,BRA,1.6563775535453131,BACI
2021,BRA,,BACI
2021,BRA,1.7438964280780274,BACI
2022,BRA,,BACI
2022,BRA,1.5998750961236812,BACI
2023,BRA,,BACI
2023,BRA,1.7350343116283833,BACI
2024,BRA,1.7164496624266858,BACI
2024,BRA,,BACI
2025,BRA,,SSP2
2025,BRA,1.162071623741038,SSP2
2030,BRA,,SSP2
2030,BRA,1.166837534930933,SSP2
2035,BRA,,SSP2
2035,BRA,1.2291649072023711,SSP2
2040,BRA,,SSP2
2040,BRA,1.2141415067556074,SSP2
2045,BRA,,SSP2
2045,BRA,1.1661571667465849,SSP2
2050,BRA,,SSP2
2050,BRA,1.093214145828605,SSP2
2055,BRA,,SSP2
2055,BRA,1.2029911336969643,SSP2
2060,BRA,,SSP2
2060,BRA,1.195011950495722,SSP2
2065,BRA,,SSP2
2065,BRA,1.18833573700175,SSP2
2070,BRA,,SSP2
2070,BRA,0.9874175715016942,SSP2
2075,BRA,,SSP2
2075,BRA,1.0099737334129262,SSP2
2080,BRA,,SSP2
2080,BRA,0.998310085303212,SSP2
2085,BRA,,SSP2
2085,BRA,0.975975890110518,SSP2
2090,BRA,,SSP2
2090,BRA,0.8655022340694185,SSP2
2095,BRA,,SSP2
2095,BRA,0.7857655043073505,SSP2
2100,BRA,,SSP2
2100,BRA,0.7709108612755655,SSP2
2012,BRB,-0.8258356019786507,BACI
2012,BRB,,BACI
2013,BRB,-0.7859865244215599,BACI
2013,BRB,,BACI
2014,BRB,-0.6953969554894812,BACI
2014,BRB,,BACI
2015,BRB,-0.6634732281891706,BACI
2015,BRB,,BACI
2016,BRB,-0.73475652229293,BACI
2016,BRB,,BACI
2017,BRB,-0.5027359055581598,BACI
2017,BRB,,BACI
2018,BRB,-0.6559359961202962,BACI
2018,BRB,,BACI
2019,BRB,-0.4657184820157079,BACI
2019,BRB,,BACI
2020,BRB,-0.5044131373454998,BACI
2020,BRB,,BACI
2021,BRB,-0.6587751160757293,BACI
2021,BRB,,BACI
2022,BRB,-0.4446920347293479,BACI
2022,BRB,,BACI
2023,BRB,-0.4686378934136753,BACI
2023,BRB,,BACI
2024,BRB,-0.4546818188176287,BACI
2024,BRB,,BACI
2025,BRB,-0.8857655686868212,SSP2
2025,BRB,,SSP2
2030,BRB,-0.8763078673232441,SSP2
2030,BRB,,SSP2
2035,BRB,-0.9376394973584136,SSP2
2035,BRB,,SSP2
2040,BRB,-0.9349493423801928,SSP2
2040,BRB,,SSP2
2045,BRB,-0.9764187814884108,SSP2
2045,BRB,,SSP2
2050,BRB,-0.9281587225927556,SSP2
2050,BRB,,SSP2
2055,BRB,-0.8006923146903222,SSP2
2055,BRB,,SSP2
2060,BRB,-0.8162205365252538,SSP2
2060,BRB,,SSP2
2065,BRB,-0.7941371401676613,SSP2
2065,BRB,,SSP2
2070,BRB,-0.7727454579458515,SSP2
2070,BRB,,SSP2
2075,BRB,-0.7343652835119597,SSP2
2075,BRB,,SSP2
2080,BRB,-0.6433612139940006,SSP2
2080,BRB,,SSP2
2085,BRB,-0.639707400056441,SSP2
2085,BRB,,SSP2
2090,BRB,-0.5852149496035093,SSP2
2090,BRB,,SSP2
2095,BRB,-0.630055973078896,SSP2
2095,BRB,,SSP2
2100,BRB,-0.6343074874496518,SSP2
2100,BRB,,SSP2
2012,BRN,-0.6436371791757842,BACI
2012,BRN,,BACI
2013,BRN,-0.1594826364235939,BACI
2013,BRN,,BACI
2014,BRN,-0.4608469992346446,BACI
2014,BRN,,BACI
2015,BRN,0.1757829965340761,BACI
2015,BRN,,BACI
2016,BRN,-0.1301617574520677,BACI
2016,BRN,,BACI
2017,BRN,-0.1616659153803115,BACI
2017,BRN,,BACI
2018,BRN,-0.1418295935174086,BACI
2018,BRN,,BACI
2019,BRN,0.1040559998787452,BACI
2019,BRN,,BACI
2020,BRN,0.0902870652589951,BACI
2020,BRN,,BACI
2021,BRN,-0.2472621980788091,BACI
2021,BRN,,BACI
2022,BRN,0.1968394438875091,BACI
2022,BRN,,BACI
2023,BRN,-0.0855933905428468,BACI
2023,BRN,,BACI
2024,BRN,-0.1506931655487356,BACI
2024,BRN,,BACI
2025,BRN,-0.5550476537163467,SSP2
2025,BRN,,SSP2
2030,BRN,-0.5895932387940506,SSP2
2030,BRN,,SSP2
2035,BRN,-0.5781865868268796,SSP2
2035,BRN,,SSP2
2040,BRN,-0.2815295459809236,SSP2
2040,BRN,,SSP2
2045,BRN,-0.2836736322063152,SSP2
2045,BRN,,SSP2
2050,BRN,-0.2814029811770833,SSP2
2050,BRN,,SSP2
2055,BRN,-0.4499212558720203,SSP2
2055,BRN,,SSP2
2060,BRN,-0.454413254920879,SSP2
2060,BRN,,SSP2
2065,BRN,-0.4385375760919227,SSP2
2065,BRN,,SSP2
2070,BRN,-0.3889601536275099,SSP2
2070,BRN,,SSP2
2075,BRN,-0.3712648881772473,SSP2
2075,BRN,,SSP2
2080,BRN,-0.4148755561296303,SSP2
2080,BRN,,SSP2
2085,BRN,-0.3477289032499323,SSP2
2085,BRN,,SSP2
2090,BRN,-0.3144415244556385,SSP2
2090,BRN,,SSP2
2095,BRN,-0.3432662232754138,SSP2
2095,BRN,,SSP2
2100,BRN,-0.4637993142877635,SSP2
2100,BRN,,SSP2
2012,BTN,0.4390924907969047,BACI
2012,BTN,,BACI
2013,BTN,-0.9966327809524388,BACI
2013,BTN,,BACI
2014,BTN,-0.8445530152357377,BACI
2014,BTN,,BACI
2015,BTN,-0.4045768795676009,BACI
2015,BTN,,BACI
2016,BTN,-0.0149264399503958,BACI
2016,BTN,,BACI
2017,BTN,-0.1692756686354135,BACI
2017,BTN,,BACI
2018,BTN,-0.1578788565088485,BACI
2018,BTN,,BACI
2019,BTN,-0.3352842295355694,BACI
2019,BTN,,BACI
2020,BTN,-0.2809703603380654,BACI
2020,BTN,,BACI
2021,BTN,-0.424877602848151,BACI
2021,BTN,,BACI
2022,BTN,-0.4936686555630517,BACI
2022,BTN,,BACI
2023,BTN,-0.2096354668575212,BACI
2023,BTN,,BACI
2024,BTN,-0.326564799639724,BACI
2024,BTN,,BACI
2012,BWA,-0.0324696982350972,BACI
2012,BWA,,BACI
2013,BWA,-0.3134826947389435,BACI
2013,BWA,,BACI
2014,BWA,0.5461021958113207,BACI
2014,BWA,,BACI
2015,BWA,0.1231392917951297,BACI
2015,BWA,,BACI
2016,BWA,-0.0346145381181217,BACI
2016,BWA,,BACI
2017,BWA,0.3436959733339609,BACI
2017,BWA,,BACI
2018,BWA,0.1391407992097013,BACI
2018,BWA,,BACI
2019,BWA,0.0309111830942068,BACI
2019,BWA,,BACI
2020,BWA,-0.0647388896093272,BACI
2020,BWA,,BACI
2021,BWA,-0.0558519614563446,BACI
2021,BWA,,BACI
2022,BWA,0.171808986088276,BACI
2022,BWA,,BACI
2023,BWA,0.2640294217829422,BACI
2023,BWA,,BACI
2024,BWA,0.0204697810968722,BACI
2024,BWA,,BACI
2025,BWA,-0.4969412193219902,SSP2
2025,BWA,,SSP2
2030,BWA,-0.5650597229402087,SSP2
2030,BWA,,SSP2
2035,BWA,-0.560353317763824,SSP2
2035,BWA,,SSP2
2040,BWA,-0.5954720184383118,SSP2
2040,BWA,,SSP2
2045,BWA,-0.5171709792673203,SSP2
2045,BWA,,SSP2
2050,BWA,-0.5674097084103806,SSP2
2050,BWA,,SSP2
2055,BWA,-0.4996132041664848,SSP2
2055,BWA,,SSP2
2060,BWA,-0.4905246145478646,SSP2
2060,BWA,,SSP2
2065,BWA,-0.5447851906320095,SSP2
2065,BWA,,SSP2
2070,BWA,-0.4864013086320786,SSP2
2070,BWA,,SSP2
2075,BWA,-0.4823408206748665,SSP2
2075,BWA,,SSP2
2080,BWA,-0.5034906808325514,SSP2
2080,BWA,,SSP2
2085,BWA,-0.5038368928450179,SSP2
2085,BWA,,SSP2
2090,BWA,-0.4969263164070276,SSP2
2090,BWA,,SSP2
2095,BWA,-0.521224691222208,SSP2
2095,BWA,,SSP2
2100,BWA,-0.5400269052056105,SSP2
2100,BWA,,SSP2
2012,CAF,-0.9183286339520472,BACI
2012,CAF,,BACI
2013,CAF,-0.5055049311785821,BACI
2013,CAF,,BACI
2014,CAF,-0.4806672925878372,BACI
2014,CAF,,BACI
2015,CAF,-1.220490719225236,BACI
2015,CAF,,BACI
2016,CAF,-0.851033619782629,BACI
2016,CAF,,BACI
2017,CAF,-0.9896278349301484,BACI
2017,CAF,,BACI
2018,CAF,-1.2839091066806552,BACI
2018,CAF,,BACI
2019,CAF,-1.0649644468748247,BACI
2019,CAF,,BACI
2020,CAF,-1.166191642722535,BACI
2020,CAF,,BACI
2021,CAF,-1.1747219947103529,BACI
2021,CAF,,BACI
2022,CAF,-1.2461934679533904,BACI
2022,CAF,,BACI
2023,CAF,-1.336349212174905,BACI
2023,CAF,,BACI
2024,CAF,-1.263686566031223,BACI
2024,CAF,,BACI
2025,CAF,-1.364197079226546,SSP2
2025,CAF,,SSP2
2030,CAF,-1.369833050266596,SSP2
2030,CAF,,SSP2
2035,CAF,-1.4096734070641237,SSP2
2035,CAF,,SSP2
2040,CAF,-1.4114803541857777,SSP2
2040,CAF,,SSP2
2045,CAF,-1.4845373042266448,SSP2
2045,CAF,,SSP2
2050,CAF,-1.4282785252507355,SSP2
2050,CAF,,SSP2
2055,CAF,-1.4675792252544049,SSP2
2055,CAF,,SSP2
2060,CAF,-1.4927201087148514,SSP2
2060,CAF,,SSP2
2065,CAF,-1.4493841823360207,SSP2
2065,CAF,,SSP2
2070,CAF,-1.4887685422326509,SSP2
2070,CAF,,SSP2
2075,CAF,-1.514742784637104,SSP2
2075,CAF,,SSP2
2080,CAF,-1.539333458681589,SSP2
2080,CAF,,SSP2
2085,CAF,-1.5384824164480806,SSP2
2085,CAF,,SSP2
2090,CAF,-1.7231234531668145,SSP2
2090,CAF,,SSP2
2095,CAF,-1.6748505771988926,SSP2
2095,CAF,,SSP2
2100,CAF,-1.6665194899581357,SSP2
2100,CAF,,SSP2
2012,CAN,1.655072144875261,BACI
2012,CAN,,BACI
2013,CAN,,BACI
2013,CAN,1.8896301324821276,BACI
2014,CAN,,BACI
2014,CAN,2.03293297914526,BACI
2015,CAN,1.835915436116686,BACI
2015,CAN,,BACI
2016,CAN,,BACI
2016,CAN,2.2329875231115373,BACI
2017,CAN,1.637854056744923,BACI
2017,CAN,,BACI
2018,CAN,1.9797458079354875,BACI
2018,CAN,,BACI
2019,CAN,,BACI
2019,CAN,1.4099948197981158,BACI
2020,CAN,,BACI
2020,CAN,1.417993650632915,BACI
2021,CAN,1.4283356944731331,BACI
2021,CAN,,BACI
2022,CAN,,BACI
2022,CAN,1.9506593815534357,BACI
2023,CAN,,BACI
2023,CAN,1.6314645075857568,BACI
2024,CAN,1.8454847903957377,BACI
2024,CAN,,BACI
2025,CAN,,SSP2
2025,CAN,2.3692444915728665,SSP2
2030,CAN,,SSP2
2030,CAN,2.27565079679284,SSP2
2035,CAN,,SSP2
2035,CAN,2.171061900232252,SSP2
2040,CAN,,SSP2
2040,CAN,2.112616170782615,SSP2
2045,CAN,,SSP2
2045,CAN,2.388648818230942,SSP2
2050,CAN,,SSP2
2050,CAN,2.3158286478704,SSP2
2055,CAN,,SSP2
2055,CAN,2.3702306930410995,SSP2
2060,CAN,,SSP2
2060,CAN,2.0198155087226377,SSP2
2065,CAN,,SSP2
2065,CAN,2.052026871104118,SSP2
2070,CAN,,SSP2
2070,CAN,1.962909634842207,SSP2
2075,CAN,,SSP2
2075,CAN,2.028063705329617,SSP2
2080,CAN,,SSP2
2080,CAN,2.077126023076806,SSP2
2085,CAN,,SSP2
2085,CAN,2.0063205996104103,SSP2
2090,CAN,,SSP2
2090,CAN,2.0118248842524165,SSP2
2095,CAN,,SSP2
2095,CAN,1.9839698024172203,SSP2
2100,CAN,,SSP2
2100,CAN,1.9501165743058664,SSP2
2012,CCK,-1.3754424849046962,BACI
2012,CCK,,BACI
2013,CCK,-1.4936143772778911,BACI
2013,CCK,,BACI
2014,CCK,-1.434551462601524,BACI
2014,CCK,,BACI
2015,CCK,-1.4437256757015426,BACI
2015,CCK,,BACI
2016,CCK,-1.463041470743761,BACI
2016,CCK,,BACI
2017,CCK,-1.6537933917950864,BACI
2017,CCK,,BACI
2018,CCK,-1.707069326753173,BACI
2018,CCK,,BACI
2019,CCK,-1.5153860969980808,BACI
2019,CCK,,BACI
2020,CCK,-1.6490457147091049,BACI
2020,CCK,,BACI
2021,CCK,-1.5611991733023023,BACI
2021,CCK,,BACI
2022,CCK,-1.8003234409782336,BACI
2022,CCK,,BACI
2023,CCK,-1.7290548460242805,BACI
2023,CCK,,BACI
2024,CCK,-1.6200750014431131,BACI
2024,CCK,,BACI
2012,CHE,1.36642660963918,BACI
2012,CHE,,BACI
2013,CHE,1.3328884274514692,BACI
2013,CHE,,BACI
2014,CHE,1.37345693349432,BACI
2014,CHE,,BACI
2015,CHE,1.3669399642053073,BACI
2015,CHE,,BACI
2016,CHE,1.3919105685960207,BACI
2016,CHE,,BACI
2017,CHE,,BACI
2017,CHE,1.4658853182026634,BACI
2018,CHE,,BACI
2018,CHE,1.554162901743628,BACI
2019,CHE,,BACI
2019,CHE,1.5585088914235052,BACI
2020,CHE,1.2917893851749582,BACI
2020,CHE,,BACI
2021,CHE,1.387255097619066,BACI
2021,CHE,,BACI
2022,CHE,1.321988375725519,BACI
2022,CHE,,BACI
2023,CHE,,BACI
2023,CHE,1.3139444103158904,BACI
2024,CHE,,BACI
2024,CHE,1.2705781810197698,BACI
2025,CHE,,SSP2
2025,CHE,1.5301019202027886,SSP2
2030,CHE,,SSP2
2030,CHE,1.5464728137366932,SSP2
2035,CHE,,SSP2
2035,CHE,1.598657423740603,SSP2
2040,CHE,,SSP2
2040,CHE,1.706481490808948,SSP2
2045,CHE,,SSP2
2045,CHE,1.3761817580376143,SSP2
2050,CHE,,SSP2
2050,CHE,1.386670175379478,SSP2
2055,CHE,,SSP2
2055,CHE,1.3868676022083335,SSP2
2060,CHE,,SSP2
2060,CHE,1.396175137187423,SSP2
2065,CHE,,SSP2
2065,CHE,1.3999155712887277,SSP2
2070,CHE,,SSP2
2070,CHE,1.3272268366469635,SSP2
2075,CHE,,SSP2
2075,CHE,1.2032909932997768,SSP2
2080,CHE,,SSP2
2080,CHE,1.1684585464673167,SSP2
2085,CHE,,SSP2
2085,CHE,1.1319726895904132,SSP2
2090,CHE,,SSP2
2090,CHE,1.1085646514541296,SSP2
2095,CHE,,SSP2
2095,CHE,1.1174029201607605,SSP2
2100,CHE,,SSP2
2100,CHE,1.0841494664856473,SSP2
2012,CHL,0.8167398509161682,BACI
2012,CHL,,BACI
2013,CHL,,BACI
2013,CHL,0.6495057881256442,BACI
2014,CHL,,BACI
2014,CHL,0.5256548131252623,BACI
2015,CHL,,BACI
2015,CHL,0.6112986051438594,BACI
2016,CHL,,BACI
2016,CHL,0.5102288523921591,BACI
2017,CHL,,BACI
2017,CHL,0.5291420859603188,BACI
2018,CHL,0.4678089792982333,BACI
2018,CHL,,BACI
2019,CHL,0.4981245426113763,BACI
2019,CHL,,BACI
2020,CHL,0.5016823444307478,BACI
2020,CHL,,BACI
2021,CHL,0.4891303755563018,BACI
2021,CHL,,BACI
2022,CHL,0.476962751826571,BACI
2022,CHL,,BACI
2023,CHL,0.5093271032601873,BACI
2023,CHL,,BACI
2024,CHL,0.5283740524702565,BACI
2024,CHL,,BACI
2025,CHL,0.0877279030336793,SSP2
2025,CHL,,SSP2
2030,CHL,0.1041768733701187,SSP2
2030,CHL,,SSP2
2035,CHL,0.1129921299220167,SSP2
2035,CHL,,SSP2
2040,CHL,-0.0122764871286264,SSP2
2040,CHL,,SSP2
2045,CHL,0.0361384701157707,SSP2
2045,CHL,,SSP2
2050,CHL,0.0221355814489554,SSP2
2050,CHL,,SSP2
2055,CHL,0.0110953681708037,SSP2
2055,CHL,,SSP2
2060,CHL,-0.0018586458035488,SSP2
2060,CHL,,SSP2
2065,CHL,0.0009573792432348,SSP2
2065,CHL,,SSP2
2070,CHL,0.0504633389444782,SSP2
2070,CHL,,SSP2
2075,CHL,0.0525531306762166,SSP2
2075,CHL,,SSP2
2080,CHL,0.0261450273124235,SSP2
2080,CHL,,SSP2
2085,CHL,0.0067806826800805,SSP2
2085,CHL,,SSP2
2090,CHL,0.0188445033910315,SSP2
2090,CHL,,SSP2
2095,CHL,-0.0533071568841335,SSP2
2095,CHL,,SSP2
2100,CHL,-0.0543781972268999,SSP2
2100,CHL,,SSP2
2012,CHN,,BACI
2012,CHN,0.9446491665681448,BACI
2013,CHN,,BACI
2013,CHN,0.9850833737693376,BACI
2014,CHN,1.1384363323956157,BACI
2014,CHN,,BACI
2015,CHN,1.1166732922207057,BACI
2015,CHN,,BACI
2016,CHN,,BACI
2016,CHN,0.8722253244114709,BACI
2017,CHN,,BACI
2017,CHN,0.9257173621665736,BACI
2018,CHN,,BACI
2018,CHN,0.7277255691383864,BACI
2019,CHN,,BACI
2019,CHN,0.8058415478699645,BACI
2020,CHN,0.8630730859279813,BACI
2020,CHN,,BACI
2021,CHN,0.9395104162214826,BACI
2021,CHN,,BACI
2022,CHN,,BACI
2022,CHN,0.942136399588682,BACI
2023,CHN,,BACI
2023,CHN,0.9067308770236638,BACI
2024,CHN,,BACI
2024,CHN,0.7728232849333662,BACI
2025,CHN,,SSP2
2025,CHN,1.8381319587327491,SSP2
2030,CHN,,SSP2
2030,CHN,1.822989506996614,SSP2
2035,CHN,,SSP2
2035,CHN,1.7787285805498465,SSP2
2040,CHN,,SSP2
2040,CHN,1.767008591185085,SSP2
2045,CHN,,SSP2
2045,CHN,1.8362803140479471,SSP2
2050,CHN,,SSP2
2050,CHN,1.824507370158716,SSP2
2055,CHN,,SSP2
2055,CHN,1.868912208622467,SSP2
2060,CHN,,SSP2
2060,CHN,1.871048500036288,SSP2
2065,CHN,,SSP2
2065,CHN,1.8721581888526873,SSP2
2070,CHN,,SSP2
2070,CHN,1.819635880599044,SSP2
2075,CHN,,SSP2
2075,CHN,1.787869068185636,SSP2
2080,CHN,,SSP2
2080,CHN,1.766904619683326,SSP2
2085,CHN,,SSP2
2085,CHN,1.644874993380055,SSP2
2090,CHN,,SSP2
2090,CHN,1.6971844023549891,SSP2
2095,CHN,1.6594801100783232,SSP2
2095,CHN,,SSP2
2100,CHN,1.6347362413971434,SSP2
2100,CHN,,SSP2
2012,CIV,-0.5968113821939967,BACI
2012,CIV,,BACI
2013,CIV,-0.3986890363091035,BACI
2013,CIV,,BACI
2014,CIV,-0.3368635224634665,BACI
2014,CIV,,BACI
2015,CIV,0.0692063296102507,BACI
2015,CIV,,BACI
2016,CIV,0.0022757180233787,BACI
2016,CIV,,BACI
2017,CIV,0.0991220325282797,BACI
2017,CIV,,BACI
2018,CIV,0.0396624937222751,BACI
2018,CIV,,BACI
2019,CIV,0.0479101612697501,BACI
2019,CIV,,BACI
2020,CIV,0.0058374736951758,BACI
2020,CIV,,BACI
2021,CIV,-0.0828321829635308,BACI
2021,CIV,,BACI
2022,CIV,0.1098485860194987,BACI
2022,CIV,,BACI
2023,CIV,0.2185373128978414,BACI
2023,CIV,,BACI
2024,CIV,0.3145439124391453,BACI
2024,CIV,,BACI
2025,CIV,-0.2686653970174577,SSP2
2025,CIV,,SSP2
2030,CIV,-0.1255962766593162,SSP2
2030,CIV,,SSP2
2035,CIV,-0.0776572060539782,SSP2
2035,CIV,,SSP2
2040,CIV,-0.2402083758941272,SSP2
2040,CIV,,SSP2
2045,CIV,-0.2578371605473708,SSP2
2045,CIV,,SSP2
2050,CIV,-0.265306061528774,SSP2
2050,CIV,,SSP2
2055,CIV,-0.3436620690203579,SSP2
2055,CIV,,SSP2
2060,CIV,-0.3104805116717952,SSP2
2060,CIV,,SSP2
2065,CIV,-0.2929191359897241,SSP2
2065,CIV,,SSP2
2070,CIV,-0.2878607776408783,SSP2
2070,CIV,,SSP2
2075,CIV,-0.2804574101977672,SSP2
2075,CIV,,SSP2
2080,CIV,-0.2083326829531757,SSP2
2080,CIV,,SSP2
2085,CIV,-0.0878589200648662,SSP2
2085,CIV,,SSP2
2090,CIV,-0.0919147757214171,SSP2
2090,CIV,,SSP2
2095,CIV,-0.1484168500784994,SSP2
2095,CIV,,SSP2
2100,CIV,-0.0871104231576917,SSP2
2100,CIV,,SSP2
2012,CMR,-0.2410846142111682,BACI
2012,CMR,,BACI
2013,CMR,0.0691070644802151,BACI
2013,CMR,,BACI
2014,CMR,-0.1640682354363949,BACI
2014,CMR,,BACI
2015,CMR,-0.0425837025799778,BACI
2015,CMR,,BACI
2016,CMR,0.1127049207977967,BACI
2016,CMR,,BACI
2017,CMR,0.0693704707440684,BACI
2017,CMR,,BACI
2018,CMR,-0.0814380691968674,BACI
2018,CMR,,BACI
2019,CMR,-0.0709848572507487,BACI
2019,CMR,,BACI
2020,CMR,0.1031205022085493,BACI
2020,CMR,,BACI
2021,CMR,0.0748231949018097,BACI
2021,CMR,,BACI
2022,CMR,0.1191727328648993,BACI
2022,CMR,,BACI
2023,CMR,-0.0953700059897692,BACI
2023,CMR,,BACI
2024,CMR,0.0313747652517929,BACI
2024,CMR,,BACI
2025,CMR,-0.6912109638548479,SSP2
2025,CMR,,SSP2
2030,CMR,-0.7783017440023299,SSP2
2030,CMR,,SSP2
2035,CMR,-0.7852038387821975,SSP2
2035,CMR,,SSP2
2040,CMR,-0.7686117082186099,SSP2
2040,CMR,,SSP2
2045,CMR,-0.6809559979489439,SSP2
2045,CMR,,SSP2
2050,CMR,-0.6929749891715373,SSP2
2050,CMR,,SSP2
2055,CMR,-0.6983249243178342,SSP2
2055,CMR,,SSP2
2060,CMR,-0.7117566780937385,SSP2
2060,CMR,,SSP2
2065,CMR,-0.7341592109472137,SSP2
2065,CMR,,SSP2
2070,CMR,-0.7126842908770343,SSP2
2070,CMR,,SSP2
2075,CMR,-0.7033848023653372,SSP2
2075,CMR,,SSP2
2080,CMR,-0.7263408780888291,SSP2
2080,CMR,,SSP2
2085,CMR,-0.740986678400944,SSP2
2085,CMR,,SSP2
2090,CMR,-0.6739258817151559,SSP2
2090,CMR,,SSP2
2095,CMR,-0.7133728400723328,SSP2
2095,CMR,,SSP2
2100,CMR,-0.7114045706456936,SSP2
2100,CMR,,SSP2
2012,COD,-0.2428181847657701,BACI
2012,COD,,BACI
2013,COD,0.5134422291586436,BACI
2013,COD,,BACI
2014,COD,-0.3828850147492356,BACI
2014,COD,,BACI
2015,COD,-0.3720454580770465,BACI
2015,COD,,BACI
2016,COD,-0.16746302791563,BACI
2016,COD,,BACI
2017,COD,-0.1498298287074886,BACI
2017,COD,,BACI
2018,COD,0.051369278414952,BACI
2018,COD,,BACI
2019,COD,-0.0583599119242362,BACI
2019,COD,,BACI
2020,COD,0.2126405285938284,BACI
2020,COD,,BACI
2021,COD,-0.0459243659137347,BACI
2021,COD,,BACI
2022,COD,0.4264092938195322,BACI
2022,COD,,BACI
2023,COD,-0.1012977976853553,BACI
2023,COD,,BACI
2024,COD,-0.1427307268405412,BACI
2024,COD,,BACI
2012,COG,-0.6728392079569309,BACI
2012,COG,,BACI
2013,COG,-0.5719102556727568,BACI
2013,COG,,BACI
2014,COG,-0.5415475437743063,BACI
2014,COG,,BACI
2015,COG,-0.4250767854525293,BACI
2015,COG,,BACI
2016,COG,-0.1200593027088973,BACI
2016,COG,,BACI
2017,COG,-0.1998607904287701,BACI
2017,COG,,BACI
2018,COG,-0.0701478204519871,BACI
2018,COG,,BACI
2019,COG,-0.2620015574298271,BACI
2019,COG,,BACI
2020,COG,-0.2807107478724992,BACI
2020,COG,,BACI
2021,COG,-0.414827926502688,BACI
2021,COG,,BACI
2022,COG,-0.0662302445050742,BACI
2022,COG,,BACI
2023,COG,-0.3727585718873544,BACI
2023,COG,,BACI
2024,COG,-0.555224788539427,BACI
2024,COG,,BACI
2025,COG,-0.9188140520278408,SSP2
2025,COG,,SSP2
2030,COG,-0.9411435965144128,SSP2
2030,COG,,SSP2
2035,COG,-0.9029934168175908,SSP2
2035,COG,,SSP2
2040,COG,-0.9492513785794616,SSP2
2040,COG,,SSP2
2045,COG,-0.9546388687473186,SSP2
2045,COG,,SSP2
2050,COG,-0.9506382162443392,SSP2
2050,COG,,SSP2
2055,COG,-1.0637399927797904,SSP2
2055,COG,,SSP2
2060,COG,-1.1238742067051428,SSP2
2060,COG,,SSP2
2065,COG,-1.0872710178104048,SSP2
2065,COG,,SSP2
2070,COG,-1.0511620341700834,SSP2
2070,COG,,SSP2
2075,COG,-1.0106106211731922,SSP2
2075,COG,,SSP2
2080,COG,-1.0086576746516556,SSP2
2080,COG,,SSP2
2085,COG,-0.948912843794699,SSP2
2085,COG,,SSP2
2090,COG,-0.966502374005528,SSP2
2090,COG,,SSP2
2095,COG,-0.990588323293182,SSP2
2095,COG,,SSP2
2100,COG,-1.0810433412947735,SSP2
2100,COG,,SSP2
2012,COK,-1.205309127937531,BACI
2012,COK,,BACI
2013,COK,-1.4360432652555777,BACI
2013,COK,,BACI
2014,COK,-2.1818001957878685,BACI
2014,COK,,BACI
2015,COK,-1.7573143438677885,BACI
2015,COK,,BACI
2016,COK,-2.046495213514262,BACI
2016,COK,,BACI
2017,COK,-1.7034248489318369,BACI
2017,COK,,BACI
2018,COK,-1.5135217461128716,BACI
2018,COK,,BACI
2019,COK,-1.8831902291445528,BACI
2019,COK,,BACI
2020,COK,-1.863319588067191,BACI
2020,COK,,BACI
2021,COK,-1.6184381181104597,BACI
2021,COK,,BACI
2022,COK,-1.8157059877715371,BACI
2022,COK,,BACI
2023,COK,-1.672567245842744,BACI
2023,COK,,BACI
2024,COK,-1.535901418781905,BACI
2024,COK,,BACI
2012,COL,1.0195659475117138,BACI
2012,COL,,BACI
2013,COL,1.0639966252137738,BACI
2013,COL,,BACI
2014,COL,1.1300483011101257,BACI
2014,COL,,BACI
2015,COL,1.068982987665641,BACI
2015,COL,,BACI
2016,COL,0.9212844961422624,BACI
2016,COL,,BACI
2017,COL,0.8047018930816102,BACI
2017,COL,,BACI
2018,COL,0.8006002738873251,BACI
2018,COL,,BACI
2019,COL,0.7957901814181423,BACI
2019,COL,,BACI
2020,COL,0.8081097534388468,BACI
2020,COL,,BACI
2021,COL,0.7191998660420005,BACI
2021,COL,,BACI
2022,COL,0.847670811929731,BACI
2022,COL,,BACI
2023,COL,0.9095334002066056,BACI
2023,COL,,BACI
2024,COL,0.9618441962230804,BACI
2024,COL,,BACI
2025,COL,0.3714798800675556,SSP2
2025,COL,,SSP2
2030,COL,0.2828415454317366,SSP2
2030,COL,,SSP2
2035,COL,0.330749411040499,SSP2
2035,COL,,SSP2
2040,COL,0.3968590924800673,SSP2
2040,COL,,SSP2
2045,COL,0.3580563196216904,SSP2
2045,COL,,SSP2
2050,COL,0.4047547972801026,SSP2
2050,COL,,SSP2
2055,COL,0.4692579354911897,SSP2
2055,COL,,SSP2
2060,COL,0.4475027015125464,SSP2
2060,COL,,SSP2
2065,COL,0.2250225209402302,SSP2
2065,COL,,SSP2
2070,COL,0.2700579850540767,SSP2
2070,COL,,SSP2
2075,COL,0.3123014213838104,SSP2
2075,COL,,SSP2
2080,COL,0.253650888592439,SSP2
2080,COL,,SSP2
2085,COL,0.2300470027593478,SSP2
2085,COL,,SSP2
2090,COL,0.2360527880458588,SSP2
2090,COL,,SSP2
2095,COL,0.2139310802728698,SSP2
2095,COL,,SSP2
2100,COL,0.3003534607666699,SSP2
2100,COL,,SSP2
2012,COM,-1.5594297651502342,BACI
2012,COM,,BACI
2013,COM,-1.6986900235277,BACI
2013,COM,,BACI
2014,COM,-1.4404895993047957,BACI
2014,COM,,BACI
2015,COM,-1.3222497942959572,BACI
2015,COM,,BACI
2016,COM,-1.485332727828525,BACI
2016,COM,,BACI
2017,COM,-1.4098183686269816,BACI
2017,COM,,BACI
2018,COM,-1.647692000634066,BACI
2018,COM,,BACI
2019,COM,-1.4721590979286518,BACI
2019,COM,,BACI
2020,COM,-1.2255914371692596,BACI
2020,COM,,BACI
2021,COM,-1.2104195507459452,BACI
2021,COM,,BACI
2022,COM,-1.2780932180824889,BACI
2022,COM,,BACI
2023,COM,-1.4634691085441254,BACI
2023,COM,,BACI
2024,COM,-1.5146511038658934,BACI
2024,COM,,BACI
2025,COM,-1.6004715062099797,SSP2
2025,COM,,SSP2
2030,COM,-1.589932954815006,SSP2
2030,COM,,SSP2
2035,COM,-1.6665121555611022,SSP2
2035,COM,,SSP2
2040,COM,-1.7253916030759384,SSP2
2040,COM,,SSP2
2045,COM,-1.750761503656247,SSP2
2045,COM,,SSP2
2050,COM,-1.7162574737455467,SSP2
2050,COM,,SSP2
2055,COM,-1.815391871324972,SSP2
2055,COM,,SSP2
2060,COM,-1.844270428336753,SSP2
2060,COM,,SSP2
2065,COM,-1.835952115525381,SSP2
2065,COM,,SSP2
2070,COM,-2.020868058109192,SSP2
2070,COM,,SSP2
2075,COM,-2.095435599950647,SSP2
2075,COM,,SSP2
2080,COM,-1.9675632781063352,SSP2
2080,COM,,SSP2
2085,COM,-1.9613683007109908,SSP2
2085,COM,,SSP2
2090,COM,-1.9553266312012785,SSP2
2090,COM,,SSP2
2095,COM,-1.892751787541337,SSP2
2095,COM,,SSP2
2100,COM,-1.8983098738534656,SSP2
2100,COM,,SSP2
2012,CPV,-1.057428133162452,BACI
2012,CPV,,BACI
2013,CPV,-1.1464166900435415,BACI
2013,CPV,,BACI
2014,CPV,-1.3225024814575788,BACI
2014,CPV,,BACI
2015,CPV,-1.4009269758800609,BACI
2015,CPV,,BACI
2016,CPV,-1.5036452803456064,BACI
2016,CPV,,BACI
2017,CPV,-1.1916521806293583,BACI
2017,CPV,,BACI
2018,CPV,-1.393852276989734,BACI
2018,CPV,,BACI
2019,CPV,-0.967192098384403,BACI
2019,CPV,,BACI
2020,CPV,-1.330167854602565,BACI
2020,CPV,,BACI
2021,CPV,-0.9261946346113696,BACI
2021,CPV,,BACI
2022,CPV,-0.8958275312411684,BACI
2022,CPV,,BACI
2023,CPV,-0.9709087914480536,BACI
2023,CPV,,BACI
2024,CPV,-1.3412435883503468,BACI
2024,CPV,,BACI
2025,CPV,-1.3132130401682287,SSP2
2025,CPV,,SSP2
2030,CPV,-1.3431957808035129,SSP2
2030,CPV,,SSP2
2035,CPV,-1.403428127907015,SSP2
2035,CPV,,SSP2
2040,CPV,-1.43559820367649,SSP2
2040,CPV,,SSP2
2045,CPV,-1.4705321457260976,SSP2
2045,CPV,,SSP2
2050,CPV,-1.447748414405335,SSP2
2050,CPV,,SSP2
2055,CPV,-1.5521754941585273,SSP2
2055,CPV,,SSP2
2060,CPV,-1.5683282304306605,SSP2
2060,CPV,,SSP2
2065,CPV,-1.552001629039104,SSP2
2065,CPV,,SSP2
2070,CPV,-1.599638294532451,SSP2
2070,CPV,,SSP2
2075,CPV,-1.6820576087075954,SSP2
2075,CPV,,SSP2
2080,CPV,-1.5163405955688185,SSP2
2080,CPV,,SSP2
2085,CPV,-1.4846668047822476,SSP2
2085,CPV,,SSP2
2090,CPV,-1.4711668005047394,SSP2
2090,CPV,,SSP2
2095,CPV,-1.4640356813030626,SSP2
2095,CPV,,SSP2
2100,CPV,-1.420928530956691,SSP2
2100,CPV,,SSP2
2012,CRI,0.8179880105696301,BACI
2012,CRI,,BACI
2013,CRI,0.7704149542943712,BACI
2013,CRI,,BACI
2014,CRI,0.860397364877549,BACI
2014,CRI,,BACI
2015,CRI,0.7347790989892654,BACI
2015,CRI,,BACI
2016,CRI,0.81814433896149,BACI
2016,CRI,,BACI
2017,CRI,0.6946654296876855,BACI
2017,CRI,,BACI
2018,CRI,0.7394772098236919,BACI
2018,CRI,,BACI
2019,CRI,0.71766764199853,BACI
2019,CRI,,BACI
2020,CRI,0.746911058570329,BACI
2020,CRI,,BACI
2021,CRI,0.8029280080825246,BACI
2021,CRI,,BACI
2022,CRI,0.6449799599008675,BACI
2022,CRI,,BACI
2023,CRI,0.7643287271151878,BACI
2023,CRI,,BACI
2024,CRI,0.6988185570952534,BACI
2024,CRI,,BACI
2025,CRI,0.0073268944595114,SSP2
2025,CRI,,SSP2
2030,CRI,-0.0428234910969677,SSP2
2030,CRI,,SSP2
2035,CRI,-0.0269885632015899,SSP2
2035,CRI,,SSP2
2040,CRI,-0.0403113758373832,SSP2
2040,CRI,,SSP2
2045,CRI,0.0152889869229311,SSP2
2045,CRI,,SSP2
2050,CRI,0.0342578093600895,SSP2
2050,CRI,,SSP2
2055,CRI,0.0308946332745961,SSP2
2055,CRI,,SSP2
2060,CRI,0.1145404205273641,SSP2
2060,CRI,,SSP2
2065,CRI,0.0615049142056558,SSP2
2065,CRI,,SSP2
2070,CRI,0.1423527375844601,SSP2
2070,CRI,,SSP2
2075,CRI,0.1501314837651277,SSP2
2075,CRI,,SSP2
2080,CRI,0.1588252654112868,SSP2
2080,CRI,,SSP2
2085,CRI,0.14818870309332,SSP2
2085,CRI,,SSP2
2090,CRI,0.1399457724151137,SSP2
2090,CRI,,SSP2
2095,CRI,0.1712829185617524,SSP2
2095,CRI,,SSP2
2100,CRI,0.2310436333090991,SSP2
2100,CRI,,SSP2
2012,CUB,-0.2661663432523593,BACI
2012,CUB,,BACI
2013,CUB,-0.3594347585894019,BACI
2013,CUB,,BACI
2014,CUB,-0.3198334159749289,BACI
2014,CUB,,BACI
2015,CUB,-0.3572154780575731,BACI
2015,CUB,,BACI
2016,CUB,-0.24144343625158,BACI
2016,CUB,,BACI
2017,CUB,-0.4344316127891169,BACI
2017,CUB,,BACI
2018,CUB,-0.3643826804391387,BACI
2018,CUB,,BACI
2019,CUB,-0.3773079246039668,BACI
2019,CUB,,BACI
2020,CUB,-0.7016185371398722,BACI
2020,CUB,,BACI
2021,CUB,-0.428000989928711,BACI
2021,CUB,,BACI
2022,CUB,-0.4626838927012201,BACI
2022,CUB,,BACI
2023,CUB,-0.5342942478942249,BACI
2023,CUB,,BACI
2024,CUB,-0.435098004988179,BACI
2024,CUB,,BACI
2025,CUB,-1.2539314169644764,SSP2
2025,CUB,,SSP2
2030,CUB,-1.2726962651510088,SSP2
2030,CUB,,SSP2
2035,CUB,-1.3147871775703943,SSP2
2035,CUB,,SSP2
2040,CUB,-1.238170338138103,SSP2
2040,CUB,,SSP2
2045,CUB,-1.2684673969876687,SSP2
2045,CUB,,SSP2
2050,CUB,-1.277293237088649,SSP2
2050,CUB,,SSP2
2055,CUB,-1.3126869963585208,SSP2
2055,CUB,,SSP2
2060,CUB,-1.3308284640821968,SSP2
2060,CUB,,SSP2
2065,CUB,-1.373097091580799,SSP2
2065,CUB,,SSP2
2070,CUB,-1.3983018431294352,SSP2
2070,CUB,,SSP2
2075,CUB,-1.4291900653122018,SSP2
2075,CUB,,SSP2
2080,CUB,-1.3850903472798204,SSP2
2080,CUB,,SSP2
2085,CUB,-1.391100389562783,SSP2
2085,CUB,,SSP2
2090,CUB,-1.3357207512600937,SSP2
2090,CUB,,SSP2
2095,CUB,-1.2835334988438951,SSP2
2095,CUB,,SSP2
2100,CUB,-1.2067395428729135,SSP2
2100,CUB,,SSP2
2012,CUW,-0.26347700761451,BACI
2012,CUW,,BACI
2013,CUW,0.0459300779590339,BACI
2013,CUW,,BACI
2014,CUW,-0.151217259019415,BACI
2014,CUW,,BACI
2015,CUW,-0.490194789109043,BACI
2015,CUW,,BACI
2016,CUW,-0.5939561704836629,BACI
2016,CUW,,BACI
2017,CUW,-0.3103787922400144,BACI
2017,CUW,,BACI
2018,CUW,-0.2708709818088546,BACI
2018,CUW,,BACI
2019,CUW,-0.0976057088875788,BACI
2019,CUW,,BACI
2020,CUW,-0.4051413931940971,BACI
2020,CUW,,BACI
2021,CUW,-0.7161499045962326,BACI
2021,CUW,,BACI
2022,CUW,-0.4969238652381074,BACI
2022,CUW,,BACI
2023,CUW,-0.5774540892867678,BACI
2023,CUW,,BACI
2024,CUW,-0.4318003484492745,BACI
2024,CUW,,BACI
2012,CXR,-0.927531056976403,BACI
2012,CXR,,BACI
2013,CXR,-1.2983308764656192,BACI
2013,CXR,,BACI
2014,CXR,-1.3463378140618196,BACI
2014,CXR,,BACI
2015,CXR,-1.3138391713705508,BACI
2015,CXR,,BACI
2016,CXR,-1.5650165227963189,BACI
2016,CXR,,BACI
2017,CXR,-1.426648915664818,BACI
2017,CXR,,BACI
2018,CXR,-1.6206113009180518,BACI
2018,CXR,,BACI
2019,CXR,-1.5363418909144049,BACI
2019,CXR,,BACI
2020,CXR,-1.6393772839088172,BACI
2020,CXR,,BACI
2021,CXR,-1.5611838299367342,BACI
2021,CXR,,BACI
2022,CXR,-1.5504635904339752,BACI
2022,CXR,,BACI
2023,CXR,-1.6546194163086256,BACI
2023,CXR,,BACI
2024,CXR,-1.5852791769537655,BACI
2024,CXR,,BACI
2012,CYM,-1.1640766694164013,BACI
2012,CYM,,BACI
2013,CYM,-0.9274998249265428,BACI
2013,CYM,,BACI
2014,CYM,-1.501096098945092,BACI
2014,CYM,,BACI
2015,CYM,-1.3261380421760247,BACI
2015,CYM,,BACI
2016,CYM,-1.181721648933327,BACI
2016,CYM,,BACI
2017,CYM,-1.5071458581571175,BACI
2017,CYM,,BACI
2018,CYM,-1.3641588852117157,BACI
2018,CYM,,BACI
2019,CYM,-1.421699245851575,BACI
2019,CYM,,BACI
2020,CYM,-1.187507460251085,BACI
2020,CYM,,BACI
2021,CYM,-1.2026868272181592,BACI
2021,CYM,,BACI
2022,CYM,-1.3145355164099075,BACI
2022,CYM,,BACI
2023,CYM,-1.0730739086483347,BACI
2023,CYM,,BACI
2024,CYM,-1.0052918013627885,BACI
2024,CYM,,BACI
2012,CYP,0.6947264744845091,BACI
2012,CYP,,BACI
2013,CYP,0.707475867995394,BACI
2013,CYP,,BACI
2014,CYP,0.6974020336121927,BACI
2014,CYP,,BACI
2015,CYP,0.6301816716221778,BACI
2015,CYP,,BACI
2016,CYP,,BACI
2016,CYP,0.5837456767254106,BACI
2017,CYP,0.5875870853592964,BACI
2017,CYP,,BACI
2018,CYP,0.5384444071569148,BACI
2018,CYP,,BACI
2019,CYP,0.5998784904463365,BACI
2019,CYP,,BACI
2020,CYP,,BACI
2020,CYP,0.5525797539173749,BACI
2021,CYP,0.6070758890658792,BACI
2021,CYP,,BACI
2022,CYP,0.4889369782658369,BACI
2022,CYP,,BACI
2023,CYP,0.4759954130441199,BACI
2023,CYP,,BACI
2024,CYP,0.4275584896097285,BACI
2024,CYP,,BACI
2025,CYP,0.1023337368898408,SSP2
2025,CYP,,SSP2
2030,CYP,0.254772058488464,SSP2
2030,CYP,,SSP2
2035,CYP,0.4077231752885648,SSP2
2035,CYP,,SSP2
2040,CYP,0.3726407988076501,SSP2
2040,CYP,,SSP2
2045,CYP,0.4059025345555391,SSP2
2045,CYP,,SSP2
2050,CYP,0.362783864236032,SSP2
2050,CYP,,SSP2
2055,CYP,0.5297280054372134,SSP2
2055,CYP,,SSP2
2060,CYP,0.5428500794271255,SSP2
2060,CYP,,SSP2
2065,CYP,0.4090602349705742,SSP2
2065,CYP,,SSP2
2070,CYP,0.4136564558105718,SSP2
2070,CYP,,SSP2
2075,CYP,0.6347522525659316,SSP2
2075,CYP,,SSP2
2080,CYP,0.6864975210989711,SSP2
2080,CYP,,SSP2
2085,CYP,0.7154275093195646,SSP2
2085,CYP,,SSP2
2090,CYP,0.8672310625293621,SSP2
2090,CYP,,SSP2
2095,CYP,0.964521342086455,SSP2
2095,CYP,,SSP2
2100,CYP,0.9948546889595988,SSP2
2100,CYP,,SSP2
2012,CZE,,BACI
2012,CZE,1.5614658513556705,BACI
2013,CZE,,BACI
2013,CZE,1.6139014095504556,BACI
2014,CZE,,BACI
2014,CZE,1.667929957620924,BACI
2015,CZE,,BACI
2015,CZE,1.449378824726322,BACI
2016,CZE,,BACI
2016,CZE,1.4678238342950491,BACI
2017,CZE,,BACI
2017,CZE,1.5020115129033105,BACI
2018,CZE,,BACI
2018,CZE,1.3867318922140874,BACI
2019,CZE,,BACI
2019,CZE,1.4324382470564394,BACI
2020,CZE,,BACI
2020,CZE,1.3987303878172015,BACI
2021,CZE,,BACI
2021,CZE,1.345640899811083,BACI
2022,CZE,,BACI
2022,CZE,1.4508596539732943,BACI
2023,CZE,,BACI
2023,CZE,1.278517822797026,BACI
2024,CZE,,BACI
2024,CZE,1.432995222054618,BACI
2025,CZE,,SSP2
2025,CZE,1.5260387998234457,SSP2
2030,CZE,,SSP2
2030,CZE,1.515412199189579,SSP2
2035,CZE,,SSP2
2035,CZE,1.1515497869597942,SSP2
2040,CZE,,SSP2
2040,CZE,1.1437305263561106,SSP2
2045,CZE,,SSP2
2045,CZE,1.1239664113414536,SSP2
2050,CZE,,SSP2
2050,CZE,1.1624429348714678,SSP2
2055,CZE,,SSP2
2055,CZE,1.1114744311242972,SSP2
2060,CZE,,SSP2
2060,CZE,1.1013234803399032,SSP2
2065,CZE,,SSP2
2065,CZE,1.1972379376152882,SSP2
2070,CZE,,SSP2
2070,CZE,1.206845316762454,SSP2
2075,CZE,,SSP2
2075,CZE,1.203937381390917,SSP2
2080,CZE,,SSP2
2080,CZE,1.1989721056075655,SSP2
2085,CZE,,SSP2
2085,CZE,1.1682186892957092,SSP2
2090,CZE,,SSP2
2090,CZE,1.4466057025405143,SSP2
2095,CZE,,SSP2
2095,CZE,1.3452909462270808,SSP2
2100,CZE,,SSP2
2100,CZE,1.313369262519441,SSP2
2012,DEU,,BACI
2012,DEU,1.4511480284015603,BACI
2013,DEU,,BACI
2013,DEU,1.7221002941168482,BACI
2014,DEU,,BACI
2014,DEU,2.007580068754235,BACI
2015,DEU,,BACI
2015,DEU,1.860068851317848,BACI
2016,DEU,,BACI
2016,DEU,1.7356836477697757,BACI
2017,DEU,,BACI
2017,DEU,1.880745442469862,BACI
2018,DEU,,BACI
2018,DEU,1.8542876783257465,BACI
2019,DEU,,BACI
2019,DEU,1.669122941761941,BACI
2020,DEU,,BACI
2020,DEU,1.6808650989924985,BACI
2021,DEU,,BACI
2021,DEU,1.800317970153639,BACI
2022,DEU,,BACI
2022,DEU,1.6417485303223325,BACI
2023,DEU,,BACI
2023,DEU,1.5980200059714982,BACI
2024,DEU,,BACI
2024,DEU,1.4921588238343952,BACI
2025,DEU,,SSP2
2025,DEU,2.1792636677573087,SSP2
2030,DEU,,SSP2
2030,DEU,2.122832910735117,SSP2
2035,DEU,,SSP2
2035,DEU,1.2209282045757808,SSP2
2040,DEU,,SSP2
2040,DEU,1.2529283499532329,SSP2
2045,DEU,,SSP2
2045,DEU,1.6510523343339996,SSP2
2050,DEU,,SSP2
2050,DEU,1.677605707694522,SSP2
2055,DEU,,SSP2
2055,DEU,1.745409616092985,SSP2
2060,DEU,,SSP2
2060,DEU,1.8880258630273916,SSP2
2065,DEU,,SSP2
2065,DEU,1.9660416295885832,SSP2
2070,DEU,,SSP2
2070,DEU,1.7868231026008634,SSP2
2075,DEU,,SSP2
2075,DEU,1.889026220339023,SSP2
2080,DEU,,SSP2
2080,DEU,1.9470774560259936,SSP2
2085,DEU,,SSP2
2085,DEU,1.8863499703225148,SSP2
2090,DEU,,SSP2
2090,DEU,1.8416511913778455,SSP2
2095,DEU,,SSP2
2095,DEU,1.6329575956141713,SSP2
2100,DEU,,SSP2
2100,DEU,1.647736942629808,SSP2
2012,DJI,-0.8011456828913832,BACI
2012,DJI,,BACI
2013,DJI,-0.7128639400954173,BACI
2013,DJI,,BACI
2014,DJI,-0.5120403126710996,BACI
2014,DJI,,BACI
2015,DJI,-0.8396858594037407,BACI
2015,DJI,,BACI
2016,DJI,-0.8983503035558446,BACI
2016,DJI,,BACI
2017,DJI,-0.9915427470115916,BACI
2017,DJI,,BACI
2018,DJI,-0.9267237469455604,BACI
2018,DJI,,BACI
2019,DJI,-0.8657056584778684,BACI
2019,DJI,,BACI
2020,DJI,-1.0528670759952767,BACI
2020,DJI,,BACI
2021,DJI,-0.7929636250053527,BACI
2021,DJI,,BACI
2022,DJI,-0.683234005536139,BACI
2022,DJI,,BACI
2023,DJI,-0.7141324914299553,BACI
2023,DJI,,BACI
2024,DJI,-0.8301641920029523,BACI
2024,DJI,,BACI
2025,DJI,-1.3799081716655708,SSP2
2025,DJI,,SSP2
2030,DJI,-1.3875494896783755,SSP2
2030,DJI,,SSP2
2035,DJI,-1.407618860774892,SSP2
2035,DJI,,SSP2
2040,DJI,-1.435063729803304,SSP2
2040,DJI,,SSP2
2045,DJI,-1.4701997244375853,SSP2
2045,DJI,,SSP2
2050,DJI,-1.452094857668039,SSP2
2050,DJI,,SSP2
2055,DJI,-1.557202140154162,SSP2
2055,DJI,,SSP2
2060,DJI,-1.5792667144851993,SSP2
2060,DJI,,SSP2
2065,DJI,-1.5456965090410488,SSP2
2065,DJI,,SSP2
2070,DJI,-1.6545130482864872,SSP2
2070,DJI,,SSP2
2075,DJI,-1.589236374086442,SSP2
2075,DJI,,SSP2
2080,DJI,-1.5951108428583396,SSP2
2080,DJI,,SSP2
2085,DJI,-1.5555059626075276,SSP2
2085,DJI,,SSP2
2090,DJI,-1.534661884033332,SSP2
2090,DJI,,SSP2
2095,DJI,-1.4727008987264232,SSP2
2095,DJI,,SSP2
2100,DJI,-1.3425758017493676,SSP2
2100,DJI,,SSP2
2012,DMA,-0.8144391314854011,BACI
2012,DMA,,BACI
2013,DMA,-0.8767549323460085,BACI
2013,DMA,,BACI
2014,DMA,-0.8830273516083744,BACI
2014,DMA,,BACI
2015,DMA,-0.7980118911472415,BACI
2015,DMA,,BACI
2016,DMA,-0.9375032411593988,BACI
2016,DMA,,BACI
2017,DMA,-0.9510404261048588,BACI
2017,DMA,,BACI
2018,DMA,-1.1063455201854018,BACI
2018,DMA,,BACI
2019,DMA,-1.048010789307841,BACI
2019,DMA,,BACI
2020,DMA,-0.9360813752793626,BACI
2020,DMA,,BACI
2021,DMA,-1.1415416780910694,BACI
2021,DMA,,BACI
2022,DMA,-0.9890380652062916,BACI
2022,DMA,,BACI
2023,DMA,-0.9228473691011831,BACI
2023,DMA,,BACI
2024,DMA,-1.085321858969278,BACI
2024,DMA,,BACI
2012,DNK,,BACI
2012,DNK,1.2023223474621547,BACI
2013,DNK,,BACI
2013,DNK,1.1779682838100844,BACI
2014,DNK,,BACI
2014,DNK,1.2968315179451615,BACI
2015,DNK,,BACI
2015,DNK,1.288181561682979,BACI
2016,DNK,,BACI
2016,DNK,1.2627560677591425,BACI
2017,DNK,,BACI
2017,DNK,1.3657453471448655,BACI
2018,DNK,,BACI
2018,DNK,1.2494539482906242,BACI
2019,DNK,1.2247979253128487,BACI
2019,DNK,,BACI
2020,DNK,,BACI
2020,DNK,1.133822859878606,BACI
2021,DNK,,BACI
2021,DNK,1.150353902346943,BACI
2022,DNK,1.5910769436599494,BACI
2022,DNK,,BACI
2023,DNK,,BACI
2023,DNK,1.385465984290617,BACI
2024,DNK,,BACI
2024,DNK,1.4083704131831638,BACI
2025,DNK,,SSP2
2025,DNK,1.3917749091643083,SSP2
2030,DNK,,SSP2
2030,DNK,1.6219614403777882,SSP2
2035,DNK,,SSP2
2035,DNK,1.8306581977361067,SSP2
2040,DNK,,SSP2
2040,DNK,1.6813647808751528,SSP2
2045,DNK,,SSP2
2045,DNK,1.6921065248479663,SSP2
2050,DNK,,SSP2
2050,DNK,1.7365979570693255,SSP2
2055,DNK,,SSP2
2055,DNK,1.671258496217944,SSP2
2060,DNK,,SSP2
2060,DNK,1.4571137538543797,SSP2
2065,DNK,,SSP2
2065,DNK,1.4745651634756396,SSP2
2070,DNK,,SSP2
2070,DNK,1.595069869493808,SSP2
2075,DNK,,SSP2
2075,DNK,1.365402667540936,SSP2
2080,DNK,,SSP2
2080,DNK,1.3908416157422965,SSP2
2085,DNK,,SSP2
2085,DNK,1.3090989697780748,SSP2
2090,DNK,,SSP2
2090,DNK,1.2983756681520662,SSP2
2095,DNK,,SSP2
2095,DNK,1.3324653738470544,SSP2
2100,DNK,,SSP2
2100,DNK,1.272297700058298,SSP2
2012,DOM,0.6362181492576581,BACI
2012,DOM,,BACI
2013,DOM,0.7235765387095109,BACI
2013,DOM,,BACI
2014,DOM,0.721454178338445,BACI
2014,DOM,,BACI
2015,DOM,0.6466617488326909,BACI
2015,DOM,,BACI
2016,DOM,0.7120744931349556,BACI
2016,DOM,,BACI
2017,DOM,0.6700834702924894,BACI
2017,DOM,,BACI
2018,DOM,0.5037070006471143,BACI
2018,DOM,,BACI
2019,DOM,0.5484687955598181,BACI
2019,DOM,,BACI
2020,DOM,0.6353551214142935,BACI
2020,DOM,,BACI
2021,DOM,0.4944390199787578,BACI
2021,DOM,,BACI
2022,DOM,0.5827876440069222,BACI
2022,DOM,,BACI
2023,DOM,0.5317403118131651,BACI
2023,DOM,,BACI
2024,DOM,0.6009211050948033,BACI
2024,DOM,,BACI
2025,DOM,-0.1288285247161892,SSP2
2025,DOM,,SSP2
2030,DOM,-0.0940506927505649,SSP2
2030,DOM,,SSP2
2035,DOM,-0.0771800531462659,SSP2
2035,DOM,,SSP2
2040,DOM,-0.148067064861652,SSP2
2040,DOM,,SSP2
2045,DOM,-0.1239145797797324,SSP2
2045,DOM,,SSP2
2050,DOM,-0.1449110940249895,SSP2
2050,DOM,,SSP2
2055,DOM,-0.0415802493058087,SSP2
2055,DOM,,SSP2
2060,DOM,-0.0573021761938044,SSP2
2060,DOM,,SSP2
2065,DOM,-0.0473193438644611,SSP2
2065,DOM,,SSP2
2070,DOM,0.0175915105217339,SSP2
2070,DOM,,SSP2
2075,DOM,0.1639449154209406,SSP2
2075,DOM,,SSP2
2080,DOM,0.0915510535693222,SSP2
2080,DOM,,SSP2
2085,DOM,0.0928743897320741,SSP2
2085,DOM,,SSP2
2090,DOM,0.095102043504071,SSP2
2090,DOM,,SSP2
2095,DOM,0.0528547297882576,SSP2
2095,DOM,,SSP2
2100,DOM,0.026146503052453,SSP2
2100,DOM,,SSP2
2012,DZA,0.6481762449742415,BACI
2012,DZA,,BACI
2013,DZA,0.489902161475007,BACI
2013,DZA,,BACI
2014,DZA,0.2050025192726282,BACI
2014,DZA,,BACI
2015,DZA,0.3546608902082663,BACI
2015,DZA,,BACI
2016,DZA,0.3475646043783739,BACI
2016,DZA,,BACI
2017,DZA,0.5418397703630774,BACI
2017,DZA,,BACI
2018,DZA,0.6218301236920172,BACI
2018,DZA,,BACI
2019,DZA,0.8946745741214848,BACI
2019,DZA,,BACI
2020,DZA,0.5056512740305548,BACI
2020,DZA,,BACI
2021,DZA,0.5744687538773986,BACI
2021,DZA,,BACI
2022,DZA,1.3762378515028877,BACI
2022,DZA,,BACI
2023,DZA,0.958241592636448,BACI
2023,DZA,,BACI
2024,DZA,0.5661681458395732,BACI
2024,DZA,,BACI
2025,DZA,-0.6498202800916636,SSP2
2025,DZA,,SSP2
2030,DZA,-0.658327783622904,SSP2
2030,DZA,,SSP2
2035,DZA,-0.729844011718382,SSP2
2035,DZA,,SSP2
2040,DZA,-0.7458016290067946,SSP2
2040,DZA,,SSP2
2045,DZA,-0.8281977297418391,SSP2
2045,DZA,,SSP2
2050,DZA,-0.8346194533453662,SSP2
2050,DZA,,SSP2
2055,DZA,-0.8360085329014579,SSP2
2055,DZA,,SSP2
2060,DZA,-0.872094438415749,SSP2
2060,DZA,,SSP2
2065,DZA,-0.7940183355137992,SSP2
2065,DZA,,SSP2
2070,DZA,-0.8301162224466601,SSP2
2070,DZA,,SSP2
2075,DZA,-0.8290511269540729,SSP2
2075,DZA,,SSP2
2080,DZA,-0.8348023944329455,SSP2
2080,DZA,,SSP2
2085,DZA,-0.8541989819738126,SSP2
2085,DZA,,SSP2
2090,DZA,-0.7589564987713169,SSP2
2090,DZA,,SSP2
2095,DZA,-0.7808342739435862,SSP2
2095,DZA,,SSP2
2100,DZA,-0.7929767594510587,SSP2
2100,DZA,,SSP2
2012,ECU,0.5079792495311755,BACI
2012,ECU,,BACI
2013,ECU,0.6596879935134835,BACI
2013,ECU,,BACI
2014,ECU,0.5608759741778683,BACI
2014,ECU,,BACI
2015,ECU,0.5211451066643482,BACI
2015,ECU,,BACI
2016,ECU,0.558394347741464,BACI
2016,ECU,,BACI
2017,ECU,0.4863678418538313,BACI
2017,ECU,,BACI
2018,ECU,0.3802692948273508,BACI
2018,ECU,,BACI
2019,ECU,0.5888336393452076,BACI
2019,ECU,,BACI
2020,ECU,0.5249467818134109,BACI
2020,ECU,,BACI
2021,ECU,0.3974868587949126,BACI
2021,ECU,,BACI
2022,ECU,0.5160219293900805,BACI
2022,ECU,,BACI
2023,ECU,0.6154118703177244,BACI
2023,ECU,,BACI
2024,ECU,0.6957625002123093,BACI
2024,ECU,,BACI
2025,ECU,-0.0479449672748227,SSP2
2025,ECU,,SSP2
2030,ECU,0.0089660975026013,SSP2
2030,ECU,,SSP2
2035,ECU,-0.0477035470357334,SSP2
2035,ECU,,SSP2
2040,ECU,-0.0810620836101777,SSP2
2040,ECU,,SSP2
2045,ECU,-0.1253578157517335,SSP2
2045,ECU,,SSP2
2050,ECU,-0.1239576948370322,SSP2
2050,ECU,,SSP2
2055,ECU,-0.0642477903429922,SSP2
2055,ECU,,SSP2
2060,ECU,-0.0711279852955672,SSP2
2060,ECU,,SSP2
2065,ECU,-0.0749116920463057,SSP2
2065,ECU,,SSP2
2070,ECU,0.124419017922662,SSP2
2070,ECU,,SSP2
2075,ECU,0.1544203276005184,SSP2
2075,ECU,,SSP2
2080,ECU,0.0937283223293652,SSP2
2080,ECU,,SSP2
2085,ECU,0.0794586247655064,SSP2
2085,ECU,,SSP2
2090,ECU,0.0821730115105165,SSP2
2090,ECU,,SSP2
2095,ECU,0.1022443284612899,SSP2
2095,ECU,,SSP2
2100,ECU,-0.0658392519411737,SSP2
2100,ECU,,SSP2
2012,EGY,1.0503058675372663,BACI
2012,EGY,,BACI
2013,EGY,,BACI
2013,EGY,0.9140022420045402,BACI
2014,EGY,,BACI
2014,EGY,1.016255623435793,BACI
2015,EGY,1.0152398184903773,BACI
2015,EGY,,BACI
2016,EGY,,BACI
2016,EGY,1.083824647047026,BACI
2017,EGY,1.1170436176761875,BACI
2017,EGY,,BACI
2018,EGY,,BACI
2018,EGY,1.1413692589387876,BACI
2019,EGY,,BACI
2019,EGY,1.0970917311755048,BACI
2020,EGY,0.9996013601922816,BACI
2020,EGY,,BACI
2021,EGY,0.929605889718269,BACI
2021,EGY,,BACI
2022,EGY,1.1483055490854617,BACI
2022,EGY,,BACI
2023,EGY,,BACI
2023,EGY,1.0289148110014468,BACI
2024,EGY,1.0399640678917836,BACI
2024,EGY,,BACI
2025,EGY,,SSP2
2025,EGY,0.2656335406212,SSP2
2030,EGY,,SSP2
2030,EGY,0.301018468492261,SSP2
2035,EGY,,SSP2
2035,EGY,0.3264737592629462,SSP2
2040,EGY,,SSP2
2040,EGY,0.3445576011544436,SSP2
2045,EGY,,SSP2
2045,EGY,0.4258627888754141,SSP2
2050,EGY,,SSP2
2050,EGY,0.4110402402806566,SSP2
2055,EGY,,SSP2
2055,EGY,0.3432040930788136,SSP2
2060,EGY,,SSP2
2060,EGY,0.3512950400778948,SSP2
2065,EGY,,SSP2
2065,EGY,0.3067002425924839,SSP2
2070,EGY,,SSP2
2070,EGY,0.4098992201369016,SSP2
2075,EGY,,SSP2
2075,EGY,0.4396456888590941,SSP2
2080,EGY,,SSP2
2080,EGY,0.4946151381320882,SSP2
2085,EGY,,SSP2
2085,EGY,0.452412185484251,SSP2
2090,EGY,,SSP2
2090,EGY,0.4163982360803366,SSP2
2095,EGY,,SSP2
2095,EGY,0.4194350804308674,SSP2
2100,EGY,,SSP2
2100,EGY,0.4213965701715216,SSP2
2012,ERI,-0.8673332193252696,BACI
2012,ERI,,BACI
2013,ERI,-1.2814194534583423,BACI
2013,ERI,,BACI
2014,ERI,-1.0696881366827855,BACI
2014,ERI,,BACI
2015,ERI,-1.0297282429966514,BACI
2015,ERI,,BACI
2016,ERI,-1.1670038885558534,BACI
2016,ERI,,BACI
2017,ERI,-0.8316607973947961,BACI
2017,ERI,,BACI
2018,ERI,-1.2681871804351017,BACI
2018,ERI,,BACI
2019,ERI,-1.391241208530438,BACI
2019,ERI,,BACI
2020,ERI,-1.1211081733621684,BACI
2020,ERI,,BACI
2021,ERI,-0.1912908015905472,BACI
2021,ERI,,BACI
2022,ERI,-0.8461487967055074,BACI
2022,ERI,,BACI
2023,ERI,-1.3073134118785814,BACI
2023,ERI,,BACI
2024,ERI,-0.8378034970150823,BACI
2024,ERI,,BACI
2012,ESP,,BACI
2012,ESP,1.3766610685000171,BACI
2013,ESP,1.31211329231248,BACI
2013,ESP,,BACI
2014,ESP,,BACI
2014,ESP,1.113957683534638,BACI
2015,ESP,,BACI
2015,ESP,1.160511250745579,BACI
2016,ESP,,BACI
2016,ESP,1.019240037473117,BACI
2017,ESP,,BACI
2017,ESP,0.9560750187765468,BACI
2018,ESP,,BACI
2018,ESP,1.163276680849148,BACI
2019,ESP,,BACI
2019,ESP,0.9402637926360397,BACI
2020,ESP,,BACI
2020,ESP,0.9993557152794617,BACI
2021,ESP,1.0418173419584915,BACI
2021,ESP,,BACI
2022,ESP,,BACI
2022,ESP,1.0596360155627418,BACI
2023,ESP,,BACI
2023,ESP,1.261010039598748,BACI
2024,ESP,,BACI
2024,ESP,1.191253042191638,BACI
2025,ESP,1.5783015099346296,SSP2
2025,ESP,,SSP2
2030,ESP,,SSP2
2030,ESP,1.5034430255184097,SSP2
2035,ESP,,SSP2
2035,ESP,1.5400191162597048,SSP2
2040,ESP,,SSP2
2040,ESP,1.6060622470673491,SSP2
2045,ESP,,SSP2
2045,ESP,1.6041908778536524,SSP2
2050,ESP,,SSP2
2050,ESP,1.584491935985897,SSP2
2055,ESP,,SSP2
2055,ESP,1.4821616644808906,SSP2
2060,ESP,,SSP2
2060,ESP,1.5145007246957174,SSP2
2065,ESP,,SSP2
2065,ESP,1.575803193931143,SSP2
2070,ESP,1.3552810405087017,SSP2
2070,ESP,,SSP2
2075,ESP,1.3102494334729176,SSP2
2075,ESP,,SSP2
2080,ESP,,SSP2
2080,ESP,1.509956684767267,SSP2
2085,ESP,,SSP2
2085,ESP,1.4767908712510398,SSP2
2090,ESP,,SSP2
2090,ESP,1.3771609250485135,SSP2
2095,ESP,,SSP2
2095,ESP,1.7390434934582155,SSP2
2100,ESP,,SSP2
2100,ESP,1.6978624932994208,SSP2
2012,EST,1.157792642327801,BACI
2012,EST,,BACI
2013,EST,1.1096497668452314,BACI
2013,EST,,BACI
2014,EST,1.0807352525598948,BACI
2014,EST,,BACI
2015,EST,1.0047227710355886,BACI
2015,EST,,BACI
2016,EST,1.1431553857584715,BACI
2016,EST,,BACI
2017,EST,1.1177432128270492,BACI
2017,EST,,BACI
2018,EST,,BACI
2018,EST,1.0616475633946034,BACI
2019,EST,,BACI
2019,EST,1.0588568446627904,BACI
2020,EST,,BACI
2020,EST,1.1392457051609732,BACI
2021,EST,1.0370184013597488,BACI
2021,EST,,BACI
2022,EST,1.324689251464225,BACI
2022,EST,,BACI
2023,EST,,BACI
2023,EST,1.2016852447438933,BACI
2024,EST,,BACI
2024,EST,1.1296889022056236,BACI
2025,EST,0.8662395765097339,SSP2
2025,EST,,SSP2
2030,EST,0.9079376381881812,SSP2
2030,EST,,SSP2
2035,EST,1.036886348213833,SSP2
2035,EST,,SSP2
2040,EST,0.973351039788633,SSP2
2040,EST,,SSP2
2045,EST,,SSP2
2045,EST,0.9370698646519148,SSP2
2050,EST,,SSP2
2050,EST,1.0281713920073827,SSP2
2055,EST,1.1638340625961656,SSP2
2055,EST,,SSP2
2060,EST,,SSP2
2060,EST,1.2810410335054687,SSP2
2065,EST,,SSP2
2065,EST,1.581353288402196,SSP2
2070,EST,,SSP2
2070,EST,1.61516596331011,SSP2
2075,EST,,SSP2
2075,EST,1.7008455855089786,SSP2
2080,EST,,SSP2
2080,EST,1.637788863705704,SSP2
2085,EST,1.5941602825048635,SSP2
2085,EST,,SSP2
2090,EST,1.5966512211162769,SSP2
2090,EST,,SSP2
2095,EST,1.462758211319669,SSP2
2095,EST,,SSP2
2100,EST,1.4062597189177288,SSP2
2100,EST,,SSP2
2012,ETH,-0.3051797453331302,BACI
2012,ETH,,BACI
2013,ETH,-0.5652636082799422,BACI
2013,ETH,,BACI
2014,ETH,-0.219954544338021,BACI
2014,ETH,,BACI
2015,ETH,0.1085563721599254,BACI
2015,ETH,,BACI
2016,ETH,-0.1437152954503134,BACI
2016,ETH,,BACI
2017,ETH,0.1145004333835953,BACI
2017,ETH,,BACI
2018,ETH,-0.1638007763310456,BACI
2018,ETH,,BACI
2019,ETH,0.0660735724544795,BACI
2019,ETH,,BACI
2020,ETH,0.0106312853475626,BACI
2020,ETH,,BACI
2021,ETH,0.176545855476593,BACI
2021,ETH,,BACI
2022,ETH,,BACI
2022,ETH,0.2660038969614375,BACI
2023,ETH,0.1596854380756071,BACI
2023,ETH,,BACI
2024,ETH,-0.1787078727822433,BACI
2024,ETH,,BACI
2025,ETH,-0.7360679440491429,SSP2
2025,ETH,,SSP2
2030,ETH,-0.7189953388653224,SSP2
2030,ETH,,SSP2
2035,ETH,-0.79712109430322,SSP2
2035,ETH,,SSP2
2040,ETH,-0.790436535353179,SSP2
2040,ETH,,SSP2
2045,ETH,-0.8070962484432874,SSP2
2045,ETH,,SSP2
2050,ETH,-0.7561487168104861,SSP2
2050,ETH,,SSP2
2055,ETH,-0.8099362655193371,SSP2
2055,ETH,,SSP2
2060,ETH,-0.7952677609744419,SSP2
2060,ETH,,SSP2
2065,ETH,-0.78489065931276,SSP2
2065,ETH,,SSP2
2070,ETH,-0.7716795255016121,SSP2
2070,ETH,,SSP2
2075,ETH,-0.7542058679392407,SSP2
2075,ETH,,SSP2
2080,ETH,-0.7198010100975464,SSP2
2080,ETH,,SSP2
2085,ETH,-0.7138221848258861,SSP2
2085,ETH,,SSP2
2090,ETH,-0.6939356688310259,SSP2
2090,ETH,,SSP2
2095,ETH,-0.751649328185287,SSP2
2095,ETH,,SSP2
2100,ETH,-0.730930402279311,SSP2
2100,ETH,,SSP2
2012,FIN,,BACI
2012,FIN,1.341102746424408,BACI
2013,FIN,1.3443698802047757,BACI
2013,FIN,,BACI
2014,FIN,,BACI
2014,FIN,1.3567127628801938,BACI
2015,FIN,,BACI
2015,FIN,1.3956779614099142,BACI
2016,FIN,,BACI
2016,FIN,1.4579185488288826,BACI
2017,FIN,,BACI
2017,FIN,1.3595899911323237,BACI
2018,FIN,1.2448846333266417,BACI
2018,FIN,,BACI
2019,FIN,,BACI
2019,FIN,1.33760180992632,BACI
2020,FIN,,BACI
2020,FIN,1.3724642505418487,BACI
2021,FIN,1.4167601511580703,BACI
2021,FIN,,BACI
2022,FIN,,BACI
2022,FIN,1.502132305273286,BACI
2023,FIN,,BACI
2023,FIN,1.2846985843405705,BACI
2024,FIN,,BACI
2024,FIN,1.3794289519900091,BACI
2025,FIN,,SSP2
2025,FIN,1.1019233833016142,SSP2
2030,FIN,,SSP2
2030,FIN,1.2266603994497418,SSP2
2035,FIN,,SSP2
2035,FIN,1.287990809665224,SSP2
2040,FIN,,SSP2
2040,FIN,1.122262051390655,SSP2
2045,FIN,,SSP2
2045,FIN,1.0046112089032493,SSP2
2050,FIN,,SSP2
2050,FIN,1.0558220699423566,SSP2
2055,FIN,1.1726016945170656,SSP2
2055,FIN,,SSP2
2060,FIN,1.1491372000345226,SSP2
2060,FIN,,SSP2
2065,FIN,1.170271116525352,SSP2
2065,FIN,,SSP2
2070,FIN,1.0943334517537084,SSP2
2070,FIN,,SSP2
2075,FIN,1.0306342468501752,SSP2
2075,FIN,,SSP2
2080,FIN,1.0256440904346211,SSP2
2080,FIN,,SSP2
2085,FIN,0.9597382227504668,SSP2
2085,FIN,,SSP2
2090,FIN,0.9765057748720558,SSP2
2090,FIN,,SSP2
2095,FIN,1.0841612859830037,SSP2
2095,FIN,,SSP2
2100,FIN,1.052791025966349,SSP2
2100,FIN,,SSP2
2012,FJI,-0.1908426536988891,BACI
2012,FJI,,BACI
2013,FJI,-0.3024824549800533,BACI
2013,FJI,,BACI
2014,FJI,-0.2933110445709491,BACI
2014,FJI,,BACI
2015,FJI,-0.3322850382789222,BACI
2015,FJI,,BACI
2016,FJI,-0.3844572434706947,BACI
2016,FJI,,BACI
2017,FJI,-0.5140290364790832,BACI
2017,FJI,,BACI
2018,FJI,-0.6025738050161435,BACI
2018,FJI,,BACI
2019,FJI,-0.689084825354936,BACI
2019,FJI,,BACI
2020,FJI,-0.5652736282997837,BACI
2020,FJI,,BACI
2021,FJI,-0.5220374188167258,BACI
2021,FJI,,BACI
2022,FJI,-0.4582265614060364,BACI
2022,FJI,,BACI
2023,FJI,-0.5870013080642031,BACI
2023,FJI,,BACI
2024,FJI,-0.536877511960703,BACI
2024,FJI,,BACI
2025,FJI,-0.7547014460781272,SSP2
2025,FJI,,SSP2
2030,FJI,-0.7655692233122187,SSP2
2030,FJI,,SSP2
2035,FJI,-0.7779342312865,SSP2
2035,FJI,,SSP2
2040,FJI,-0.834948330426351,SSP2
2040,FJI,,SSP2
2045,FJI,-0.8497924901291077,SSP2
2045,FJI,,SSP2
2050,FJI,-0.8459964189776726,SSP2
2050,FJI,,SSP2
2055,FJI,-0.721382173869672,SSP2
2055,FJI,,SSP2
2060,FJI,-0.7055637831387637,SSP2
2060,FJI,,SSP2
2065,FJI,-0.6750354531397822,SSP2
2065,FJI,,SSP2
2070,FJI,-0.6296836524243706,SSP2
2070,FJI,,SSP2
2075,FJI,-0.6373666294229096,SSP2
2075,FJI,,SSP2
2080,FJI,-0.7723296290245223,SSP2
2080,FJI,,SSP2
2085,FJI,-0.7240396955304672,SSP2
2085,FJI,,SSP2
2090,FJI,-0.7029458407103073,SSP2
2090,FJI,,SSP2
2095,FJI,-0.6744290109825652,SSP2
2095,FJI,,SSP2
2100,FJI,-0.6768863011225181,SSP2
2100,FJI,,SSP2
2012,FLK,-0.8926797243426017,BACI
2012,FLK,,BACI
2013,FLK,-1.3069945799646248,BACI
2013,FLK,,BACI
2014,FLK,-0.6056703059121997,BACI
2014,FLK,,BACI
2015,FLK,-1.1050185009578128,BACI
2015,FLK,,BACI
2016,FLK,-1.3228137592824212,BACI
2016,FLK,,BACI
2017,FLK,-1.0544538800902894,BACI
2017,FLK,,BACI
2018,FLK,-1.2369984327997146,BACI
2018,FLK,,BACI
2019,FLK,-1.148142674645847,BACI
2019,FLK,,BACI
2020,FLK,-0.7577762498788261,BACI
2020,FLK,,BACI
2021,FLK,-1.3340984959748856,BACI
2021,FLK,,BACI
2022,FLK,-1.355152298887469,BACI
2022,FLK,,BACI
2023,FLK,-1.4860777318659055,BACI
2023,FLK,,BACI
2024,FLK,-1.20099414405283,BACI
2024,FLK,,BACI
2012,FRA,,BACI
2012,FRA,1.3346314056636297,BACI
2013,FRA,,BACI
2013,FRA,1.371302826465976,BACI
2014,FRA,,BACI
2014,FRA,1.1424376035026238,BACI
2015,FRA,,BACI
2015,FRA,1.1546252709333975,BACI
2016,FRA,,BACI
2016,FRA,1.123002179141228,BACI
2017,FRA,,BACI
2017,FRA,1.1181209381130834,BACI
2018,FRA,,BACI
2018,FRA,1.223578489806176,BACI
2019,FRA,,BACI
2019,FRA,1.141867192937442,BACI
2020,FRA,,BACI
2020,FRA,1.0941785534761492,BACI
2021,FRA,,BACI
2021,FRA,1.1233988108257558,BACI
2022,FRA,,BACI
2022,FRA,0.8751560736643917,BACI
2023,FRA,,BACI
2023,FRA,1.2137815056746832,BACI
2024,FRA,,BACI
2024,FRA,1.141473206846844,BACI
2025,FRA,,SSP2
2025,FRA,1.0778152592509942,SSP2
2030,FRA,,SSP2
2030,FRA,1.0396027344626586,SSP2
2035,FRA,,SSP2
2035,FRA,1.0257760474815334,SSP2
2040,FRA,,SSP2
2040,FRA,1.194454564592886,SSP2
2045,FRA,,SSP2
2045,FRA,1.2237552728739995,SSP2
2050,FRA,,SSP2
2050,FRA,1.2600538153909484,SSP2
2055,FRA,,SSP2
2055,FRA,1.250799735687475,SSP2
2060,FRA,,SSP2
2060,FRA,1.2458986145269466,SSP2
2065,FRA,,SSP2
2065,FRA,1.2273817883351077,SSP2
2070,FRA,,SSP2
2070,FRA,1.2262621940859864,SSP2
2075,FRA,,SSP2
2075,FRA,1.2355843463605416,SSP2
2080,FRA,,SSP2
2080,FRA,1.2065253796701358,SSP2
2085,FRA,,SSP2
2085,FRA,1.1605495386351916,SSP2
2090,FRA,,SSP2
2090,FRA,1.1184374259209071,SSP2
2095,FRA,,SSP2
2095,FRA,0.8567831470333129,SSP2
2100,FRA,,SSP2
2100,FRA,0.8239264347544224,SSP2
2012,FSM,-1.796795958427858,BACI
2012,FSM,,BACI
2013,FSM,-2.3013253925871,BACI
2013,FSM,,BACI
2014,FSM,-1.9254952511587216,BACI
2014,FSM,,BACI
2015,FSM,-2.047489495579121,BACI
2015,FSM,,BACI
2016,FSM,-2.0183501322263315,BACI
2016,FSM,,BACI
2017,FSM,-2.0614820346139258,BACI
2017,FSM,,BACI
2018,FSM,-1.7431876778137951,BACI
2018,FSM,,BACI
2019,FSM,-2.5706548905791125,BACI
2019,FSM,,BACI
2020,FSM,-2.226868838600491,BACI
2020,FSM,,BACI
2021,FSM,-1.8677060548391349,BACI
2021,FSM,,BACI
2022,FSM,-1.8989101430231548,BACI
2022,FSM,,BACI
2023,FSM,-1.820272612089067,BACI
2023,FSM,,BACI
2024,FSM,-1.4861251553249313,BACI
2024,FSM,,BACI
2012,GAB,-0.5670975691837286,BACI
2012,GAB,,BACI
2013,GAB,-0.3108148944811937,BACI
2013,GAB,,BACI
2014,GAB,-0.3145401561432232,BACI
2014,GAB,,BACI
2015,GAB,-0.3834334900250175,BACI
2015,GAB,,BACI
2016,GAB,-0.329260148379501,BACI
2016,GAB,,BACI
2017,GAB,-0.5580368118936576,BACI
2017,GAB,,BACI
2018,GAB,-0.3564845186726372,BACI
2018,GAB,,BACI
2019,GAB,-0.6014600288594737,BACI
2019,GAB,,BACI
2020,GAB,-0.3108833162168749,BACI
2020,GAB,,BACI
2021,GAB,-0.3205685887419721,BACI
2021,GAB,,BACI
2022,GAB,-0.114850180588389,BACI
2022,GAB,,BACI
2023,GAB,-0.2558098217313966,BACI
2023,GAB,,BACI
2024,GAB,-0.900586616550588,BACI
2024,GAB,,BACI
2025,GAB,-1.061995159730156,SSP2
2025,GAB,,SSP2
2030,GAB,-1.0573955904308563,SSP2
2030,GAB,,SSP2
2035,GAB,-1.0991611663542733,SSP2
2035,GAB,,SSP2
2040,GAB,-1.1144436424101132,SSP2
2040,GAB,,SSP2
2045,GAB,-1.1557317104054918,SSP2
2045,GAB,,SSP2
2050,GAB,-1.1747206177317653,SSP2
2050,GAB,,SSP2
2055,GAB,-1.1248690277171616,SSP2
2055,GAB,,SSP2
2060,GAB,-1.188389008339325,SSP2
2060,GAB,,SSP2
2065,GAB,-1.1472434184613711,SSP2
2065,GAB,,SSP2
2070,GAB,-1.1687020792461682,SSP2
2070,GAB,,SSP2
2075,GAB,-1.1590459869476668,SSP2
2075,GAB,,SSP2
2080,GAB,-1.1393506446515456,SSP2
2080,GAB,,SSP2
2085,GAB,-1.135237082091053,SSP2
2085,GAB,,SSP2
2090,GAB,-1.1244087984889868,SSP2
2090,GAB,,SSP2
2095,GAB,-1.0880442342010834,SSP2
2095,GAB,,SSP2
2100,GAB,-1.0597869566072051,SSP2
2100,GAB,,SSP2
2012,GBR,,BACI
2012,GBR,1.011770125190585,BACI
2013,GBR,,BACI
2013,GBR,1.2251895909704713,BACI
2014,GBR,,BACI
2014,GBR,1.230218968473788,BACI
2015,GBR,,BACI
2015,GBR,1.249696214197339,BACI
2016,GBR,,BACI
2016,GBR,1.341364413461638,BACI
2017,GBR,,BACI
2017,GBR,1.5446121616744308,BACI
2018,GBR,,BACI
2018,GBR,1.3928949816094456,BACI
2019,GBR,,BACI
2019,GBR,1.2127404939676232,BACI
2020,GBR,,BACI
2020,GBR,1.282310256787379,BACI
2021,GBR,,BACI
2021,GBR,1.2988817684574565,BACI
2022,GBR,,BACI
2022,GBR,1.0987114691495807,BACI
2023,GBR,,BACI
2023,GBR,0.991944706585292,BACI
2024,GBR,,BACI
2024,GBR,1.1388592695363444,BACI
2025,GBR,,SSP2
2025,GBR,2.4015488022711176,SSP2
2030,GBR,,SSP2
2030,GBR,2.342940955150376,SSP2
2035,GBR,,SSP2
2035,GBR,2.3256656020456528,SSP2
2040,GBR,,SSP2
2040,GBR,2.4879126823913116,SSP2
2045,GBR,,SSP2
2045,GBR,1.620252924374587,SSP2
2050,GBR,,SSP2
2050,GBR,1.5436204406733525,SSP2
2055,GBR,,SSP2
2055,GBR,1.721476740986778,SSP2
2060,GBR,,SSP2
2060,GBR,1.4496724837312993,SSP2
2065,GBR,,SSP2
2065,GBR,1.4237372595964948,SSP2
2070,GBR,,SSP2
2070,GBR,1.1054020135054363,SSP2
2075,GBR,,SSP2
2075,GBR,1.1162642946290775,SSP2
2080,GBR,,SSP2
2080,GBR,1.099103198960898,SSP2
2085,GBR,,SSP2
2085,GBR,1.0609729440523796,SSP2
2090,GBR,,SSP2
2090,GBR,1.0294895681509064,SSP2
2095,GBR,,SSP2
2095,GBR,0.929685650467466,SSP2
2100,GBR,,SSP2
2100,GBR,0.9099283271781244,SSP2
2012,GEO,0.1573626304687085,BACI
2012,GEO,,BACI
2013,GEO,-0.0050927441987007,BACI
2013,GEO,,BACI
2014,GEO,-0.0641490813424424,BACI
2014,GEO,,BACI
2015,GEO,0.0147410113851874,BACI
2015,GEO,,BACI
2016,GEO,0.05737387239646,BACI
2016,GEO,,BACI
2017,GEO,0.0214019691066169,BACI
2017,GEO,,BACI
2018,GEO,-0.1085312225945509,BACI
2018,GEO,,BACI
2019,GEO,-0.0228765561422369,BACI
2019,GEO,,BACI
2020,GEO,0.1964550605471744,BACI
2020,GEO,,BACI
2021,GEO,0.13902030245397,BACI
2021,GEO,,BACI
2022,GEO,0.2289451534755015,BACI
2022,GEO,,BACI
2023,GEO,0.2301713860143989,BACI
2023,GEO,,BACI
2024,GEO,0.3886594058823866,BACI
2024,GEO,,BACI
2025,GEO,-0.2567947471219551,SSP2
2025,GEO,,SSP2
2030,GEO,-0.2528410793274585,SSP2
2030,GEO,,SSP2
2035,GEO,-0.2438076866655792,SSP2
2035,GEO,,SSP2
2040,GEO,-0.2972607625897048,SSP2
2040,GEO,,SSP2
2045,GEO,-0.2958891478085995,SSP2
2045,GEO,,SSP2
2050,GEO,-0.276892997374816,SSP2
2050,GEO,,SSP2
2055,GEO,-0.2728220815501997,SSP2
2055,GEO,,SSP2
2060,GEO,-0.2533770428898951,SSP2
2060,GEO,,SSP2
2065,GEO,-0.2560405602946166,SSP2
2065,GEO,,SSP2
2070,GEO,-0.252946362051859,SSP2
2070,GEO,,SSP2
2075,GEO,-0.2385249535157687,SSP2
2075,GEO,,SSP2
2080,GEO,-0.2699903784233531,SSP2
2080,GEO,,SSP2
2085,GEO,-0.2743585840580236,SSP2
2085,GEO,,SSP2
2090,GEO,-0.2736391878204575,SSP2
2090,GEO,,SSP2
2095,GEO,-0.3006460963200053,SSP2
2095,GEO,,SSP2
2100,GEO,-0.4700616901176319,SSP2
2100,GEO,,SSP2
2012,GHA,-0.450091212264489,BACI
2012,GHA,,BACI
2013,GHA,0.3339518275583892,BACI
2013,GHA,,BACI
2014,GHA,-0.022289187014771,BACI
2014,GHA,,BACI
2015,GHA,0.579977843024684,BACI
2015,GHA,,BACI
2016,GHA,0.3998363212489959,BACI
2016,GHA,,BACI
2017,GHA,0.3604597355194147,BACI
2017,GHA,,BACI
2018,GHA,0.3827054981173415,BACI
2018,GHA,,BACI
2019,GHA,0.235980840843371,BACI
2019,GHA,,BACI
2020,GHA,0.1579037575849232,BACI
2020,GHA,,BACI
2021,GHA,0.3639328164290157,BACI
2021,GHA,,BACI
2022,GHA,0.7500754418529132,BACI
2022,GHA,,BACI
2023,GHA,0.7081109917908749,BACI
2023,GHA,,BACI
2024,GHA,0.2085777187491935,BACI
2024,GHA,,BACI
2025,GHA,-0.3727621005095184,SSP2
2025,GHA,,SSP2
2030,GHA,-0.3911059174937459,SSP2
2030,GHA,,SSP2
2035,GHA,-0.2777903007329479,SSP2
2035,GHA,,SSP2
2040,GHA,-0.225715758398517,SSP2
2040,GHA,,SSP2
2045,GHA,-0.3363348258092188,SSP2
2045,GHA,,SSP2
2050,GHA,-0.3194375260333765,SSP2
2050,GHA,,SSP2
2055,GHA,-0.3401397781332581,SSP2
2055,GHA,,SSP2
2060,GHA,-0.4830851173050488,SSP2
2060,GHA,,SSP2
2065,GHA,-0.4766624887808668,SSP2
2065,GHA,,SSP2
2070,GHA,-0.4783314860134575,SSP2
2070,GHA,,SSP2
2075,GHA,-0.4956789453753579,SSP2
2075,GHA,,SSP2
2080,GHA,-0.5421084078866288,SSP2
2080,GHA,,SSP2
2085,GHA,-0.5302188509111542,SSP2
2085,GHA,,SSP2
2090,GHA,-0.528475402736945,SSP2
2090,GHA,,SSP2
2095,GHA,-0.5608147930269245,SSP2
2095,GHA,,SSP2
2100,GHA,-0.5149165063272209,SSP2
2100,GHA,,SSP2
2012,GIB,-0.7190067363464037,BACI
2012,GIB,,BACI
2013,GIB,-0.6037759716070453,BACI
2013,GIB,,BACI
2014,GIB,-0.8192448014400338,BACI
2014,GIB,,BACI
2015,GIB,-1.0824452580776158,BACI
2015,GIB,,BACI
2016,GIB,-0.9204882787153112,BACI
2016,GIB,,BACI
2017,GIB,-1.247215774407377,BACI
2017,GIB,,BACI
2018,GIB,-0.892946317471456,BACI
2018,GIB,,BACI
2019,GIB,-0.9339682354157726,BACI
2019,GIB,,BACI
2020,GIB,-1.0904797830521948,BACI
2020,GIB,,BACI
2021,GIB,-1.0736245192374525,BACI
2021,GIB,,BACI
2022,GIB,-1.2233217736494553,BACI
2022,GIB,,BACI
2023,GIB,-1.0467425132298531,BACI
2023,GIB,,BACI
2024,GIB,-1.10432443324962,BACI
2024,GIB,,BACI
2012,GIN,-1.0478012686002092,BACI
2012,GIN,,BACI
2013,GIN,-0.3163550860594077,BACI
2013,GIN,,BACI
2014,GIN,-0.7326625654931401,BACI
2014,GIN,,BACI
2015,GIN,-0.8682235305940473,BACI
2015,GIN,,BACI
2016,GIN,-1.0426425807724058,BACI
2016,GIN,,BACI
2017,GIN,-0.5536602989165572,BACI
2017,GIN,,BACI
2018,GIN,-0.2988944128037709,BACI
2018,GIN,,BACI
2019,GIN,-0.5982780284046474,BACI
2019,GIN,,BACI
2020,GIN,-0.3038739548709817,BACI
2020,GIN,,BACI
2021,GIN,-0.4461151241488978,BACI
2021,GIN,,BACI
2022,GIN,-0.5822657191860646,BACI
2022,GIN,,BACI
2023,GIN,-0.7585551740714277,BACI
2023,GIN,,BACI
2024,GIN,-0.5183432718560324,BACI
2024,GIN,,BACI
2025,GIN,-1.0918290284931231,SSP2
2025,GIN,,SSP2
2030,GIN,-1.1080193490559271,SSP2
2030,GIN,,SSP2
2035,GIN,-1.1450519933233296,SSP2
2035,GIN,,SSP2
2040,GIN,-1.1618972495795068,SSP2
2040,GIN,,SSP2
2045,GIN,-1.1518118667364017,SSP2
2045,GIN,,SSP2
2050,GIN,-1.1190354308730166,SSP2
2050,GIN,,SSP2
2055,GIN,-1.1086845501588132,SSP2
2055,GIN,,SSP2
2060,GIN,-0.985174061503842,SSP2
2060,GIN,,SSP2
2065,GIN,-0.9585027062820528,SSP2
2065,GIN,,SSP2
2070,GIN,-0.9332911626274591,SSP2
2070,GIN,,SSP2
2075,GIN,-0.8660344978684914,SSP2
2075,GIN,,SSP2
2080,GIN,-0.8605866608296151,SSP2
2080,GIN,,SSP2
2085,GIN,-0.9298290276415716,SSP2
2085,GIN,,SSP2
2090,GIN,-0.7372140588609809,SSP2
2090,GIN,,SSP2
2095,GIN,-0.6105802283348282,SSP2
2095,GIN,,SSP2
2100,GIN,-0.7437303397577771,SSP2
2100,GIN,,SSP2
2012,GMB,-1.552511031520189,BACI
2012,GMB,,BACI
2013,GMB,-1.2644301387074852,BACI
2013,GMB,,BACI
2014,GMB,-1.053507862153352,BACI
2014,GMB,,BACI
2015,GMB,-1.2283398745866712,BACI
2015,GMB,,BACI
2016,GMB,-0.9122171325965086,BACI
2016,GMB,,BACI
2017,GMB,-0.6095804086798706,BACI
2017,GMB,,BACI
2018,GMB,-0.7310981472623058,BACI
2018,GMB,,BACI
2019,GMB,-0.8593517762505669,BACI
2019,GMB,,BACI
2020,GMB,-0.5894251032453416,BACI
2020,GMB,,BACI
2021,GMB,-0.5404133183813217,BACI
2021,GMB,,BACI
2022,GMB,-0.7208085098028729,BACI
2022,GMB,,BACI
2023,GMB,-0.7154998969849499,BACI
2023,GMB,,BACI
2024,GMB,-0.6786404744397658,BACI
2024,GMB,,BACI
2025,GMB,-1.1505600125348658,SSP2
2025,GMB,,SSP2
2030,GMB,-1.151271646167663,SSP2
2030,GMB,,SSP2
2035,GMB,-1.1836291648225683,SSP2
2035,GMB,,SSP2
2040,GMB,-1.173728704348746,SSP2
2040,GMB,,SSP2
2045,GMB,-1.165008776452272,SSP2
2045,GMB,,SSP2
2050,GMB,-1.1428353525663943,SSP2
2050,GMB,,SSP2
2055,GMB,-1.2210614232185857,SSP2
2055,GMB,,SSP2
2060,GMB,-1.2273975189577504,SSP2
2060,GMB,,SSP2
2065,GMB,-1.1798353268059298,SSP2
2065,GMB,,SSP2
2070,GMB,-1.1714036332618112,SSP2
2070,GMB,,SSP2
2075,GMB,-1.2223354354839344,SSP2
2075,GMB,,SSP2
2080,GMB,-1.1742677644589066,SSP2
2080,GMB,,SSP2
2085,GMB,-1.2013680049313349,SSP2
2085,GMB,,SSP2
2090,GMB,-1.1721923839171635,SSP2
2090,GMB,,SSP2
2095,GMB,-1.1890056103897315,SSP2
2095,GMB,,SSP2
2100,GMB,-1.2196184513590476,SSP2
2100,GMB,,SSP2
2012,GNB,-1.60826699848286,BACI
2012,GNB,,BACI
2013,GNB,-1.4143372494326711,BACI
2013,GNB,,BACI
2014,GNB,-1.3827830200048414,BACI
2014,GNB,,BACI
2015,GNB,-2.222876759195227,BACI
2015,GNB,,BACI
2016,GNB,-1.3844892627221146,BACI
2016,GNB,,BACI
2017,GNB,-1.827197718196036,BACI
2017,GNB,,BACI
2018,GNB,-1.3395516737078943,BACI
2018,GNB,,BACI
2019,GNB,-1.5266559492277871,BACI
2019,GNB,,BACI
2020,GNB,-1.6015548854326058,BACI
2020,GNB,,BACI
2021,GNB,-1.0791949074320524,BACI
2021,GNB,,BACI
2022,GNB,-1.5943806609126032,BACI
2022,GNB,,BACI
2023,GNB,-1.338818234692716,BACI
2023,GNB,,BACI
2024,GNB,-1.620886983703795,BACI
2024,GNB,,BACI
2025,GNB,-1.470997785291998,SSP2
2025,GNB,,SSP2
2030,GNB,-1.4728765301837334,SSP2
2030,GNB,,SSP2
2035,GNB,-1.490198613691237,SSP2
2035,GNB,,SSP2
2040,GNB,-1.5002629225413842,SSP2
2040,GNB,,SSP2
2045,GNB,-1.5439860278453794,SSP2
2045,GNB,,SSP2
2050,GNB,-1.5168110770291627,SSP2
2050,GNB,,SSP2
2055,GNB,-1.6211848560929791,SSP2
2055,GNB,,SSP2
2060,GNB,-1.6635007956640655,SSP2
2060,GNB,,SSP2
2065,GNB,-1.629973973085734,SSP2
2065,GNB,,SSP2
2070,GNB,-1.811055131329041,SSP2
2070,GNB,,SSP2
2075,GNB,-1.8648156486588592,SSP2
2075,GNB,,SSP2
2080,GNB,-1.8521408046042085,SSP2
2080,GNB,,SSP2
2085,GNB,-1.8528386531919885,SSP2
2085,GNB,,SSP2
2090,GNB,-1.8630765691159044,SSP2
2090,GNB,,SSP2
2095,GNB,-1.785309498718921,SSP2
2095,GNB,,SSP2
2100,GNB,-1.801135185316164,SSP2
2100,GNB,,SSP2
2012,GNQ,-1.3655265167078234,BACI
2012,GNQ,,BACI
2013,GNQ,-0.4399119296852363,BACI
2013,GNQ,,BACI
2014,GNQ,-0.5455873154179296,BACI
2014,GNQ,,BACI
2015,GNQ,-0.7325644948487282,BACI
2015,GNQ,,BACI
2016,GNQ,-0.7178441174487213,BACI
2016,GNQ,,BACI
2017,GNQ,-0.8090430811838202,BACI
2017,GNQ,,BACI
2018,GNQ,-1.4710051031346842,BACI
2018,GNQ,,BACI
2019,GNQ,-1.4852633679747458,BACI
2019,GNQ,,BACI
2020,GNQ,-1.107223094612976,BACI
2020,GNQ,,BACI
2021,GNQ,-1.1577917060093743,BACI
2021,GNQ,,BACI
2022,GNQ,-0.7795750841082926,BACI
2022,GNQ,,BACI
2023,GNQ,-1.0507521663909345,BACI
2023,GNQ,,BACI
2024,GNQ,-1.1816316938610016,BACI
2024,GNQ,,BACI
2025,GNQ,-1.0373691787970512,SSP2
2025,GNQ,,SSP2
2030,GNQ,-1.1071247072303747,SSP2
2030,GNQ,,SSP2
2035,GNQ,-0.6231325390058785,SSP2
2035,GNQ,,SSP2
2040,GNQ,-0.5605084507893955,SSP2
2040,GNQ,,SSP2
2045,GNQ,-0.5327352164941991,SSP2
2045,GNQ,,SSP2
2050,GNQ,-0.754173566063355,SSP2
2050,GNQ,,SSP2
2055,GNQ,-0.5333986175652843,SSP2
2055,GNQ,,SSP2
2060,GNQ,-0.680159780283466,SSP2
2060,GNQ,,SSP2
2065,GNQ,-0.7380498271665615,SSP2
2065,GNQ,,SSP2
2070,GNQ,-0.5314167715777104,SSP2
2070,GNQ,,SSP2
2075,GNQ,-0.3251265544111097,SSP2
2075,GNQ,,SSP2
2080,GNQ,-0.1019927165744131,SSP2
2080,GNQ,,SSP2
2085,GNQ,-0.1697048318038704,SSP2
2085,GNQ,,SSP2
2090,GNQ,-0.3793216965026281,SSP2
2090,GNQ,,SSP2
2095,GNQ,-0.6362426964254729,SSP2
2095,GNQ,,SSP2
2100,GNQ,-0.6232600328360417,SSP2
2100,GNQ,,SSP2
2012,GRC,,BACI
2012,GRC,0.762589488817266,BACI
2013,GRC,,BACI
2013,GRC,0.631032852176145,BACI
2014,GRC,,BACI
2014,GRC,0.6952695435693866,BACI
2015,GRC,,BACI
2015,GRC,0.6237941843618303,BACI
2016,GRC,,BACI
2016,GRC,0.466174087742437,BACI
2017,GRC,,BACI
2017,GRC,0.5523370564649551,BACI
2018,GRC,,BACI
2018,GRC,0.5465474257849466,BACI
2019,GRC,,BACI
2019,GRC,0.4745238144919526,BACI
2020,GRC,,BACI
2020,GRC,0.4726621732767982,BACI
2021,GRC,,BACI
2021,GRC,0.3952916856238475,BACI
2022,GRC,,BACI
2022,GRC,0.4278018609812474,BACI
2023,GRC,,BACI
2023,GRC,0.4761490448587221,BACI
2024,GRC,,BACI
2024,GRC,0.4966429381609861,BACI
2025,GRC,,SSP2
2025,GRC,0.6827417985193641,SSP2
2030,GRC,,SSP2
2030,GRC,0.7356305359955887,SSP2
2035,GRC,,SSP2
2035,GRC,1.0890460853591548,SSP2
2040,GRC,,SSP2
2040,GRC,1.334641992615042,SSP2
2045,GRC,,SSP2
2045,GRC,1.383861376004599,SSP2
2050,GRC,,SSP2
2050,GRC,1.3826839046819923,SSP2
2055,GRC,,SSP2
2055,GRC,1.3964546645734486,SSP2
2060,GRC,,SSP2
2060,GRC,1.4664770068680926,SSP2
2065,GRC,,SSP2
2065,GRC,1.2526635194201243,SSP2
2070,GRC,,SSP2
2070,GRC,1.251897242529881,SSP2
2075,GRC,,SSP2
2075,GRC,1.258320201147012,SSP2
2080,GRC,,SSP2
2080,GRC,1.249807033989155,SSP2
2085,GRC,1.6516191939950493,SSP2
2085,GRC,,SSP2
2090,GRC,1.7023665686222058,SSP2
2090,GRC,,SSP2
2095,GRC,1.6648924917674943,SSP2
2095,GRC,,SSP2
2100,GRC,1.608062291095157,SSP2
2100,GRC,,SSP2
2012,GRD,-0.9636738744542176,BACI
2012,GRD,,BACI
2013,GRD,-1.1799798418798575,BACI
2013,GRD,,BACI
2014,GRD,-1.1051069311259274,BACI
2014,GRD,,BACI
2015,GRD,-0.8822955828743004,BACI
2015,GRD,,BACI
2016,GRD,-1.0324220286302823,BACI
2016,GRD,,BACI
2017,GRD,-1.1362266589003474,BACI
2017,GRD,,BACI
2018,GRD,-1.0983944009032598,BACI
2018,GRD,,BACI
2019,GRD,-1.1584023454524526,BACI
2019,GRD,,BACI
2020,GRD,-1.1099986017686885,BACI
2020,GRD,,BACI
2021,GRD,-1.297707916333983,BACI
2021,GRD,,BACI
2022,GRD,-1.0705795202600314,BACI
2022,GRD,,BACI
2023,GRD,-1.1202603524776769,BACI
2023,GRD,,BACI
2024,GRD,-0.9853253312055404,BACI
2024,GRD,,BACI
2012,GRL,-0.2195931772141657,BACI
2012,GRL,,BACI
2013,GRL,-0.5436484247170904,BACI
2013,GRL,,BACI
2014,GRL,-0.4124897215268576,BACI
2014,GRL,,BACI
2015,GRL,-0.2697951499036723,BACI
2015,GRL,,BACI
2016,GRL,-0.4383276016743553,BACI
2016,GRL,,BACI
2017,GRL,-0.4883208389167692,BACI
2017,GRL,,BACI
2018,GRL,-0.490111025069121,BACI
2018,GRL,,BACI
2019,GRL,-0.9362967124907378,BACI
2019,GRL,,BACI
2020,GRL,-0.8354439903203859,BACI
2020,GRL,,BACI
2021,GRL,-1.1472558003932898,BACI
2021,GRL,,BACI
2022,GRL,-1.1450803905184257,BACI
2022,GRL,,BACI
2023,GRL,-0.9434461183073984,BACI
2023,GRL,,BACI
2024,GRL,-0.8540566044352396,BACI
2024,GRL,,BACI
2012,GTM,0.9110626897660816,BACI
2012,GTM,,BACI
2013,GTM,0.8164447652845961,BACI
2013,GTM,,BACI
2014,GTM,0.8332633849596004,BACI
2014,GTM,,BACI
2015,GTM,0.7677104360196134,BACI
2015,GTM,,BACI
2016,GTM,0.7351021691250161,BACI
2016,GTM,,BACI
2017,GTM,0.8070536094836479,BACI
2017,GTM,,BACI
2018,GTM,0.8022614968843441,BACI
2018,GTM,,BACI
2019,GTM,0.8303197947895079,BACI
2019,GTM,,BACI
2020,GTM,0.7614831452973119,BACI
2020,GTM,,BACI
2021,GTM,0.69827380406318,BACI
2021,GTM,,BACI
2022,GTM,0.8249008679246322,BACI
2022,GTM,,BACI
2023,GTM,0.7638485074402138,BACI
2023,GTM,,BACI
2024,GTM,0.847892500419052,BACI
2024,GTM,,BACI
2025,GTM,0.3674591750358886,SSP2
2025,GTM,,SSP2
2030,GTM,0.4079335998414888,SSP2
2030,GTM,,SSP2
2035,GTM,0.3348889707361502,SSP2
2035,GTM,,SSP2
2040,GTM,0.3355397249734331,SSP2
2040,GTM,,SSP2
2045,GTM,0.2482561538415083,SSP2
2045,GTM,,SSP2
2050,GTM,0.3647836084559386,SSP2
2050,GTM,,SSP2
2055,GTM,0.4426150189726761,SSP2
2055,GTM,,SSP2
2060,GTM,0.4827654984371318,SSP2
2060,GTM,,SSP2
2065,GTM,0.5749067617071014,SSP2
2065,GTM,,SSP2
2070,GTM,0.8671114836625595,SSP2
2070,GTM,,SSP2
2075,GTM,0.6141090942840798,SSP2
2075,GTM,,SSP2
2080,GTM,0.5939663216178452,SSP2
2080,GTM,,SSP2
2085,GTM,0.5633773598267574,SSP2
2085,GTM,,SSP2
2090,GTM,0.6016358546961226,SSP2
2090,GTM,,SSP2
2095,GTM,0.6010369124759966,SSP2
2095,GTM,,SSP2
2100,GTM,0.5573161080407241,SSP2
2100,GTM,,SSP2
2012,GUM,-1.4747824261875304,BACI
2012,GUM,,BACI
2013,GUM,-1.5140074524337344,BACI
2013,GUM,,BACI
2014,GUM,-0.8040514322427071,BACI
2014,GUM,,BACI
2015,GUM,-0.849792329321659,BACI
2015,GUM,,BACI
2016,GUM,-0.90652966773446,BACI
2016,GUM,,BACI
2017,GUM,-0.92476858237042,BACI
2017,GUM,,BACI
2018,GUM,-0.9720306802374729,BACI
2018,GUM,,BACI
2019,GUM,-1.573062186590259,BACI
2019,GUM,,BACI
2020,GUM,-1.7443785981064812,BACI
2020,GUM,,BACI
2021,GUM,-1.5603982298438397,BACI
2021,GUM,,BACI
2022,GUM,-1.633677743726082,BACI
2022,GUM,,BACI
2023,GUM,-1.8756235532449503,BACI
2023,GUM,,BACI
2024,GUM,-1.5918679749014688,BACI
2024,GUM,,BACI
2012,GUY,-0.911897926163248,BACI
2012,GUY,,BACI
2013,GUY,-1.0966030839930492,BACI
2013,GUY,,BACI
2014,GUY,-0.6124168285347144,BACI
2014,GUY,,BACI
2015,GUY,-0.7639536219066211,BACI
2015,GUY,,BACI
2016,GUY,-0.5433776940137356,BACI
2016,GUY,,BACI
2017,GUY,-1.0185153106211635,BACI
2017,GUY,,BACI
2018,GUY,-0.7814748362894338,BACI
2018,GUY,,BACI
2019,GUY,-0.4522336781885722,BACI
2019,GUY,,BACI
2020,GUY,-0.4296200001072875,BACI
2020,GUY,,BACI
2021,GUY,-0.7403883288397195,BACI
2021,GUY,,BACI
2022,GUY,-0.5123328869091333,BACI
2022,GUY,,BACI
2023,GUY,-0.1393005584609721,BACI
2023,GUY,,BACI
2024,GUY,0.1826728284197791,BACI
2024,GUY,,BACI
2025,GUY,-0.4718908116146454,SSP2
2025,GUY,,SSP2
2030,GUY,-0.457588816439911,SSP2
2030,GUY,,SSP2
2035,GUY,-0.4690394593388901,SSP2
2035,GUY,,SSP2
2040,GUY,-0.4468701405426809,SSP2
2040,GUY,,SSP2
2045,GUY,-0.4798262813762403,SSP2
2045,GUY,,SSP2
2050,GUY,-0.4540292974409845,SSP2
2050,GUY,,SSP2
2055,GUY,-0.3205393856388072,SSP2
2055,GUY,,SSP2
2060,GUY,-0.2480494391739694,SSP2
2060,GUY,,SSP2
2065,GUY,-0.2094502149564025,SSP2
2065,GUY,,SSP2
2070,GUY,-0.0467205379376251,SSP2
2070,GUY,,SSP2
2075,GUY,0.0758688683123446,SSP2
2075,GUY,,SSP2
2080,GUY,0.1289925662073752,SSP2
2080,GUY,,SSP2
2085,GUY,0.0489918466150531,SSP2
2085,GUY,,SSP2
2090,GUY,0.1078113008683679,SSP2
2090,GUY,,SSP2
2095,GUY,0.2213013591349134,SSP2
2095,GUY,,SSP2
2100,GUY,0.2468969458592091,SSP2
2100,GUY,,SSP2
2012,HKG,1.2369377490274205,BACI
2012,HKG,,BACI
2013,HKG,1.1851855661253086,BACI
2013,HKG,,BACI
2014,HKG,1.493229751837588,BACI
2014,HKG,,BACI
2015,HKG,1.3859609057635724,BACI
2015,HKG,,BACI
2016,HKG,1.7430168096767875,BACI
2016,HKG,,BACI
2017,HKG,1.6251852920787495,BACI
2017,HKG,,BACI
2018,HKG,1.5260499120595774,BACI
2018,HKG,,BACI
2019,HKG,1.690967763952467,BACI
2019,HKG,,BACI
2020,HKG,1.577546397158105,BACI
2020,HKG,,BACI
2021,HKG,1.5147497089241142,BACI
2021,HKG,,BACI
2022,HKG,1.7231603488131182,BACI
2022,HKG,,BACI
2023,HKG,1.619651419468266,BACI
2023,HKG,,BACI
2024,HKG,1.7920525872728224,BACI
2024,HKG,,BACI
2025,HKG,1.6424846353798432,SSP2
2025,HKG,,SSP2
2030,HKG,1.6245780652791264,SSP2
2030,HKG,,SSP2
2035,HKG,1.6586128832461675,SSP2
2035,HKG,,SSP2
2040,HKG,1.5830676019899788,SSP2
2040,HKG,,SSP2
2045,HKG,1.7708504171063495,SSP2
2045,HKG,,SSP2
2050,HKG,1.8184355198947733,SSP2
2050,HKG,,SSP2
2055,HKG,1.7855525820982605,SSP2
2055,HKG,,SSP2
2060,HKG,1.7847047601957973,SSP2
2060,HKG,,SSP2
2065,HKG,1.803272499743656,SSP2
2065,HKG,,SSP2
2070,HKG,1.6622983533852902,SSP2
2070,HKG,,SSP2
2075,HKG,1.4388952571202058,SSP2
2075,HKG,,SSP2
2080,HKG,1.4498030138326186,SSP2
2080,HKG,,SSP2
2085,HKG,1.4337976344201553,SSP2
2085,HKG,,SSP2
2090,HKG,1.429990711265648,SSP2
2090,HKG,,SSP2
2095,HKG,1.4602496639257034,SSP2
2095,HKG,,SSP2
2100,HKG,1.461256645591414,SSP2
2100,HKG,,SSP2
2012,HND,0.604004000427093,BACI
2012,HND,,BACI
2013,HND,0.3157559320265555,BACI
2013,HND,,BACI
2014,HND,0.6423615594056578,BACI
2014,HND,,BACI
2015,HND,0.4520308289764064,BACI
2015,HND,,BACI
2016,HND,0.7149649408501922,BACI
2016,HND,,BACI
2017,HND,0.4833803532473867,BACI
2017,HND,,BACI
2018,HND,0.3457219433860171,BACI
2018,HND,,BACI
2019,HND,0.3951799187242996,BACI
2019,HND,,BACI
2020,HND,0.538394705942261,BACI
2020,HND,,BACI
2021,HND,0.6051119142742843,BACI
2021,HND,,BACI
2022,HND,0.2350783140956325,BACI
2022,HND,,BACI
2023,HND,0.6553716446829487,BACI
2023,HND,,BACI
2024,HND,0.7708577367927397,BACI
2024,HND,,BACI
2025,HND,-0.1813967600281487,SSP2
2025,HND,,SSP2
2030,HND,-0.1933170574385796,SSP2
2030,HND,,SSP2
2035,HND,-0.2297890681518627,SSP2
2035,HND,,SSP2
2040,HND,-0.1956585194861193,SSP2
2040,HND,,SSP2
2045,HND,-0.1792885449278678,SSP2
2045,HND,,SSP2
2050,HND,-0.0363284442769532,SSP2
2050,HND,,SSP2
2055,HND,-0.0355684953297912,SSP2
2055,HND,,SSP2
2060,HND,-0.1047502204043809,SSP2
2060,HND,,SSP2
2065,HND,-0.1155615220517826,SSP2
2065,HND,,SSP2
2070,HND,-0.0636797585107014,SSP2
2070,HND,,SSP2
2075,HND,-0.0721743060386875,SSP2
2075,HND,,SSP2
2080,HND,-0.1514612799701874,SSP2
2080,HND,,SSP2
2085,HND,-0.1629368731330417,SSP2
2085,HND,,SSP2
2090,HND,-0.1423896191720926,SSP2
2090,HND,,SSP2
2095,HND,-0.1774113303453753,SSP2
2095,HND,,SSP2
2100,HND,-0.2174191443685203,SSP2
2100,HND,,SSP2
2012,HRV,,BACI
2012,HRV,0.9349448832375986,BACI
2013,HRV,0.9360326795391832,BACI
2013,HRV,,BACI
2014,HRV,,BACI
2014,HRV,0.9813355834474552,BACI
2015,HRV,0.8957168472283308,BACI
2015,HRV,,BACI
2016,HRV,0.8706491641847998,BACI
2016,HRV,,BACI
2017,HRV,,BACI
2017,HRV,0.7688736849367491,BACI
2018,HRV,,BACI
2018,HRV,0.7037145210965222,BACI
2019,HRV,,BACI
2019,HRV,0.8194458656778445,BACI
2020,HRV,,BACI
2020,HRV,0.9068519078608512,BACI
2021,HRV,,BACI
2021,HRV,0.7864021101892099,BACI
2022,HRV,,BACI
2022,HRV,0.7759551862589091,BACI
2023,HRV,,BACI
2023,HRV,0.8702206923421212,BACI
2024,HRV,,BACI
2024,HRV,0.8077859037760315,BACI
2025,HRV,,SSP2
2025,HRV,0.8758181062708859,SSP2
2030,HRV,,SSP2
2030,HRV,0.9198862846648964,SSP2
2035,HRV,,SSP2
2035,HRV,0.932665736437376,SSP2
2040,HRV,,SSP2
2040,HRV,0.8405268914581028,SSP2
2045,HRV,0.9041702612526852,SSP2
2045,HRV,,SSP2
2050,HRV,0.9090784046445748,SSP2
2050,HRV,,SSP2
2055,HRV,0.9171086995065028,SSP2
2055,HRV,,SSP2
2060,HRV,1.4145484795146357,SSP2
2060,HRV,,SSP2
2065,HRV,,SSP2
2065,HRV,1.5210558745431375,SSP2
2070,HRV,,SSP2
2070,HRV,1.6557979284228086,SSP2
2075,HRV,,SSP2
2075,HRV,1.639740856688882,SSP2
2080,HRV,,SSP2
2080,HRV,1.600312794618706,SSP2
2085,HRV,,SSP2
2085,HRV,1.5815063227022683,SSP2
2090,HRV,,SSP2
2090,HRV,1.6562765985046617,SSP2
2095,HRV,,SSP2
2095,HRV,1.660725180207707,SSP2
2100,HRV,,SSP2
2100,HRV,1.6349926254707436,SSP2
2012,HTI,-0.8610670925694918,BACI
2012,HTI,,BACI
2013,HTI,-0.9220538938782646,BACI
2013,HTI,,BACI
2014,HTI,-1.032992043379639,BACI
2014,HTI,,BACI
2015,HTI,-1.0434912718417022,BACI
2015,HTI,,BACI
2016,HTI,-0.8654788260739257,BACI
2016,HTI,,BACI
2017,HTI,-0.80119932580958,BACI
2017,HTI,,BACI
2018,HTI,-0.7492542135893242,BACI
2018,HTI,,BACI
2019,HTI,-0.6955204490058543,BACI
2019,HTI,,BACI
2020,HTI,-0.7242323441586133,BACI
2020,HTI,,BACI
2021,HTI,-0.913671621443636,BACI
2021,HTI,,BACI
2022,HTI,-0.7849259190236773,BACI
2022,HTI,,BACI
2023,HTI,-0.8368535735050732,BACI
2023,HTI,,BACI
2024,HTI,-0.7876491294087333,BACI
2024,HTI,,BACI
2025,HTI,-1.1178383672330152,SSP2
2025,HTI,,SSP2
2030,HTI,-1.1460384161372097,SSP2
2030,HTI,,SSP2
2035,HTI,-1.2208976134500409,SSP2
2035,HTI,,SSP2
2040,HTI,-1.2598058465317803,SSP2
2040,HTI,,SSP2
2045,HTI,-1.2987346878836017,SSP2
2045,HTI,,SSP2
2050,HTI,-1.2654324913767232,SSP2
2050,HTI,,SSP2
2055,HTI,-1.330408282283389,SSP2
2055,HTI,,SSP2
2060,HTI,-1.323542078311631,SSP2
2060,HTI,,SSP2
2065,HTI,-1.3070977798972438,SSP2
2065,HTI,,SSP2
2070,HTI,-1.4248740397425548,SSP2
2070,HTI,,SSP2
2075,HTI,-1.2480694235051415,SSP2
2075,HTI,,SSP2
2080,HTI,-1.23941280301397,SSP2
2080,HTI,,SSP2
2085,HTI,-1.2456490529233684,SSP2
2085,HTI,,SSP2
2090,HTI,-1.188914620920002,SSP2
2090,HTI,,SSP2
2095,HTI,-1.1378165652235168,SSP2
2095,HTI,,SSP2
2100,HTI,-1.0953104750261164,SSP2
2100,HTI,,SSP2
2012,HUN,,BACI
2012,HUN,1.3781321955588193,BACI
2013,HUN,,BACI
2013,HUN,1.406657465256105,BACI
2014,HUN,,BACI
2014,HUN,1.3183223519339462,BACI
2015,HUN,,BACI
2015,HUN,1.230491140547611,BACI
2016,HUN,,BACI
2016,HUN,1.359591845418786,BACI
2017,HUN,,BACI
2017,HUN,1.40672909568832,BACI
2018,HUN,,BACI
2018,HUN,1.3052996119700355,BACI
2019,HUN,,BACI
2019,HUN,1.30942541581129,BACI
2020,HUN,,BACI
2020,HUN,1.2598625197390074,BACI
2021,HUN,1.1614363882656344,BACI
2021,HUN,,BACI
2022,HUN,,BACI
2022,HUN,1.2266599860937395,BACI
2023,HUN,,BACI
2023,HUN,1.2111769088824298,BACI
2024,HUN,,BACI
2024,HUN,1.1749562197937005,BACI
2025,HUN,,SSP2
2025,HUN,1.2759751767516183,SSP2
2030,HUN,,SSP2
2030,HUN,1.2436298180667704,SSP2
2035,HUN,,SSP2
2035,HUN,1.2150893708351456,SSP2
2040,HUN,,SSP2
2040,HUN,1.1589124236913462,SSP2
2045,HUN,,SSP2
2045,HUN,1.1854697274102617,SSP2
2050,HUN,,SSP2
2050,HUN,1.179285187218167,SSP2
2055,HUN,,SSP2
2055,HUN,1.1464603632235886,SSP2
2060,HUN,,SSP2
2060,HUN,1.1588120640228297,SSP2
2065,HUN,,SSP2
2065,HUN,1.2367339082360571,SSP2
2070,HUN,,SSP2
2070,HUN,1.255638229095175,SSP2
2075,HUN,,SSP2
2075,HUN,1.228672818372157,SSP2
2080,HUN,,SSP2
2080,HUN,1.1676303083783637,SSP2
2085,HUN,,SSP2
2085,HUN,1.1116751400932516,SSP2
2090,HUN,,SSP2
2090,HUN,1.100989503816451,SSP2
2095,HUN,,SSP2
2095,HUN,1.0565573753890445,SSP2
2100,HUN,,SSP2
2100,HUN,1.127555288075441,SSP2
2012,IDN,0.986959485164771,BACI
2012,IDN,,BACI
2013,IDN,1.0070943925110862,BACI
2013,IDN,,BACI
2014,IDN,1.007698833933624,BACI
2014,IDN,,BACI
2015,IDN,1.1797191245372964,BACI
2015,IDN,,BACI
2016,IDN,1.1022635000916343,BACI
2016,IDN,,BACI
2017,IDN,1.1439962261050427,BACI
2017,IDN,,BACI
2018,IDN,1.188934444814024,BACI
2018,IDN,,BACI
2019,IDN,1.1535531536328965,BACI
2019,IDN,,BACI
2020,IDN,,BACI
2020,IDN,1.2014772624029335,BACI
2021,IDN,1.136805847787726,BACI
2021,IDN,,BACI
2022,IDN,1.1390755473062872,BACI
2022,IDN,,BACI
2023,IDN,1.2061227576560498,BACI
2023,IDN,,BACI
2024,IDN,0.8583262875146244,BACI
2024,IDN,,BACI
2025,IDN,0.8959432487835355,SSP2
2025,IDN,,SSP2
2030,IDN,0.752134018502394,SSP2
2030,IDN,,SSP2
2035,IDN,0.703339222867472,SSP2
2035,IDN,,SSP2
2040,IDN,0.5296537126389549,SSP2
2040,IDN,,SSP2
2045,IDN,0.5975558090712588,SSP2
2045,IDN,,SSP2
2050,IDN,0.5765185704339492,SSP2
2050,IDN,,SSP2
2055,IDN,0.5892750657477228,SSP2
2055,IDN,,SSP2
2060,IDN,0.5677210923819773,SSP2
2060,IDN,,SSP2
2065,IDN,0.5691253247580482,SSP2
2065,IDN,,SSP2
2070,IDN,0.5590615168357512,SSP2
2070,IDN,,SSP2
2075,IDN,0.5916754466437647,SSP2
2075,IDN,,SSP2
2080,IDN,0.6033103396656652,SSP2
2080,IDN,,SSP2
2085,IDN,1.255857213155205,SSP2
2085,IDN,,SSP2
2090,IDN,1.2356967682448396,SSP2
2090,IDN,,SSP2
2095,IDN,1.2496280128142871,SSP2
2095,IDN,,SSP2
2100,IDN,1.231626795603976,SSP2
2100,IDN,,SSP2
2012,IND,,BACI
2012,IND,1.259068610577882,BACI
2013,IND,,BACI
2013,IND,1.156063556760477,BACI
2014,IND,,BACI
2014,IND,1.1658557160933385,BACI
2015,IND,,BACI
2015,IND,1.1313041971118254,BACI
2016,IND,,BACI
2016,IND,1.0256311370631612,BACI
2017,IND,,BACI
2017,IND,1.096629211183566,BACI
2018,IND,,BACI
2018,IND,0.9172025843758986,BACI
2019,IND,,BACI
2019,IND,0.8552250396302362,BACI
2020,IND,,BACI
2020,IND,0.9985207930437304,BACI
2021,IND,,BACI
2021,IND,1.123331161210566,BACI
2022,IND,1.199936915375375,BACI
2022,IND,,BACI
2023,IND,,BACI
2023,IND,1.2687233779652425,BACI
2024,IND,,BACI
2024,IND,1.2680901743708728,BACI
2025,IND,,SSP2
2025,IND,1.3109163207744303,SSP2
2030,IND,,SSP2
2030,IND,1.313693746569233,SSP2
2035,IND,,SSP2
2035,IND,1.3987888260233694,SSP2
2040,IND,,SSP2
2040,IND,0.8074004078155097,SSP2
2045,IND,,SSP2
2045,IND,0.8108677551948664,SSP2
2050,IND,,SSP2
2050,IND,0.8653206269392989,SSP2
2055,IND,,SSP2
2055,IND,0.8122913263973943,SSP2
2060,IND,,SSP2
2060,IND,0.8010362429521485,SSP2
2065,IND,,SSP2
2065,IND,0.8042269922677708,SSP2
2070,IND,,SSP2
2070,IND,0.7820751214824124,SSP2
2075,IND,,SSP2
2075,IND,0.8222197417564849,SSP2
2080,IND,,SSP2
2080,IND,0.8031738334157151,SSP2
2085,IND,,SSP2
2085,IND,0.796830636900817,SSP2
2090,IND,,SSP2
2090,IND,0.7877604232729757,SSP2
2095,IND,,SSP2
2095,IND,0.5929060688230195,SSP2
2100,IND,,SSP2
2100,IND,0.5706511193463618,SSP2
2012,IOT,-1.5836429315859035,BACI
2012,IOT,,BACI
2013,IOT,-1.9964103826958075,BACI
2013,IOT,,BACI
2014,IOT,-1.9284205041372984,BACI
2014,IOT,,BACI
2015,IOT,-1.481215557397574,BACI
2015,IOT,,BACI
2016,IOT,-1.5446079737728218,BACI
2016,IOT,,BACI
2017,IOT,-1.4841668604593183,BACI
2017,IOT,,BACI
2018,IOT,-1.5229924333454783,BACI
2018,IOT,,BACI
2019,IOT,-1.1292507703534125,BACI
2019,IOT,,BACI
2020,IOT,-1.5215665503934948,BACI
2020,IOT,,BACI
2021,IOT,-1.7765113470327678,BACI
2021,IOT,,BACI
2022,IOT,-1.8186472228016977,BACI
2022,IOT,,BACI
2023,IOT,-1.480793634729654,BACI
2023,IOT,,BACI
2024,IOT,-1.3260880973840452,BACI
2024,IOT,,BACI
2012,IRL,1.0728322759607365,BACI
2012,IRL,,BACI
2013,IRL,1.1696035259248645,BACI
2013,IRL,,BACI
2014,IRL,1.0906148804076536,BACI
2014,IRL,,BACI
2015,IRL,1.089297157573423,BACI
2015,IRL,,BACI
2016,IRL,1.0035295819300905,BACI
2016,IRL,,BACI
2017,IRL,1.043495418180681,BACI
2017,IRL,,BACI
2018,IRL,0.9889424588592846,BACI
2018,IRL,,BACI
2019,IRL,,BACI
2019,IRL,1.036778703565767,BACI
2020,IRL,1.0090789822793105,BACI
2020,IRL,,BACI
2021,IRL,1.110279097568408,BACI
2021,IRL,,BACI
2022,IRL,,BACI
2022,IRL,1.204064584095388,BACI
2023,IRL,,BACI
2023,IRL,1.0413114161536183,BACI
2024,IRL,,BACI
2024,IRL,1.1333284703586064,BACI
2025,IRL,,SSP2
2025,IRL,1.4958716171396198,SSP2
2030,IRL,,SSP2
2030,IRL,1.6807992537924996,SSP2
2035,IRL,,SSP2
2035,IRL,1.6155378445505173,SSP2
2040,IRL,,SSP2
2040,IRL,1.5515983568284115,SSP2
2045,IRL,,SSP2
2045,IRL,1.506455557162747,SSP2
2050,IRL,,SSP2
2050,IRL,1.5342812672110586,SSP2
2055,IRL,,SSP2
2055,IRL,1.646117016793215,SSP2
2060,IRL,,SSP2
2060,IRL,1.599856669854577,SSP2
2065,IRL,,SSP2
2065,IRL,1.6074965579744285,SSP2
2070,IRL,,SSP2
2070,IRL,1.5415567234732068,SSP2
2075,IRL,,SSP2
2075,IRL,1.4089409650347793,SSP2
2080,IRL,,SSP2
2080,IRL,1.397149616345163,SSP2
2085,IRL,,SSP2
2085,IRL,1.32893826712993,SSP2
2090,IRL,,SSP2
2090,IRL,1.4551055659522594,SSP2
2095,IRL,,SSP2
2095,IRL,1.5360353609978743,SSP2
2100,IRL,,SSP2
2100,IRL,1.4890531302493235,SSP2
2012,IRN,1.014688917226224,BACI
2012,IRN,,BACI
2013,IRN,0.0959028643781645,BACI
2013,IRN,,BACI
2014,IRN,0.1626587272193015,BACI
2014,IRN,,BACI
2015,IRN,0.292761165635281,BACI
2015,IRN,,BACI
2016,IRN,,BACI
2016,IRN,0.3590203498509811,BACI
2017,IRN,0.5095115361141005,BACI
2017,IRN,,BACI
2018,IRN,0.4037235272272531,BACI
2018,IRN,,BACI
2019,IRN,0.4724607313256013,BACI
2019,IRN,,BACI
2020,IRN,0.2039361523178568,BACI
2020,IRN,,BACI
2021,IRN,0.4077116298590548,BACI
2021,IRN,,BACI
2022,IRN,0.520042072089592,BACI
2022,IRN,,BACI
2023,IRN,0.5720904109593226,BACI
2023,IRN,,BACI
2024,IRN,0.6409869978984651,BACI
2024,IRN,,BACI
2025,IRN,-0.188868030007867,SSP2
2025,IRN,,SSP2
2030,IRN,-0.1955135353479087,SSP2
2030,IRN,,SSP2
2035,IRN,-0.1957983832485179,SSP2
2035,IRN,,SSP2
2040,IRN,-0.1886946284073672,SSP2
2040,IRN,,SSP2
2045,IRN,-0.111783375826674,SSP2
2045,IRN,,SSP2
2050,IRN,-0.1015533712036657,SSP2
2050,IRN,,SSP2
2055,IRN,-0.4462046118664961,SSP2
2055,IRN,,SSP2
2060,IRN,-0.3955506231681745,SSP2
2060,IRN,,SSP2
2065,IRN,-0.4104438881545162,SSP2
2065,IRN,,SSP2
2070,IRN,-0.3678049054410372,SSP2
2070,IRN,,SSP2
2075,IRN,-0.3623435451358847,SSP2
2075,IRN,,SSP2
2080,IRN,-0.4290488943500083,SSP2
2080,IRN,,SSP2
2085,IRN,-0.4144865650071097,SSP2
2085,IRN,,SSP2
2090,IRN,-0.4247633494264644,SSP2
2090,IRN,,SSP2
2095,IRN,-0.483219355694853,SSP2
2095,IRN,,SSP2
2100,IRN,-0.5865086769135871,SSP2
2100,IRN,,SSP2
2012,IRQ,-0.0724987459414145,BACI
2012,IRQ,,BACI
2013,IRQ,0.0073827548974171,BACI
2013,IRQ,,BACI
2014,IRQ,-0.2036204230653177,BACI
2014,IRQ,,BACI
2015,IRQ,-0.2342453535486287,BACI
2015,IRQ,,BACI
2016,IRQ,0.0547703769288066,BACI
2016,IRQ,,BACI
2017,IRQ,-0.4262346294554559,BACI
2017,IRQ,,BACI
2018,IRQ,-0.3400118406725213,BACI
2018,IRQ,,BACI
2019,IRQ,-0.0488009425310643,BACI
2019,IRQ,,BACI
2020,IRQ,0.13003781409387,BACI
2020,IRQ,,BACI
2021,IRQ,0.7145733125703885,BACI
2021,IRQ,,BACI
2022,IRQ,0.5512245221519175,BACI
2022,IRQ,,BACI
2023,IRQ,0.4909069141455412,BACI
2023,IRQ,,BACI
2024,IRQ,0.0920271106457668,BACI
2024,IRQ,,BACI
2025,IRQ,-0.8868058296937475,SSP2
2025,IRQ,,SSP2
2030,IRQ,-0.8787748200882359,SSP2
2030,IRQ,,SSP2
2035,IRQ,-0.9811751005939494,SSP2
2035,IRQ,,SSP2
2040,IRQ,-0.9985718012716877,SSP2
2040,IRQ,,SSP2
2045,IRQ,-1.0361551457599332,SSP2
2045,IRQ,,SSP2
2050,IRQ,-1.0356800929637402,SSP2
2050,IRQ,,SSP2
2055,IRQ,-1.0604016152532687,SSP2
2055,IRQ,,SSP2
2060,IRQ,-1.0676030533359888,SSP2
2060,IRQ,,SSP2
2065,IRQ,-1.0554097843862682,SSP2
2065,IRQ,,SSP2
2070,IRQ,-1.1196106705129634,SSP2
2070,IRQ,,SSP2
2075,IRQ,-1.1359462165235656,SSP2
2075,IRQ,,SSP2
2080,IRQ,-1.1574209359795409,SSP2
2080,IRQ,,SSP2
2085,IRQ,-1.1513557311105596,SSP2
2085,IRQ,,SSP2
2090,IRQ,-1.2315478086006482,SSP2
2090,IRQ,,SSP2
2095,IRQ,-1.2512382432260454,SSP2
2095,IRQ,,SSP2
2100,IRQ,-1.2539578183804458,SSP2
2100,IRQ,,SSP2
2012,ISL,0.5291202107593637,BACI
2012,ISL,,BACI
2013,ISL,0.518657953331745,BACI
2013,ISL,,BACI
2014,ISL,0.5720353495403268,BACI
2014,ISL,,BACI
2015,ISL,0.4515529406408691,BACI
2015,ISL,,BACI
2016,ISL,0.489450403703944,BACI
2016,ISL,,BACI
2017,ISL,0.49695597002548,BACI
2017,ISL,,BACI
2018,ISL,0.3821620016753892,BACI
2018,ISL,,BACI
2019,ISL,0.3626498516478549,BACI
2019,ISL,,BACI
2020,ISL,0.2471937551716741,BACI
2020,ISL,,BACI
2021,ISL,0.2210047077335523,BACI
2021,ISL,,BACI
2022,ISL,0.3826950849322617,BACI
2022,ISL,,BACI
2023,ISL,0.3377950725637086,BACI
2023,ISL,,BACI
2024,ISL,0.3626343893463583,BACI
2024,ISL,,BACI
2025,ISL,0.0729186764835489,SSP2
2025,ISL,,SSP2
2030,ISL,0.0597306934504022,SSP2
2030,ISL,,SSP2
2035,ISL,0.2914901747939407,SSP2
2035,ISL,,SSP2
2040,ISL,0.3136835217472801,SSP2
2040,ISL,,SSP2
2045,ISL,0.3346421594144111,SSP2
2045,ISL,,SSP2
2050,ISL,0.3618660657380425,SSP2
2050,ISL,,SSP2
2055,ISL,0.4133784653607609,SSP2
2055,ISL,,SSP2
2060,ISL,0.3632856805605353,SSP2
2060,ISL,,SSP2
2065,ISL,0.3737716596050539,SSP2
2065,ISL,,SSP2
2070,ISL,0.3926887105298012,SSP2
2070,ISL,,SSP2
2075,ISL,0.4142653114057814,SSP2
2075,ISL,,SSP2
2080,ISL,0.4775015138913064,SSP2
2080,ISL,,SSP2
2085,ISL,0.4364464055027575,SSP2
2085,ISL,,SSP2
2090,ISL,0.4375061768448428,SSP2
2090,ISL,,SSP2
2095,ISL,0.5604838926759574,SSP2
2095,ISL,,SSP2
2100,ISL,0.5004473965050433,SSP2
2100,ISL,,SSP2
2012,ISR,,BACI
2012,ISR,0.983661383917389,BACI
2013,ISR,1.0903675827450132,BACI
2013,ISR,,BACI
2014,ISR,,BACI
2014,ISR,0.9373975357328856,BACI
2015,ISR,,BACI
2015,ISR,1.209659029905568,BACI
2016,ISR,,BACI
2016,ISR,1.2787476823140986,BACI
2017,ISR,,BACI
2017,ISR,1.3773242580982767,BACI
2018,ISR,,BACI
2018,ISR,1.260829893441636,BACI
2019,ISR,,BACI
2019,ISR,1.2562359139818708,BACI
2020,ISR,1.3150360053016652,BACI
2020,ISR,,BACI
2021,ISR,,BACI
2021,ISR,1.2161092998043193,BACI
2022,ISR,,BACI
2022,ISR,1.0474215108976854,BACI
2023,ISR,,BACI
2023,ISR,1.1300559711830716,BACI
2024,ISR,,BACI
2024,ISR,1.0829667109821786,BACI
2025,ISR,,SSP2
2025,ISR,0.4399317863559343,SSP2
2030,ISR,,SSP2
2030,ISR,0.4749819166435211,SSP2
2035,ISR,,SSP2
2035,ISR,0.7610699754609728,SSP2
2040,ISR,,SSP2
2040,ISR,0.7316342272220521,SSP2
2045,ISR,0.7670517930030796,SSP2
2045,ISR,,SSP2
2050,ISR,,SSP2
2050,ISR,0.8072561159628507,SSP2
2055,ISR,,SSP2
2055,ISR,0.5335423445344728,SSP2
2060,ISR,,SSP2
2060,ISR,0.5583582807509315,SSP2
2065,ISR,,SSP2
2065,ISR,0.5481770177966692,SSP2
2070,ISR,,SSP2
2070,ISR,0.642757303187014,SSP2
2075,ISR,,SSP2
2075,ISR,0.6861487540970801,SSP2
2080,ISR,,SSP2
2080,ISR,0.6980125274114862,SSP2
2085,ISR,,SSP2
2085,ISR,0.6965946054717381,SSP2
2090,ISR,,SSP2
2090,ISR,0.7172735934551575,SSP2
2095,ISR,,SSP2
2095,ISR,0.786486471937022,SSP2
2100,ISR,,SSP2
2100,ISR,0.7229387380143905,SSP2
2012,ITA,,BACI
2012,ITA,0.7778785241297235,BACI
2013,ITA,,BACI
2013,ITA,0.6036757692127072,BACI
2014,ITA,,BACI
2014,ITA,0.7786774196011735,BACI
2015,ITA,,BACI
2015,ITA,0.7039559063412982,BACI
2016,ITA,,BACI
2016,ITA,0.5935119556719085,BACI
2017,ITA,,BACI
2017,ITA,0.6583062152881982,BACI
2018,ITA,,BACI
2018,ITA,0.6175184404509951,BACI
2019,ITA,,BACI
2019,ITA,0.6075534888571067,BACI
2020,ITA,,BACI
2020,ITA,0.5415030243177374,BACI
2021,ITA,,BACI
2021,ITA,0.5340825598695129,BACI
2022,ITA,,BACI
2022,ITA,0.6218632367750478,BACI
2023,ITA,,BACI
2023,ITA,0.5001662223345363,BACI
2024,ITA,,BACI
2024,ITA,0.5729163413097527,BACI
2025,ITA,,SSP2
2025,ITA,0.8013659005643661,SSP2
2030,ITA,,SSP2
2030,ITA,0.8110180693315947,SSP2
2035,ITA,,SSP2
2035,ITA,0.6519650534207905,SSP2
2040,ITA,,SSP2
2040,ITA,0.738558299935455,SSP2
2045,ITA,,SSP2
2045,ITA,0.8181121425194267,SSP2
2050,ITA,,SSP2
2050,ITA,0.8259980783290969,SSP2
2055,ITA,,SSP2
2055,ITA,0.8747415704627705,SSP2
2060,ITA,,SSP2
2060,ITA,0.9062960632207492,SSP2
2065,ITA,,SSP2
2065,ITA,0.980853120589602,SSP2
2070,ITA,,SSP2
2070,ITA,1.1319781758997614,SSP2
2075,ITA,,SSP2
2075,ITA,1.1481493108602638,SSP2
2080,ITA,,SSP2
2080,ITA,1.196943738573175,SSP2
2085,ITA,,SSP2
2085,ITA,1.1095264798590765,SSP2
2090,ITA,,SSP2
2090,ITA,1.0032061298124682,SSP2
2095,ITA,,SSP2
2095,ITA,1.2684523266886736,SSP2
2100,ITA,,SSP2
2100,ITA,1.5860135882829838,SSP2
2012,JAM,-0.3541605439231798,BACI
2012,JAM,,BACI
2013,JAM,-0.584779803505165,BACI
2013,JAM,,BACI
2014,JAM,-0.2594892437057073,BACI
2014,JAM,,BACI
2015,JAM,-0.2644901857253487,BACI
2015,JAM,,BACI
2016,JAM,-0.2926157597095489,BACI
2016,JAM,,BACI
2017,JAM,-0.2811060432659575,BACI
2017,JAM,,BACI
2018,JAM,-0.3912740345577619,BACI
2018,JAM,,BACI
2019,JAM,-0.3627622950312307,BACI
2019,JAM,,BACI
2020,JAM,-0.2534646393809783,BACI
2020,JAM,,BACI
2021,JAM,-0.1461847525483143,BACI
2021,JAM,,BACI
2022,JAM,-0.1865866570654189,BACI
2022,JAM,,BACI
2023,JAM,-0.2452976632431196,BACI
2023,JAM,,BACI
2024,JAM,-0.2387004333429187,BACI
2024,JAM,,BACI
2025,JAM,-0.9431298198581808,SSP2
2025,JAM,,SSP2
2030,JAM,-0.9665273464966851,SSP2
2030,JAM,,SSP2
2035,JAM,-0.981607144962085,SSP2
2035,JAM,,SSP2
2040,JAM,-1.005623774976333,SSP2
2040,JAM,,SSP2
2045,JAM,-1.0274771555129858,SSP2
2045,JAM,,SSP2
2050,JAM,-1.0236127105703017,SSP2
2050,JAM,,SSP2
2055,JAM,-0.99321468423224,SSP2
2055,JAM,,SSP2
2060,JAM,-0.983535547689966,SSP2
2060,JAM,,SSP2
2065,JAM,-0.9931673540239776,SSP2
2065,JAM,,SSP2
2070,JAM,-1.0653463630058364,SSP2
2070,JAM,,SSP2
2075,JAM,-1.0601029750610884,SSP2
2075,JAM,,SSP2
2080,JAM,-1.0469441282172438,SSP2
2080,JAM,,SSP2
2085,JAM,-1.0002438532046471,SSP2
2085,JAM,,SSP2
2090,JAM,-1.0046710914391912,SSP2
2090,JAM,,SSP2
2095,JAM,-0.9885676685135854,SSP2
2095,JAM,,SSP2
2100,JAM,-1.0012745819153694,SSP2
2100,JAM,,SSP2
2012,JOR,0.7629920547911401,BACI
2012,JOR,,BACI
2013,JOR,0.8180433347921316,BACI
2013,JOR,,BACI
2014,JOR,0.6760807647819548,BACI
2014,JOR,,BACI
2015,JOR,0.6884934428567981,BACI
2015,JOR,,BACI
2016,JOR,0.5381178076098835,BACI
2016,JOR,,BACI
2017,JOR,0.6761513676827524,BACI
2017,JOR,,BACI
2018,JOR,,BACI
2018,JOR,0.5067083738636455,BACI
2019,JOR,0.5378833727578914,BACI
2019,JOR,,BACI
2020,JOR,,BACI
2020,JOR,0.5154429737539367,BACI
2021,JOR,0.5101112797162253,BACI
2021,JOR,,BACI
2022,JOR,0.7388900508795274,BACI
2022,JOR,,BACI
2023,JOR,0.6582949709148956,BACI
2023,JOR,,BACI
2024,JOR,0.3151623809615567,BACI
2024,JOR,,BACI
2025,JOR,-0.1470991553767383,SSP2
2025,JOR,,SSP2
2030,JOR,-0.1588240971764756,SSP2
2030,JOR,,SSP2
2035,JOR,-0.2517852540215353,SSP2
2035,JOR,,SSP2
2040,JOR,-0.2520354557808448,SSP2
2040,JOR,,SSP2
2045,JOR,-0.250363839072637,SSP2
2045,JOR,,SSP2
2050,JOR,-0.2457669881276877,SSP2
2050,JOR,,SSP2
2055,JOR,-0.223596707194817,SSP2
2055,JOR,,SSP2
2060,JOR,-0.2184582421449979,SSP2
2060,JOR,,SSP2
2065,JOR,-0.2401331948246099,SSP2
2065,JOR,,SSP2
2070,JOR,-0.0962538376731944,SSP2
2070,JOR,,SSP2
2075,JOR,0.0015851320503558,SSP2
2075,JOR,,SSP2
2080,JOR,0.0031190771047507,SSP2
2080,JOR,,SSP2
2085,JOR,0.0855255391610242,SSP2
2085,JOR,,SSP2
2090,JOR,0.0703120661877035,SSP2
2090,JOR,,SSP2
2095,JOR,0.0266863567900675,SSP2
2095,JOR,,SSP2
2100,JOR,-0.1384004442002046,SSP2
2100,JOR,,SSP2
2012,JPN,1.7914496566651243,BACI
2012,JPN,,BACI
2013,JPN,1.9608040002160545,BACI
2013,JPN,,BACI
2014,JPN,1.6590329305823193,BACI
2014,JPN,,BACI
2015,JPN,1.925748220788567,BACI
2015,JPN,,BACI
2016,JPN,1.8066254983698145,BACI
2016,JPN,,BACI
2017,JPN,1.7141799628188354,BACI
2017,JPN,,BACI
2018,JPN,2.0658663241346793,BACI
2018,JPN,,BACI
2019,JPN,1.7280770488060242,BACI
2019,JPN,,BACI
2020,JPN,1.7060247202660608,BACI
2020,JPN,,BACI
2021,JPN,1.6713420724382746,BACI
2021,JPN,,BACI
2022,JPN,,BACI
2022,JPN,1.490884981692125,BACI
2023,JPN,1.841864895624341,BACI
2023,JPN,,BACI
2024,JPN,1.8065484345150704,BACI
2024,JPN,,BACI
2025,JPN,,SSP2
2025,JPN,1.6885553160760562,SSP2
2030,JPN,,SSP2
2030,JPN,1.6515787920609948,SSP2
2035,JPN,,SSP2
2035,JPN,1.6509534399987695,SSP2
2040,JPN,,SSP2
2040,JPN,1.6415727822630444,SSP2
2045,JPN,,SSP2
2045,JPN,1.562298269591513,SSP2
2050,JPN,,SSP2
2050,JPN,1.3920257411731758,SSP2
2055,JPN,1.4793813290117517,SSP2
2055,JPN,,SSP2
2060,JPN,1.6097774077731255,SSP2
2060,JPN,,SSP2
2065,JPN,1.605160051267034,SSP2
2065,JPN,,SSP2
2070,JPN,1.265764024788813,SSP2
2070,JPN,,SSP2
2075,JPN,1.279847944053526,SSP2
2075,JPN,,SSP2
2080,JPN,1.2682857416055833,SSP2
2080,JPN,,SSP2
2085,JPN,1.282504779079118,SSP2
2085,JPN,,SSP2
2090,JPN,1.190507189458016,SSP2
2090,JPN,,SSP2
2095,JPN,1.5741811116307738,SSP2
2095,JPN,,SSP2
2100,JPN,1.55514529613829,SSP2
2100,JPN,,SSP2
2012,KAZ,,BACI
2012,KAZ,1.0668251134789104,BACI
2013,KAZ,,BACI
2013,KAZ,1.2095913250840116,BACI
2014,KAZ,1.3839144703583883,BACI
2014,KAZ,,BACI
2015,KAZ,1.166081789294782,BACI
2015,KAZ,,BACI
2016,KAZ,1.5229375620525316,BACI
2016,KAZ,,BACI
2017,KAZ,1.2733277893964383,BACI
2017,KAZ,,BACI
2018,KAZ,1.595828237165017,BACI
2018,KAZ,,BACI
2019,KAZ,1.4394837475550182,BACI
2019,KAZ,,BACI
2020,KAZ,,BACI
2020,KAZ,1.4355983789642828,BACI
2021,KAZ,1.2730964264567228,BACI
2021,KAZ,,BACI
2022,KAZ,,BACI
2022,KAZ,1.328124022772395,BACI
2023,KAZ,1.5527460839426273,BACI
2023,KAZ,,BACI
2024,KAZ,1.2994650928291038,BACI
2024,KAZ,,BACI
2025,KAZ,1.0117517442818678,SSP2
2025,KAZ,,SSP2
2030,KAZ,0.9808065327311376,SSP2
2030,KAZ,,SSP2
2035,KAZ,0.9799035550870582,SSP2
2035,KAZ,,SSP2
2040,KAZ,0.9391258868716122,SSP2
2040,KAZ,,SSP2
2045,KAZ,0.9260177003763662,SSP2
2045,KAZ,,SSP2
2050,KAZ,0.8996871150956506,SSP2
2050,KAZ,,SSP2
2055,KAZ,0.6888628926403476,SSP2
2055,KAZ,,SSP2
2060,KAZ,0.6765597674067025,SSP2
2060,KAZ,,SSP2
2065,KAZ,0.6284943163213232,SSP2
2065,KAZ,,SSP2
2070,KAZ,0.71595134568017,SSP2
2070,KAZ,,SSP2
2075,KAZ,0.6718070187692817,SSP2
2075,KAZ,,SSP2
2080,KAZ,0.6484602103121874,SSP2
2080,KAZ,,SSP2
2085,KAZ,0.6133928486369455,SSP2
2085,KAZ,,SSP2
2090,KAZ,0.578164235110225,SSP2
2090,KAZ,,SSP2
2095,KAZ,0.5616851201421804,SSP2
2095,KAZ,,SSP2
2100,KAZ,0.7047202537410517,SSP2
2100,KAZ,,SSP2
2012,KEN,0.6352908302469417,BACI
2012,KEN,,BACI
2013,KEN,0.5788878059084623,BACI
2013,KEN,,BACI
2014,KEN,,BACI
2014,KEN,0.6069371161340376,BACI
2015,KEN,0.6632794214947583,BACI
2015,KEN,,BACI
2016,KEN,,BACI
2016,KEN,0.7068542280280455,BACI
2017,KEN,,BACI
2017,KEN,0.5784705526473934,BACI
2018,KEN,0.6621755094477416,BACI
2018,KEN,,BACI
2019,KEN,,BACI
2019,KEN,0.5035809855635465,BACI
2020,KEN,,BACI
2020,KEN,0.639161342809549,BACI
2021,KEN,0.5888781449653445,BACI
2021,KEN,,BACI
2022,KEN,,BACI
2022,KEN,0.6003757410991498,BACI
2023,KEN,,BACI
2023,KEN,0.7883502717619885,BACI
2024,KEN,0.7979088125744541,BACI
2024,KEN,,BACI
2025,KEN,,SSP2
2025,KEN,0.1170480999781916,SSP2
2030,KEN,,SSP2
2030,KEN,0.1425879281860002,SSP2
2035,KEN,,SSP2
2035,KEN,0.2106035723199216,SSP2
2040,KEN,,SSP2
2040,KEN,0.1416847764280024,SSP2
2045,KEN,,SSP2
2045,KEN,0.1677376524525002,SSP2
2050,KEN,,SSP2
2050,KEN,0.0820963083401189,SSP2
2055,KEN,,SSP2
2055,KEN,0.1738291688499188,SSP2
2060,KEN,,SSP2
2060,KEN,0.1812313663698509,SSP2
2065,KEN,,SSP2
2065,KEN,0.1515974839426516,SSP2
2070,KEN,,SSP2
2070,KEN,0.1766426139437311,SSP2
2075,KEN,,SSP2
2075,KEN,0.3388925000784885,SSP2
2080,KEN,,SSP2
2080,KEN,0.297550741241542,SSP2
2085,KEN,,SSP2
2085,KEN,0.2340689693304432,SSP2
2090,KEN,0.0910966153078401,SSP2
2090,KEN,,SSP2
2095,KEN,-0.1097764772442222,SSP2
2095,KEN,,SSP2
2100,KEN,-0.1239593987820959,SSP2
2100,KEN,,SSP2
2012,KGZ,-0.0185490065369531,BACI
2012,KGZ,,BACI
2013,KGZ,0.0772221906220541,BACI
2013,KGZ,,BACI
2014,KGZ,-0.2083183895926684,BACI
2014,KGZ,,BACI
2015,KGZ,-0.0042917577396165,BACI
2015,KGZ,,BACI
2016,KGZ,0.1642074430129966,BACI
2016,KGZ,,BACI
2017,KGZ,0.1626765326559797,BACI
2017,KGZ,,BACI
2018,KGZ,0.1308984723590598,BACI
2018,KGZ,,BACI
2019,KGZ,0.3601986800103925,BACI
2019,KGZ,,BACI
2020,KGZ,0.424567158487235,BACI
2020,KGZ,,BACI
2021,KGZ,0.1589597980463175,BACI
2021,KGZ,,BACI
2022,KGZ,0.1321353025536766,BACI
2022,KGZ,,BACI
2023,KGZ,0.135239422108314,BACI
2023,KGZ,,BACI
2024,KGZ,0.7818320552634797,BACI
2024,KGZ,,BACI
2025,KGZ,-0.2965787429318725,SSP2
2025,KGZ,,SSP2
2030,KGZ,-0.3368810608377149,SSP2
2030,KGZ,,SSP2
2035,KGZ,-0.3483589815203681,SSP2
2035,KGZ,,SSP2
2040,KGZ,-0.3453511205182996,SSP2
2040,KGZ,,SSP2
2045,KGZ,-0.3601548352847523,SSP2
2045,KGZ,,SSP2
2050,KGZ,-0.3575747103773745,SSP2
2050,KGZ,,SSP2
2055,KGZ,-0.2756442198891781,SSP2
2055,KGZ,,SSP2
2060,KGZ,-0.2922671509249437,SSP2
2060,KGZ,,SSP2
2065,KGZ,-0.2845969006117866,SSP2
2065,KGZ,,SSP2
2070,KGZ,-0.3460558278529673,SSP2
2070,KGZ,,SSP2
2075,KGZ,-0.2997161815183052,SSP2
2075,KGZ,,SSP2
2080,KGZ,-0.3184489348237838,SSP2
2080,KGZ,,SSP2
2085,KGZ,-0.3147197369105176,SSP2
2085,KGZ,,SSP2
2090,KGZ,-0.3218829044882314,SSP2
2090,KGZ,,SSP2
2095,KGZ,-0.3595479071516569,SSP2
2095,KGZ,,SSP2
2100,KGZ,-0.3095284866978209,SSP2
2100,KGZ,,SSP2
2012,KHM,-0.0357911447674787,BACI
2012,KHM,,BACI
2013,KHM,-0.0662595667272574,BACI
2013,KHM,,BACI
2014,KHM,-0.1707204302025317,BACI
2014,KHM,,BACI
2015,KHM,-0.0457393383096042,BACI
2015,KHM,,BACI
2016,KHM,-0.1102459794921358,BACI
2016,KHM,,BACI
2017,KHM,-0.1877055326638901,BACI
2017,KHM,,BACI
2018,KHM,-0.1605513185069572,BACI
2018,KHM,,BACI
2019,KHM,0.0885983572118552,BACI
2019,KHM,,BACI
2020,KHM,-0.1167100002798346,BACI
2020,KHM,,BACI
2021,KHM,0.0676630529854473,BACI
2021,KHM,,BACI
2022,KHM,-0.1002065051158819,BACI
2022,KHM,,BACI
2023,KHM,0.0565560872997352,BACI
2023,KHM,,BACI
2024,KHM,0.1288782607910059,BACI
2024,KHM,,BACI
2025,KHM,-0.1981961446370815,SSP2
2025,KHM,,SSP2
2030,KHM,-0.1908682237779927,SSP2
2030,KHM,,SSP2
2035,KHM,-0.160056197284962,SSP2
2035,KHM,,SSP2
2040,KHM,-0.1381729397915468,SSP2
2040,KHM,,SSP2
2045,KHM,-0.0397170688069691,SSP2
2045,KHM,,SSP2
2050,KHM,-0.1196395156590075,SSP2
2050,KHM,,SSP2
2055,KHM,-0.0403787542863019,SSP2
2055,KHM,,SSP2
2060,KHM,-0.2109516874662513,SSP2
2060,KHM,,SSP2
2065,KHM,-0.1728220266119799,SSP2
2065,KHM,,SSP2
2070,KHM,-0.0775225474753561,SSP2
2070,KHM,,SSP2
2075,KHM,-0.0471018437761671,SSP2
2075,KHM,,SSP2
2080,KHM,-0.0636657284946419,SSP2
2080,KHM,,SSP2
2085,KHM,-0.0739694745311719,SSP2
2085,KHM,,SSP2
2090,KHM,-0.1234057583404459,SSP2
2090,KHM,,SSP2
2095,KHM,-0.1642554812215934,SSP2
2095,KHM,,SSP2
2100,KHM,-0.1775227663333817,SSP2
2100,KHM,,SSP2
2012,KIR,-1.4717905936722475,BACI
2012,KIR,,BACI
2013,KIR,-1.7793888341210458,BACI
2013,KIR,,BACI
2014,KIR,-1.0515264376921565,BACI
2014,KIR,,BACI
2015,KIR,-1.4434557102827563,BACI
2015,KIR,,BACI
2016,KIR,-1.0453633432282048,BACI
2016,KIR,,BACI
2017,KIR,-1.677916503738376,BACI
2017,KIR,,BACI
2018,KIR,-1.933674135469579,BACI
2018,KIR,,BACI
2019,KIR,-1.9347828862400205,BACI
2019,KIR,,BACI
2020,KIR,-1.7023207193767365,BACI
2020,KIR,,BACI
2021,KIR,-1.9626839954869135,BACI
2021,KIR,,BACI
2022,KIR,-1.700250740395166,BACI
2022,KIR,,BACI
2023,KIR,-1.849607068631648,BACI
2023,KIR,,BACI
2024,KIR,-1.8699087914685593,BACI
2024,KIR,,BACI
2012,KNA,-1.4442917339994228,BACI
2012,KNA,,BACI
2013,KNA,-1.513984961449773,BACI
2013,KNA,,BACI
2014,KNA,-1.42493033486491,BACI
2014,KNA,,BACI
2015,KNA,-1.5183284732220046,BACI
2015,KNA,,BACI
2016,KNA,-1.483807812604472,BACI
2016,KNA,,BACI
2017,KNA,-1.5726886355827447,BACI
2017,KNA,,BACI
2018,KNA,-1.5119803376516916,BACI
2018,KNA,,BACI
2019,KNA,-1.6108323102336342,BACI
2019,KNA,,BACI
2020,KNA,-1.5096573821693788,BACI
2020,KNA,,BACI
2021,KNA,-1.3014605951886835,BACI
2021,KNA,,BACI
2022,KNA,-1.516550588062908,BACI
2022,KNA,,BACI
2023,KNA,-1.35868327859405,BACI
2023,KNA,,BACI
2024,KNA,-1.370432458981338,BACI
2024,KNA,,BACI
2012,KOR,1.7201233229783095,BACI
2012,KOR,,BACI
2013,KOR,1.581039817369699,BACI
2013,KOR,,BACI
2014,KOR,1.4762225484154272,BACI
2014,KOR,,BACI
2015,KOR,1.721581188965447,BACI
2015,KOR,,BACI
2016,KOR,1.2783558345318229,BACI
2016,KOR,,BACI
2017,KOR,,BACI
2017,KOR,1.1681992354853994,BACI
2018,KOR,1.504440787945645,BACI
2018,KOR,,BACI
2019,KOR,1.677112619923746,BACI
2019,KOR,,BACI
2020,KOR,1.8870530918289257,BACI
2020,KOR,,BACI
2021,KOR,1.834562967229818,BACI
2021,KOR,,BACI
2022,KOR,1.446765996914121,BACI
2022,KOR,,BACI
2023,KOR,1.8241262999664136,BACI
2023,KOR,,BACI
2024,KOR,1.8049511043454096,BACI
2024,KOR,,BACI
2025,KOR,1.663302410743962,SSP2
2025,KOR,,SSP2
2030,KOR,1.6838396942286815,SSP2
2030,KOR,,SSP2
2035,KOR,1.725920526712185,SSP2
2035,KOR,,SSP2
2040,KOR,2.1228894600453017,SSP2
2040,KOR,,SSP2
2045,KOR,2.2290996915403376,SSP2
2045,KOR,,SSP2
2050,KOR,2.1929454187116515,SSP2
2050,KOR,,SSP2
2055,KOR,1.9674887140491957,SSP2
2055,KOR,,SSP2
2060,KOR,1.90903931151152,SSP2
2060,KOR,,SSP2
2065,KOR,2.045321956061226,SSP2
2065,KOR,,SSP2
2070,KOR,1.946571720974646,SSP2
2070,KOR,,SSP2
2075,KOR,1.9569094025721825,SSP2
2075,KOR,,SSP2
2080,KOR,2.0100013318336822,SSP2
2080,KOR,,SSP2
2085,KOR,1.9207158133862656,SSP2
2085,KOR,,SSP2
2090,KOR,1.9327852137802053,SSP2
2090,KOR,,SSP2
2095,KOR,1.8571074055700232,SSP2
2095,KOR,,SSP2
2100,KOR,1.869144662078477,SSP2
2100,KOR,,SSP2
2012,KWT,0.7115930151605769,BACI
2012,KWT,,BACI
2013,KWT,0.6864189730019815,BACI
2013,KWT,,BACI
2014,KWT,0.582314460285933,BACI
2014,KWT,,BACI
2015,KWT,0.3463825410279891,BACI
2015,KWT,,BACI
2016,KWT,0.4283387289065378,BACI
2016,KWT,,BACI
2017,KWT,0.5699468650018696,BACI
2017,KWT,,BACI
2018,KWT,0.6348624290377543,BACI
2018,KWT,,BACI
2019,KWT,0.4108947979751777,BACI
2019,KWT,,BACI
2020,KWT,0.7137420534652077,BACI
2020,KWT,,BACI
2021,KWT,0.5909533264349688,BACI
2021,KWT,,BACI
2022,KWT,0.5021040977920701,BACI
2022,KWT,,BACI
2023,KWT,0.4602208362300858,BACI
2023,KWT,,BACI
2024,KWT,0.6438856628571485,BACI
2024,KWT,,BACI
2025,KWT,0.0088736718989671,SSP2
2025,KWT,,SSP2
2030,KWT,-0.0298693724888215,SSP2
2030,KWT,,SSP2
2035,KWT,-0.0158108238826157,SSP2
2035,KWT,,SSP2
2040,KWT,0.0310156716947855,SSP2
2040,KWT,,SSP2
2045,KWT,-0.0444783385825439,SSP2
2045,KWT,,SSP2
2050,KWT,-0.1298251370379825,SSP2
2050,KWT,,SSP2
2055,KWT,-0.0961839303776793,SSP2
2055,KWT,,SSP2
2060,KWT,-0.0481737480030009,SSP2
2060,KWT,,SSP2
2065,KWT,-0.0303442542007116,SSP2
2065,KWT,,SSP2
2070,KWT,0.0900996274582735,SSP2
2070,KWT,,SSP2
2075,KWT,0.0589274699190155,SSP2
2075,KWT,,SSP2
2080,KWT,0.0084800773947975,SSP2
2080,KWT,,SSP2
2085,KWT,0.0727320141073662,SSP2
2085,KWT,,SSP2
2090,KWT,0.1969651837335813,SSP2
2090,KWT,,SSP2
2095,KWT,0.1660167736388034,SSP2
2095,KWT,,SSP2
2100,KWT,0.1198179864202052,SSP2
2100,KWT,,SSP2
2012,LAO,-0.163901499763175,BACI
2012,LAO,,BACI
2013,LAO,0.0507995600411539,BACI
2013,LAO,,BACI
2014,LAO,-0.1801889722458074,BACI
2014,LAO,,BACI
2015,LAO,-0.1595253787988136,BACI
2015,LAO,,BACI
2016,LAO,-0.3310445657883928,BACI
2016,LAO,,BACI
2017,LAO,-0.2481283429336696,BACI
2017,LAO,,BACI
2018,LAO,-0.0801821069117277,BACI
2018,LAO,,BACI
2019,LAO,-0.1509513804523533,BACI
2019,LAO,,BACI
2020,LAO,-0.0822306318446138,BACI
2020,LAO,,BACI
2021,LAO,0.0849732126831246,BACI
2021,LAO,,BACI
2022,LAO,-0.007445642131002,BACI
2022,LAO,,BACI
2023,LAO,0.048290188863363,BACI
2023,LAO,,BACI
2024,LAO,-0.2049893350229956,BACI
2024,LAO,,BACI
2025,LAO,-0.713622385396727,SSP2
2025,LAO,,SSP2
2030,LAO,-0.6795320725980389,SSP2
2030,LAO,,SSP2
2035,LAO,-0.6085076915304183,SSP2
2035,LAO,,SSP2
2040,LAO,-0.5171306029167937,SSP2
2040,LAO,,SSP2
2045,LAO,-0.5590666913098467,SSP2
2045,LAO,,SSP2
2050,LAO,-0.7208598481364804,SSP2
2050,LAO,,SSP2
2055,LAO,-0.7786041086289744,SSP2
2055,LAO,,SSP2
2060,LAO,-0.7631122641074646,SSP2
2060,LAO,,SSP2
2065,LAO,-0.7565095542751248,SSP2
2065,LAO,,SSP2
2070,LAO,-0.7928410657221985,SSP2
2070,LAO,,SSP2
2075,LAO,-0.7872153280262025,SSP2
2075,LAO,,SSP2
2080,LAO,-0.8288808863744735,SSP2
2080,LAO,,SSP2
2085,LAO,-0.7600050707686449,SSP2
2085,LAO,,SSP2
2090,LAO,-0.8150447927645607,SSP2
2090,LAO,,SSP2
2095,LAO,-0.8036599393789162,SSP2
2095,LAO,,SSP2
2100,LAO,-0.7837158589072384,SSP2
2100,LAO,,SSP2
2012,LBN,,BACI
2012,LBN,0.4573461296497066,BACI
2013,LBN,,BACI
2013,LBN,0.4808386780290951,BACI
2014,LBN,,BACI
2014,LBN,0.2491323182397752,BACI
2015,LBN,,BACI
2015,LBN,0.3231997315877274,BACI
2016,LBN,,BACI
2016,LBN,0.594894935736222,BACI
2017,LBN,,BACI
2017,LBN,0.4107073613164593,BACI
2018,LBN,,BACI
2018,LBN,0.2867972308600631,BACI
2019,LBN,0.3857758675085644,BACI
2019,LBN,,BACI
2020,LBN,,BACI
2020,LBN,0.4020126293597689,BACI
2021,LBN,,BACI
2021,LBN,0.341103273430631,BACI
2022,LBN,0.3054048013499059,BACI
2022,LBN,,BACI
2023,LBN,,BACI
2023,LBN,0.4276563651290183,BACI
2024,LBN,,BACI
2024,LBN,0.370780820214151,BACI
2012,LBR,-0.7002715311520704,BACI
2012,LBR,,BACI
2013,LBR,-0.4527076155956004,BACI
2013,LBR,,BACI
2014,LBR,-0.8376757078773047,BACI
2014,LBR,,BACI
2015,LBR,-0.9798217487448332,BACI
2015,LBR,,BACI
2016,LBR,-0.931071729130399,BACI
2016,LBR,,BACI
2017,LBR,-0.6777493767655345,BACI
2017,LBR,,BACI
2018,LBR,-0.441699380920011,BACI
2018,LBR,,BACI
2019,LBR,-0.5270045880129601,BACI
2019,LBR,,BACI
2020,LBR,-0.752422092978557,BACI
2020,LBR,,BACI
2021,LBR,-0.6933434762851042,BACI
2021,LBR,,BACI
2022,LBR,-0.2279217407874025,BACI
2022,LBR,,BACI
2023,LBR,-0.8916731166482511,BACI
2023,LBR,,BACI
2024,LBR,-0.9174042397841627,BACI
2024,LBR,,BACI
2025,LBR,-1.2510578304214943,SSP2
2025,LBR,,SSP2
2030,LBR,-1.315248453557476,SSP2
2030,LBR,,SSP2
2035,LBR,-1.3199607900925718,SSP2
2035,LBR,,SSP2
2040,LBR,-1.3281151142769685,SSP2
2040,LBR,,SSP2
2045,LBR,-1.3015191528066417,SSP2
2045,LBR,,SSP2
2050,LBR,-1.3396657525269051,SSP2
2050,LBR,,SSP2
2055,LBR,-1.3053567252385565,SSP2
2055,LBR,,SSP2
2060,LBR,-1.284868257714386,SSP2
2060,LBR,,SSP2
2065,LBR,-1.41048542810592,SSP2
2065,LBR,,SSP2
2070,LBR,-1.4151104114790236,SSP2
2070,LBR,,SSP2
2075,LBR,-1.477037171722668,SSP2
2075,LBR,,SSP2
2080,LBR,-1.4995941374127897,SSP2
2080,LBR,,SSP2
2085,LBR,-1.4749685963668504,SSP2
2085,LBR,,SSP2
2090,LBR,-1.482368297153347,SSP2
2090,LBR,,SSP2
2095,LBR,-1.4476721727057973,SSP2
2095,LBR,,SSP2
2100,LBR,-1.250431378589839,SSP2
2100,LBR,,SSP2
2012,LBY,-0.3649365654298073,BACI
2012,LBY,,BACI
2013,LBY,-0.4297377781136038,BACI
2013,LBY,,BACI
2014,LBY,-0.2622361524174166,BACI
2014,LBY,,BACI
2015,LBY,0.3342358131827023,BACI
2015,LBY,,BACI
2016,LBY,0.1607203683815337,BACI
2016,LBY,,BACI
2017,LBY,0.2568699567081203,BACI
2017,LBY,,BACI
2018,LBY,-0.0352853494968485,BACI
2018,LBY,,BACI
2019,LBY,-0.1886658488729188,BACI
2019,LBY,,BACI
2020,LBY,0.012622817300555,BACI
2020,LBY,,BACI
2021,LBY,0.2323501542938907,BACI
2021,LBY,,BACI
2022,LBY,0.314189916056234,BACI
2022,LBY,,BACI
2023,LBY,0.089950380761008,BACI
2023,LBY,,BACI
2024,LBY,0.3224508400577806,BACI
2024,LBY,,BACI
2025,LBY,-1.2055313500274056,SSP2
2025,LBY,,SSP2
2030,LBY,-1.1966572933457025,SSP2
2030,LBY,,SSP2
2035,LBY,-1.1314839097370275,SSP2
2035,LBY,,SSP2
2040,LBY,-1.1838576886360173,SSP2
2040,LBY,,SSP2
2045,LBY,-1.2089739861923334,SSP2
2045,LBY,,SSP2
2050,LBY,-1.1822956990652085,SSP2
2050,LBY,,SSP2
2055,LBY,-1.1974998154975929,SSP2
2055,LBY,,SSP2
2060,LBY,-1.226483771162095,SSP2
2060,LBY,,SSP2
2065,LBY,-1.2171371639233062,SSP2
2065,LBY,,SSP2
2070,LBY,-1.223157343269336,SSP2
2070,LBY,,SSP2
2075,LBY,-1.2317283643177992,SSP2
2075,LBY,,SSP2
2080,LBY,-1.2443430211214543,SSP2
2080,LBY,,SSP2
2085,LBY,-1.2745707989810584,SSP2
2085,LBY,,SSP2
2090,LBY,-1.274662258109704,SSP2
2090,LBY,,SSP2
2095,LBY,-1.236512711067978,SSP2
2095,LBY,,SSP2
2100,LBY,-1.238450875354367,SSP2
2100,LBY,,SSP2
2012,LCA,-1.4686687806735097,BACI
2012,LCA,,BACI
2013,LCA,-1.6605705445068029,BACI
2013,LCA,,BACI
2014,LCA,-1.248142893250002,BACI
2014,LCA,,BACI
2015,LCA,-0.6020189708577026,BACI
2015,LCA,,BACI
2016,LCA,-0.6167854359838024,BACI
2016,LCA,,BACI
2017,LCA,-0.8789184720675244,BACI
2017,LCA,,BACI
2018,LCA,-0.9900144620285012,BACI
2018,LCA,,BACI
2019,LCA,-0.855357797689416,BACI
2019,LCA,,BACI
2020,LCA,-0.8193403261510556,BACI
2020,LCA,,BACI
2021,LCA,-1.131537545057218,BACI
2021,LCA,,BACI
2022,LCA,-1.025921679914914,BACI
2022,LCA,,BACI
2023,LCA,-1.0438011513578114,BACI
2023,LCA,,BACI
2024,LCA,-0.9900665244878384,BACI
2024,LCA,,BACI
2025,LCA,-1.432512202009994,SSP2
2025,LCA,,SSP2
2030,LCA,-1.4774510807141863,SSP2
2030,LCA,,SSP2
2035,LCA,-1.5053475186445688,SSP2
2035,LCA,,SSP2
2040,LCA,-1.523261816500056,SSP2
2040,LCA,,SSP2
2045,LCA,-1.5944251363380766,SSP2
2045,LCA,,SSP2
2050,LCA,-1.5732941466365262,SSP2
2050,LCA,,SSP2
2055,LCA,-1.6676501667948405,SSP2
2055,LCA,,SSP2
2060,LCA,-1.6614130406284444,SSP2
2060,LCA,,SSP2
2065,LCA,-1.6441995194749297,SSP2
2065,LCA,,SSP2
2070,LCA,-1.8311036883291512,SSP2
2070,LCA,,SSP2
2075,LCA,-1.8658919824163969,SSP2
2075,LCA,,SSP2
2080,LCA,-1.835731562690457,SSP2
2080,LCA,,SSP2
2085,LCA,-1.8410136843556515,SSP2
2085,LCA,,SSP2
2090,LCA,-1.838907994614776,SSP2
2090,LCA,,SSP2
2095,LCA,-1.8079218211858248,SSP2
2095,LCA,,SSP2
2100,LCA,-1.776953463546738,SSP2
2100,LCA,,SSP2
2012,LKA,0.2406909649021067,BACI
2012,LKA,,BACI
2013,LKA,0.3682887581994361,BACI
2013,LKA,,BACI
2014,LKA,0.3221345769684174,BACI
2014,LKA,,BACI
2015,LKA,,BACI
2015,LKA,0.345496925524526,BACI
2016,LKA,0.4519494834929218,BACI
2016,LKA,,BACI
2017,LKA,0.2470749373228167,BACI
2017,LKA,,BACI
2018,LKA,0.1868971035533851,BACI
2018,LKA,,BACI
2019,LKA,,BACI
2019,LKA,0.3945226549045247,BACI
2020,LKA,0.3508275853980176,BACI
2020,LKA,,BACI
2021,LKA,0.3970874111858895,BACI
2021,LKA,,BACI
2022,LKA,0.3526143988665446,BACI
2022,LKA,,BACI
2023,LKA,0.2526382226553711,BACI
2023,LKA,,BACI
2024,LKA,0.3156142613436548,BACI
2024,LKA,,BACI
2025,LKA,-0.0301926665784015,SSP2
2025,LKA,,SSP2
2030,LKA,-0.0186876004915499,SSP2
2030,LKA,,SSP2
2035,LKA,0.0521387175038159,SSP2
2035,LKA,,SSP2
2040,LKA,0.073265552546596,SSP2
2040,LKA,,SSP2
2045,LKA,0.1119160368238471,SSP2
2045,LKA,,SSP2
2050,LKA,0.2671505879646267,SSP2
2050,LKA,,SSP2
2055,LKA,0.2471045915877269,SSP2
2055,LKA,,SSP2
2060,LKA,0.1822850651882701,SSP2
2060,LKA,,SSP2
2065,LKA,0.2129498912195815,SSP2
2065,LKA,,SSP2
2070,LKA,0.2830784051347091,SSP2
2070,LKA,,SSP2
2075,LKA,0.2922030302943031,SSP2
2075,LKA,,SSP2
2080,LKA,0.2586421391708874,SSP2
2080,LKA,,SSP2
2085,LKA,0.2371814271287256,SSP2
2085,LKA,,SSP2
2090,LKA,0.2230912750130516,SSP2
2090,LKA,,SSP2
2095,LKA,0.2425603928935965,SSP2
2095,LKA,,SSP2
2100,LKA,0.2289342986314532,SSP2
2100,LKA,,SSP2
2012,LSO,-0.1441958459444356,BACI
2012,LSO,,BACI
2013,LSO,-0.2287498630328797,BACI
2013,LSO,,BACI
2014,LSO,-0.3593169490188104,BACI
2014,LSO,,BACI
2015,LSO,-0.4882235217250308,BACI
2015,LSO,,BACI
2016,LSO,-0.3521723345024913,BACI
2016,LSO,,BACI
2017,LSO,-0.4531215878724383,BACI
2017,LSO,,BACI
2018,LSO,-0.6168174297238608,BACI
2018,LSO,,BACI
2019,LSO,-0.5118742151934853,BACI
2019,LSO,,BACI
2020,LSO,-0.6063399875852232,BACI
2020,LSO,,BACI
2021,LSO,-0.483589953453771,BACI
2021,LSO,,BACI
2022,LSO,-0.4503813260601937,BACI
2022,LSO,,BACI
2023,LSO,-0.5175898207972527,BACI
2023,LSO,,BACI
2024,LSO,-0.4772928752487581,BACI
2024,LSO,,BACI
2025,LSO,-0.7133576164340505,SSP2
2025,LSO,,SSP2
2030,LSO,-0.7019278110485018,SSP2
2030,LSO,,SSP2
2035,LSO,-0.7556602266396899,SSP2
2035,LSO,,SSP2
2040,LSO,-0.7974389473954443,SSP2
2040,LSO,,SSP2
2045,LSO,-0.8412384460404156,SSP2
2045,LSO,,SSP2
2050,LSO,-0.8484940748482793,SSP2
2050,LSO,,SSP2
2055,LSO,-0.8929899608228313,SSP2
2055,LSO,,SSP2
2060,LSO,-0.8972656678374014,SSP2
2060,LSO,,SSP2
2065,LSO,-0.9279627821837012,SSP2
2065,LSO,,SSP2
2070,LSO,-0.946557835638819,SSP2
2070,LSO,,SSP2
2075,LSO,-0.9417916923503108,SSP2
2075,LSO,,SSP2
2080,LSO,-0.9689123684770884,SSP2
2080,LSO,,SSP2
2085,LSO,-0.9627787100625436,SSP2
2085,LSO,,SSP2
2090,LSO,-0.9623121276066666,SSP2
2090,LSO,,SSP2
2095,LSO,-1.0115342443009678,SSP2
2095,LSO,,SSP2
2100,LSO,-1.0189586759675269,SSP2
2100,LSO,,SSP2
2012,LTU,1.2544464260178845,BACI
2012,LTU,,BACI
2013,LTU,,BACI
2013,LTU,1.1428172118016773,BACI
2014,LTU,,BACI
2014,LTU,1.4114082165331527,BACI
2015,LTU,1.2433148425201688,BACI
2015,LTU,,BACI
2016,LTU,,BACI
2016,LTU,1.282948063560019,BACI
2017,LTU,1.376798432679714,BACI
2017,LTU,,BACI
2018,LTU,,BACI
2018,LTU,1.2421431228433948,BACI
2019,LTU,,BACI
2019,LTU,1.21365674743151,BACI
2020,LTU,,BACI
2020,LTU,1.1767045318258516,BACI
2021,LTU,1.220799176140508,BACI
2021,LTU,,BACI
2022,LTU,,BACI
2022,LTU,1.14898504001783,BACI
2023,LTU,,BACI
2023,LTU,1.1490769326195196,BACI
2024,LTU,,BACI
2024,LTU,1.1663983230752355,BACI
2025,LTU,,SSP2
2025,LTU,1.1104478327998943,SSP2
2030,LTU,,SSP2
2030,LTU,1.0677712402943749,SSP2
2035,LTU,,SSP2
2035,LTU,1.1819739950515913,SSP2
2040,LTU,,SSP2
2040,LTU,1.2333062606785885,SSP2
2045,LTU,,SSP2
2045,LTU,1.2181230438636992,SSP2
2050,LTU,,SSP2
2050,LTU,1.2255352136572109,SSP2
2055,LTU,,SSP2
2055,LTU,1.305162198633088,SSP2
2060,LTU,,SSP2
2060,LTU,1.3015260569013931,SSP2
2065,LTU,,SSP2
2065,LTU,1.265278916139826,SSP2
2070,LTU,,SSP2
2070,LTU,1.1939510432020932,SSP2
2075,LTU,,SSP2
2075,LTU,1.2587055452221,SSP2
2080,LTU,,SSP2
2080,LTU,1.2495714450560715,SSP2
2085,LTU,,SSP2
2085,LTU,1.3464880386035856,SSP2
2090,LTU,,SSP2
2090,LTU,1.3722293184080607,SSP2
2095,LTU,,SSP2
2095,LTU,1.4622818507034812,SSP2
2100,LTU,,SSP2
2100,LTU,1.528165073852346,SSP2
2012,LUX,,BACI
2012,LUX,0.937373891519873,BACI
2013,LUX,,BACI
2013,LUX,0.9926569969262424,BACI
2014,LUX,,BACI
2014,LUX,1.1503926888127185,BACI
2015,LUX,,BACI
2015,LUX,0.995068739613434,BACI
2016,LUX,,BACI
2016,LUX,1.0297807502151224,BACI
2017,LUX,,BACI
2017,LUX,0.891439991384531,BACI
2018,LUX,,BACI
2018,LUX,1.1321612961797094,BACI
2019,LUX,,BACI
2019,LUX,1.087964739232702,BACI
2020,LUX,,BACI
2020,LUX,1.1660298827301936,BACI
2021,LUX,,BACI
2021,LUX,1.158363865796183,BACI
2022,LUX,,BACI
2022,LUX,1.0606213507463569,BACI
2023,LUX,,BACI
2023,LUX,1.1676152702918894,BACI
2024,LUX,,BACI
2024,LUX,1.1637504809660015,BACI
2025,LUX,,SSP2
2025,LUX,0.9247482727944129,SSP2
2030,LUX,,SSP2
2030,LUX,0.7735485617042521,SSP2
2035,LUX,,SSP2
2035,LUX,0.8319591867712861,SSP2
2040,LUX,,SSP2
2040,LUX,0.7958028708023999,SSP2
2045,LUX,,SSP2
2045,LUX,0.8310094081555153,SSP2
2050,LUX,,SSP2
2050,LUX,0.8143441936853302,SSP2
2055,LUX,,SSP2
2055,LUX,0.8560858749059288,SSP2
2060,LUX,,SSP2
2060,LUX,0.7409955150652047,SSP2
2065,LUX,,SSP2
2065,LUX,0.7287653521848955,SSP2
2070,LUX,,SSP2
2070,LUX,0.8288488795256114,SSP2
2075,LUX,,SSP2
2075,LUX,0.8662990653431392,SSP2
2080,LUX,,SSP2
2080,LUX,0.8578397044200187,SSP2
2085,LUX,,SSP2
2085,LUX,0.8048875312848369,SSP2
2090,LUX,,SSP2
2090,LUX,0.7627784702265212,SSP2
2095,LUX,,SSP2
2095,LUX,0.7735218568104143,SSP2
2100,LUX,,SSP2
2100,LUX,0.7586682466035534,SSP2
2012,LVA,,BACI
2012,LVA,1.1681391007057775,BACI
2013,LVA,,BACI
2013,LVA,1.0630211402985743,BACI
2014,LVA,1.005252555681447,BACI
2014,LVA,,BACI
2015,LVA,,BACI
2015,LVA,1.255187642422652,BACI
2016,LVA,1.1772819616361263,BACI
2016,LVA,,BACI
2017,LVA,,BACI
2017,LVA,1.2322416364997315,BACI
2018,LVA,,BACI
2018,LVA,1.1071545864745194,BACI
2019,LVA,,BACI
2019,LVA,1.1199946271068046,BACI
2020,LVA,,BACI
2020,LVA,1.229318154158921,BACI
2021,LVA,,BACI
2021,LVA,1.033693511686567,BACI
2022,LVA,,BACI
2022,LVA,1.2418603007347837,BACI
2023,LVA,,BACI
2023,LVA,1.1709741398222755,BACI
2024,LVA,,BACI
2024,LVA,1.0350108380737406,BACI
2025,LVA,,SSP2
2025,LVA,1.3287218551836018,SSP2
2030,LVA,,SSP2
2030,LVA,0.8260247405328339,SSP2
2035,LVA,,SSP2
2035,LVA,0.9325243185862312,SSP2
2040,LVA,,SSP2
2040,LVA,0.9378918032217878,SSP2
2045,LVA,,SSP2
2045,LVA,1.0155502065081148,SSP2
2050,LVA,,SSP2
2050,LVA,1.0185249028627257,SSP2
2055,LVA,,SSP2
2055,LVA,1.056208950593305,SSP2
2060,LVA,,SSP2
2060,LVA,1.039215017414998,SSP2
2065,LVA,,SSP2
2065,LVA,1.027611274525292,SSP2
2070,LVA,,SSP2
2070,LVA,1.0608837620698854,SSP2
2075,LVA,,SSP2
2075,LVA,1.0932602574555974,SSP2
2080,LVA,,SSP2
2080,LVA,1.3807446731597002,SSP2
2085,LVA,,SSP2
2085,LVA,1.324859593871656,SSP2
2090,LVA,,SSP2
2090,LVA,1.4197657934737165,SSP2
2095,LVA,,SSP2
2095,LVA,1.4178042540636344,SSP2
2100,LVA,,SSP2
2100,LVA,1.4355495070110906,SSP2
2012,MAC,-0.0740386564093929,BACI
2012,MAC,,BACI
2013,MAC,-0.0507023389037065,BACI
2013,MAC,,BACI
2014,MAC,-0.2561474578482476,BACI
2014,MAC,,BACI
2015,MAC,-0.1944334328998716,BACI
2015,MAC,,BACI
2016,MAC,-0.3434074506786594,BACI
2016,MAC,,BACI
2017,MAC,-0.3849148237133606,BACI
2017,MAC,,BACI
2018,MAC,-0.277457122293846,BACI
2018,MAC,,BACI
2019,MAC,-0.4867303367571391,BACI
2019,MAC,,BACI
2020,MAC,-0.4480067192340084,BACI
2020,MAC,,BACI
2021,MAC,-0.4341459528197108,BACI
2021,MAC,,BACI
2022,MAC,-0.5294901872065483,BACI
2022,MAC,,BACI
2023,MAC,-0.4312412661123749,BACI
2023,MAC,,BACI
2024,MAC,-0.3204640313324523,BACI
2024,MAC,,BACI
2025,MAC,-0.6314894994094746,SSP2
2025,MAC,,SSP2
2030,MAC,-0.6635146391324971,SSP2
2030,MAC,,SSP2
2035,MAC,-0.6690802560568946,SSP2
2035,MAC,,SSP2
2040,MAC,-0.2954142233950854,SSP2
2040,MAC,,SSP2
2045,MAC,0.0919320173410251,SSP2
2045,MAC,,SSP2
2050,MAC,0.135028195781559,SSP2
2050,MAC,,SSP2
2055,MAC,-0.0426634022559669,SSP2
2055,MAC,,SSP2
2060,MAC,-0.0012201499490417,SSP2
2060,MAC,,SSP2
2065,MAC,0.0322820506006714,SSP2
2065,MAC,,SSP2
2070,MAC,0.0937500577263567,SSP2
2070,MAC,,SSP2
2075,MAC,0.0957154984865976,SSP2
2075,MAC,,SSP2
2080,MAC,0.0896188938909264,SSP2
2080,MAC,,SSP2
2085,MAC,-0.1049140820677755,SSP2
2085,MAC,,SSP2
2090,MAC,-0.0705248420298605,SSP2
2090,MAC,,SSP2
2095,MAC,-0.0766302338614271,SSP2
2095,MAC,,SSP2
2100,MAC,-0.5549013459454186,SSP2
2100,MAC,,SSP2
2012,MAR,0.5277096714700915,BACI
2012,MAR,,BACI
2013,MAR,0.5069431912429095,BACI
2013,MAR,,BACI
2014,MAR,,BACI
2014,MAR,0.2885672998988485,BACI
2015,MAR,,BACI
2015,MAR,0.4677362657035793,BACI
2016,MAR,0.2889132615169433,BACI
2016,MAR,,BACI
2017,MAR,0.5179688391834584,BACI
2017,MAR,,BACI
2018,MAR,0.5419709696354866,BACI
2018,MAR,,BACI
2019,MAR,0.5420711288248086,BACI
2019,MAR,,BACI
2020,MAR,0.6047963161713354,BACI
2020,MAR,,BACI
2021,MAR,0.6014301175524809,BACI
2021,MAR,,BACI
2022,MAR,0.6623032947127178,BACI
2022,MAR,,BACI
2023,MAR,,BACI
2023,MAR,0.6758117851542845,BACI
2024,MAR,0.7941556956578849,BACI
2024,MAR,,BACI
2025,MAR,,SSP2
2025,MAR,0.5791950384388546,SSP2
2030,MAR,,SSP2
2030,MAR,0.579479515993719,SSP2
2035,MAR,,SSP2
2035,MAR,0.5961009296815947,SSP2
2040,MAR,,SSP2
2040,MAR,0.3320213810266307,SSP2
2045,MAR,,SSP2
2045,MAR,0.3956010386527164,SSP2
2050,MAR,,SSP2
2050,MAR,0.389275658446617,SSP2
2055,MAR,,SSP2
2055,MAR,0.4374421443719173,SSP2
2060,MAR,,SSP2
2060,MAR,0.4471594824527934,SSP2
2065,MAR,,SSP2
2065,MAR,0.4457942252352577,SSP2
2070,MAR,,SSP2
2070,MAR,0.4539407923167083,SSP2
2075,MAR,,SSP2
2075,MAR,0.4565858974764942,SSP2
2080,MAR,,SSP2
2080,MAR,0.4404987450297191,SSP2
2085,MAR,,SSP2
2085,MAR,0.46213730439801,SSP2
2090,MAR,,SSP2
2090,MAR,0.4826963537103608,SSP2
2095,MAR,,SSP2
2095,MAR,0.4681752655532312,SSP2
2100,MAR,,SSP2
2100,MAR,0.5110399674506376,SSP2
2012,MDA,0.1329644784723164,BACI
2012,MDA,,BACI
2013,MDA,0.1174149865462122,BACI
2013,MDA,,BACI
2014,MDA,-0.0266310525007289,BACI
2014,MDA,,BACI
2015,MDA,0.3545461047349026,BACI
2015,MDA,,BACI
2016,MDA,0.3472954020650406,BACI
2016,MDA,,BACI
2017,MDA,0.3462706148701724,BACI
2017,MDA,,BACI
2018,MDA,0.2011250514462995,BACI
2018,MDA,,BACI
2019,MDA,0.3621902043044178,BACI
2019,MDA,,BACI
2020,MDA,0.1920639038846857,BACI
2020,MDA,,BACI
2021,MDA,0.2415380813356407,BACI
2021,MDA,,BACI
2022,MDA,0.2673825692862654,BACI
2022,MDA,,BACI
2023,MDA,0.2000366328894112,BACI
2023,MDA,,BACI
2024,MDA,0.1963537674912096,BACI
2024,MDA,,BACI
2025,MDA,-0.4676092588402597,SSP2
2025,MDA,,SSP2
2030,MDA,-0.4516745810331008,SSP2
2030,MDA,,SSP2
2035,MDA,-0.5329008308989839,SSP2
2035,MDA,,SSP2
2040,MDA,-0.5230573837114499,SSP2
2040,MDA,,SSP2
2045,MDA,-0.584651186888675,SSP2
2045,MDA,,SSP2
2050,MDA,-0.5842169131703202,SSP2
2050,MDA,,SSP2
2055,MDA,-0.5929831475558576,SSP2
2055,MDA,,SSP2
2060,MDA,-0.549423483902414,SSP2
2060,MDA,,SSP2
2065,MDA,-0.5612364045611112,SSP2
2065,MDA,,SSP2
2070,MDA,-0.1427301868445881,SSP2
2070,MDA,,SSP2
2075,MDA,-0.1329192856383137,SSP2
2075,MDA,,SSP2
2080,MDA,-0.0923585058478456,SSP2
2080,MDA,,SSP2
2085,MDA,-0.1344699773300227,SSP2
2085,MDA,,SSP2
2090,MDA,-0.1991475022232016,SSP2
2090,MDA,,SSP2
2095,MDA,-0.2362933419992164,SSP2
2095,MDA,,SSP2
2100,MDA,-0.2762021273449511,SSP2
2100,MDA,,SSP2
2012,MDG,-0.1085619265014035,BACI
2012,MDG,,BACI
2013,MDG,-0.1275057475948504,BACI
2013,MDG,,BACI
2014,MDG,-0.1543613723162305,BACI
2014,MDG,,BACI
2015,MDG,-0.2502802265994631,BACI
2015,MDG,,BACI
2016,MDG,-0.2955718866431309,BACI
2016,MDG,,BACI
2017,MDG,-0.1942683170266011,BACI
2017,MDG,,BACI
2018,MDG,-0.3650235336840491,BACI
2018,MDG,,BACI
2019,MDG,-0.1067506681376956,BACI
2019,MDG,,BACI
2020,MDG,-0.2116572359728837,BACI
2020,MDG,,BACI
2021,MDG,-0.4400667104060636,BACI
2021,MDG,,BACI
2022,MDG,-0.2392497548778291,BACI
2022,MDG,,BACI
2023,MDG,-0.11038970086227,BACI
2023,MDG,,BACI
2024,MDG,-0.2335809343442959,BACI
2024,MDG,,BACI
2025,MDG,-0.4439872083630514,SSP2
2025,MDG,,SSP2
2030,MDG,-0.4526813669518249,SSP2
2030,MDG,,SSP2
2035,MDG,-0.4666463304065563,SSP2
2035,MDG,,SSP2
2040,MDG,-0.4922347993225356,SSP2
2040,MDG,,SSP2
2045,MDG,-0.5075538225209232,SSP2
2045,MDG,,SSP2
2050,MDG,-0.4953455330427234,SSP2
2050,MDG,,SSP2
2055,MDG,-0.5567039872994896,SSP2
2055,MDG,,SSP2
2060,MDG,-0.5526341562971674,SSP2
2060,MDG,,SSP2
2065,MDG,-0.532601023582961,SSP2
2065,MDG,,SSP2
2070,MDG,-0.4372469293544365,SSP2
2070,MDG,,SSP2
2075,MDG,-0.5051980945694727,SSP2
2075,MDG,,SSP2
2080,MDG,-0.4951734321984352,SSP2
2080,MDG,,SSP2
2085,MDG,-0.5488227668960244,SSP2
2085,MDG,,SSP2
2090,MDG,-0.5348744882005397,SSP2
2090,MDG,,SSP2
2095,MDG,-0.5507828207236684,SSP2
2095,MDG,,SSP2
2100,MDG,-0.554856121893341,SSP2
2100,MDG,,SSP2
2012,MDV,-1.2277591093819975,BACI
2012,MDV,,BACI
2013,MDV,-1.209536219215358,BACI
2013,MDV,,BACI
2014,MDV,-1.3347893316546284,BACI
2014,MDV,,BACI
2015,MDV,-1.2547456420565504,BACI
2015,MDV,,BACI
2016,MDV,-1.3853649569360162,BACI
2016,MDV,,BACI
2017,MDV,-1.2216585244064244,BACI
2017,MDV,,BACI
2018,MDV,-1.4416406890810314,BACI
2018,MDV,,BACI
2019,MDV,-1.138000777866946,BACI
2019,MDV,,BACI
2020,MDV,-0.9330642875732252,BACI
2020,MDV,,BACI
2021,MDV,-1.0194621216577822,BACI
2021,MDV,,BACI
2022,MDV,-0.954645783604254,BACI
2022,MDV,,BACI
2023,MDV,-1.124569681244163,BACI
2023,MDV,,BACI
2024,MDV,-1.0326487392742223,BACI
2024,MDV,,BACI
2025,MDV,-1.2502406029199775,SSP2
2025,MDV,,SSP2
2030,MDV,-1.2734695799794251,SSP2
2030,MDV,,SSP2
2035,MDV,-1.3215284521758948,SSP2
2035,MDV,,SSP2
2040,MDV,-1.349916665342522,SSP2
2040,MDV,,SSP2
2045,MDV,-1.3754683237573633,SSP2
2045,MDV,,SSP2
2050,MDV,-1.3257748641057832,SSP2
2050,MDV,,SSP2
2055,MDV,-1.386394071725319,SSP2
2055,MDV,,SSP2
2060,MDV,-1.4205420406450078,SSP2
2060,MDV,,SSP2
2065,MDV,-1.3978194362742615,SSP2
2065,MDV,,SSP2
2070,MDV,-1.4705498055190125,SSP2
2070,MDV,,SSP2
2075,MDV,-1.3952279998289934,SSP2
2075,MDV,,SSP2
2080,MDV,-1.425779888436341,SSP2
2080,MDV,,SSP2
2085,MDV,-1.4394735544656243,SSP2
2085,MDV,,SSP2
2090,MDV,-1.4366283628652503,SSP2
2090,MDV,,SSP2
2095,MDV,-1.3934160384919438,SSP2
2095,MDV,,SSP2
2100,MDV,-1.3334959146595151,SSP2
2100,MDV,,SSP2
2012,MEX,,BACI
2012,MEX,1.2854278934386705,BACI
2013,MEX,,BACI
2013,MEX,1.3943328945991165,BACI
2014,MEX,,BACI
2014,MEX,1.17374046571546,BACI
2015,MEX,,BACI
2015,MEX,1.240953452499716,BACI
2016,MEX,,BACI
2016,MEX,1.2016830531374436,BACI
2017,MEX,,BACI
2017,MEX,1.1721136935803969,BACI
2018,MEX,,BACI
2018,MEX,1.230178670204905,BACI
2019,MEX,1.3451891276694947,BACI
2019,MEX,,BACI
2020,MEX,1.321252576907232,BACI
2020,MEX,,BACI
2021,MEX,,BACI
2021,MEX,1.2313231961883344,BACI
2022,MEX,,BACI
2022,MEX,1.218115029331881,BACI
2023,MEX,,BACI
2023,MEX,1.371542797286657,BACI
2024,MEX,,BACI
2024,MEX,1.2653748411236294,BACI
2025,MEX,,SSP2
2025,MEX,1.0108602829941196,SSP2
2030,MEX,,SSP2
2030,MEX,0.9636498087829204,SSP2
2035,MEX,,SSP2
2035,MEX,1.0124379672914492,SSP2
2040,MEX,,SSP2
2040,MEX,1.2276511900903702,SSP2
2045,MEX,,SSP2
2045,MEX,1.2874073894781295,SSP2
2050,MEX,,SSP2
2050,MEX,1.2958892062118448,SSP2
2055,MEX,,SSP2
2055,MEX,1.2368773430115712,SSP2
2060,MEX,,SSP2
2060,MEX,1.1633422130488569,SSP2
2065,MEX,,SSP2
2065,MEX,1.1272674572712678,SSP2
2070,MEX,,SSP2
2070,MEX,1.0934669863846411,SSP2
2075,MEX,,SSP2
2075,MEX,1.1135666589955633,SSP2
2080,MEX,,SSP2
2080,MEX,1.1196812318749616,SSP2
2085,MEX,,SSP2
2085,MEX,1.073322755537988,SSP2
2090,MEX,,SSP2
2090,MEX,1.0676390302733054,SSP2
2095,MEX,,SSP2
2095,MEX,1.069240648638088,SSP2
2100,MEX,,SSP2
2100,MEX,1.0693285806054451,SSP2
2012,MHL,-1.6571640957918992,BACI
2012,MHL,,BACI
2013,MHL,-1.4574152829298614,BACI
2013,MHL,,BACI
2014,MHL,-0.9073022770509908,BACI
2014,MHL,,BACI
2015,MHL,-1.0944184292315746,BACI
2015,MHL,,BACI
2016,MHL,-1.3611081111771068,BACI
2016,MHL,,BACI
2017,MHL,-0.9904697798720856,BACI
2017,MHL,,BACI
2018,MHL,-1.1220126674685893,BACI
2018,MHL,,BACI
2019,MHL,-1.0455037396926992,BACI
2019,MHL,,BACI
2020,MHL,-0.643903473153645,BACI
2020,MHL,,BACI
2021,MHL,-0.932097804368469,BACI
2021,MHL,,BACI
2022,MHL,-0.5759451710769118,BACI
2022,MHL,,BACI
2023,MHL,-0.7673836093800236,BACI
2023,MHL,,BACI
2024,MHL,-0.83616755575464,BACI
2024,MHL,,BACI
2012,MKD,0.5334674142134171,BACI
2012,MKD,,BACI
2013,MKD,0.5267679492421249,BACI
2013,MKD,,BACI
2014,MKD,,BACI
2014,MKD,0.512138209382646,BACI
2015,MKD,0.4252521243641772,BACI
2015,MKD,,BACI
2016,MKD,0.3194407780388589,BACI
2016,MKD,,BACI
2017,MKD,0.2663957944832539,BACI
2017,MKD,,BACI
2018,MKD,0.3082247920264575,BACI
2018,MKD,,BACI
2019,MKD,0.2651531195400513,BACI
2019,MKD,,BACI
2020,MKD,0.3467501364950276,BACI
2020,MKD,,BACI
2021,MKD,0.3174221095269758,BACI
2021,MKD,,BACI
2022,MKD,0.0519708965676585,BACI
2022,MKD,,BACI
2023,MKD,0.2723767710425844,BACI
2023,MKD,,BACI
2024,MKD,0.334150669583079,BACI
2024,MKD,,BACI
2025,MKD,-0.0793560654133139,SSP2
2025,MKD,,SSP2
2030,MKD,-0.0942350137825453,SSP2
2030,MKD,,SSP2
2035,MKD,-0.0948892236440782,SSP2
2035,MKD,,SSP2
2040,MKD,-0.1217964827657713,SSP2
2040,MKD,,SSP2
2045,MKD,-0.1355915185966278,SSP2
2045,MKD,,SSP2
2050,MKD,-0.1486980892588688,SSP2
2050,MKD,,SSP2
2055,MKD,-0.0976982605749619,SSP2
2055,MKD,,SSP2
2060,MKD,-0.1079141450508741,SSP2
2060,MKD,,SSP2
2065,MKD,-0.3001573378800978,SSP2
2065,MKD,,SSP2
2070,MKD,-0.2540499013013502,SSP2
2070,MKD,,SSP2
2075,MKD,-0.2602943751472493,SSP2
2075,MKD,,SSP2
2080,MKD,-0.2744817133554784,SSP2
2080,MKD,,SSP2
2085,MKD,-0.2634164995707873,SSP2
2085,MKD,,SSP2
2090,MKD,-0.229918022694427,SSP2
2090,MKD,,SSP2
2095,MKD,-0.2806448812890001,SSP2
2095,MKD,,SSP2
2100,MKD,-0.2905165856774478,SSP2
2100,MKD,,SSP2
2012,MLI,-0.854727940443917,BACI
2012,MLI,,BACI
2013,MLI,-0.7482590113838916,BACI
2013,MLI,,BACI
2014,MLI,-0.6595329636684363,BACI
2014,MLI,,BACI
2015,MLI,-0.6380756101991617,BACI
2015,MLI,,BACI
2016,MLI,-0.222977412966112,BACI
2016,MLI,,BACI
2017,MLI,-0.0179894355109832,BACI
2017,MLI,,BACI
2018,MLI,-0.225324341612601,BACI
2018,MLI,,BACI
2019,MLI,0.0474524492659953,BACI
2019,MLI,,BACI
2020,MLI,-0.0947983908206576,BACI
2020,MLI,,BACI
2021,MLI,-0.2049946540889532,BACI
2021,MLI,,BACI
2022,MLI,-0.2301413103944753,BACI
2022,MLI,,BACI
2023,MLI,-0.2093927877156656,BACI
2023,MLI,,BACI
2024,MLI,-0.3009326381192225,BACI
2024,MLI,,BACI
2025,MLI,-0.95268999976087,SSP2
2025,MLI,,SSP2
2030,MLI,-0.932751445533356,SSP2
2030,MLI,,SSP2
2035,MLI,-0.9534437060086224,SSP2
2035,MLI,,SSP2
2040,MLI,-1.0440468294454956,SSP2
2040,MLI,,SSP2
2045,MLI,-0.9935603907665626,SSP2
2045,MLI,,SSP2
2050,MLI,-0.9871075723791468,SSP2
2050,MLI,,SSP2
2055,MLI,-0.9648438193104945,SSP2
2055,MLI,,SSP2
2060,MLI,-0.982054404123719,SSP2
2060,MLI,,SSP2
2065,MLI,-0.9694870209490952,SSP2
2065,MLI,,SSP2
2070,MLI,-1.0607231612949697,SSP2
2070,MLI,,SSP2
2075,MLI,-1.120899047493245,SSP2
2075,MLI,,SSP2
2080,MLI,-1.1280030602362874,SSP2
2080,MLI,,SSP2
2085,MLI,-1.153041173522704,SSP2
2085,MLI,,SSP2
2090,MLI,-1.1365996457384229,SSP2
2090,MLI,,SSP2
2095,MLI,-1.1406922245645554,SSP2
2095,MLI,,SSP2
2100,MLI,-1.054083272073422,SSP2
2100,MLI,,SSP2
2012,MLT,0.375910187899676,BACI
2012,MLT,,BACI
2013,MLT,0.3141845331856923,BACI
2013,MLT,,BACI
2014,MLT,0.1939267257152467,BACI
2014,MLT,,BACI
2015,MLT,0.1766726687420758,BACI
2015,MLT,,BACI
2016,MLT,0.0397420379003969,BACI
2016,MLT,,BACI
2017,MLT,0.2375066005127569,BACI
2017,MLT,,BACI
2018,MLT,-0.0281476081983961,BACI
2018,MLT,,BACI
2019,MLT,0.3161747156205399,BACI
2019,MLT,,BACI
2020,MLT,0.2387111948955758,BACI
2020,MLT,,BACI
2021,MLT,,BACI
2021,MLT,0.2604622899827869,BACI
2022,MLT,0.0291059919381009,BACI
2022,MLT,,BACI
2023,MLT,0.023059994009728,BACI
2023,MLT,,BACI
2024,MLT,0.276520166385892,BACI
2024,MLT,,BACI
2025,MLT,-0.044264050999738,SSP2
2025,MLT,,SSP2
2030,MLT,0.0662121286238411,SSP2
2030,MLT,,SSP2
2035,MLT,0.2253028441056896,SSP2
2035,MLT,,SSP2
2040,MLT,0.1558801399804051,SSP2
2040,MLT,,SSP2
2045,MLT,0.1698548334198816,SSP2
2045,MLT,,SSP2
2050,MLT,0.2396633870213912,SSP2
2050,MLT,,SSP2
2055,MLT,0.2577169427443893,SSP2
2055,MLT,,SSP2
2060,MLT,0.2565726051658198,SSP2
2060,MLT,,SSP2
2065,MLT,0.3516753497004869,SSP2
2065,MLT,,SSP2
2070,MLT,0.4487090418241349,SSP2
2070,MLT,,SSP2
2075,MLT,0.5302287165413854,SSP2
2075,MLT,,SSP2
2080,MLT,0.7159631233871147,SSP2
2080,MLT,,SSP2
2085,MLT,0.6698395402254016,SSP2
2085,MLT,,SSP2
2090,MLT,0.567502611427276,SSP2
2090,MLT,,SSP2
2095,MLT,0.6347016267526489,SSP2
2095,MLT,,SSP2
2100,MLT,0.6073810084278349,SSP2
2100,MLT,,SSP2
2012,MMR,-0.1959804059103159,BACI
2012,MMR,,BACI
2013,MMR,-0.0424994364119406,BACI
2013,MMR,,BACI
2014,MMR,-0.2570650211408261,BACI
2014,MMR,,BACI
2015,MMR,0.0351690134882889,BACI
2015,MMR,,BACI
2016,MMR,0.0478581249807844,BACI
2016,MMR,,BACI
2017,MMR,0.2804734845213624,BACI
2017,MMR,,BACI
2018,MMR,0.3747207355309132,BACI
2018,MMR,,BACI
2019,MMR,0.151194521440304,BACI
2019,MMR,,BACI
2020,MMR,0.228042517994063,BACI
2020,MMR,,BACI
2021,MMR,0.2978500385288945,BACI
2021,MMR,,BACI
2022,MMR,0.2611056921904731,BACI
2022,MMR,,BACI
2023,MMR,0.4317545202834181,BACI
2023,MMR,,BACI
2024,MMR,0.2544160801015241,BACI
2024,MMR,,BACI
2025,MMR,-0.199141107467256,SSP2
2025,MMR,,SSP2
2030,MMR,-0.1530147227580108,SSP2
2030,MMR,,SSP2
2035,MMR,-0.146216805067569,SSP2
2035,MMR,,SSP2
2040,MMR,-0.2065496875280967,SSP2
2040,MMR,,SSP2
2045,MMR,-0.2209296393817479,SSP2
2045,MMR,,SSP2
2050,MMR,-0.1917289765705258,SSP2
2050,MMR,,SSP2
2055,MMR,-0.089336882857494,SSP2
2055,MMR,,SSP2
2060,MMR,-0.0865285749664679,SSP2
2060,MMR,,SSP2
2065,MMR,-0.0889783557834838,SSP2
2065,MMR,,SSP2
2070,MMR,-0.0713664686697918,SSP2
2070,MMR,,SSP2
2075,MMR,-0.0879418096170968,SSP2
2075,MMR,,SSP2
2080,MMR,-0.0824115382776345,SSP2
2080,MMR,,SSP2
2085,MMR,-0.0675964695352695,SSP2
2085,MMR,,SSP2
2090,MMR,0.0036878259529181,SSP2
2090,MMR,,SSP2
2095,MMR,-0.0157114223810362,SSP2
2095,MMR,,SSP2
2100,MMR,-0.0013410229082868,SSP2
2100,MMR,,SSP2
2012,MNE,0.3878029622535347,BACI
2012,MNE,,BACI
2013,MNE,0.1385406838235206,BACI
2013,MNE,,BACI
2014,MNE,0.0435372345967433,BACI
2014,MNE,,BACI
2015,MNE,-0.0466866279249795,BACI
2015,MNE,,BACI
2016,MNE,0.068545057141788,BACI
2016,MNE,,BACI
2017,MNE,0.0331610842490759,BACI
2017,MNE,,BACI
2018,MNE,-0.1621654826776774,BACI
2018,MNE,,BACI
2019,MNE,-0.0746400231542658,BACI
2019,MNE,,BACI
2020,MNE,-0.0406799118443172,BACI
2020,MNE,,BACI
2021,MNE,-0.183207631674436,BACI
2021,MNE,,BACI
2022,MNE,-0.1877769296609154,BACI
2022,MNE,,BACI
2023,MNE,-0.1425623799758401,BACI
2023,MNE,,BACI
2024,MNE,-0.1011954568187883,BACI
2024,MNE,,BACI
2012,MNG,-0.2157549698337513,BACI
2012,MNG,,BACI
2013,MNG,-0.1272027036556984,BACI
2013,MNG,,BACI
2014,MNG,0.1773602237576831,BACI
2014,MNG,,BACI
2015,MNG,0.2093739747347187,BACI
2015,MNG,,BACI
2016,MNG,-0.1789317822875469,BACI
2016,MNG,,BACI
2017,MNG,0.1273356197954886,BACI
2017,MNG,,BACI
2018,MNG,0.605396179218814,BACI
2018,MNG,,BACI
2019,MNG,0.8171458525161126,BACI
2019,MNG,,BACI
2020,MNG,1.2530674859345257,BACI
2020,MNG,,BACI
2021,MNG,1.156748534647147,BACI
2021,MNG,,BACI
2022,MNG,0.8382881842672893,BACI
2022,MNG,,BACI
2023,MNG,1.0738817714467304,BACI
2023,MNG,,BACI
2024,MNG,1.3744628059199426,BACI
2024,MNG,,BACI
2025,MNG,0.0741139364941422,SSP2
2025,MNG,,SSP2
2030,MNG,0.4338901714138662,SSP2
2030,MNG,,SSP2
2035,MNG,0.7459474419224558,SSP2
2035,MNG,,SSP2
2040,MNG,0.7812660536762788,SSP2
2040,MNG,,SSP2
2045,MNG,0.695366853700823,SSP2
2045,MNG,,SSP2
2050,MNG,0.7814255040183918,SSP2
2050,MNG,,SSP2
2055,MNG,0.7870828889753324,SSP2
2055,MNG,,SSP2
2060,MNG,0.8937166739796703,SSP2
2060,MNG,,SSP2
2065,MNG,0.883039753255053,SSP2
2065,MNG,,SSP2
2070,MNG,0.8215971176684157,SSP2
2070,MNG,,SSP2
2075,MNG,0.7474542191639588,SSP2
2075,MNG,,SSP2
2080,MNG,0.2442177069198471,SSP2
2080,MNG,,SSP2
2085,MNG,0.2692271807950779,SSP2
2085,MNG,,SSP2
2090,MNG,0.3356122039868339,SSP2
2090,MNG,,SSP2
2095,MNG,0.327929938427464,SSP2
2095,MNG,,SSP2
2100,MNG,0.1967106774544464,SSP2
2100,MNG,,SSP2
2012,MNP,-1.53212508397823,BACI
2012,MNP,,BACI
2013,MNP,-1.861188118205935,BACI
2013,MNP,,BACI
2014,MNP,-1.4613438125349991,BACI
2014,MNP,,BACI
2015,MNP,-1.5720880434157476,BACI
2015,MNP,,BACI
2016,MNP,-1.792738733641363,BACI
2016,MNP,,BACI
2017,MNP,-2.0484751334847524,BACI
2017,MNP,,BACI
2018,MNP,-2.007726797168966,BACI
2018,MNP,,BACI
2019,MNP,-2.2066768923656026,BACI
2019,MNP,,BACI
2020,MNP,-2.4478222691873524,BACI
2020,MNP,,BACI
2021,MNP,-1.9518588257039415,BACI
2021,MNP,,BACI
2022,MNP,-1.6862268945879542,BACI
2022,MNP,,BACI
2023,MNP,-2.149380824267718,BACI
2023,MNP,,BACI
2024,MNP,-2.139103147653459,BACI
2024,MNP,,BACI
2012,MOZ,0.026980246475642,BACI
2012,MOZ,,BACI
2013,MOZ,0.1291368008052031,BACI
2013,MOZ,,BACI
2014,MOZ,-0.0239257998100055,BACI
2014,MOZ,,BACI
2015,MOZ,-0.0204140977490974,BACI
2015,MOZ,,BACI
2016,MOZ,0.0900079429308823,BACI
2016,MOZ,,BACI
2017,MOZ,0.2515811374976601,BACI
2017,MOZ,,BACI
2018,MOZ,0.5575506775067267,BACI
2018,MOZ,,BACI
2019,MOZ,0.4082047821320562,BACI
2019,MOZ,,BACI
2020,MOZ,0.2881960322010934,BACI
2020,MOZ,,BACI
2021,MOZ,0.4047157822232533,BACI
2021,MOZ,,BACI
2022,MOZ,0.2227200560129435,BACI
2022,MOZ,,BACI
2023,MOZ,0.3412623806726564,BACI
2023,MOZ,,BACI
2024,MOZ,0.4495048500958271,BACI
2024,MOZ,,BACI
2025,MOZ,-0.1339596717595241,SSP2
2025,MOZ,,SSP2
2030,MOZ,-0.2030430075605688,SSP2
2030,MOZ,,SSP2
2035,MOZ,-0.1205358738159136,SSP2
2035,MOZ,,SSP2
2040,MOZ,-0.1850526933106958,SSP2
2040,MOZ,,SSP2
2045,MOZ,-0.1487996321562134,SSP2
2045,MOZ,,SSP2
2050,MOZ,-0.163993327873995,SSP2
2050,MOZ,,SSP2
2055,MOZ,-0.3968938002204012,SSP2
2055,MOZ,,SSP2
2060,MOZ,-0.2869246678141631,SSP2
2060,MOZ,,SSP2
2065,MOZ,-0.3129151086815077,SSP2
2065,MOZ,,SSP2
2070,MOZ,-0.3314216834672099,SSP2
2070,MOZ,,SSP2
2075,MOZ,-0.3598245346114507,SSP2
2075,MOZ,,SSP2
2080,MOZ,-0.4564843903851164,SSP2
2080,MOZ,,SSP2
2085,MOZ,-0.4524024562612311,SSP2
2085,MOZ,,SSP2
2090,MOZ,-0.4757718788738302,SSP2
2090,MOZ,,SSP2
2095,MOZ,-0.5690982195935567,SSP2
2095,MOZ,,SSP2
2100,MOZ,-0.58414205724676,SSP2
2100,MOZ,,SSP2
2012,MRT,-0.7888442896371585,BACI
2012,MRT,,BACI
2013,MRT,-0.6211881016318179,BACI
2013,MRT,,BACI
2014,MRT,-0.8022651475998687,BACI
2014,MRT,,BACI
2015,MRT,-0.0922780466549155,BACI
2015,MRT,,BACI
2016,MRT,-0.2263895087153717,BACI
2016,MRT,,BACI
2017,MRT,-0.2487073848788762,BACI
2017,MRT,,BACI
2018,MRT,-0.0048717266646137,BACI
2018,MRT,,BACI
2019,MRT,-0.1075857638706912,BACI
2019,MRT,,BACI
2020,MRT,-0.2693707591107632,BACI
2020,MRT,,BACI
2021,MRT,-0.4558110941092753,BACI
2021,MRT,,BACI
2022,MRT,-0.3467643413335105,BACI
2022,MRT,,BACI
2023,MRT,-0.5119976343210552,BACI
2023,MRT,,BACI
2024,MRT,-0.3441816511442371,BACI
2024,MRT,,BACI
2025,MRT,-0.9600175062683108,SSP2
2025,MRT,,SSP2
2030,MRT,-0.9397024597965428,SSP2
2030,MRT,,SSP2
2035,MRT,-0.9409875766243648,SSP2
2035,MRT,,SSP2
2040,MRT,-0.9403884052221236,SSP2
2040,MRT,,SSP2
2045,MRT,-0.9114913494673588,SSP2
2045,MRT,,SSP2
2050,MRT,-0.9351701557994248,SSP2
2050,MRT,,SSP2
2055,MRT,-1.0247890391063306,SSP2
2055,MRT,,SSP2
2060,MRT,-1.0167126065604717,SSP2
2060,MRT,,SSP2
2065,MRT,-1.0476162884716695,SSP2
2065,MRT,,SSP2
2070,MRT,-1.1113099996437823,SSP2
2070,MRT,,SSP2
2075,MRT,-1.137526688197294,SSP2
2075,MRT,,SSP2
2080,MRT,-1.159347028293998,SSP2
2080,MRT,,SSP2
2085,MRT,-1.1581092926038414,SSP2
2085,MRT,,SSP2
2090,MRT,-1.164516539652648,SSP2
2090,MRT,,SSP2
2095,MRT,-1.1433504634003209,SSP2
2095,MRT,,SSP2
2100,MRT,-1.1149469781472958,SSP2
2100,MRT,,SSP2
2012,MSR,-1.7200210990255558,BACI
2012,MSR,,BACI
2013,MSR,-2.060262963555959,BACI
2013,MSR,,BACI
2014,MSR,-1.7487437587648396,BACI
2014,MSR,,BACI
2015,MSR,-1.6838423446070914,BACI
2015,MSR,,BACI
2016,MSR,-2.0458498205436157,BACI
2016,MSR,,BACI
2017,MSR,-1.914561099416856,BACI
2017,MSR,,BACI
2018,MSR,-1.943151991267462,BACI
2018,MSR,,BACI
2019,MSR,-1.897851539378669,BACI
2019,MSR,,BACI
2020,MSR,-1.900444522078391,BACI
2020,MSR,,BACI
2021,MSR,-1.7635906888820012,BACI
2021,MSR,,BACI
2022,MSR,-1.8561516206182205,BACI
2022,MSR,,BACI
2023,MSR,-1.9231448485701472,BACI
2023,MSR,,BACI
2024,MSR,-1.953860290050288,BACI
2024,MSR,,BACI
2012,MUS,0.5140847102086739,BACI
2012,MUS,,BACI
2013,MUS,0.4779626408399219,BACI
2013,MUS,,BACI
2014,MUS,0.4023247064791482,BACI
2014,MUS,,BACI
2015,MUS,0.3670778875274295,BACI
2015,MUS,,BACI
2016,MUS,0.3034616370006426,BACI
2016,MUS,,BACI
2017,MUS,0.3358122842193696,BACI
2017,MUS,,BACI
2018,MUS,0.3461420145476228,BACI
2018,MUS,,BACI
2019,MUS,0.3885776356836658,BACI
2019,MUS,,BACI
2020,MUS,0.2987447436738553,BACI
2020,MUS,,BACI
2021,MUS,0.2439742249597111,BACI
2021,MUS,,BACI
2022,MUS,0.3639513052925139,BACI
2022,MUS,,BACI
2023,MUS,0.4302420607827154,BACI
2023,MUS,,BACI
2024,MUS,0.3843725164616295,BACI
2024,MUS,,BACI
2025,MUS,-0.1103434309640767,SSP2
2025,MUS,,SSP2
2030,MUS,-0.0439551192030626,SSP2
2030,MUS,,SSP2
2035,MUS,-0.0450536041489424,SSP2
2035,MUS,,SSP2
2040,MUS,-0.0188261423758822,SSP2
2040,MUS,,SSP2
2045,MUS,0.0048628852779481,SSP2
2045,MUS,,SSP2
2050,MUS,0.0523065127771358,SSP2
2050,MUS,,SSP2
2055,MUS,0.1779260977395587,SSP2
2055,MUS,,SSP2
2060,MUS,0.1722087648167469,SSP2
2060,MUS,,SSP2
2065,MUS,0.1840430615188129,SSP2
2065,MUS,,SSP2
2070,MUS,0.2841166964779668,SSP2
2070,MUS,,SSP2
2075,MUS,0.313262107747337,SSP2
2075,MUS,,SSP2
2080,MUS,0.301284610726178,SSP2
2080,MUS,,SSP2
2085,MUS,0.2250580961695736,SSP2
2085,MUS,,SSP2
2090,MUS,0.3017963791375843,SSP2
2090,MUS,,SSP2
2095,MUS,0.4957859730666358,SSP2
2095,MUS,,SSP2
2100,MUS,0.5715381415501883,SSP2
2100,MUS,,SSP2
2012,MWI,-0.4301012644602615,BACI
2012,MWI,,BACI
2013,MWI,-0.4871997340459415,BACI
2013,MWI,,BACI
2014,MWI,-0.1413394860667228,BACI
2014,MWI,,BACI
2015,MWI,-0.210590613938792,BACI
2015,MWI,,BACI
2016,MWI,-0.3450161206466907,BACI
2016,MWI,,BACI
2017,MWI,-0.4297452693624931,BACI
2017,MWI,,BACI
2018,MWI,-0.3670789058996233,BACI
2018,MWI,,BACI
2019,MWI,-0.2087781979540235,BACI
2019,MWI,,BACI
2020,MWI,-0.3436294132076102,BACI
2020,MWI,,BACI
2021,MWI,-0.3027728357342542,BACI
2021,MWI,,BACI
2022,MWI,-0.1572119385936154,BACI
2022,MWI,,BACI
2023,MWI,-0.2111720032602941,BACI
2023,MWI,,BACI
2024,MWI,-0.2655012539287938,BACI
2024,MWI,,BACI
2025,MWI,-0.7583018278502545,SSP2
2025,MWI,,SSP2
2030,MWI,-0.7428573607483063,SSP2
2030,MWI,,SSP2
2035,MWI,-0.7515037954738867,SSP2
2035,MWI,,SSP2
2040,MWI,-0.7698857365826575,SSP2
2040,MWI,,SSP2
2045,MWI,-0.7810507087589293,SSP2
2045,MWI,,SSP2
2050,MWI,-0.7737201475563334,SSP2
2050,MWI,,SSP2
2055,MWI,-0.7888189274012379,SSP2
2055,MWI,,SSP2
2060,MWI,-0.7993605442040921,SSP2
2060,MWI,,SSP2
2065,MWI,-0.795090413322753,SSP2
2065,MWI,,SSP2
2070,MWI,-0.8281448423127498,SSP2
2070,MWI,,SSP2
2075,MWI,-0.8741264749697952,SSP2
2075,MWI,,SSP2
2080,MWI,-0.94784895146134,SSP2
2080,MWI,,SSP2
2085,MWI,-0.9666682222026812,SSP2
2085,MWI,,SSP2
2090,MWI,-0.9621481877781328,SSP2
2090,MWI,,SSP2
2095,MWI,-0.9786077637252204,SSP2
2095,MWI,,SSP2
2100,MWI,-1.002001267778745,SSP2
2100,MWI,,SSP2
2012,MYS,1.1595710779598252,BACI
2012,MYS,,BACI
2013,MYS,1.0567537525212236,BACI
2013,MYS,,BACI
2014,MYS,1.128142290401022,BACI
2014,MYS,,BACI
2015,MYS,,BACI
2015,MYS,1.0630909625154648,BACI
2016,MYS,1.1459390802781706,BACI
2016,MYS,,BACI
2017,MYS,1.017368435285962,BACI
2017,MYS,,BACI
2018,MYS,,BACI
2018,MYS,1.172965902560029,BACI
2019,MYS,1.0878744008730885,BACI
2019,MYS,,BACI
2020,MYS,1.0705431823545517,BACI
2020,MYS,,BACI
2021,MYS,1.1663896270944032,BACI
2021,MYS,,BACI
2022,MYS,1.0852958504270562,BACI
2022,MYS,,BACI
2023,MYS,,BACI
2023,MYS,1.1782739182200508,BACI
2024,MYS,,BACI
2024,MYS,1.1140325910947797,BACI
2025,MYS,,SSP2
2025,MYS,1.4926718320519623,SSP2
2030,MYS,,SSP2
2030,MYS,1.3924586219959263,SSP2
2035,MYS,,SSP2
2035,MYS,1.495683225909394,SSP2
2040,MYS,,SSP2
2040,MYS,1.751289572881154,SSP2
2045,MYS,,SSP2
2045,MYS,1.7594608515280286,SSP2
2050,MYS,,SSP2
2050,MYS,1.8457822252979943,SSP2
2055,MYS,,SSP2
2055,MYS,1.6145890264109242,SSP2
2060,MYS,,SSP2
2060,MYS,1.5954487944124816,SSP2
2065,MYS,,SSP2
2065,MYS,1.5665199741958338,SSP2
2070,MYS,,SSP2
2070,MYS,1.198472219835688,SSP2
2075,MYS,,SSP2
2075,MYS,1.277437271068298,SSP2
2080,MYS,,SSP2
2080,MYS,1.4289729429239937,SSP2
2085,MYS,,SSP2
2085,MYS,1.3193282597058655,SSP2
2090,MYS,,SSP2
2090,MYS,1.3566828841774217,SSP2
2095,MYS,,SSP2
2095,MYS,1.3759624441380565,SSP2
2100,MYS,,SSP2
2100,MYS,1.86349943847655,SSP2
2012,MYT,-1.171859297127172,BACI
2012,MYT,,BACI
2013,MYT,-1.548659291944133,BACI
2013,MYT,,BACI
2012,NAM,-0.0374106919141852,BACI
2012,NAM,,BACI
2013,NAM,-0.1687370003800343,BACI
2013,NAM,,BACI
2014,NAM,-0.2556126358877385,BACI
2014,NAM,,BACI
2015,NAM,-0.5250969593772173,BACI
2015,NAM,,BACI
2016,NAM,0.2028663954612276,BACI
2016,NAM,,BACI
2017,NAM,0.0618684600316557,BACI
2017,NAM,,BACI
2018,NAM,0.1490173694249791,BACI
2018,NAM,,BACI
2019,NAM,0.1005708137148405,BACI
2019,NAM,,BACI
2020,NAM,0.0008983483567828,BACI
2020,NAM,,BACI
2021,NAM,0.0898226431998763,BACI
2021,NAM,,BACI
2022,NAM,-0.1907233192214204,BACI
2022,NAM,,BACI
2023,NAM,0.009267527806005,BACI
2023,NAM,,BACI
2024,NAM,-0.0164281644182711,BACI
2024,NAM,,BACI
2025,NAM,-0.077626587459186,SSP2
2025,NAM,,SSP2
2030,NAM,-0.0353989028200263,SSP2
2030,NAM,,SSP2
2035,NAM,-0.0348726066493077,SSP2
2035,NAM,,SSP2
2040,NAM,0.0687974234042363,SSP2
2040,NAM,,SSP2
2045,NAM,0.095225452578875,SSP2
2045,NAM,,SSP2
2050,NAM,0.0587187991657746,SSP2
2050,NAM,,SSP2
2055,NAM,0.0881733520546284,SSP2
2055,NAM,,SSP2
2060,NAM,0.0782925857434488,SSP2
2060,NAM,,SSP2
2065,NAM,0.0727356207693498,SSP2
2065,NAM,,SSP2
2070,NAM,0.1623883126233045,SSP2
2070,NAM,,SSP2
2075,NAM,0.233627455078387,SSP2
2075,NAM,,SSP2
2080,NAM,0.2260329298684981,SSP2
2080,NAM,,SSP2
2085,NAM,0.1902558953457654,SSP2
2085,NAM,,SSP2
2090,NAM,0.2242904169657871,SSP2
2090,NAM,,SSP2
2095,NAM,0.1971462309288997,SSP2
2095,NAM,,SSP2
2100,NAM,0.2248650834039903,SSP2
2100,NAM,,SSP2
2012,NCL,-0.8816933485484774,BACI
2012,NCL,,BACI
2013,NCL,-0.9641688824108592,BACI
2013,NCL,,BACI
2014,NCL,-0.5451676450567676,BACI
2014,NCL,,BACI
2015,NCL,-0.7260995435882857,BACI
2015,NCL,,BACI
2016,NCL,-1.027020110005285,BACI
2016,NCL,,BACI
2017,NCL,-1.1725386140350018,BACI
2017,NCL,,BACI
2018,NCL,-0.9904583163183702,BACI
2018,NCL,,BACI
2019,NCL,-1.0165604436375004,BACI
2019,NCL,,BACI
2020,NCL,-1.232799486352539,BACI
2020,NCL,,BACI
2021,NCL,-1.4243560883346456,BACI
2021,NCL,,BACI
2022,NCL,-1.1494163837234694,BACI
2022,NCL,,BACI
2023,NCL,-1.3907792226663105,BACI
2023,NCL,,BACI
2024,NCL,-1.2549686278802414,BACI
2024,NCL,,BACI
2012,NER,-0.5651822536649905,BACI
2012,NER,,BACI
2013,NER,-0.1561882904569582,BACI
2013,NER,,BACI
2014,NER,-0.5144885741893501,BACI
2014,NER,,BACI
2015,NER,-0.6646655111240801,BACI
2015,NER,,BACI
2016,NER,0.0301659944980531,BACI
2016,NER,,BACI
2017,NER,-0.3587478327300528,BACI
2017,NER,,BACI
2018,NER,-0.5477297587617886,BACI
2018,NER,,BACI
2019,NER,-0.3406431990488973,BACI
2019,NER,,BACI
2020,NER,0.2858511007092387,BACI
2020,NER,,BACI
2021,NER,-0.4043085610842934,BACI
2021,NER,,BACI
2022,NER,-0.2376326924675281,BACI
2022,NER,,BACI
2023,NER,-0.3538290337093626,BACI
2023,NER,,BACI
2024,NER,-0.4421378649052795,BACI
2024,NER,,BACI
2025,NER,-0.9349594371561354,SSP2
2025,NER,,SSP2
2030,NER,-0.97156205348142,SSP2
2030,NER,,SSP2
2035,NER,-0.7676002625776601,SSP2
2035,NER,,SSP2
2040,NER,-0.8130220957513461,SSP2
2040,NER,,SSP2
2045,NER,-0.9141915543975326,SSP2
2045,NER,,SSP2
2050,NER,-0.9774123904920322,SSP2
2050,NER,,SSP2
2055,NER,-0.9984086868090158,SSP2
2055,NER,,SSP2
2060,NER,-0.9971448148570056,SSP2
2060,NER,,SSP2
2065,NER,-1.1100708206664498,SSP2
2065,NER,,SSP2
2070,NER,-0.990890743711233,SSP2
2070,NER,,SSP2
2075,NER,-1.0805244020550244,SSP2
2075,NER,,SSP2
2080,NER,-1.0809123900518676,SSP2
2080,NER,,SSP2
2085,NER,-1.1099913663241574,SSP2
2085,NER,,SSP2
2090,NER,-1.087769858801019,SSP2
2090,NER,,SSP2
2095,NER,-1.0856546371528415,SSP2
2095,NER,,SSP2
2100,NER,-1.0852211857717964,SSP2
2100,NER,,SSP2
2012,NFK,-1.1816237915983765,BACI
2012,NFK,,BACI
2013,NFK,-0.9100704077830504,BACI
2013,NFK,,BACI
2014,NFK,-1.3764398003143905,BACI
2014,NFK,,BACI
2015,NFK,-1.1641789958745243,BACI
2015,NFK,,BACI
2016,NFK,-1.1687712924562923,BACI
2016,NFK,,BACI
2017,NFK,-1.089357776455117,BACI
2017,NFK,,BACI
2018,NFK,-1.3546450176480695,BACI
2018,NFK,,BACI
2019,NFK,-1.397729314391844,BACI
2019,NFK,,BACI
2020,NFK,-1.6066091457721017,BACI
2020,NFK,,BACI
2021,NFK,-1.712137303271447,BACI
2021,NFK,,BACI
2022,NFK,-1.425397702473911,BACI
2022,NFK,,BACI
2023,NFK,-1.4183696475650338,BACI
2023,NFK,,BACI
2024,NFK,-1.606120379981557,BACI
2024,NFK,,BACI
2012,NGA,0.094792626587871,BACI
2012,NGA,,BACI
2013,NGA,0.2902786090386791,BACI
2013,NGA,,BACI
2014,NGA,0.3496785890782319,BACI
2014,NGA,,BACI
2015,NGA,0.497527384900333,BACI
2015,NGA,,BACI
2016,NGA,-0.0179314424789885,BACI
2016,NGA,,BACI
2017,NGA,0.2589636129361995,BACI
2017,NGA,,BACI
2018,NGA,0.5434021831721247,BACI
2018,NGA,,BACI
2019,NGA,0.5831445677663403,BACI
2019,NGA,,BACI
2020,NGA,0.8215138322268842,BACI
2020,NGA,,BACI
2021,NGA,0.857924405318419,BACI
2021,NGA,,BACI
2022,NGA,0.5419095272569784,BACI
2022,NGA,,BACI
2023,NGA,0.7782735846291695,BACI
2023,NGA,,BACI
2024,NGA,0.6071876986535434,BACI
2024,NGA,,BACI
2025,NGA,-0.2469255703946927,SSP2
2025,NGA,,SSP2
2030,NGA,-0.0602802779191192,SSP2
2030,NGA,,SSP2
2035,NGA,-0.1762925308198988,SSP2
2035,NGA,,SSP2
2040,NGA,-0.141442331460879,SSP2
2040,NGA,,SSP2
2045,NGA,-0.3204987648218562,SSP2
2045,NGA,,SSP2
2050,NGA,-0.3554323875286561,SSP2
2050,NGA,,SSP2
2055,NGA,-0.5355486041447172,SSP2
2055,NGA,,SSP2
2060,NGA,-0.5507641731757881,SSP2
2060,NGA,,SSP2
2065,NGA,-0.5863049206149875,SSP2
2065,NGA,,SSP2
2070,NGA,-1.1130535259213992,SSP2
2070,NGA,,SSP2
2075,NGA,-1.1788360942455285,SSP2
2075,NGA,,SSP2
2080,NGA,-1.138607458426124,SSP2
2080,NGA,,SSP2
2085,NGA,-0.994846886722116,SSP2
2085,NGA,,SSP2
2090,NGA,-0.995844143152938,SSP2
2090,NGA,,SSP2
2095,NGA,-1.019338509990485,SSP2
2095,NGA,,SSP2
2100,NGA,-0.968154861077432,SSP2
2100,NGA,,SSP2
2012,NIC,0.0580244569159348,BACI
2012,NIC,,BACI
2013,NIC,0.0799898614938526,BACI
2013,NIC,,BACI
2014,NIC,0.0590088128499952,BACI
2014,NIC,,BACI
2015,NIC,-0.1369181187088733,BACI
2015,NIC,,BACI
2016,NIC,0.0629287494766319,BACI
2016,NIC,,BACI
2017,NIC,-0.0336467589646473,BACI
2017,NIC,,BACI
2018,NIC,-0.1589842310687047,BACI
2018,NIC,,BACI
2019,NIC,0.107505244628777,BACI
2019,NIC,,BACI
2020,NIC,-0.0111005208293855,BACI
2020,NIC,,BACI
2021,NIC,0.1296960415398596,BACI
2021,NIC,,BACI
2022,NIC,0.2911668829597387,BACI
2022,NIC,,BACI
2023,NIC,0.1301554331784961,BACI
2023,NIC,,BACI
2024,NIC,0.1991794160138464,BACI
2024,NIC,,BACI
2025,NIC,-0.5106814740478992,SSP2
2025,NIC,,SSP2
2030,NIC,-0.5304074013336126,SSP2
2030,NIC,,SSP2
2035,NIC,-0.5691952168261284,SSP2
2035,NIC,,SSP2
2040,NIC,-0.6050581236235583,SSP2
2040,NIC,,SSP2
2045,NIC,-0.6100229038865298,SSP2
2045,NIC,,SSP2
2050,NIC,-0.6151728934459406,SSP2
2050,NIC,,SSP2
2055,NIC,-0.6144491221379667,SSP2
2055,NIC,,SSP2
2060,NIC,-0.5914886981954816,SSP2
2060,NIC,,SSP2
2065,NIC,-0.6002950718872264,SSP2
2065,NIC,,SSP2
2070,NIC,-0.5938131086814111,SSP2
2070,NIC,,SSP2
2075,NIC,-0.59194868529717,SSP2
2075,NIC,,SSP2
2080,NIC,-0.6289820103530304,SSP2
2080,NIC,,SSP2
2085,NIC,-0.6305473832516869,SSP2
2085,NIC,,SSP2
2090,NIC,-0.611511452515008,SSP2
2090,NIC,,SSP2
2095,NIC,-0.6225327596095612,SSP2
2095,NIC,,SSP2
2100,NIC,-0.6516008196038124,SSP2
2100,NIC,,SSP2
2012,NIU,-1.4755498162260077,BACI
2012,NIU,,BACI
2013,NIU,-1.4554541742159517,BACI
2013,NIU,,BACI
2014,NIU,-1.5269549349424034,BACI
2014,NIU,,BACI
2015,NIU,-1.5833769980722034,BACI
2015,NIU,,BACI
2016,NIU,-1.6875116366338376,BACI
2016,NIU,,BACI
2017,NIU,-1.51318800499099,BACI
2017,NIU,,BACI
2018,NIU,-1.0516625047527743,BACI
2018,NIU,,BACI
2019,NIU,-0.8186730805277728,BACI
2019,NIU,,BACI
2020,NIU,-1.901075072776988,BACI
2020,NIU,,BACI
2021,NIU,-1.6506669282486155,BACI
2021,NIU,,BACI
2022,NIU,-1.908783617073956,BACI
2022,NIU,,BACI
2023,NIU,-1.6151648821713736,BACI
2023,NIU,,BACI
2024,NIU,-1.4972715061158095,BACI
2024,NIU,,BACI
2012,NLD,,BACI
2012,NLD,1.9120995319562208,BACI
2013,NLD,,BACI
2013,NLD,2.0675670553231287,BACI
2014,NLD,,BACI
2014,NLD,2.3102448520748187,BACI
2015,NLD,,BACI
2015,NLD,1.5461584188868918,BACI
2016,NLD,,BACI
2016,NLD,2.1737941011376862,BACI
2017,NLD,,BACI
2017,NLD,1.8298876289065855,BACI
2018,NLD,,BACI
2018,NLD,2.2536024209359256,BACI
2019,NLD,,BACI
2019,NLD,2.0694143459714005,BACI
2020,NLD,,BACI
2020,NLD,1.919997166614142,BACI
2021,NLD,,BACI
2021,NLD,2.4111379513218294,BACI
2022,NLD,,BACI
2022,NLD,1.972450360758285,BACI
2023,NLD,,BACI
2023,NLD,1.688893733140259,BACI
2024,NLD,,BACI
2024,NLD,1.9643120038322444,BACI
2025,NLD,,SSP2
2025,NLD,2.6799331410775418,SSP2
2030,NLD,,SSP2
2030,NLD,2.549325010871825,SSP2
2035,NLD,,SSP2
2035,NLD,2.492197415799707,SSP2
2040,NLD,,SSP2
2040,NLD,2.3634419038391385,SSP2
2045,NLD,,SSP2
2045,NLD,2.124663624306221,SSP2
2050,NLD,,SSP2
2050,NLD,2.1573556085584777,SSP2
2055,NLD,,SSP2
2055,NLD,2.027477909030962,SSP2
2060,NLD,,SSP2
2060,NLD,2.0175778544559013,SSP2
2065,NLD,,SSP2
2065,NLD,2.071220661062678,SSP2
2070,NLD,,SSP2
2070,NLD,1.958089160422242,SSP2
2075,NLD,,SSP2
2075,NLD,1.87566725693914,SSP2
2080,NLD,,SSP2
2080,NLD,1.8463988609484503,SSP2
2085,NLD,,SSP2
2085,NLD,1.7985323932386454,SSP2
2090,NLD,,SSP2
2090,NLD,1.7552537546915283,SSP2
2095,NLD,,SSP2
2095,NLD,1.6430049074100574,SSP2
2100,NLD,,SSP2
2100,NLD,1.6650421737354757,SSP2
2012,NOR,1.280505141625856,BACI
2012,NOR,,BACI
2013,NOR,1.3686042458118122,BACI
2013,NOR,,BACI
2014,NOR,1.3618285234514194,BACI
2014,NOR,,BACI
2015,NOR,1.3464949863663502,BACI
2015,NOR,,BACI
2016,NOR,1.268947990137959,BACI
2016,NOR,,BACI
2017,NOR,1.728559435684397,BACI
2017,NOR,,BACI
2018,NOR,,BACI
2018,NOR,1.5380446954476272,BACI
2019,NOR,1.341311514945228,BACI
2019,NOR,,BACI
2020,NOR,1.3615655707907592,BACI
2020,NOR,,BACI
2021,NOR,1.4954865858947466,BACI
2021,NOR,,BACI
2022,NOR,0.8935332794064911,BACI
2022,NOR,,BACI
2023,NOR,1.1021335364607838,BACI
2023,NOR,,BACI
2024,NOR,1.1224390114277765,BACI
2024,NOR,,BACI
2025,NOR,,SSP2
2025,NOR,1.7121873260035498,SSP2
2030,NOR,,SSP2
2030,NOR,1.6907099533875782,SSP2
2035,NOR,,SSP2
2035,NOR,1.7898542517104483,SSP2
2040,NOR,1.7289684986429696,SSP2
2040,NOR,,SSP2
2045,NOR,1.6034689994631393,SSP2
2045,NOR,,SSP2
2050,NOR,1.7093439872243947,SSP2
2050,NOR,,SSP2
2055,NOR,1.8005709080291898,SSP2
2055,NOR,,SSP2
2060,NOR,1.8121310723988884,SSP2
2060,NOR,,SSP2
2065,NOR,1.816287997353597,SSP2
2065,NOR,,SSP2
2070,NOR,1.7837292503090807,SSP2
2070,NOR,,SSP2
2075,NOR,1.6267522047550504,SSP2
2075,NOR,,SSP2
2080,NOR,1.6413673320102875,SSP2
2080,NOR,,SSP2
2085,NOR,1.5496393025008233,SSP2
2085,NOR,,SSP2
2090,NOR,1.5480168802213878,SSP2
2090,NOR,,SSP2
2095,NOR,1.594711451481886,SSP2
2095,NOR,,SSP2
2100,NOR,1.5157937560392083,SSP2
2100,NOR,,SSP2
2012,NPL,-0.3751273629152094,BACI
2012,NPL,,BACI
2013,NPL,0.1157477432970705,BACI
2013,NPL,,BACI
2014,NPL,0.018548741529879,BACI
2014,NPL,,BACI
2015,NPL,0.1171039237137191,BACI
2015,NPL,,BACI
2016,NPL,-0.0059750137560913,BACI
2016,NPL,,BACI
2017,NPL,-0.0877205546340091,BACI
2017,NPL,,BACI
2018,NPL,-0.0903009702388171,BACI
2018,NPL,,BACI
2019,NPL,0.0176394146673485,BACI
2019,NPL,,BACI
2020,NPL,0.0574722144224676,BACI
2020,NPL,,BACI
2021,NPL,-0.0129873770342008,BACI
2021,NPL,,BACI
2022,NPL,-0.1285498461783407,BACI
2022,NPL,,BACI
2023,NPL,-0.0371545028988086,BACI
2023,NPL,,BACI
2024,NPL,0.1023029181268492,BACI
2024,NPL,,BACI
2025,NPL,-0.5098265939169788,SSP2
2025,NPL,,SSP2
2030,NPL,-0.5779971366770855,SSP2
2030,NPL,,SSP2
2035,NPL,-0.5925946735593656,SSP2
2035,NPL,,SSP2
2040,NPL,-0.4245003567639708,SSP2
2040,NPL,,SSP2
2045,NPL,-0.4461748439510782,SSP2
2045,NPL,,SSP2
2050,NPL,-0.466152043256776,SSP2
2050,NPL,,SSP2
2055,NPL,-0.5030227629795048,SSP2
2055,NPL,,SSP2
2060,NPL,-0.3279127122176737,SSP2
2060,NPL,,SSP2
2065,NPL,-0.3094439639140066,SSP2
2065,NPL,,SSP2
2070,NPL,-0.2779608738130304,SSP2
2070,NPL,,SSP2
2075,NPL,-0.2814990336695083,SSP2
2075,NPL,,SSP2
2080,NPL,-0.2873779417811372,SSP2
2080,NPL,,SSP2
2085,NPL,-0.2742658580972261,SSP2
2085,NPL,,SSP2
2090,NPL,-0.2708793977722719,SSP2
2090,NPL,,SSP2
2095,NPL,-0.2756935136719058,SSP2
2095,NPL,,SSP2
2100,NPL,-0.2706809709788894,SSP2
2100,NPL,,SSP2
2012,NRU,-1.2798096179352836,BACI
2012,NRU,,BACI
2013,NRU,-1.5682029381349574,BACI
2013,NRU,,BACI
2014,NRU,-1.473590973209567,BACI
2014,NRU,,BACI
2015,NRU,-1.5104400401496227,BACI
2015,NRU,,BACI
2016,NRU,-1.3907876170854745,BACI
2016,NRU,,BACI
2017,NRU,-1.3734591142074346,BACI
2017,NRU,,BACI
2018,NRU,-1.5049199108752045,BACI
2018,NRU,,BACI
2019,NRU,-1.4337891313726243,BACI
2019,NRU,,BACI
2020,NRU,-1.312953514103065,BACI
2020,NRU,,BACI
2021,NRU,-1.3045330903132215,BACI
2021,NRU,,BACI
2022,NRU,-1.3437232164291388,BACI
2022,NRU,,BACI
2023,NRU,-1.442460974545125,BACI
2023,NRU,,BACI
2024,NRU,-1.2264677712850884,BACI
2024,NRU,,BACI
2012,NZL,0.5439919846345282,BACI
2012,NZL,,BACI
2013,NZL,0.5303876554215604,BACI
2013,NZL,,BACI
2014,NZL,0.357935622893187,BACI
2014,NZL,,BACI
2015,NZL,,BACI
2015,NZL,0.4294666168244551,BACI
2016,NZL,,BACI
2016,NZL,0.4379772521495486,BACI
2017,NZL,0.4821594675862346,BACI
2017,NZL,,BACI
2018,NZL,,BACI
2018,NZL,0.3086101246464204,BACI
2019,NZL,0.3993700194691695,BACI
2019,NZL,,BACI
2020,NZL,,BACI
2020,NZL,0.3098062790903403,BACI
2021,NZL,,BACI
2021,NZL,0.1891546439435638,BACI
2022,NZL,,BACI
2022,NZL,0.2336831130547765,BACI
2023,NZL,,BACI
2023,NZL,0.1784548594549002,BACI
2024,NZL,,BACI
2024,NZL,0.389986167764893,BACI
2025,NZL,,SSP2
2025,NZL,0.3689874757670678,SSP2
2030,NZL,0.3873547169945288,SSP2
2030,NZL,,SSP2
2035,NZL,0.3804469698702241,SSP2
2035,NZL,,SSP2
2040,NZL,0.2946027148202231,SSP2
2040,NZL,,SSP2
2045,NZL,,SSP2
2045,NZL,0.323044343090273,SSP2
2050,NZL,,SSP2
2050,NZL,0.3106888209432478,SSP2
2055,NZL,,SSP2
2055,NZL,0.3409704997329116,SSP2
2060,NZL,,SSP2
2060,NZL,0.3945578846698682,SSP2
2065,NZL,,SSP2
2065,NZL,0.3833612634532152,SSP2
2070,NZL,,SSP2
2070,NZL,0.4147639967517447,SSP2
2075,NZL,,SSP2
2075,NZL,0.4259235720960239,SSP2
2080,NZL,0.3255457973099713,SSP2
2080,NZL,,SSP2
2085,NZL,,SSP2
2085,NZL,0.3007326106431706,SSP2
2090,NZL,,SSP2
2090,NZL,0.3219116285207742,SSP2
2095,NZL,,SSP2
2095,NZL,0.3676437714707926,SSP2
2100,NZL,,SSP2
2100,NZL,0.3494953929356865,SSP2
2012,OMN,0.6100689639530084,BACI
2012,OMN,,BACI
2013,OMN,0.5820459813822332,BACI
2013,OMN,,BACI
2014,OMN,0.5799439941477162,BACI
2014,OMN,,BACI
2015,OMN,0.6061033213725674,BACI
2015,OMN,,BACI
2016,OMN,0.6998005795457811,BACI
2016,OMN,,BACI
2017,OMN,0.5650049568261835,BACI
2017,OMN,,BACI
2018,OMN,0.611800667373862,BACI
2018,OMN,,BACI
2019,OMN,0.9449476486135872,BACI
2019,OMN,,BACI
2020,OMN,1.0571087546971316,BACI
2020,OMN,,BACI
2021,OMN,0.9972972166954857,BACI
2021,OMN,,BACI
2022,OMN,1.0772989730775155,BACI
2022,OMN,,BACI
2023,OMN,1.320004262011288,BACI
2023,OMN,,BACI
2024,OMN,0.5193020852570157,BACI
2024,OMN,,BACI
2025,OMN,-0.4227535955027039,SSP2
2025,OMN,,SSP2
2030,OMN,-0.4804527446351037,SSP2
2030,OMN,,SSP2
2035,OMN,-0.4339913322247757,SSP2
2035,OMN,,SSP2
2040,OMN,-0.4162526464050187,SSP2
2040,OMN,,SSP2
2045,OMN,-0.465688273154528,SSP2
2045,OMN,,SSP2
2050,OMN,-0.4848382453728456,SSP2
2050,OMN,,SSP2
2055,OMN,-0.4627581502158593,SSP2
2055,OMN,,SSP2
2060,OMN,-0.4656700872475816,SSP2
2060,OMN,,SSP2
2065,OMN,-0.4746866919117617,SSP2
2065,OMN,,SSP2
2070,OMN,-0.4095620301878274,SSP2
2070,OMN,,SSP2
2075,OMN,-0.3560280723521587,SSP2
2075,OMN,,SSP2
2080,OMN,-0.3305430729378761,SSP2
2080,OMN,,SSP2
2085,OMN,-0.3947036424489856,SSP2
2085,OMN,,SSP2
2090,OMN,-0.3699619652098063,SSP2
2090,OMN,,SSP2
2095,OMN,-0.3376356720658175,SSP2
2095,OMN,,SSP2
2100,OMN,-0.3333760123910274,SSP2
2100,OMN,,SSP2
2012,PAK,,BACI
2012,PAK,0.7848905815986914,BACI
2013,PAK,,BACI
2013,PAK,0.7224551635452148,BACI
2014,PAK,,BACI
2014,PAK,0.7503987544438967,BACI
2015,PAK,,BACI
2015,PAK,0.8179439119628867,BACI
2016,PAK,,BACI
2016,PAK,0.6808413723624369,BACI
2017,PAK,0.6222607452970329,BACI
2017,PAK,,BACI
2018,PAK,,BACI
2018,PAK,0.5556895885079564,BACI
2019,PAK,0.5753401413761037,BACI
2019,PAK,,BACI
2020,PAK,0.6946535944550726,BACI
2020,PAK,,BACI
2021,PAK,0.7606295133466559,BACI
2021,PAK,,BACI
2022,PAK,0.8277170070881662,BACI
2022,PAK,,BACI
2023,PAK,0.6833090864668888,BACI
2023,PAK,,BACI
2024,PAK,,BACI
2024,PAK,0.7461284718058075,BACI
2025,PAK,,SSP2
2025,PAK,0.3617528558356707,SSP2
2030,PAK,,SSP2
2030,PAK,0.4236386160405394,SSP2
2035,PAK,,SSP2
2035,PAK,0.4857918254453062,SSP2
2040,PAK,0.3873147473281937,SSP2
2040,PAK,,SSP2
2045,PAK,0.33436308635608,SSP2
2045,PAK,,SSP2
2050,PAK,0.0879983154729847,SSP2
2050,PAK,,SSP2
2055,PAK,0.0244751351709192,SSP2
2055,PAK,,SSP2
2060,PAK,0.017124005601995,SSP2
2060,PAK,,SSP2
2065,PAK,0.0114935282824112,SSP2
2065,PAK,,SSP2
2070,PAK,-0.0100787128546018,SSP2
2070,PAK,,SSP2
2075,PAK,0.036973031521368,SSP2
2075,PAK,,SSP2
2080,PAK,0.0129103348062184,SSP2
2080,PAK,,SSP2
2085,PAK,0.022998951194644,SSP2
2085,PAK,,SSP2
2090,PAK,0.0289490683394696,SSP2
2090,PAK,,SSP2
2095,PAK,-0.0404849347000234,SSP2
2095,PAK,,SSP2
2100,PAK,-0.0519662855795771,SSP2
2100,PAK,,SSP2
2012,PAN,0.7873177474396181,BACI
2012,PAN,,BACI
2013,PAN,0.9190353766450864,BACI
2013,PAN,,BACI
2014,PAN,0.8729830543008749,BACI
2014,PAN,,BACI
2015,PAN,0.7556286760882484,BACI
2015,PAN,,BACI
2016,PAN,0.3624434299693946,BACI
2016,PAN,,BACI
2017,PAN,0.4490084709889353,BACI
2017,PAN,,BACI
2018,PAN,0.4280215565572098,BACI
2018,PAN,,BACI
2019,PAN,0.4933677461503746,BACI
2019,PAN,,BACI
2020,PAN,0.4775273294854594,BACI
2020,PAN,,BACI
2021,PAN,0.112499257682958,BACI
2021,PAN,,BACI
2022,PAN,0.3158324788690794,BACI
2022,PAN,,BACI
2023,PAN,0.2645936255191657,BACI
2023,PAN,,BACI
2024,PAN,0.4575328463479799,BACI
2024,PAN,,BACI
2025,PAN,0.3308907306547488,SSP2
2025,PAN,,SSP2
2030,PAN,0.3311371061708854,SSP2
2030,PAN,,SSP2
2035,PAN,0.3474832531235304,SSP2
2035,PAN,,SSP2
2040,PAN,0.2842135369178685,SSP2
2040,PAN,,SSP2
2045,PAN,0.354827863954773,SSP2
2045,PAN,,SSP2
2050,PAN,0.3659812440583598,SSP2
2050,PAN,,SSP2
2055,PAN,0.3784614187098004,SSP2
2055,PAN,,SSP2
2060,PAN,0.3789935013754857,SSP2
2060,PAN,,SSP2
2065,PAN,0.3205231695897522,SSP2
2065,PAN,,SSP2
2070,PAN,0.361841546995709,SSP2
2070,PAN,,SSP2
2075,PAN,0.3495541812301082,SSP2
2075,PAN,,SSP2
2080,PAN,0.3031087887746526,SSP2
2080,PAN,,SSP2
2085,PAN,0.2938432283427677,SSP2
2085,PAN,,SSP2
2090,PAN,0.3343807309707917,SSP2
2090,PAN,,SSP2
2095,PAN,0.3429814592368516,SSP2
2095,PAN,,SSP2
2100,PAN,0.3347922220903442,SSP2
2100,PAN,,SSP2
2012,PCN,-1.6172190364788106,BACI
2012,PCN,,BACI
2013,PCN,-1.5960770726067357,BACI
2013,PCN,,BACI
2014,PCN,-1.6147382330004127,BACI
2014,PCN,,BACI
2015,PCN,-1.647547170339483,BACI
2015,PCN,,BACI
2016,PCN,-1.9651623966626657,BACI
2016,PCN,,BACI
2017,PCN,-2.1616239190389774,BACI
2017,PCN,,BACI
2018,PCN,-2.011409736121209,BACI
2018,PCN,,BACI
2019,PCN,-1.9166576597240017,BACI
2019,PCN,,BACI
2020,PCN,-1.9395154292300885,BACI
2020,PCN,,BACI
2021,PCN,-1.4539872220120489,BACI
2021,PCN,,BACI
2022,PCN,-1.4869946644070509,BACI
2022,PCN,,BACI
2023,PCN,-1.9578459018029344,BACI
2023,PCN,,BACI
2024,PCN,-1.7649048940540213,BACI
2024,PCN,,BACI
2012,PER,0.851406104695955,BACI
2012,PER,,BACI
2013,PER,0.8480491931843569,BACI
2013,PER,,BACI
2014,PER,0.9498566292742172,BACI
2014,PER,,BACI
2015,PER,0.8502613692678154,BACI
2015,PER,,BACI
2016,PER,0.7154008077513808,BACI
2016,PER,,BACI
2017,PER,0.8277702258621574,BACI
2017,PER,,BACI
2018,PER,0.7606377206584543,BACI
2018,PER,,BACI
2019,PER,0.8780722773720377,BACI
2019,PER,,BACI
2020,PER,0.8683328150398995,BACI
2020,PER,,BACI
2021,PER,0.8249860948806798,BACI
2021,PER,,BACI
2022,PER,0.9251774595635924,BACI
2022,PER,,BACI
2023,PER,0.8876903891494613,BACI
2023,PER,,BACI
2024,PER,0.9802044326260028,BACI
2024,PER,,BACI
2025,PER,0.2138800038945783,SSP2
2025,PER,,SSP2
2030,PER,0.2219085805094646,SSP2
2030,PER,,SSP2
2035,PER,0.2571178977393982,SSP2
2035,PER,,SSP2
2040,PER,0.1667199791867656,SSP2
2040,PER,,SSP2
2045,PER,0.2436526300733806,SSP2
2045,PER,,SSP2
2050,PER,0.2342226705439733,SSP2
2050,PER,,SSP2
2055,PER,0.3542691428885239,SSP2
2055,PER,,SSP2
2060,PER,0.4283047109850357,SSP2
2060,PER,,SSP2
2065,PER,0.4884513867777896,SSP2
2065,PER,,SSP2
2070,PER,0.534723040648383,SSP2
2070,PER,,SSP2
2075,PER,0.5438248059369213,SSP2
2075,PER,,SSP2
2080,PER,0.4153832982347936,SSP2
2080,PER,,SSP2
2085,PER,0.3682678944706113,SSP2
2085,PER,,SSP2
2090,PER,0.4573272105578656,SSP2
2090,PER,,SSP2
2095,PER,0.510775604624613,SSP2
2095,PER,,SSP2
2100,PER,0.4910004683265839,SSP2
2100,PER,,SSP2
2012,PHL,0.5829938864676131,BACI
2012,PHL,,BACI
2013,PHL,0.558063660302588,BACI
2013,PHL,,BACI
2014,PHL,0.3240483533323222,BACI
2014,PHL,,BACI
2015,PHL,0.3804602297085453,BACI
2015,PHL,,BACI
2016,PHL,0.5926106935937512,BACI
2016,PHL,,BACI
2017,PHL,0.8365763256439339,BACI
2017,PHL,,BACI
2018,PHL,0.8169428114863456,BACI
2018,PHL,,BACI
2019,PHL,0.6121140167221605,BACI
2019,PHL,,BACI
2020,PHL,0.6639316725195048,BACI
2020,PHL,,BACI
2021,PHL,0.5869636517428897,BACI
2021,PHL,,BACI
2022,PHL,0.6668633704537964,BACI
2022,PHL,,BACI
2023,PHL,0.609653535045091,BACI
2023,PHL,,BACI
2024,PHL,0.6444760103337197,BACI
2024,PHL,,BACI
2025,PHL,0.4629910161513488,SSP2
2025,PHL,,SSP2
2030,PHL,0.5626237552265205,SSP2
2030,PHL,,SSP2
2035,PHL,0.4879965666328087,SSP2
2035,PHL,,SSP2
2040,PHL,0.6767359450477513,SSP2
2040,PHL,,SSP2
2045,PHL,0.717791884948566,SSP2
2045,PHL,,SSP2
2050,PHL,0.8091777636678832,SSP2
2050,PHL,,SSP2
2055,PHL,0.7408689585707631,SSP2
2055,PHL,,SSP2
2060,PHL,0.6894896555762273,SSP2
2060,PHL,,SSP2
2065,PHL,0.6767049396344014,SSP2
2065,PHL,,SSP2
2070,PHL,0.7134495457179272,SSP2
2070,PHL,,SSP2
2075,PHL,0.7344988514132728,SSP2
2075,PHL,,SSP2
2080,PHL,0.7385181558739926,SSP2
2080,PHL,,SSP2
2085,PHL,0.735021317716329,SSP2
2085,PHL,,SSP2
2090,PHL,0.6249360887839582,SSP2
2090,PHL,,SSP2
2095,PHL,0.5917244777509061,SSP2
2095,PHL,,SSP2
2100,PHL,0.5548475851412251,SSP2
2100,PHL,,SSP2
2012,PLW,-1.062374480048336,BACI
2012,PLW,,BACI
2013,PLW,-1.9801831112939667,BACI
2013,PLW,,BACI
2014,PLW,-1.3467284390413772,BACI
2014,PLW,,BACI
2015,PLW,-1.9300523713262348,BACI
2015,PLW,,BACI
2016,PLW,-1.642521248046955,BACI
2016,PLW,,BACI
2017,PLW,-1.9963480060765744,BACI
2017,PLW,,BACI
2018,PLW,-1.7078416578391966,BACI
2018,PLW,,BACI
2019,PLW,-1.9740172091161563,BACI
2019,PLW,,BACI
2020,PLW,-2.004366421296016,BACI
2020,PLW,,BACI
2021,PLW,-2.015583825770451,BACI
2021,PLW,,BACI
2022,PLW,-2.047366682002199,BACI
2022,PLW,,BACI
2023,PLW,-2.233268004576565,BACI
2023,PLW,,BACI
2024,PLW,-1.7227645644133307,BACI
2024,PLW,,BACI
2012,PNG,-0.5408348858300803,BACI
2012,PNG,,BACI
2013,PNG,-1.039256067777497,BACI
2013,PNG,,BACI
2014,PNG,-1.122551799874558,BACI
2014,PNG,,BACI
2015,PNG,-1.0153221637551997,BACI
2015,PNG,,BACI
2016,PNG,-1.2665987841456028,BACI
2016,PNG,,BACI
2017,PNG,-0.7084052485729055,BACI
2017,PNG,,BACI
2018,PNG,-0.9339224545923618,BACI
2018,PNG,,BACI
2019,PNG,-1.1847372342629352,BACI
2019,PNG,,BACI
2020,PNG,-1.081545321165483,BACI
2020,PNG,,BACI
2021,PNG,-1.0085975233364597,BACI
2021,PNG,,BACI
2022,PNG,-1.1451448910464,BACI
2022,PNG,,BACI
2023,PNG,-1.0888557392410274,BACI
2023,PNG,,BACI
2024,PNG,-1.7071898204508424,BACI
2024,PNG,,BACI
2025,PNG,-1.1295460815542644,SSP2
2025,PNG,,SSP2
2030,PNG,-1.219280326856059,SSP2
2030,PNG,,SSP2
2035,PNG,-1.0083179739972532,SSP2
2035,PNG,,SSP2
2040,PNG,-1.0168766608432525,SSP2
2040,PNG,,SSP2
2045,PNG,-1.0961617898537126,SSP2
2045,PNG,,SSP2
2050,PNG,-1.1940294243881198,SSP2
2050,PNG,,SSP2
2055,PNG,-1.2127711778554209,SSP2
2055,PNG,,SSP2
2060,PNG,-1.2002117620661192,SSP2
2060,PNG,,SSP2
2065,PNG,-1.221112679100122,SSP2
2065,PNG,,SSP2
2070,PNG,-1.2012522788336863,SSP2
2070,PNG,,SSP2
2075,PNG,-1.2430801358043595,SSP2
2075,PNG,,SSP2
2080,PNG,-1.2089216712304804,SSP2
2080,PNG,,SSP2
2085,PNG,-1.2238959681070505,SSP2
2085,PNG,,SSP2
2090,PNG,-1.2425879907816182,SSP2
2090,PNG,,SSP2
2095,PNG,-1.190672761630282,SSP2
2095,PNG,,SSP2
2100,PNG,-1.151785843617429,SSP2
2100,PNG,,SSP2
2012,POL,1.634799409060309,BACI
2012,POL,,BACI
2013,POL,,BACI
2013,POL,1.6856542892376998,BACI
2014,POL,,BACI
2014,POL,1.6778296410308489,BACI
2015,POL,,BACI
2015,POL,1.8752403817111465,BACI
2016,POL,,BACI
2016,POL,1.7029879231399268,BACI
2017,POL,,BACI
2017,POL,1.846636374668772,BACI
2018,POL,,BACI
2018,POL,1.8900769047239028,BACI
2019,POL,,BACI
2019,POL,1.8035032954846089,BACI
2020,POL,,BACI
2020,POL,1.672371204200736,BACI
2021,POL,,BACI
2021,POL,1.5949713132886294,BACI
2022,POL,,BACI
2022,POL,1.417508701220627,BACI
2023,POL,,BACI
2023,POL,1.524561009683559,BACI
2024,POL,,BACI
2024,POL,1.3514324973508822,BACI
2025,POL,,SSP2
2025,POL,1.7036451704808462,SSP2
2030,POL,,SSP2
2030,POL,1.7077633579856204,SSP2
2035,POL,,SSP2
2035,POL,0.8167709242515798,SSP2
2040,POL,,SSP2
2040,POL,0.8492062741779997,SSP2
2045,POL,,SSP2
2045,POL,0.8863623243397468,SSP2
2050,POL,,SSP2
2050,POL,0.9225289922248672,SSP2
2055,POL,,SSP2
2055,POL,1.0865699114938605,SSP2
2060,POL,,SSP2
2060,POL,1.1540472474822514,SSP2
2065,POL,,SSP2
2065,POL,1.1510369334235198,SSP2
2070,POL,,SSP2
2070,POL,1.2514096591076629,SSP2
2075,POL,,SSP2
2075,POL,1.444420871656723,SSP2
2080,POL,,SSP2
2080,POL,1.625698463160837,SSP2
2085,POL,,SSP2
2085,POL,1.655028237927718,SSP2
2090,POL,,SSP2
2090,POL,1.6077162481357914,SSP2
2095,POL,,SSP2
2095,POL,1.6003843211118711,SSP2
2100,POL,,SSP2
2100,POL,1.5298674242906,SSP2
2012,PRK,0.3244203615881862,BACI
2012,PRK,,BACI
2013,PRK,-0.0556857600173748,BACI
2013,PRK,,BACI
2014,PRK,0.2567383736515077,BACI
2014,PRK,,BACI
2015,PRK,0.3809309221085615,BACI
2015,PRK,,BACI
2016,PRK,-0.0814736499080667,BACI
2016,PRK,,BACI
2017,PRK,0.1744070859985138,BACI
2017,PRK,,BACI
2018,PRK,0.0405367842349756,BACI
2018,PRK,,BACI
2019,PRK,0.1653227354524631,BACI
2019,PRK,,BACI
2020,PRK,0.0427627025388174,BACI
2020,PRK,,BACI
2021,PRK,-0.1677002747268426,BACI
2021,PRK,,BACI
2022,PRK,0.0163170826858686,BACI
2022,PRK,,BACI
2023,PRK,0.0371363857554553,BACI
2023,PRK,,BACI
2024,PRK,0.0973821640776186,BACI
2024,PRK,,BACI
2012,PRT,,BACI
2012,PRT,0.911415960495752,BACI
2013,PRT,,BACI
2013,PRT,0.9092208959410244,BACI
2014,PRT,0.8032932872789892,BACI
2014,PRT,,BACI
2015,PRT,0.8489652957225388,BACI
2015,PRT,,BACI
2016,PRT,0.7515291272180001,BACI
2016,PRT,,BACI
2017,PRT,,BACI
2017,PRT,0.7132780996534256,BACI
2018,PRT,0.6225241521406178,BACI
2018,PRT,,BACI
2019,PRT,,BACI
2019,PRT,0.6067215105635171,BACI
2020,PRT,,BACI
2020,PRT,0.5613458848352706,BACI
2021,PRT,,BACI
2021,PRT,0.5706513603317167,BACI
2022,PRT,0.6836286346057415,BACI
2022,PRT,,BACI
2023,PRT,,BACI
2023,PRT,0.7446052462761112,BACI
2024,PRT,0.791720036431775,BACI
2024,PRT,,BACI
2025,PRT,0.709036594979384,SSP2
2025,PRT,,SSP2
2030,PRT,0.7269047252963302,SSP2
2030,PRT,,SSP2
2035,PRT,0.7195741589957431,SSP2
2035,PRT,,SSP2
2040,PRT,0.6944277632653044,SSP2
2040,PRT,,SSP2
2045,PRT,0.6393308488911634,SSP2
2045,PRT,,SSP2
2050,PRT,0.7753798688745166,SSP2
2050,PRT,,SSP2
2055,PRT,0.5918760121830587,SSP2
2055,PRT,,SSP2
2060,PRT,0.5573684444464236,SSP2
2060,PRT,,SSP2
2065,PRT,0.5853546138529919,SSP2
2065,PRT,,SSP2
2070,PRT,0.8497344085645648,SSP2
2070,PRT,,SSP2
2075,PRT,0.8658919325299872,SSP2
2075,PRT,,SSP2
2080,PRT,0.8901471078553856,SSP2
2080,PRT,,SSP2
2085,PRT,0.8898571260274644,SSP2
2085,PRT,,SSP2
2090,PRT,0.8816388729998064,SSP2
2090,PRT,,SSP2
2095,PRT,0.8951540224998968,SSP2
2095,PRT,,SSP2
2100,PRT,0.8972247897440285,SSP2
2100,PRT,,SSP2
2012,PRY,0.1348265867844654,BACI
2012,PRY,,BACI
2013,PRY,0.0441500508500606,BACI
2013,PRY,,BACI
2014,PRY,0.0697887134165261,BACI
2014,PRY,,BACI
2015,PRY,0.0210242052973066,BACI
2015,PRY,,BACI
2016,PRY,-0.0556760750548082,BACI
2016,PRY,,BACI
2017,PRY,0.0314953590059849,BACI
2017,PRY,,BACI
2018,PRY,0.0308477631841734,BACI
2018,PRY,,BACI
2019,PRY,0.0221406149383051,BACI
2019,PRY,,BACI
2020,PRY,-0.0423534937029081,BACI
2020,PRY,,BACI
2021,PRY,-0.158206135811763,BACI
2021,PRY,,BACI
2022,PRY,0.0282837038039045,BACI
2022,PRY,,BACI
2023,PRY,-0.0490024318715726,BACI
2023,PRY,,BACI
2024,PRY,0.0396369036147673,BACI
2024,PRY,,BACI
2025,PRY,-0.7931986454107481,SSP2
2025,PRY,,SSP2
2030,PRY,-0.7776997462558067,SSP2
2030,PRY,,SSP2
2035,PRY,-0.7888035232138176,SSP2
2035,PRY,,SSP2
2040,PRY,-0.7609259570603241,SSP2
2040,PRY,,SSP2
2045,PRY,-0.7594677332114257,SSP2
2045,PRY,,SSP2
2050,PRY,-0.7503532819044096,SSP2
2050,PRY,,SSP2
2055,PRY,-0.7612212454366752,SSP2
2055,PRY,,SSP2
2060,PRY,-0.7610498925459467,SSP2
2060,PRY,,SSP2
2065,PRY,-0.7535557157384023,SSP2
2065,PRY,,SSP2
2070,PRY,-0.7894285881781863,SSP2
2070,PRY,,SSP2
2075,PRY,-0.7853720402284068,SSP2
2075,PRY,,SSP2
2080,PRY,-0.8420502975017521,SSP2
2080,PRY,,SSP2
2085,PRY,-0.8219161935339845,SSP2
2085,PRY,,SSP2
2090,PRY,-0.8043378491242805,SSP2
2090,PRY,,SSP2
2095,PRY,-0.8162638094648945,SSP2
2095,PRY,,SSP2
2100,PRY,-0.7931048135434815,SSP2
2100,PRY,,SSP2
2012,PSE,-0.3352141730306124,BACI
2012,PSE,,BACI
2013,PSE,-0.4553557405577905,BACI
2013,PSE,,BACI
2014,PSE,-0.7474704812665505,BACI
2014,PSE,,BACI
2015,PSE,-0.2906934652313864,BACI
2015,PSE,,BACI
2016,PSE,-0.3870722997791228,BACI
2016,PSE,,BACI
2017,PSE,-0.384359638423052,BACI
2017,PSE,,BACI
2018,PSE,-0.3906842280346198,BACI
2018,PSE,,BACI
2019,PSE,-0.2208020944778649,BACI
2019,PSE,,BACI
2020,PSE,-0.39108316333664,BACI
2020,PSE,,BACI
2021,PSE,-0.2710971936686872,BACI
2021,PSE,,BACI
2022,PSE,-0.8676461729832631,BACI
2022,PSE,,BACI
2023,PSE,-0.2040990498407879,BACI
2023,PSE,,BACI
2024,PSE,-1.104404520304593,BACI
2024,PSE,,BACI
2012,PYF,-0.835504139555898,BACI
2012,PYF,,BACI
2013,PYF,-0.7879266687229823,BACI
2013,PYF,,BACI
2014,PYF,-1.145472903953508,BACI
2014,PYF,,BACI
2015,PYF,-1.122527178704502,BACI
2015,PYF,,BACI
2016,PYF,-1.0496649260338746,BACI
2016,PYF,,BACI
2017,PYF,-1.2756684365054545,BACI
2017,PYF,,BACI
2018,PYF,-1.0915605721810868,BACI
2018,PYF,,BACI
2019,PYF,-1.068928499382991,BACI
2019,PYF,,BACI
2020,PYF,-1.214662242110566,BACI
2020,PYF,,BACI
2021,PYF,-1.2517846447683385,BACI
2021,PYF,,BACI
2022,PYF,-1.1742767829571807,BACI
2022,PYF,,BACI
2023,PYF,-1.3238575728239046,BACI
2023,PYF,,BACI
2024,PYF,-1.1381885632376436,BACI
2024,PYF,,BACI
2025,PYF,-1.1202414104067413,SSP2
2025,PYF,,SSP2
2030,PYF,-1.1475708899768853,SSP2
2030,PYF,,SSP2
2035,PYF,-1.1940846084968697,SSP2
2035,PYF,,SSP2
2040,PYF,-0.9861486280697797,SSP2
2040,PYF,,SSP2
2045,PYF,-1.010802244424042,SSP2
2045,PYF,,SSP2
2050,PYF,-1.0274592998771577,SSP2
2050,PYF,,SSP2
2055,PYF,-0.8707986045307679,SSP2
2055,PYF,,SSP2
2060,PYF,-0.8655536600416098,SSP2
2060,PYF,,SSP2
2065,PYF,-0.8327563705635,SSP2
2065,PYF,,SSP2
2070,PYF,-0.8020243326480695,SSP2
2070,PYF,,SSP2
2075,PYF,-0.7529908137901054,SSP2
2075,PYF,,SSP2
2080,PYF,-0.8087496336654483,SSP2
2080,PYF,,SSP2
2085,PYF,-0.7672097707131076,SSP2
2085,PYF,,SSP2
2090,PYF,-0.7056641476589762,SSP2
2090,PYF,,SSP2
2095,PYF,-0.6954565338518064,SSP2
2095,PYF,,SSP2
2100,PYF,-0.6403630498375024,SSP2
2100,PYF,,SSP2
2012,QAT,0.845088457634083,BACI
2012,QAT,,BACI
2013,QAT,0.8016539614650697,BACI
2013,QAT,,BACI
2014,QAT,0.6537837796191657,BACI
2014,QAT,,BACI
2015,QAT,0.565055412732245,BACI
2015,QAT,,BACI
2016,QAT,0.6209515704210707,BACI
2016,QAT,,BACI
2017,QAT,0.6439910842661003,BACI
2017,QAT,,BACI
2018,QAT,0.7689671043657105,BACI
2018,QAT,,BACI
2019,QAT,0.7184437621041474,BACI
2019,QAT,,BACI
2020,QAT,0.7989181779482076,BACI
2020,QAT,,BACI
2021,QAT,0.9305393912389488,BACI
2021,QAT,,BACI
2022,QAT,0.9719408335318684,BACI
2022,QAT,,BACI
2023,QAT,0.6951180286105739,BACI
2023,QAT,,BACI
2024,QAT,1.110437647844327,BACI
2024,QAT,,BACI
2025,QAT,-0.0505360838499985,SSP2
2025,QAT,,SSP2
2030,QAT,-0.0765833102477689,SSP2
2030,QAT,,SSP2
2035,QAT,0.0348821797898386,SSP2
2035,QAT,,SSP2
2040,QAT,0.0747979625658373,SSP2
2040,QAT,,SSP2
2045,QAT,0.0331154380895613,SSP2
2045,QAT,,SSP2
2050,QAT,-0.0384776483479467,SSP2
2050,QAT,,SSP2
2055,QAT,0.0245629901735859,SSP2
2055,QAT,,SSP2
2060,QAT,0.0143651911018645,SSP2
2060,QAT,,SSP2
2065,QAT,0.0256613115942936,SSP2
2065,QAT,,SSP2
2070,QAT,0.0168148267567117,SSP2
2070,QAT,,SSP2
2075,QAT,0.1000338531825159,SSP2
2075,QAT,,SSP2
2080,QAT,0.0709905260847888,SSP2
2080,QAT,,SSP2
2085,QAT,-0.0040705244316765,SSP2
2085,QAT,,SSP2
2090,QAT,-0.0146240123165826,SSP2
2090,QAT,,SSP2
2095,QAT,-0.0237406310715323,SSP2
2095,QAT,,SSP2
2100,QAT,0.2563309228747957,SSP2
2100,QAT,,SSP2
2012,ROU,1.2680004794891893,BACI
2012,ROU,,BACI
2013,ROU,,BACI
2013,ROU,1.2780087758537697,BACI
2014,ROU,,BACI
2014,ROU,1.3244014464930067,BACI
2015,ROU,,BACI
2015,ROU,1.1530587038675535,BACI
2016,ROU,,BACI
2016,ROU,1.137482700539227,BACI
2017,ROU,,BACI
2017,ROU,1.1482230692936783,BACI
2018,ROU,,BACI
2018,ROU,1.0907574313662367,BACI
2019,ROU,,BACI
2019,ROU,0.9391993560003568,BACI
2020,ROU,,BACI
2020,ROU,1.0678259596246489,BACI
2021,ROU,,BACI
2021,ROU,1.1435725002860893,BACI
2022,ROU,,BACI
2022,ROU,1.0754860064649785,BACI
2023,ROU,,BACI
2023,ROU,1.1825680459371788,BACI
2024,ROU,,BACI
2024,ROU,1.1994732689870682,BACI
2012,RUS,,BACI
2012,RUS,1.281236438029709,BACI
2013,RUS,,BACI
2013,RUS,1.2965827708850723,BACI
2014,RUS,,BACI
2014,RUS,1.5819773941794928,BACI
2015,RUS,,BACI
2015,RUS,1.376067361975362,BACI
2016,RUS,,BACI
2016,RUS,1.1352759234424132,BACI
2017,RUS,,BACI
2017,RUS,1.198512098313786,BACI
2018,RUS,1.4401057428278283,BACI
2018,RUS,,BACI
2019,RUS,,BACI
2019,RUS,1.3407123739658768,BACI
2020,RUS,,BACI
2020,RUS,1.1874713198590905,BACI
2021,RUS,1.137988000230686,BACI
2021,RUS,,BACI
2022,RUS,,BACI
2022,RUS,0.8829662319557234,BACI
2023,RUS,,BACI
2023,RUS,0.641755720432391,BACI
2024,RUS,,BACI
2024,RUS,0.6840697457050003,BACI
2025,RUS,,SSP2
2025,RUS,1.9249913030552095,SSP2
2030,RUS,,SSP2
2030,RUS,1.9673623306425316,SSP2
2035,RUS,,SSP2
2035,RUS,1.9679539592446995,SSP2
2040,RUS,,SSP2
2040,RUS,1.8411017616257084,SSP2
2045,RUS,,SSP2
2045,RUS,1.9125182993969196,SSP2
2050,RUS,,SSP2
2050,RUS,1.8132158596242292,SSP2
2055,RUS,,SSP2
2055,RUS,0.5101602568559277,SSP2
2060,RUS,,SSP2
2060,RUS,0.3448645511153457,SSP2
2065,RUS,,SSP2
2065,RUS,0.349457576493392,SSP2
2070,RUS,,SSP2
2070,RUS,0.6744042840194204,SSP2
2075,RUS,,SSP2
2075,RUS,0.7192080312093484,SSP2
2080,RUS,,SSP2
2080,RUS,0.7772536302661419,SSP2
2085,RUS,,SSP2
2085,RUS,0.7208284127103939,SSP2
2090,RUS,,SSP2
2090,RUS,0.6343218844685716,SSP2
2095,RUS,,SSP2
2095,RUS,0.4718794627142205,SSP2
2100,RUS,,SSP2
2100,RUS,0.9203579583143506,SSP2
2012,RWA,-0.7940876079864342,BACI
2012,RWA,,BACI
2013,RWA,-0.0642359761532396,BACI
2013,RWA,,BACI
2014,RWA,-0.3821253724952259,BACI
2014,RWA,,BACI
2015,RWA,-0.3611711556538923,BACI
2015,RWA,,BACI
2016,RWA,,BACI
2016,RWA,-0.5288171936044677,BACI
2017,RWA,-0.6247254175562723,BACI
2017,RWA,,BACI
2018,RWA,-0.3361651422894927,BACI
2018,RWA,,BACI
2019,RWA,-0.3176206458699409,BACI
2019,RWA,,BACI
2020,RWA,-0.312981487205251,BACI
2020,RWA,,BACI
2021,RWA,-0.2949732924612712,BACI
2021,RWA,,BACI
2022,RWA,-0.355946090062072,BACI
2022,RWA,,BACI
2023,RWA,-0.5262796970418991,BACI
2023,RWA,,BACI
2024,RWA,-0.4047180819646652,BACI
2024,RWA,,BACI
2025,RWA,-0.9497654669997578,SSP2
2025,RWA,,SSP2
2030,RWA,-0.9874143004039968,SSP2
2030,RWA,,SSP2
2035,RWA,-1.0446313203032582,SSP2
2035,RWA,,SSP2
2040,RWA,-1.0393114740441405,SSP2
2040,RWA,,SSP2
2045,RWA,-1.053876598999191,SSP2
2045,RWA,,SSP2
2050,RWA,-1.0375213043794336,SSP2
2050,RWA,,SSP2
2055,RWA,-1.0568304404147326,SSP2
2055,RWA,,SSP2
2060,RWA,-1.059542716572517,SSP2
2060,RWA,,SSP2
2065,RWA,-1.047999434907682,SSP2
2065,RWA,,SSP2
2070,RWA,-0.9112974099522326,SSP2
2070,RWA,,SSP2
2075,RWA,-0.983775327010442,SSP2
2075,RWA,,SSP2
2080,RWA,-1.017721505752682,SSP2
2080,RWA,,SSP2
2085,RWA,-1.0836004073151206,SSP2
2085,RWA,,SSP2
2090,RWA,-1.0047336586557531,SSP2
2090,RWA,,SSP2
2095,RWA,-0.9831068757341058,SSP2
2095,RWA,,SSP2
2100,RWA,-0.9845952021945004,SSP2
2100,RWA,,SSP2
2012,S19,1.4329900590070193,BACI
2012,S19,,BACI
2013,S19,1.7745420322117826,BACI
2013,S19,,BACI
2014,S19,1.700374630436605,BACI
2014,S19,,BACI
2015,S19,1.6938117256341996,BACI
2015,S19,,BACI
2016,S19,1.8571092922177297,BACI
2016,S19,,BACI
2017,S19,1.7809626261921971,BACI
2017,S19,,BACI
2018,S19,1.8037995178460895,BACI
2018,S19,,BACI
2019,S19,,BACI
2019,S19,1.6881118349113882,BACI
2020,S19,1.5967882038630568,BACI
2020,S19,,BACI
2021,S19,1.6736483853423725,BACI
2021,S19,,BACI
2022,S19,1.5028840346962078,BACI
2022,S19,,BACI
2023,S19,1.6650999321180389,BACI
2023,S19,,BACI
2024,S19,1.5708699693123798,BACI
2024,S19,,BACI
2012,SAU,1.0549677340182977,BACI
2012,SAU,,BACI
2013,SAU,1.057021288577455,BACI
2013,SAU,,BACI
2014,SAU,1.1782535969931742,BACI
2014,SAU,,BACI
2015,SAU,1.0651753385236369,BACI
2015,SAU,,BACI
2016,SAU,0.9716888494711176,BACI
2016,SAU,,BACI
2017,SAU,1.0561429388426085,BACI
2017,SAU,,BACI
2018,SAU,0.8753378722517146,BACI
2018,SAU,,BACI
2019,SAU,1.146881530200168,BACI
2019,SAU,,BACI
2020,SAU,1.0314078974656344,BACI
2020,SAU,,BACI
2021,SAU,0.9575518056057728,BACI
2021,SAU,,BACI
2022,SAU,1.1208453251205952,BACI
2022,SAU,,BACI
2023,SAU,1.0391754446819157,BACI
2023,SAU,,BACI
2024,SAU,1.0529310628963329,BACI
2024,SAU,,BACI
2025,SAU,0.5119973637234433,SSP2
2025,SAU,,SSP2
2030,SAU,0.4811817705525834,SSP2
2030,SAU,,SSP2
2035,SAU,0.5497506178236847,SSP2
2035,SAU,,SSP2
2040,SAU,0.6073119098950452,SSP2
2040,SAU,,SSP2
2045,SAU,0.5488836746514564,SSP2
2045,SAU,,SSP2
2050,SAU,0.3840997967629139,SSP2
2050,SAU,,SSP2
2055,SAU,0.4226782742175127,SSP2
2055,SAU,,SSP2
2060,SAU,0.4503795427787073,SSP2
2060,SAU,,SSP2
2065,SAU,0.3990810853449549,SSP2
2065,SAU,,SSP2
2070,SAU,0.408275472884914,SSP2
2070,SAU,,SSP2
2075,SAU,0.4764144155983429,SSP2
2075,SAU,,SSP2
2080,SAU,0.4477415923306724,SSP2
2080,SAU,,SSP2
2085,SAU,1.1379759057319634,SSP2
2085,SAU,,SSP2
2090,SAU,0.8123330330752411,SSP2
2090,SAU,,SSP2
2095,SAU,0.7717121475670773,SSP2
2095,SAU,,SSP2
2100,SAU,0.7292058576684123,SSP2
2100,SAU,,SSP2
2012,SDN,-0.2955119065301145,BACI
2012,SDN,,BACI
2013,SDN,0.0030754320477635,BACI
2013,SDN,,BACI
2014,SDN,0.0755777471027119,BACI
2014,SDN,,BACI
2015,SDN,-0.3129736983269299,BACI
2015,SDN,,BACI
2016,SDN,-0.1694717287263217,BACI
2016,SDN,,BACI
2017,SDN,0.1440315004242676,BACI
2017,SDN,,BACI
2018,SDN,0.2201697171995811,BACI
2018,SDN,,BACI
2019,SDN,0.0375679386137645,BACI
2019,SDN,,BACI
2020,SDN,0.230887191468692,BACI
2020,SDN,,BACI
2021,SDN,0.3844219098523157,BACI
2021,SDN,,BACI
2022,SDN,0.162975749144193,BACI
2022,SDN,,BACI
2023,SDN,0.207902026147785,BACI
2023,SDN,,BACI
2024,SDN,0.3505013466949118,BACI
2024,SDN,,BACI
2025,SDN,-1.1711385389188151,SSP2
2025,SDN,,SSP2
2030,SDN,-1.204864580990462,SSP2
2030,SDN,,SSP2
2035,SDN,-1.1859752895996114,SSP2
2035,SDN,,SSP2
2040,SDN,-1.2143091511815765,SSP2
2040,SDN,,SSP2
2045,SDN,-1.1727242839120535,SSP2
2045,SDN,,SSP2
2050,SDN,-1.1780622516027557,SSP2
2050,SDN,,SSP2
2055,SDN,-1.3337945768157324,SSP2
2055,SDN,,SSP2
2060,SDN,-1.3288370033120125,SSP2
2060,SDN,,SSP2
2065,SDN,-1.3215435613279063,SSP2
2065,SDN,,SSP2
2070,SDN,-1.4259660514913068,SSP2
2070,SDN,,SSP2
2075,SDN,-1.2654213232114049,SSP2
2075,SDN,,SSP2
2080,SDN,-1.2505290550305377,SSP2
2080,SDN,,SSP2
2085,SDN,-1.4726100210514117,SSP2
2085,SDN,,SSP2
2090,SDN,-1.4554519273064803,SSP2
2090,SDN,,SSP2
2095,SDN,-1.4363915271715268,SSP2
2095,SDN,,SSP2
2100,SDN,-1.4664194222938394,SSP2
2100,SDN,,SSP2
2012,SEN,-0.6636289455007528,BACI
2012,SEN,,BACI
2013,SEN,-0.41043277728456,BACI
2013,SEN,,BACI
2014,SEN,-0.4876746076623178,BACI
2014,SEN,,BACI
2015,SEN,0.2089821902606838,BACI
2015,SEN,,BACI
2016,SEN,0.2372521190517743,BACI
2016,SEN,,BACI
2017,SEN,0.2059459120229078,BACI
2017,SEN,,BACI
2018,SEN,0.3897993927030761,BACI
2018,SEN,,BACI
2019,SEN,,BACI
2019,SEN,0.0877426204941459,BACI
2020,SEN,0.2597376425919194,BACI
2020,SEN,,BACI
2021,SEN,0.2833094605387281,BACI
2021,SEN,,BACI
2022,SEN,0.2760135458202091,BACI
2022,SEN,,BACI
2023,SEN,0.3995164982747089,BACI
2023,SEN,,BACI
2024,SEN,0.2753023689987352,BACI
2024,SEN,,BACI
2025,SEN,-0.3836558955585943,SSP2
2025,SEN,,SSP2
2030,SEN,-0.2029859127782196,SSP2
2030,SEN,,SSP2
2035,SEN,-0.2435663860295784,SSP2
2035,SEN,,SSP2
2040,SEN,-0.2196230946699079,SSP2
2040,SEN,,SSP2
2045,SEN,0.6697274210400088,SSP2
2045,SEN,,SSP2
2050,SEN,0.8953902125890616,SSP2
2050,SEN,,SSP2
2055,SEN,1.139749475833845,SSP2
2055,SEN,,SSP2
2060,SEN,0.8301750482596933,SSP2
2060,SEN,,SSP2
2065,SEN,0.479021441428768,SSP2
2065,SEN,,SSP2
2070,SEN,0.4877797988182095,SSP2
2070,SEN,,SSP2
2075,SEN,0.3924918931232366,SSP2
2075,SEN,,SSP2
2080,SEN,0.4697257081440129,SSP2
2080,SEN,,SSP2
2085,SEN,0.5247393136971245,SSP2
2085,SEN,,SSP2
2090,SEN,0.6324574116277313,SSP2
2090,SEN,,SSP2
2095,SEN,0.4406697938563362,SSP2
2095,SEN,,SSP2
2100,SEN,0.2930308422615377,SSP2
2100,SEN,,SSP2
2012,SGP,,BACI
2012,SGP,1.0904910340397198,BACI
2013,SGP,,BACI
2013,SGP,1.1236090991559984,BACI
2014,SGP,1.2950296611119252,BACI
2014,SGP,,BACI
2015,SGP,1.258923203573121,BACI
2015,SGP,,BACI
2016,SGP,,BACI
2016,SGP,1.1821606028212854,BACI
2017,SGP,,BACI
2017,SGP,1.0966781428335464,BACI
2018,SGP,,BACI
2018,SGP,0.973824964925124,BACI
2019,SGP,,BACI
2019,SGP,1.070752138692739,BACI
2020,SGP,1.042016850557294,BACI
2020,SGP,,BACI
2021,SGP,,BACI
2021,SGP,1.0642924104169231,BACI
2022,SGP,,BACI
2022,SGP,1.2206072209472905,BACI
2023,SGP,1.1461867235240006,BACI
2023,SGP,,BACI
2024,SGP,1.1252083281406118,BACI
2024,SGP,,BACI
2025,SGP,1.187675525280955,SSP2
2025,SGP,,SSP2
2030,SGP,1.1986071322136094,SSP2
2030,SGP,,SSP2
2035,SGP,1.274691048400334,SSP2
2035,SGP,,SSP2
2040,SGP,1.3075147660419204,SSP2
2040,SGP,,SSP2
2045,SGP,1.3545399703079242,SSP2
2045,SGP,,SSP2
2050,SGP,1.418962436927305,SSP2
2050,SGP,,SSP2
2055,SGP,1.1726483865061526,SSP2
2055,SGP,,SSP2
2060,SGP,1.245376697728919,SSP2
2060,SGP,,SSP2
2065,SGP,1.2424181982548868,SSP2
2065,SGP,,SSP2
2070,SGP,1.3125584052732526,SSP2
2070,SGP,,SSP2
2075,SGP,1.0780300605608095,SSP2
2075,SGP,,SSP2
2080,SGP,1.0601894456737857,SSP2
2080,SGP,,SSP2
2085,SGP,1.0842576919010467,SSP2
2085,SGP,,SSP2
2090,SGP,1.071318618541206,SSP2
2090,SGP,,SSP2
2095,SGP,0.9900985356267488,SSP2
2095,SGP,,SSP2
2100,SGP,1.1784746057435016,SSP2
2100,SGP,,SSP2
2012,SHN,-1.4648367068373318,BACI
2012,SHN,,BACI
2013,SHN,-1.2495410333889283,BACI
2013,SHN,,BACI
2014,SHN,-1.1612307748756503,BACI
2014,SHN,,BACI
2015,SHN,-1.2147083401201195,BACI
2015,SHN,,BACI
2016,SHN,-1.692999676110289,BACI
2016,SHN,,BACI
2017,SHN,-1.639540212456815,BACI
2017,SHN,,BACI
2018,SHN,-1.653987619424138,BACI
2018,SHN,,BACI
2019,SHN,-1.497086145520863,BACI
2019,SHN,,BACI
2020,SHN,-1.6460150415873902,BACI
2020,SHN,,BACI
2021,SHN,-1.5565273290326995,BACI
2021,SHN,,BACI
2022,SHN,-1.7773335746831986,BACI
2022,SHN,,BACI
2023,SHN,-1.5013789450731234,BACI
2023,SHN,,BACI
2024,SHN,-1.4922665181923758,BACI
2024,SHN,,BACI
2012,SLB,-1.1210708850715208,BACI
2012,SLB,,BACI
2013,SLB,-1.6677824934806358,BACI
2013,SLB,,BACI
2014,SLB,-1.630996527132016,BACI
2014,SLB,,BACI
2015,SLB,-1.4115913977435877,BACI
2015,SLB,,BACI
2016,SLB,-1.0862566389233426,BACI
2016,SLB,,BACI
2017,SLB,-1.123315129467649,BACI
2017,SLB,,BACI
2018,SLB,-1.374239532719399,BACI
2018,SLB,,BACI
2019,SLB,-1.2121049769872545,BACI
2019,SLB,,BACI
2020,SLB,-0.8803341207772302,BACI
2020,SLB,,BACI
2021,SLB,-1.1149161879102167,BACI
2021,SLB,,BACI
2022,SLB,-1.473857795003511,BACI
2022,SLB,,BACI
2023,SLB,-0.7493707575914278,BACI
2023,SLB,,BACI
2024,SLB,-1.0700413749845876,BACI
2024,SLB,,BACI
2025,SLB,-1.3907410088314789,SSP2
2025,SLB,,SSP2
2030,SLB,-1.4244528711679487,SSP2
2030,SLB,,SSP2
2035,SLB,-1.4326717592298133,SSP2
2035,SLB,,SSP2
2040,SLB,-1.4294589504995,SSP2
2040,SLB,,SSP2
2045,SLB,-1.4613988595997185,SSP2
2045,SLB,,SSP2
2050,SLB,-1.4579116291539418,SSP2
2050,SLB,,SSP2
2055,SLB,-1.3877589452691033,SSP2
2055,SLB,,SSP2
2060,SLB,-1.477238298558628,SSP2
2060,SLB,,SSP2
2065,SLB,-1.486707817208495,SSP2
2065,SLB,,SSP2
2070,SLB,-1.547945181893131,SSP2
2070,SLB,,SSP2
2075,SLB,-1.6032719786127525,SSP2
2075,SLB,,SSP2
2080,SLB,-1.5779194531962306,SSP2
2080,SLB,,SSP2
2085,SLB,-1.6023953745891877,SSP2
2085,SLB,,SSP2
2090,SLB,-1.6587201068805155,SSP2
2090,SLB,,SSP2
2095,SLB,-1.6443443256351826,SSP2
2095,SLB,,SSP2
2100,SLB,-1.5749690486902532,SSP2
2100,SLB,,SSP2
2012,SLE,-0.2597450566446005,BACI
2012,SLE,,BACI
2013,SLE,0.2237040028741657,BACI
2013,SLE,,BACI
2014,SLE,-0.0805729298391519,BACI
2014,SLE,,BACI
2015,SLE,-0.2498462852053017,BACI
2015,SLE,,BACI
2016,SLE,-0.2667618961166958,BACI
2016,SLE,,BACI
2017,SLE,-0.2729840517619709,BACI
2017,SLE,,BACI
2018,SLE,-0.3248592817216636,BACI
2018,SLE,,BACI
2019,SLE,-0.5631147253372145,BACI
2019,SLE,,BACI
2020,SLE,-0.6850548730050038,BACI
2020,SLE,,BACI
2021,SLE,-0.5641877560217969,BACI
2021,SLE,,BACI
2022,SLE,-0.3313565021823176,BACI
2022,SLE,,BACI
2023,SLE,-0.3483677933329909,BACI
2023,SLE,,BACI
2024,SLE,-0.0684544466649542,BACI
2024,SLE,,BACI
2025,SLE,-0.9830041051445306,SSP2
2025,SLE,,SSP2
2030,SLE,-0.9741381132410164,SSP2
2030,SLE,,SSP2
2035,SLE,-1.0027466520814745,SSP2
2035,SLE,,SSP2
2040,SLE,-1.0309360352823331,SSP2
2040,SLE,,SSP2
2045,SLE,-1.0251442494799563,SSP2
2045,SLE,,SSP2
2050,SLE,-1.0230807938549582,SSP2
2050,SLE,,SSP2
2055,SLE,-0.8781092009204888,SSP2
2055,SLE,,SSP2
2060,SLE,-0.7995224833070117,SSP2
2060,SLE,,SSP2
2065,SLE,-0.7871508727565988,SSP2
2065,SLE,,SSP2
2070,SLE,-0.9741232236899696,SSP2
2070,SLE,,SSP2
2075,SLE,-0.8820367113613978,SSP2
2075,SLE,,SSP2
2080,SLE,-0.9153355035684284,SSP2
2080,SLE,,SSP2
2085,SLE,-1.0450103221988336,SSP2
2085,SLE,,SSP2
2090,SLE,-1.0199040612764012,SSP2
2090,SLE,,SSP2
2095,SLE,-1.034046826705564,SSP2
2095,SLE,,SSP2
2100,SLE,-1.0382608470314796,SSP2
2100,SLE,,SSP2
2012,SLV,0.5476318205294,BACI
2012,SLV,,BACI
2013,SLV,0.6530824457103438,BACI
2013,SLV,,BACI
2014,SLV,0.8502035199273752,BACI
2014,SLV,,BACI
2015,SLV,0.687314166147564,BACI
2015,SLV,,BACI
2016,SLV,0.6107663763779365,BACI
2016,SLV,,BACI
2017,SLV,0.6119762000046484,BACI
2017,SLV,,BACI
2018,SLV,0.6304191078625815,BACI
2018,SLV,,BACI
2019,SLV,0.4877121969102803,BACI
2019,SLV,,BACI
2020,SLV,0.4854922142569183,BACI
2020,SLV,,BACI
2021,SLV,0.3430216877604165,BACI
2021,SLV,,BACI
2022,SLV,0.4246565347978439,BACI
2022,SLV,,BACI
2023,SLV,0.4703098746095223,BACI
2023,SLV,,BACI
2024,SLV,0.490549154610855,BACI
2024,SLV,,BACI
2025,SLV,-0.0808007329529771,SSP2
2025,SLV,,SSP2
2030,SLV,-0.0907264103280967,SSP2
2030,SLV,,SSP2
2035,SLV,-0.1251728157163945,SSP2
2035,SLV,,SSP2
2040,SLV,-0.1402265581380927,SSP2
2040,SLV,,SSP2
2045,SLV,-0.121016857146696,SSP2
2045,SLV,,SSP2
2050,SLV,-0.1617716029722039,SSP2
2050,SLV,,SSP2
2055,SLV,-0.1178885469957369,SSP2
2055,SLV,,SSP2
2060,SLV,-0.0964035800645952,SSP2
2060,SLV,,SSP2
2065,SLV,-0.1000472399960698,SSP2
2065,SLV,,SSP2
2070,SLV,-0.0946931726045544,SSP2
2070,SLV,,SSP2
2075,SLV,-0.0838953104751904,SSP2
2075,SLV,,SSP2
2080,SLV,-0.1225684651292191,SSP2
2080,SLV,,SSP2
2085,SLV,-0.1271924063300951,SSP2
2085,SLV,,SSP2
2090,SLV,-0.1507694650603451,SSP2
2090,SLV,,SSP2
2095,SLV,-0.1896798802014496,SSP2
2095,SLV,,SSP2
2100,SLV,-0.1887060248697604,SSP2
2100,SLV,,SSP2
2012,SMR,-0.2482722295919159,BACI
2012,SMR,,BACI
2013,SMR,-0.3200761280886935,BACI
2013,SMR,,BACI
2014,SMR,-0.3123566379923977,BACI
2014,SMR,,BACI
2015,SMR,-0.1985861509332763,BACI
2015,SMR,,BACI
2016,SMR,-0.1400503828741262,BACI
2016,SMR,,BACI
2017,SMR,-0.256842096900935,BACI
2017,SMR,,BACI
2018,SMR,-0.3587946454427634,BACI
2018,SMR,,BACI
2019,SMR,-0.2389007666156476,BACI
2019,SMR,,BACI
2020,SMR,-0.4449463031306265,BACI
2020,SMR,,BACI
2021,SMR,-0.3933013854948321,BACI
2021,SMR,,BACI
2022,SMR,-0.4724411379369969,BACI
2022,SMR,,BACI
2023,SMR,-0.5227326336523425,BACI
2023,SMR,,BACI
2024,SMR,-0.5411652164145414,BACI
2024,SMR,,BACI
2012,SOM,-0.6517136722200568,BACI
2012,SOM,,BACI
2013,SOM,-1.0042632420695272,BACI
2013,SOM,,BACI
2014,SOM,-0.9411932278049332,BACI
2014,SOM,,BACI
2015,SOM,-1.0058977486003853,BACI
2015,SOM,,BACI
2016,SOM,-0.7755410580548864,BACI
2016,SOM,,BACI
2017,SOM,-0.8284983471082682,BACI
2017,SOM,,BACI
2018,SOM,-0.6490053887743301,BACI
2018,SOM,,BACI
2019,SOM,-1.0054253670501154,BACI
2019,SOM,,BACI
2020,SOM,-0.7419022026373585,BACI
2020,SOM,,BACI
2021,SOM,-0.6696404329584116,BACI
2021,SOM,,BACI
2022,SOM,-0.8132023526097508,BACI
2022,SOM,,BACI
2023,SOM,-0.90403351641643,BACI
2023,SOM,,BACI
2024,SOM,-1.077882743775126,BACI
2024,SOM,,BACI
2025,SOM,-1.4997867628817922,SSP2
2025,SOM,,SSP2
2030,SOM,-1.4780716435571426,SSP2
2030,SOM,,SSP2
2035,SOM,-1.4928138567708966,SSP2
2035,SOM,,SSP2
2040,SOM,-1.5208824323560628,SSP2
2040,SOM,,SSP2
2045,SOM,-1.5281560221789523,SSP2
2045,SOM,,SSP2
2050,SOM,-1.5076945262650845,SSP2
2050,SOM,,SSP2
2055,SOM,-1.5691863675954727,SSP2
2055,SOM,,SSP2
2060,SOM,-0.8352221233423175,SSP2
2060,SOM,,SSP2
2065,SOM,-1.0375794104030198,SSP2
2065,SOM,,SSP2
2070,SOM,-0.8583318874059085,SSP2
2070,SOM,,SSP2
2075,SOM,-0.8273230923512365,SSP2
2075,SOM,,SSP2
2080,SOM,-0.83925593096684,SSP2
2080,SOM,,SSP2
2085,SOM,-0.9757946309279832,SSP2
2085,SOM,,SSP2
2090,SOM,-1.4739196715448208,SSP2
2090,SOM,,SSP2
2095,SOM,-1.3195832685847584,SSP2
2095,SOM,,SSP2
2100,SOM,-1.180221137645141,SSP2
2100,SOM,,SSP2
2012,SPM,-1.30126900081295,BACI
2012,SPM,,BACI
2013,SPM,-1.687217622698016,BACI
2013,SPM,,BACI
2014,SPM,-1.4040963052722857,BACI
2014,SPM,,BACI
2015,SPM,-1.2697321916589632,BACI
2015,SPM,,BACI
2016,SPM,-1.4261452278030056,BACI
2016,SPM,,BACI
2017,SPM,-1.048780812239685,BACI
2017,SPM,,BACI
2018,SPM,-1.050346474125582,BACI
2018,SPM,,BACI
2019,SPM,-1.7921277468947068,BACI
2019,SPM,,BACI
2020,SPM,-1.436613698041971,BACI
2020,SPM,,BACI
2021,SPM,-1.6115415404721694,BACI
2021,SPM,,BACI
2022,SPM,-1.8807270112868355,BACI
2022,SPM,,BACI
2023,SPM,-1.6636135808218562,BACI
2023,SPM,,BACI
2024,SPM,-1.8477976466439665,BACI
2024,SPM,,BACI
2012,SRB,,BACI
2012,SRB,0.9432579982972712,BACI
2013,SRB,,BACI
2013,SRB,0.8297796858436838,BACI
2014,SRB,,BACI
2014,SRB,0.7807445505403844,BACI
2015,SRB,,BACI
2015,SRB,0.9258754834322416,BACI
2016,SRB,,BACI
2016,SRB,0.8049291200468767,BACI
2017,SRB,,BACI
2017,SRB,0.8564966385620764,BACI
2018,SRB,,BACI
2018,SRB,0.6838694932228776,BACI
2019,SRB,,BACI
2019,SRB,0.5707460750167801,BACI
2020,SRB,,BACI
2020,SRB,0.5767594316077912,BACI
2021,SRB,,BACI
2021,SRB,0.5714485238756803,BACI
2022,SRB,,BACI
2022,SRB,0.7365153553637916,BACI
2023,SRB,,BACI
2023,SRB,0.5366344527173779,BACI
2024,SRB,,BACI
2024,SRB,0.5877651893802075,BACI
2012,SSD,-1.0751573637780665,BACI
2012,SSD,,BACI
2013,SSD,-1.151224749905857,BACI
2013,SSD,,BACI
2014,SSD,-1.3284961731833154,BACI
2014,SSD,,BACI
2015,SSD,-1.8954874247329496,BACI
2015,SSD,,BACI
2016,SSD,-0.3392576812155473,BACI
2016,SSD,,BACI
2017,SSD,-1.0883489247800775,BACI
2017,SSD,,BACI
2018,SSD,-0.2741756524123214,BACI
2018,SSD,,BACI
2019,SSD,-0.5355045194425627,BACI
2019,SSD,,BACI
2020,SSD,-0.2101040298864699,BACI
2020,SSD,,BACI
2021,SSD,-0.5452487431857324,BACI
2021,SSD,,BACI
2022,SSD,-0.174394228686324,BACI
2022,SSD,,BACI
2023,SSD,-0.7055740404360599,BACI
2023,SSD,,BACI
2024,SSD,-0.8636126233121388,BACI
2024,SSD,,BACI
2012,STP,-1.1803399868432696,BACI
2012,STP,,BACI
2013,STP,-1.346997419781911,BACI
2013,STP,,BACI
2014,STP,-1.2038339187371976,BACI
2014,STP,,BACI
2015,STP,-1.3615197925657725,BACI
2015,STP,,BACI
2016,STP,-1.3448532830669488,BACI
2016,STP,,BACI
2017,STP,-1.4271180591542991,BACI
2017,STP,,BACI
2018,STP,-1.5820943501442726,BACI
2018,STP,,BACI
2019,STP,-1.683170098081137,BACI
2019,STP,,BACI
2020,STP,-1.5929627322912885,BACI
2020,STP,,BACI
2021,STP,-1.7907237766305335,BACI
2021,STP,,BACI
2022,STP,-1.3906543176239303,BACI
2022,STP,,BACI
2023,STP,-1.3261182274883605,BACI
2023,STP,,BACI
2024,STP,-1.0572256270880045,BACI
2024,STP,,BACI
2025,STP,-1.3654714242698418,SSP2
2025,STP,,SSP2
2030,STP,-1.3465513660811252,SSP2
2030,STP,,SSP2
2035,STP,-1.3321834439836726,SSP2
2035,STP,,SSP2
2040,STP,-1.20774462523698,SSP2
2040,STP,,SSP2
2045,STP,-1.3371210903916886,SSP2
2045,STP,,SSP2
2050,STP,-1.296122726489899,SSP2
2050,STP,,SSP2
2055,STP,-1.132251349049348,SSP2
2055,STP,,SSP2
2060,STP,-1.308816422342682,SSP2
2060,STP,,SSP2
2065,STP,-1.443543807721454,SSP2
2065,STP,,SSP2
2070,STP,-1.4759994481175978,SSP2
2070,STP,,SSP2
2075,STP,-1.4261205481658807,SSP2
2075,STP,,SSP2
2080,STP,-1.475776996291234,SSP2
2080,STP,,SSP2
2085,STP,-1.2249951881467702,SSP2
2085,STP,,SSP2
2090,STP,-0.9855919044611654,SSP2
2090,STP,,SSP2
2095,STP,-0.9698775187449236,SSP2
2095,STP,,SSP2
2100,STP,-1.160833505619323,SSP2
2100,STP,,SSP2
2012,SUR,-0.5388593714610764,BACI
2012,SUR,,BACI
2013,SUR,-1.0555267690293886,BACI
2013,SUR,,BACI
2014,SUR,-0.6500263505018026,BACI
2014,SUR,,BACI
2015,SUR,-0.6447624020283357,BACI
2015,SUR,,BACI
2016,SUR,-0.6952991987812128,BACI
2016,SUR,,BACI
2017,SUR,-0.924304546426217,BACI
2017,SUR,,BACI
2018,SUR,-0.6449000394390124,BACI
2018,SUR,,BACI
2019,SUR,-0.5842374811428093,BACI
2019,SUR,,BACI
2020,SUR,-0.7046574248184277,BACI
2020,SUR,,BACI
2021,SUR,-0.4040330924346715,BACI
2021,SUR,,BACI
2022,SUR,-0.6733687511176277,BACI
2022,SUR,,BACI
2023,SUR,-0.6669516913845817,BACI
2023,SUR,,BACI
2024,SUR,-0.6441688998261543,BACI
2024,SUR,,BACI
2025,SUR,-0.9905833119876788,SSP2
2025,SUR,,SSP2
2030,SUR,-1.00984975766773,SSP2
2030,SUR,,SSP2
2035,SUR,-1.0248810605904572,SSP2
2035,SUR,,SSP2
2040,SUR,-1.053768870128419,SSP2
2040,SUR,,SSP2
2045,SUR,-1.0485933339900682,SSP2
2045,SUR,,SSP2
2050,SUR,-1.0422366141771,SSP2
2050,SUR,,SSP2
2055,SUR,-0.9884291800418072,SSP2
2055,SUR,,SSP2
2060,SUR,-0.9237419961795568,SSP2
2060,SUR,,SSP2
2065,SUR,-0.7106154266186858,SSP2
2065,SUR,,SSP2
2070,SUR,-0.0283089795461118,SSP2
2070,SUR,,SSP2
2075,SUR,0.0314079947365495,SSP2
2075,SUR,,SSP2
2080,SUR,0.0952238280624082,SSP2
2080,SUR,,SSP2
2085,SUR,0.1558319366350035,SSP2
2085,SUR,,SSP2
2090,SUR,0.2293656788155985,SSP2
2090,SUR,,SSP2
2095,SUR,0.2956261250241794,SSP2
2095,SUR,,SSP2
2100,SUR,0.2020279641799388,SSP2
2100,SUR,,SSP2
2012,SVK,,BACI
2012,SVK,1.2333412532926418,BACI
2013,SVK,,BACI
2013,SVK,1.2820074824985426,BACI
2014,SVK,,BACI
2014,SVK,1.2956049099547315,BACI
2015,SVK,,BACI
2015,SVK,1.2701069460205363,BACI
2016,SVK,,BACI
2016,SVK,1.1726755369635888,BACI
2017,SVK,,BACI
2017,SVK,1.2201180521479882,BACI
2018,SVK,,BACI
2018,SVK,1.1028656390619067,BACI
2019,SVK,,BACI
2019,SVK,1.18437125130253,BACI
2020,SVK,,BACI
2020,SVK,1.0105086455333374,BACI
2021,SVK,,BACI
2021,SVK,1.0359618542716549,BACI
2022,SVK,,BACI
2022,SVK,0.976000577191754,BACI
2023,SVK,,BACI
2023,SVK,1.0365032527989853,BACI
2024,SVK,,BACI
2024,SVK,0.9863777313156212,BACI
2025,SVK,,SSP2
2025,SVK,1.010074429481132,SSP2
2030,SVK,,SSP2
2030,SVK,0.9693813863492036,SSP2
2035,SVK,,SSP2
2035,SVK,0.9416318205316052,SSP2
2040,SVK,,SSP2
2040,SVK,0.8963880584997097,SSP2
2045,SVK,,SSP2
2045,SVK,0.918348201935418,SSP2
2050,SVK,,SSP2
2050,SVK,0.9886337375982376,SSP2
2055,SVK,,SSP2
2055,SVK,1.0428723688333317,SSP2
2060,SVK,,SSP2
2060,SVK,1.0571026669055816,SSP2
2065,SVK,,SSP2
2065,SVK,1.1373218050613638,SSP2
2070,SVK,,SSP2
2070,SVK,1.198397252462809,SSP2
2075,SVK,,SSP2
2075,SVK,1.28506960410515,SSP2
2080,SVK,,SSP2
2080,SVK,1.4683585103722037,SSP2
2085,SVK,,SSP2
2085,SVK,1.4130498987903533,SSP2
2090,SVK,,SSP2
2090,SVK,1.6890260515041404,SSP2
2095,SVK,,SSP2
2095,SVK,1.69351884073114,SSP2
2100,SVK,,SSP2
2100,SVK,1.6253683042690097,SSP2
2012,SVN,,BACI
2012,SVN,1.2900763350367248,BACI
2013,SVN,1.316611751293168,BACI
2013,SVN,,BACI
2014,SVN,1.3249806296219635,BACI
2014,SVN,,BACI
2015,SVN,1.2587087030823083,BACI
2015,SVN,,BACI
2016,SVN,,BACI
2016,SVN,1.3059947172559072,BACI
2017,SVN,1.170452306860122,BACI
2017,SVN,,BACI
2018,SVN,,BACI
2018,SVN,1.0842331118275337,BACI
2019,SVN,,BACI
2019,SVN,1.0885251339116069,BACI
2020,SVN,,BACI
2020,SVN,1.0473598601620004,BACI
2021,SVN,,BACI
2021,SVN,1.0239911907928485,BACI
2022,SVN,,BACI
2022,SVN,0.8637302892291832,BACI
2023,SVN,1.0008961273291428,BACI
2023,SVN,,BACI
2024,SVN,1.0033902070718823,BACI
2024,SVN,,BACI
2025,SVN,1.1669046591013363,SSP2
2025,SVN,,SSP2
2030,SVN,1.115662271151771,SSP2
2030,SVN,,SSP2
2035,SVN,1.1075132928115048,SSP2
2035,SVN,,SSP2
2040,SVN,1.0640133831465537,SSP2
2040,SVN,,SSP2
2045,SVN,1.1609261102891748,SSP2
2045,SVN,,SSP2
2050,SVN,1.1634481621891943,SSP2
2050,SVN,,SSP2
2055,SVN,1.2649361416036788,SSP2
2055,SVN,,SSP2
2060,SVN,1.3390600384217826,SSP2
2060,SVN,,SSP2
2065,SVN,1.475981199032719,SSP2
2065,SVN,,SSP2
2070,SVN,1.4885876595065322,SSP2
2070,SVN,,SSP2
2075,SVN,1.5295829570896464,SSP2
2075,SVN,,SSP2
2080,SVN,1.5047468263860206,SSP2
2080,SVN,,SSP2
2085,SVN,1.4771821621980583,SSP2
2085,SVN,,SSP2
2090,SVN,1.2952133261683103,SSP2
2090,SVN,,SSP2
2095,SVN,1.6252467370824055,SSP2
2095,SVN,,SSP2
2100,SVN,1.6297167294919466,SSP2
2100,SVN,,SSP2
2012,SWE,,BACI
2012,SWE,1.2975568170153386,BACI
2013,SWE,,BACI
2013,SWE,1.3656778973480752,BACI
2014,SWE,1.4046225762620768,BACI
2014,SWE,,BACI
2015,SWE,,BACI
2015,SWE,1.4916410125356885,BACI
2016,SWE,,BACI
2016,SWE,1.3768743630157625,BACI
2017,SWE,,BACI
2017,SWE,1.5260908826080863,BACI
2018,SWE,,BACI
2018,SWE,1.6309207734368578,BACI
2019,SWE,,BACI
2019,SWE,1.566733925870217,BACI
2020,SWE,,BACI
2020,SWE,1.4928353839612278,BACI
2021,SWE,,BACI
2021,SWE,1.4702432789419662,BACI
2022,SWE,1.555582798021979,BACI
2022,SWE,,BACI
2023,SWE,,BACI
2023,SWE,1.5051514485540216,BACI
2024,SWE,,BACI
2024,SWE,1.6561568580957626,BACI
2025,SWE,,SSP2
2025,SWE,1.5278110652401828,SSP2
2030,SWE,,SSP2
2030,SWE,1.594527320734899,SSP2
2035,SWE,,SSP2
2035,SWE,1.6293329205384106,SSP2
2040,SWE,,SSP2
2040,SWE,1.6378499306884329,SSP2
2045,SWE,,SSP2
2045,SWE,1.335312442550875,SSP2
2050,SWE,,SSP2
2050,SWE,1.3321909920798314,SSP2
2055,SWE,,SSP2
2055,SWE,1.3437982049298962,SSP2
2060,SWE,,SSP2
2060,SWE,1.373068031575173,SSP2
2065,SWE,,SSP2
2065,SWE,1.3553744053632668,SSP2
2070,SWE,,SSP2
2070,SWE,1.40228610188341,SSP2
2075,SWE,,SSP2
2075,SWE,1.4248937291686896,SSP2
2080,SWE,,SSP2
2080,SWE,1.4274908396154298,SSP2
2085,SWE,,SSP2
2085,SWE,1.3865617964739256,SSP2
2090,SWE,,SSP2
2090,SWE,1.3764570413428945,SSP2
2095,SWE,1.378746879308825,SSP2
2095,SWE,,SSP2
2100,SWE,1.3564909162673284,SSP2
2100,SWE,,SSP2
2012,SWZ,0.5414365792472524,BACI
2012,SWZ,,BACI
2013,SWZ,0.6022346203361876,BACI
2013,SWZ,,BACI
2014,SWZ,0.3582147247625551,BACI
2014,SWZ,,BACI
2015,SWZ,0.4402162460070747,BACI
2015,SWZ,,BACI
2016,SWZ,0.361341485711344,BACI
2016,SWZ,,BACI
2017,SWZ,0.1963091696461249,BACI
2017,SWZ,,BACI
2018,SWZ,0.1438717299572146,BACI
2018,SWZ,,BACI
2019,SWZ,0.114613138145317,BACI
2019,SWZ,,BACI
2020,SWZ,0.186406006840868,BACI
2020,SWZ,,BACI
2021,SWZ,0.1876084314432237,BACI
2021,SWZ,,BACI
2022,SWZ,0.124513434086189,BACI
2022,SWZ,,BACI
2023,SWZ,0.1139063144967209,BACI
2023,SWZ,,BACI
2024,SWZ,0.1044048896592362,BACI
2024,SWZ,,BACI
2025,SWZ,-0.4324066614012422,SSP2
2025,SWZ,,SSP2
2030,SWZ,-0.4172359059242867,SSP2
2030,SWZ,,SSP2
2035,SWZ,-0.4425708601033146,SSP2
2035,SWZ,,SSP2
2040,SWZ,-0.4034896590675852,SSP2
2040,SWZ,,SSP2
2045,SWZ,-0.4155755860324984,SSP2
2045,SWZ,,SSP2
2050,SWZ,-0.5204474622970917,SSP2
2050,SWZ,,SSP2
2055,SWZ,-0.3779806011813688,SSP2
2055,SWZ,,SSP2
2060,SWZ,-0.2436487169234742,SSP2
2060,SWZ,,SSP2
2065,SWZ,-0.2196314689817762,SSP2
2065,SWZ,,SSP2
2070,SWZ,-0.1926940887698305,SSP2
2070,SWZ,,SSP2
2075,SWZ,-0.4280680223346781,SSP2
2075,SWZ,,SSP2
2080,SWZ,-0.2777422186092608,SSP2
2080,SWZ,,SSP2
2085,SWZ,-0.1801373763426196,SSP2
2085,SWZ,,SSP2
2090,SWZ,-0.1352782176159555,SSP2
2090,SWZ,,SSP2
2095,SWZ,0.1252157784317557,SSP2
2095,SWZ,,SSP2
2100,SWZ,0.0963687614080135,SSP2
2100,SWZ,,SSP2
2012,SXM,-1.686123840169729,BACI
2012,SXM,,BACI
2013,SXM,-1.7016869932533818,BACI
2013,SXM,,BACI
2014,SXM,-1.673972074158113,BACI
2014,SXM,,BACI
2015,SXM,-1.5351983316182602,BACI
2015,SXM,,BACI
2016,SXM,-1.686202807729217,BACI
2016,SXM,,BACI
2017,SXM,-1.3578875165404565,BACI
2017,SXM,,BACI
2018,SXM,-1.234886640050313,BACI
2018,SXM,,BACI
2019,SXM,-1.1386970082337795,BACI
2019,SXM,,BACI
2020,SXM,-1.192912871611443,BACI
2020,SXM,,BACI
2021,SXM,-1.390449990024279,BACI
2021,SXM,,BACI
2022,SXM,-1.452599359758996,BACI
2022,SXM,,BACI
2023,SXM,-1.3568302535817802,BACI
2023,SXM,,BACI
2024,SXM,-1.299913486871697,BACI
2024,SXM,,BACI
2012,SYC,-0.5312496062584496,BACI
2012,SYC,,BACI
2013,SYC,-0.6523265835961815,BACI
2013,SYC,,BACI
2014,SYC,-0.6212801360489386,BACI
2014,SYC,,BACI
2015,SYC,-0.724813810387453,BACI
2015,SYC,,BACI
2016,SYC,-0.8758386797548022,BACI
2016,SYC,,BACI
2017,SYC,-0.9368369612005844,BACI
2017,SYC,,BACI
2018,SYC,-0.6321761454029188,BACI
2018,SYC,,BACI
2019,SYC,-0.6598176522210599,BACI
2019,SYC,,BACI
2020,SYC,-0.65049773462782,BACI
2020,SYC,,BACI
2021,SYC,-0.7376980788956317,BACI
2021,SYC,,BACI
2022,SYC,-0.6404545094456464,BACI
2022,SYC,,BACI
2023,SYC,-0.7691750061913933,BACI
2023,SYC,,BACI
2024,SYC,-0.6852528127396657,BACI
2024,SYC,,BACI
2012,SYR,0.5671840275346225,BACI
2012,SYR,,BACI
2013,SYR,0.3805094410767492,BACI
2013,SYR,,BACI
2014,SYR,0.1821450753812173,BACI
2014,SYR,,BACI
2015,SYR,0.0601923528336821,BACI
2015,SYR,,BACI
2016,SYR,-0.0427432201479825,BACI
2016,SYR,,BACI
2017,SYR,0.1030954379986101,BACI
2017,SYR,,BACI
2018,SYR,0.0292249683039077,BACI
2018,SYR,,BACI
2019,SYR,0.0455928208761097,BACI
2019,SYR,,BACI
2020,SYR,0.1238433027980873,BACI
2020,SYR,,BACI
2021,SYR,0.148252812323508,BACI
2021,SYR,,BACI
2022,SYR,0.0915416678386556,BACI
2022,SYR,,BACI
2023,SYR,,BACI
2023,SYR,0.0143060424326761,BACI
2024,SYR,-0.0681665777211603,BACI
2024,SYR,,BACI
2012,TCA,-0.9368470362128244,BACI
2012,TCA,,BACI
2013,TCA,-1.1952396194625088,BACI
2013,TCA,,BACI
2014,TCA,-1.1246472684326867,BACI
2014,TCA,,BACI
2015,TCA,-1.06096865130801,BACI
2015,TCA,,BACI
2016,TCA,-0.9163984355519388,BACI
2016,TCA,,BACI
2017,TCA,-0.9648446883691472,BACI
2017,TCA,,BACI
2018,TCA,-1.1072503943359169,BACI
2018,TCA,,BACI
2019,TCA,-0.7119317608446892,BACI
2019,TCA,,BACI
2020,TCA,-0.7496967426095933,BACI
2020,TCA,,BACI
2021,TCA,-1.074643007564198,BACI
2021,TCA,,BACI
2022,TCA,-0.9075219238961904,BACI
2022,TCA,,BACI
2023,TCA,-1.0952367181910982,BACI
2023,TCA,,BACI
2024,TCA,-1.1625324337268474,BACI
2024,TCA,,BACI
2012,TCD,-0.8881269221010766,BACI
2012,TCD,,BACI
2013,TCD,-0.9063842745641952,BACI
2013,TCD,,BACI
2014,TCD,-0.7663397029825915,BACI
2014,TCD,,BACI
2015,TCD,-1.1646005891529665,BACI
2015,TCD,,BACI
2016,TCD,-0.7799090528084995,BACI
2016,TCD,,BACI
2017,TCD,-0.9239248183880348,BACI
2017,TCD,,BACI
2018,TCD,-1.0758746643714745,BACI
2018,TCD,,BACI
2019,TCD,-0.928639588976368,BACI
2019,TCD,,BACI
2020,TCD,-0.8738298516916462,BACI
2020,TCD,,BACI
2021,TCD,-0.333773142289286,BACI
2021,TCD,,BACI
2022,TCD,-0.7285078238947637,BACI
2022,TCD,,BACI
2023,TCD,0.1309678039358746,BACI
2023,TCD,,BACI
2024,TCD,-1.1176656805231038,BACI
2024,TCD,,BACI
2025,TCD,-1.4605964826323228,SSP2
2025,TCD,,SSP2
2030,TCD,-1.4850857717731656,SSP2
2030,TCD,,SSP2
2035,TCD,-1.4878661118019012,SSP2
2035,TCD,,SSP2
2040,TCD,-1.6380461937318178,SSP2
2040,TCD,,SSP2
2045,TCD,-1.2394536314502371,SSP2
2045,TCD,,SSP2
2050,TCD,-1.357369876862021,SSP2
2050,TCD,,SSP2
2055,TCD,-0.9009707335320114,SSP2
2055,TCD,,SSP2
2060,TCD,-1.2372613472051592,SSP2
2060,TCD,,SSP2
2065,TCD,-1.3183510649935246,SSP2
2065,TCD,,SSP2
2070,TCD,-1.460261557843267,SSP2
2070,TCD,,SSP2
2075,TCD,-1.5357609003659085,SSP2
2075,TCD,,SSP2
2080,TCD,-1.4373146416056377,SSP2
2080,TCD,,SSP2
2085,TCD,-1.6339411860024622,SSP2
2085,TCD,,SSP2
2090,TCD,-1.4986301360737435,SSP2
2090,TCD,,SSP2
2095,TCD,-1.363912842523476,SSP2
2095,TCD,,SSP2
2100,TCD,-1.4489969221326886,SSP2
2100,TCD,,SSP2
2012,TGO,-1.127629506106251,BACI
2012,TGO,,BACI
2013,TGO,-0.3939181530763395,BACI
2013,TGO,,BACI
2014,TGO,-0.439345686402085,BACI
2014,TGO,,BACI
2015,TGO,-0.0294082586153653,BACI
2015,TGO,,BACI
2016,TGO,-0.0321484446522779,BACI
2016,TGO,,BACI
2017,TGO,-0.2164959900084574,BACI
2017,TGO,,BACI
2018,TGO,-0.1452977569575308,BACI
2018,TGO,,BACI
2019,TGO,-0.1413550661574076,BACI
2019,TGO,,BACI
2020,TGO,-0.2185685359386633,BACI
2020,TGO,,BACI
2021,TGO,-0.4167909772466639,BACI
2021,TGO,,BACI
2022,TGO,-0.0830928369665488,BACI
2022,TGO,,BACI
2023,TGO,-0.1890105895477469,BACI
2023,TGO,,BACI
2024,TGO,-0.2689057080703731,BACI
2024,TGO,,BACI
2025,TGO,-0.6733918622051558,SSP2
2025,TGO,,SSP2
2030,TGO,-0.67427773605662,SSP2
2030,TGO,,SSP2
2035,TGO,-0.6969187447922626,SSP2
2035,TGO,,SSP2
2040,TGO,-0.7448682605998269,SSP2
2040,TGO,,SSP2
2045,TGO,-0.756735416574541,SSP2
2045,TGO,,SSP2
2050,TGO,-0.745613099349593,SSP2
2050,TGO,,SSP2
2055,TGO,-0.7206831669321025,SSP2
2055,TGO,,SSP2
2060,TGO,-0.7197909772667023,SSP2
2060,TGO,,SSP2
2065,TGO,-0.702941325342784,SSP2
2065,TGO,,SSP2
2070,TGO,-0.6833518888631498,SSP2
2070,TGO,,SSP2
2075,TGO,-0.858354162063279,SSP2
2075,TGO,,SSP2
2080,TGO,-0.8454880644067663,SSP2
2080,TGO,,SSP2
2085,TGO,-0.8451468583219603,SSP2
2085,TGO,,SSP2
2090,TGO,-0.8316164341366407,SSP2
2090,TGO,,SSP2
2095,TGO,-0.8426710885478427,SSP2
2095,TGO,,SSP2
2100,TGO,-0.9214968851167008,SSP2
2100,TGO,,SSP2
2012,THA,,BACI
2012,THA,1.1900554788507172,BACI
2013,THA,1.2886720250208383,BACI
2013,THA,,BACI
2014,THA,,BACI
2014,THA,1.3344696303846255,BACI
2015,THA,,BACI
2015,THA,1.3493796221665868,BACI
2016,THA,,BACI
2016,THA,1.2148111292376575,BACI
2017,THA,1.444376311141839,BACI
2017,THA,,BACI
2018,THA,1.335734116045295,BACI
2018,THA,,BACI
2019,THA,1.283312985767358,BACI
2019,THA,,BACI
2020,THA,1.2302085070867288,BACI
2020,THA,,BACI
2021,THA,1.1873768447065205,BACI
2021,THA,,BACI
2022,THA,,BACI
2022,THA,1.330161189672414,BACI
2023,THA,,BACI
2023,THA,1.36749064187637,BACI
2024,THA,1.3419317207039632,BACI
2024,THA,,BACI
2025,THA,1.1825369130064023,SSP2
2025,THA,,SSP2
2030,THA,1.1802034540261543,SSP2
2030,THA,,SSP2
2035,THA,1.2216565230445862,SSP2
2035,THA,,SSP2
2040,THA,1.048586687233585,SSP2
2040,THA,,SSP2
2045,THA,1.1279952369277055,SSP2
2045,THA,,SSP2
2050,THA,1.000073250476292,SSP2
2050,THA,,SSP2
2055,THA,1.0764592875024117,SSP2
2055,THA,,SSP2
2060,THA,1.152420107595646,SSP2
2060,THA,,SSP2
2065,THA,1.12594685051053,SSP2
2065,THA,,SSP2
2070,THA,0.8945778577038389,SSP2
2070,THA,,SSP2
2075,THA,1.1381600693856515,SSP2
2075,THA,,SSP2
2080,THA,1.1192419768907087,SSP2
2080,THA,,SSP2
2085,THA,1.3079036674088549,SSP2
2085,THA,,SSP2
2090,THA,1.3074947587800037,SSP2
2090,THA,,SSP2
2095,THA,1.2253958844952462,SSP2
2095,THA,,SSP2
2100,THA,1.3447449899286728,SSP2
2100,THA,,SSP2
2012,TJK,-0.4140959597004024,BACI
2012,TJK,,BACI
2013,TJK,-0.4908465598294417,BACI
2013,TJK,,BACI
2014,TJK,-0.5088181920612608,BACI
2014,TJK,,BACI
2015,TJK,-0.7069282300797312,BACI
2015,TJK,,BACI
2016,TJK,-0.9094167767361276,BACI
2016,TJK,,BACI
2017,TJK,-0.4821774386148436,BACI
2017,TJK,,BACI
2018,TJK,-0.127525691592309,BACI
2018,TJK,,BACI
2019,TJK,0.1298160125560276,BACI
2019,TJK,,BACI
2020,TJK,0.600082418649563,BACI
2020,TJK,,BACI
2021,TJK,0.2211324174967882,BACI
2021,TJK,,BACI
2022,TJK,0.3846897244107478,BACI
2022,TJK,,BACI
2023,TJK,0.142996231179217,BACI
2023,TJK,,BACI
2024,TJK,0.2325942543458004,BACI
2024,TJK,,BACI
2025,TJK,-0.9774810306007798,SSP2
2025,TJK,,SSP2
2030,TJK,-1.0056377452960443,SSP2
2030,TJK,,SSP2
2035,TJK,-1.0230107953887349,SSP2
2035,TJK,,SSP2
2040,TJK,-1.038320389396179,SSP2
2040,TJK,,SSP2
2045,TJK,-1.105315045506634,SSP2
2045,TJK,,SSP2
2050,TJK,-1.0958352055772982,SSP2
2050,TJK,,SSP2
2055,TJK,-1.0837246675697163,SSP2
2055,TJK,,SSP2
2060,TJK,-1.0527579853788769,SSP2
2060,TJK,,SSP2
2065,TJK,-0.9534235483516196,SSP2
2065,TJK,,SSP2
2070,TJK,-0.9489435472182786,SSP2
2070,TJK,,SSP2
2075,TJK,-1.1305355424782133,SSP2
2075,TJK,,SSP2
2080,TJK,-1.1417053176798764,SSP2
2080,TJK,,SSP2
2085,TJK,-1.1200365958250305,SSP2
2085,TJK,,SSP2
2090,TJK,-1.1342068173914626,SSP2
2090,TJK,,SSP2
2095,TJK,-1.1315568527397717,SSP2
2095,TJK,,SSP2
2100,TJK,-1.1125993685541848,SSP2
2100,TJK,,SSP2
2012,TKL,-0.559343077234538,BACI
2012,TKL,,BACI
2013,TKL,-0.6269386501754465,BACI
2013,TKL,,BACI
2014,TKL,-0.957221095531988,BACI
2014,TKL,,BACI
2015,TKL,-0.9317671120957814,BACI
2015,TKL,,BACI
2016,TKL,-0.7432850435764512,BACI
2016,TKL,,BACI
2017,TKL,-0.7910699027887887,BACI
2017,TKL,,BACI
2018,TKL,-0.8496081182498321,BACI
2018,TKL,,BACI
2019,TKL,-0.7969363977123931,BACI
2019,TKL,,BACI
2020,TKL,-0.7871075894871111,BACI
2020,TKL,,BACI
2021,TKL,-1.0539766107575772,BACI
2021,TKL,,BACI
2022,TKL,-0.9815581614539888,BACI
2022,TKL,,BACI
2023,TKL,-1.1222342278462527,BACI
2023,TKL,,BACI
2024,TKL,-0.7422821653930314,BACI
2024,TKL,,BACI
2012,TKM,0.3512894794056773,BACI
2012,TKM,,BACI
2013,TKM,0.1622775895906216,BACI
2013,TKM,,BACI
2014,TKM,0.7210367952471555,BACI
2014,TKM,,BACI
2015,TKM,0.1194673745824358,BACI
2015,TKM,,BACI
2016,TKM,0.1997616632997426,BACI
2016,TKM,,BACI
2017,TKM,0.4736491149218966,BACI
2017,TKM,,BACI
2018,TKM,0.0244459958829763,BACI
2018,TKM,,BACI
2019,TKM,0.3628720760158646,BACI
2019,TKM,,BACI
2020,TKM,0.937787096326001,BACI
2020,TKM,,BACI
2021,TKM,0.3103451887629718,BACI
2021,TKM,,BACI
2022,TKM,0.3685514474893063,BACI
2022,TKM,,BACI
2023,TKM,-0.0776116445113976,BACI
2023,TKM,,BACI
2024,TKM,-0.0615823488441138,BACI
2024,TKM,,BACI
2025,TKM,-0.9914713547956682,SSP2
2025,TKM,,SSP2
2030,TKM,-1.01706808670159,SSP2
2030,TKM,,SSP2
2035,TKM,-1.0669477532396547,SSP2
2035,TKM,,SSP2
2040,TKM,-1.0894060539328598,SSP2
2040,TKM,,SSP2
2045,TKM,-1.1098831924984691,SSP2
2045,TKM,,SSP2
2050,TKM,-1.086047351829232,SSP2
2050,TKM,,SSP2
2055,TKM,-1.1729018018167432,SSP2
2055,TKM,,SSP2
2060,TKM,-1.1805999466543522,SSP2
2060,TKM,,SSP2
2065,TKM,-1.1700402225359618,SSP2
2065,TKM,,SSP2
2070,TKM,-1.3099004978303108,SSP2
2070,TKM,,SSP2
2075,TKM,-1.3518626508008436,SSP2
2075,TKM,,SSP2
2080,TKM,-1.3611877896631404,SSP2
2080,TKM,,SSP2
2085,TKM,-1.3750600236886346,SSP2
2085,TKM,,SSP2
2090,TKM,-1.385634385781246,SSP2
2090,TKM,,SSP2
2095,TKM,-1.3708995936421389,SSP2
2095,TKM,,SSP2
2100,TKM,-1.359862031702889,SSP2
2100,TKM,,SSP2
2012,TLS,-1.323739651143384,BACI
2012,TLS,,BACI
2013,TLS,-1.2596815282872316,BACI
2013,TLS,,BACI
2014,TLS,-1.6681185394588265,BACI
2014,TLS,,BACI
2015,TLS,-1.885999346186359,BACI
2015,TLS,,BACI
2016,TLS,-1.6279354429517403,BACI
2016,TLS,,BACI
2017,TLS,-1.9196271540010577,BACI
2017,TLS,,BACI
2018,TLS,-1.5296010419485364,BACI
2018,TLS,,BACI
2019,TLS,-1.3957845776510809,BACI
2019,TLS,,BACI
2020,TLS,-1.3882322796540765,BACI
2020,TLS,,BACI
2021,TLS,-1.0983627027725424,BACI
2021,TLS,,BACI
2022,TLS,-1.2284891987522653,BACI
2022,TLS,,BACI
2023,TLS,-1.0673934018121722,BACI
2023,TLS,,BACI
2024,TLS,-1.2176701312258107,BACI
2024,TLS,,BACI
2012,TON,-1.6068686901874838,BACI
2012,TON,,BACI
2013,TON,-1.5622237169938906,BACI
2013,TON,,BACI
2014,TON,-1.0771087473711725,BACI
2014,TON,,BACI
2015,TON,-1.7695197723009062,BACI
2015,TON,,BACI
2016,TON,-1.6041177486763991,BACI
2016,TON,,BACI
2017,TON,-1.2192942928661643,BACI
2017,TON,,BACI
2018,TON,-1.3236866751264031,BACI
2018,TON,,BACI
2019,TON,-1.2836681749485832,BACI
2019,TON,,BACI
2020,TON,-1.256121341437821,BACI
2020,TON,,BACI
2021,TON,-1.3024254298998292,BACI
2021,TON,,BACI
2022,TON,-1.4075490968496565,BACI
2022,TON,,BACI
2023,TON,-1.1075066275178531,BACI
2023,TON,,BACI
2024,TON,-1.4908760491504238,BACI
2024,TON,,BACI
2012,TTO,-0.1535830740076477,BACI
2012,TTO,,BACI
2013,TTO,-0.2924510119765292,BACI
2013,TTO,,BACI
2014,TTO,-0.1072395883856794,BACI
2014,TTO,,BACI
2015,TTO,0.1444484503108676,BACI
2015,TTO,,BACI
2016,TTO,0.1494617731475048,BACI
2016,TTO,,BACI
2017,TTO,0.012079774241377,BACI
2017,TTO,,BACI
2018,TTO,-0.0088635094220884,BACI
2018,TTO,,BACI
2019,TTO,0.1139819626843649,BACI
2019,TTO,,BACI
2020,TTO,-0.0415708350550261,BACI
2020,TTO,,BACI
2021,TTO,0.0256306700154524,BACI
2021,TTO,,BACI
2022,TTO,-0.1636937429349866,BACI
2022,TTO,,BACI
2023,TTO,0.0277212689780827,BACI
2023,TTO,,BACI
2024,TTO,0.0618111938016334,BACI
2024,TTO,,BACI
2025,TTO,-0.4808760572874624,SSP2
2025,TTO,,SSP2
2030,TTO,-0.4243961947204479,SSP2
2030,TTO,,SSP2
2035,TTO,-0.4413209337810463,SSP2
2035,TTO,,SSP2
2040,TTO,-0.1759401709776248,SSP2
2040,TTO,,SSP2
2045,TTO,-0.1230841139492713,SSP2
2045,TTO,,SSP2
2050,TTO,-0.168957507127876,SSP2
2050,TTO,,SSP2
2055,TTO,0.1263858042562047,SSP2
2055,TTO,,SSP2
2060,TTO,0.2088845919149385,SSP2
2060,TTO,,SSP2
2065,TTO,0.3697268709738113,SSP2
2065,TTO,,SSP2
2070,TTO,0.4597469184791803,SSP2
2070,TTO,,SSP2
2075,TTO,0.7157943597666402,SSP2
2075,TTO,,SSP2
2080,TTO,0.7302304827790504,SSP2
2080,TTO,,SSP2
2085,TTO,0.8323585048032699,SSP2
2085,TTO,,SSP2
2090,TTO,0.8375859163264373,SSP2
2090,TTO,,SSP2
2095,TTO,0.7556284319241806,SSP2
2095,TTO,,SSP2
2100,TTO,0.7119418269713811,SSP2
2100,TTO,,SSP2
2012,TUN,0.5308205021133188,BACI
2012,TUN,,BACI
2013,TUN,0.4889289219748426,BACI
2013,TUN,,BACI
2014,TUN,0.240898247852169,BACI
2014,TUN,,BACI
2015,TUN,0.2693263934006116,BACI
2015,TUN,,BACI
2016,TUN,0.2943068278249201,BACI
2016,TUN,,BACI
2017,TUN,0.2037153380497293,BACI
2017,TUN,,BACI
2018,TUN,0.2447558172257858,BACI
2018,TUN,,BACI
2019,TUN,0.1653983487564719,BACI
2019,TUN,,BACI
2020,TUN,0.2468615842329871,BACI
2020,TUN,,BACI
2021,TUN,0.3438174027963552,BACI
2021,TUN,,BACI
2022,TUN,0.4302474927896579,BACI
2022,TUN,,BACI
2023,TUN,0.4683930560273898,BACI
2023,TUN,,BACI
2024,TUN,0.2770944110183836,BACI
2024,TUN,,BACI
2025,TUN,0.0905182602041847,SSP2
2025,TUN,,SSP2
2030,TUN,0.0612657010256445,SSP2
2030,TUN,,SSP2
2035,TUN,0.048501479912674,SSP2
2035,TUN,,SSP2
2040,TUN,0.0539815181702151,SSP2
2040,TUN,,SSP2
2045,TUN,0.0289781990665365,SSP2
2045,TUN,,SSP2
2050,TUN,0.0240833680168876,SSP2
2050,TUN,,SSP2
2055,TUN,-0.0081947105796527,SSP2
2055,TUN,,SSP2
2060,TUN,0.0127307437178452,SSP2
2060,TUN,,SSP2
2065,TUN,0.0115886772393796,SSP2
2065,TUN,,SSP2
2070,TUN,0.0453900517253593,SSP2
2070,TUN,,SSP2
2075,TUN,0.0229225349152873,SSP2
2075,TUN,,SSP2
2080,TUN,-0.0087143461480181,SSP2
2080,TUN,,SSP2
2085,TUN,-0.0175444767932209,SSP2
2085,TUN,,SSP2
2090,TUN,-0.0208284859421532,SSP2
2090,TUN,,SSP2
2095,TUN,-0.1016440421205961,SSP2
2095,TUN,,SSP2
2100,TUN,-0.0859903562421482,SSP2
2100,TUN,,SSP2
2012,TUR,,BACI
2012,TUR,0.8762302372506358,BACI
2013,TUR,,BACI
2013,TUR,0.8604350458228472,BACI
2014,TUR,1.106205197290763,BACI
2014,TUR,,BACI
2015,TUR,,BACI
2015,TUR,1.0556625612064905,BACI
2016,TUR,,BACI
2016,TUR,0.9231346543542818,BACI
2017,TUR,,BACI
2017,TUR,1.010364987269763,BACI
2018,TUR,,BACI
2018,TUR,0.9032807819700952,BACI
2019,TUR,,BACI
2019,TUR,0.9389456359014384,BACI
2020,TUR,,BACI
2020,TUR,1.024238774731618,BACI
2021,TUR,,BACI
2021,TUR,0.7848396444081931,BACI
2022,TUR,,BACI
2022,TUR,0.8085432107858082,BACI
2023,TUR,,BACI
2023,TUR,0.8401669645241209,BACI
2024,TUR,,BACI
2024,TUR,0.9601144519423764,BACI
2025,TUR,,SSP2
2025,TUR,0.990832400296728,SSP2
2030,TUR,,SSP2
2030,TUR,1.023135012681355,SSP2
2035,TUR,,SSP2
2035,TUR,0.4581054618113856,SSP2
2040,TUR,,SSP2
2040,TUR,0.4282674072706544,SSP2
2045,TUR,,SSP2
2045,TUR,0.5385605310060985,SSP2
2050,TUR,,SSP2
2050,TUR,0.660179335440847,SSP2
2055,TUR,,SSP2
2055,TUR,0.8666299878569022,SSP2
2060,TUR,,SSP2
2060,TUR,0.9192547325364764,SSP2
2065,TUR,,SSP2
2065,TUR,0.9514101361153912,SSP2
2070,TUR,,SSP2
2070,TUR,1.0292562015496052,SSP2
2075,TUR,,SSP2
2075,TUR,1.017893723953267,SSP2
2080,TUR,,SSP2
2080,TUR,0.9699575506654824,SSP2
2085,TUR,,SSP2
2085,TUR,0.9535105580710894,SSP2
2090,TUR,,SSP2
2090,TUR,0.9923019282261444,SSP2
2095,TUR,,SSP2
2095,TUR,1.4858563812375185,SSP2
2100,TUR,,SSP2
2100,TUR,1.4232566006273146,SSP2
2012,TUV,-1.1569894203620024,BACI
2012,TUV,,BACI
2013,TUV,-1.54925805977973,BACI
2013,TUV,,BACI
2014,TUV,-1.8657822762030052,BACI
2014,TUV,,BACI
2015,TUV,-1.6488354345504177,BACI
2015,TUV,,BACI
2016,TUV,-1.828124294517748,BACI
2016,TUV,,BACI
2017,TUV,-2.0775090722313694,BACI
2017,TUV,,BACI
2018,TUV,-2.132280354387721,BACI
2018,TUV,,BACI
2019,TUV,-1.9664233984409991,BACI
2019,TUV,,BACI
2020,TUV,-2.137220998960424,BACI
2020,TUV,,BACI
2021,TUV,-2.0805411295586493,BACI
2021,TUV,,BACI
2022,TUV,-1.8247490465241976,BACI
2022,TUV,,BACI
2023,TUV,-1.980082852473679,BACI
2023,TUV,,BACI
2024,TUV,-1.949610099367607,BACI
2024,TUV,,BACI
2012,TZA,0.1322301329996889,BACI
2012,TZA,,BACI
2013,TZA,,BACI
2013,TZA,0.5050816962675901,BACI
2014,TZA,0.4625543328417175,BACI
2014,TZA,,BACI
2015,TZA,,BACI
2015,TZA,0.5637176314858433,BACI
2016,TZA,0.3256150071092953,BACI
2016,TZA,,BACI
2017,TZA,,BACI
2017,TZA,0.3354788663143376,BACI
2018,TZA,0.3654981758807514,BACI
2018,TZA,,BACI
2019,TZA,,BACI
2019,TZA,0.4173357856488341,BACI
2020,TZA,0.4270631637655557,BACI
2020,TZA,,BACI
2021,TZA,0.4117789428715442,BACI
2021,TZA,,BACI
2022,TZA,0.624762460729885,BACI
2022,TZA,,BACI
2023,TZA,0.7018999703007497,BACI
2023,TZA,,BACI
2024,TZA,0.6886713621397497,BACI
2024,TZA,,BACI
2025,TZA,-0.2335543979560346,SSP2
2025,TZA,,SSP2
2030,TZA,-0.3785849851074752,SSP2
2030,TZA,,SSP2
2035,TZA,-0.2890483570108749,SSP2
2035,TZA,,SSP2
2040,TZA,-0.2648702699413549,SSP2
2040,TZA,,SSP2
2045,TZA,-0.2703086126617041,SSP2
2045,TZA,,SSP2
2050,TZA,-0.1190803092712679,SSP2
2050,TZA,,SSP2
2055,TZA,-0.1167208283281007,SSP2
2055,TZA,,SSP2
2060,TZA,0.0297287302422118,SSP2
2060,TZA,,SSP2
2065,TZA,0.0729494709750462,SSP2
2065,TZA,,SSP2
2070,TZA,0.1131109385783742,SSP2
2070,TZA,,SSP2
2075,TZA,0.1558035806818481,SSP2
2075,TZA,,SSP2
2080,TZA,0.0939781088462734,SSP2
2080,TZA,,SSP2
2085,TZA,0.0973125574935505,SSP2
2085,TZA,,SSP2
2090,TZA,0.0463102952730036,SSP2
2090,TZA,,SSP2
2095,TZA,0.0140750920996636,SSP2
2095,TZA,,SSP2
2100,TZA,0.0189646653966265,SSP2
2100,TZA,,SSP2
2012,UGA,0.4641250693879973,BACI
2012,UGA,,BACI
2013,UGA,0.4132412691712056,BACI
2013,UGA,,BACI
2014,UGA,0.3506262287837107,BACI
2014,UGA,,BACI
2015,UGA,0.3989032427509708,BACI
2015,UGA,,BACI
2016,UGA,0.2039328085480937,BACI
2016,UGA,,BACI
2017,UGA,,BACI
2017,UGA,0.3021597309585223,BACI
2018,UGA,0.2466246798813559,BACI
2018,UGA,,BACI
2019,UGA,0.1804505223646422,BACI
2019,UGA,,BACI
2020,UGA,0.1299090501191694,BACI
2020,UGA,,BACI
2021,UGA,0.3904341144293943,BACI
2021,UGA,,BACI
2022,UGA,0.2925448713878416,BACI
2022,UGA,,BACI
2023,UGA,0.3096279770795634,BACI
2023,UGA,,BACI
2024,UGA,0.3716245379575285,BACI
2024,UGA,,BACI
2025,UGA,-0.4810640735049944,SSP2
2025,UGA,,SSP2
2030,UGA,-0.4091653414627751,SSP2
2030,UGA,,SSP2
2035,UGA,-0.4543069379627655,SSP2
2035,UGA,,SSP2
2040,UGA,-0.4645193669206952,SSP2
2040,UGA,,SSP2
2045,UGA,-0.4601277857174843,SSP2
2045,UGA,,SSP2
2050,UGA,-0.4664045167916084,SSP2
2050,UGA,,SSP2
2055,UGA,-0.5099789237215501,SSP2
2055,UGA,,SSP2
2060,UGA,-0.5055498961939937,SSP2
2060,UGA,,SSP2
2065,UGA,-0.481186914186093,SSP2
2065,UGA,,SSP2
2070,UGA,-0.4414181256366334,SSP2
2070,UGA,,SSP2
2075,UGA,-0.3735060941523301,SSP2
2075,UGA,,SSP2
2080,UGA,-0.4086846650510159,SSP2
2080,UGA,,SSP2
2085,UGA,-0.3173919512323212,SSP2
2085,UGA,,SSP2
2090,UGA,-0.4062327807122454,SSP2
2090,UGA,,SSP2
2095,UGA,-0.4894156880419326,SSP2
2095,UGA,,SSP2
2100,UGA,-0.6489548100512422,SSP2
2100,UGA,,SSP2
2012,UKR,1.248073698757991,BACI
2012,UKR,,BACI
2013,UKR,,BACI
2013,UKR,0.9458716774280028,BACI
2014,UKR,1.1300009690694033,BACI
2014,UKR,,BACI
2015,UKR,,BACI
2015,UKR,0.9719885302748114,BACI
2016,UKR,,BACI
2016,UKR,1.0004501582773668,BACI
2017,UKR,,BACI
2017,UKR,1.2216429357761314,BACI
2018,UKR,1.0249805728074626,BACI
2018,UKR,,BACI
2019,UKR,1.176196411654356,BACI
2019,UKR,,BACI
2020,UKR,,BACI
2020,UKR,1.1212398566559068,BACI
2021,UKR,,BACI
2021,UKR,1.0982668987480737,BACI
2022,UKR,,BACI
2022,UKR,0.914952793976448,BACI
2023,UKR,,BACI
2023,UKR,0.7971904842062799,BACI
2024,UKR,,BACI
2024,UKR,0.8658097174593894,BACI
2025,UKR,,SSP2
2025,UKR,0.5203787547004013,SSP2
2030,UKR,,SSP2
2030,UKR,0.5584884937816291,SSP2
2035,UKR,,SSP2
2035,UKR,0.5485506947373054,SSP2
2040,UKR,,SSP2
2040,UKR,0.5986417459929553,SSP2
2045,UKR,,SSP2
2045,UKR,0.6922380258610815,SSP2
2050,UKR,,SSP2
2050,UKR,0.5827184942062712,SSP2
2055,UKR,,SSP2
2055,UKR,0.511654076279066,SSP2
2060,UKR,,SSP2
2060,UKR,0.501201421547957,SSP2
2065,UKR,,SSP2
2065,UKR,0.4855392747126468,SSP2
2070,UKR,,SSP2
2070,UKR,0.6070760939606904,SSP2
2075,UKR,,SSP2
2075,UKR,0.6180569533796898,SSP2
2080,UKR,,SSP2
2080,UKR,0.541422977018359,SSP2
2085,UKR,,SSP2
2085,UKR,0.4781346508118112,SSP2
2090,UKR,,SSP2
2090,UKR,0.3948744821674733,SSP2
2095,UKR,,SSP2
2095,UKR,0.3796757177891606,SSP2
2100,UKR,,SSP2
2100,UKR,0.4117894376466978,SSP2
2012,URY,0.3094623147740141,BACI
2012,URY,,BACI
2013,URY,0.4334971076982455,BACI
2013,URY,,BACI
2014,URY,0.5021055842142725,BACI
2014,URY,,BACI
2015,URY,0.353097043670447,BACI
2015,URY,,BACI
2016,URY,0.2923886283544646,BACI
2016,URY,,BACI
2017,URY,0.3404658091838156,BACI
2017,URY,,BACI
2018,URY,0.4090040789190606,BACI
2018,URY,,BACI
2019,URY,0.3484483026516635,BACI
2019,URY,,BACI
2020,URY,0.5251428025753482,BACI
2020,URY,,BACI
2021,URY,0.3521553690260779,BACI
2021,URY,,BACI
2022,URY,,BACI
2022,URY,0.5129996110341396,BACI
2023,URY,0.4264469980069277,BACI
2023,URY,,BACI
2024,URY,0.5408809446402948,BACI
2024,URY,,BACI
2025,URY,,SSP2
2025,URY,-0.3648518908555456,SSP2
2030,URY,,SSP2
2030,URY,-0.3706512161898175,SSP2
2035,URY,,SSP2
2035,URY,-0.4557786963567736,SSP2
2040,URY,,SSP2
2040,URY,-0.4434542858197292,SSP2
2045,URY,-0.4040700104464063,SSP2
2045,URY,,SSP2
2050,URY,-0.4048837911724837,SSP2
2050,URY,,SSP2
2055,URY,-0.397517972904621,SSP2
2055,URY,,SSP2
2060,URY,-0.3863117948850157,SSP2
2060,URY,,SSP2
2065,URY,-0.3460801370869875,SSP2
2065,URY,,SSP2
2070,URY,-0.265396243934427,SSP2
2070,URY,,SSP2
2075,URY,,SSP2
2075,URY,-0.2495848337195303,SSP2
2080,URY,,SSP2
2080,URY,-0.2648232683897905,SSP2
2085,URY,,SSP2
2085,URY,-0.2930292418949942,SSP2
2090,URY,,SSP2
2090,URY,-0.2888484246957361,SSP2
2095,URY,,SSP2
2095,URY,-0.2993184528117767,SSP2
2100,URY,-0.2635608411409993,SSP2
2100,URY,,SSP2
2012,USA,,BACI
2012,USA,0.7112383128939215,BACI
2013,USA,0.7396830523575535,BACI
2013,USA,,BACI
2014,USA,,BACI
2014,USA,0.8675266937331729,BACI
2015,USA,,BACI
2015,USA,0.9263664302216628,BACI
2016,USA,,BACI
2016,USA,0.793321296263896,BACI
2017,USA,,BACI
2017,USA,0.7635546995849336,BACI
2018,USA,,BACI
2018,USA,0.761816306807358,BACI
2019,USA,,BACI
2019,USA,0.7399399714469184,BACI
2020,USA,,BACI
2020,USA,0.9275031485495135,BACI
2021,USA,,BACI
2021,USA,1.1228965815871648,BACI
2022,USA,,BACI
2022,USA,1.0546235934311132,BACI
2023,USA,,BACI
2023,USA,1.2211916906658125,BACI
2024,USA,,BACI
2024,USA,1.304018317153896,BACI
2025,USA,,SSP2
2025,USA,1.3885311478636642,SSP2
2030,USA,,SSP2
2030,USA,1.3412788160634577,SSP2
2035,USA,,SSP2
2035,USA,1.400065602294002,SSP2
2040,USA,,SSP2
2040,USA,1.501922088770322,SSP2
2045,USA,,SSP2
2045,USA,1.4604011568425426,SSP2
2050,USA,1.486153990487107,SSP2
2050,USA,,SSP2
2055,USA,1.4020628075679458,SSP2
2055,USA,,SSP2
2060,USA,1.3913491923203511,SSP2
2060,USA,,SSP2
2065,USA,1.3882870849472608,SSP2
2065,USA,,SSP2
2070,USA,0.8786525213243452,SSP2
2070,USA,,SSP2
2075,USA,0.8726822334375087,SSP2
2075,USA,,SSP2
2080,USA,0.8500576450723635,SSP2
2080,USA,,SSP2
2085,USA,0.8409683327657811,SSP2
2085,USA,,SSP2
2090,USA,,SSP2
2090,USA,0.8219027839112991,SSP2
2095,USA,,SSP2
2095,USA,0.6858309906037902,SSP2
2100,USA,,SSP2
2100,USA,0.6677760443760948,SSP2
2012,UZB,0.0929715142477371,BACI
2012,UZB,,BACI
2013,UZB,0.0892269792617714,BACI
2013,UZB,,BACI
2014,UZB,0.2461251405079101,BACI
2014,UZB,,BACI
2015,UZB,0.3858280145623288,BACI
2015,UZB,,BACI
2016,UZB,0.5041896054334772,BACI
2016,UZB,,BACI
2017,UZB,0.298587225878042,BACI
2017,UZB,,BACI
2018,UZB,0.4608249749467902,BACI
2018,UZB,,BACI
2019,UZB,0.8140499146642621,BACI
2019,UZB,,BACI
2020,UZB,0.6437876858331529,BACI
2020,UZB,,BACI
2021,UZB,0.7637858099203606,BACI
2021,UZB,,BACI
2022,UZB,0.866937617772108,BACI
2022,UZB,,BACI
2023,UZB,0.7548341796271872,BACI
2023,UZB,,BACI
2024,UZB,0.6988472501154739,BACI
2024,UZB,,BACI
2025,UZB,0.1070815999876829,SSP2
2025,UZB,,SSP2
2030,UZB,0.1563669155506207,SSP2
2030,UZB,,SSP2
2035,UZB,0.1222461415973849,SSP2
2035,UZB,,SSP2
2040,UZB,0.1319912738178343,SSP2
2040,UZB,,SSP2
2045,UZB,0.097174685967588,SSP2
2045,UZB,,SSP2
2050,UZB,0.0687455659481727,SSP2
2050,UZB,,SSP2
2055,UZB,-0.0245871370990379,SSP2
2055,UZB,,SSP2
2060,UZB,-0.0340934813015961,SSP2
2060,UZB,,SSP2
2065,UZB,-0.0595699897970569,SSP2
2065,UZB,,SSP2
2070,UZB,-0.014530757413591,SSP2
2070,UZB,,SSP2
2075,UZB,0.0105180609644305,SSP2
2075,UZB,,SSP2
2080,UZB,-0.0030222717504527,SSP2
2080,UZB,,SSP2
2085,UZB,-0.0277675712110734,SSP2
2085,UZB,,SSP2
2090,UZB,-0.0413710292736206,SSP2
2090,UZB,,SSP2
2095,UZB,-0.132769860492841,SSP2
2095,UZB,,SSP2
2100,UZB,-0.1025796667648977,SSP2
2100,UZB,,SSP2
2012,VCT,-0.8161796264285048,BACI
2012,VCT,,BACI
2013,VCT,-0.7297861829379896,BACI
2013,VCT,,BACI
2014,VCT,-0.6200498830008375,BACI
2014,VCT,,BACI
2015,VCT,-1.1225178056091172,BACI
2015,VCT,,BACI
2016,VCT,-0.949531302916414,BACI
2016,VCT,,BACI
2017,VCT,-0.7318858683256367,BACI
2017,VCT,,BACI
2018,VCT,-0.721795056585121,BACI
2018,VCT,,BACI
2019,VCT,-1.263899531882463,BACI
2019,VCT,,BACI
2020,VCT,-1.3283483977767196,BACI
2020,VCT,,BACI
2021,VCT,-1.374806775336088,BACI
2021,VCT,,BACI
2022,VCT,-1.2552902580088705,BACI
2022,VCT,,BACI
2023,VCT,-1.1355614950762034,BACI
2023,VCT,,BACI
2024,VCT,-1.2497795063266428,BACI
2024,VCT,,BACI
2025,VCT,-1.406505944427202,SSP2
2025,VCT,,SSP2
2030,VCT,-1.4605664673844825,SSP2
2030,VCT,,SSP2
2035,VCT,-1.4958037629100929,SSP2
2035,VCT,,SSP2
2040,VCT,-1.488771700414529,SSP2
2040,VCT,,SSP2
2045,VCT,-1.5376279999683835,SSP2
2045,VCT,,SSP2
2050,VCT,-1.5161793781779334,SSP2
2050,VCT,,SSP2
2055,VCT,-1.5675828086134622,SSP2
2055,VCT,,SSP2
2060,VCT,-1.6254407395323498,SSP2
2060,VCT,,SSP2
2065,VCT,-1.578650678738455,SSP2
2065,VCT,,SSP2
2070,VCT,-1.7537180841862974,SSP2
2070,VCT,,SSP2
2075,VCT,-1.7608042674305846,SSP2
2075,VCT,,SSP2
2080,VCT,-1.7019382042393256,SSP2
2080,VCT,,SSP2
2085,VCT,-1.747672283392929,SSP2
2085,VCT,,SSP2
2090,VCT,-1.7291566225413273,SSP2
2090,VCT,,SSP2
2095,VCT,-1.7191667723135016,SSP2
2095,VCT,,SSP2
2100,VCT,-1.680305198515098,SSP2
2100,VCT,,SSP2
2012,VEN,0.7942574030380447,BACI
2012,VEN,,BACI
2013,VEN,0.3998706488465566,BACI
2013,VEN,,BACI
2014,VEN,0.5376076570990547,BACI
2014,VEN,,BACI
2015,VEN,0.5703965556088126,BACI
2015,VEN,,BACI
2016,VEN,0.6136429890492313,BACI
2016,VEN,,BACI
2017,VEN,0.3946631336635889,BACI
2017,VEN,,BACI
2018,VEN,0.4718440511355641,BACI
2018,VEN,,BACI
2019,VEN,0.2806666922306515,BACI
2019,VEN,,BACI
2020,VEN,0.1936165090454524,BACI
2020,VEN,,BACI
2021,VEN,0.231395793810144,BACI
2021,VEN,,BACI
2022,VEN,0.1132015922982179,BACI
2022,VEN,,BACI
2023,VEN,0.1632821352417947,BACI
2023,VEN,,BACI
2024,VEN,0.2107789036334861,BACI
2024,VEN,,BACI
2025,VEN,-0.5007377602330083,SSP2
2025,VEN,,SSP2
2030,VEN,-0.4941697104623698,SSP2
2030,VEN,,SSP2
2035,VEN,-0.5194321075939946,SSP2
2035,VEN,,SSP2
2040,VEN,-0.4755730381148559,SSP2
2040,VEN,,SSP2
2045,VEN,-0.4550789529502594,SSP2
2045,VEN,,SSP2
2050,VEN,-0.5141778957152264,SSP2
2050,VEN,,SSP2
2055,VEN,-0.5703070410697322,SSP2
2055,VEN,,SSP2
2060,VEN,-0.7054791102597641,SSP2
2060,VEN,,SSP2
2065,VEN,-0.6942202888688039,SSP2
2065,VEN,,SSP2
2070,VEN,-0.7396102387248201,SSP2
2070,VEN,,SSP2
2075,VEN,-0.7126356705198058,SSP2
2075,VEN,,SSP2
2080,VEN,-0.7492287395043865,SSP2
2080,VEN,,SSP2
2085,VEN,-0.7567208688683967,SSP2
2085,VEN,,SSP2
2090,VEN,-0.7160181952838619,SSP2
2090,VEN,,SSP2
2095,VEN,-0.7374665959009216,SSP2
2095,VEN,,SSP2
2100,VEN,-0.665251972639154,SSP2
2100,VEN,,SSP2
2012,VGB,-0.3813896314812116,BACI
2012,VGB,,BACI
2013,VGB,-0.5263016149335175,BACI
2013,VGB,,BACI
2014,VGB,-0.4132825500162589,BACI
2014,VGB,,BACI
2015,VGB,-0.6547274567442845,BACI
2015,VGB,,BACI
2016,VGB,-0.4982779460292061,BACI
2016,VGB,,BACI
2017,VGB,-0.7674488384755119,BACI
2017,VGB,,BACI
2018,VGB,-0.9664109924023933,BACI
2018,VGB,,BACI
2019,VGB,-0.8001610640260441,BACI
2019,VGB,,BACI
2020,VGB,-0.9900098507035804,BACI
2020,VGB,,BACI
2021,VGB,-0.9601378866787116,BACI
2021,VGB,,BACI
2022,VGB,-1.2065962493356983,BACI
2022,VGB,,BACI
2023,VGB,-0.9212012719899372,BACI
2023,VGB,,BACI
2024,VGB,-0.745558353080469,BACI
2024,VGB,,BACI
2012,VNM,1.1068342787362169,BACI
2012,VNM,,BACI
2013,VNM,1.01133816559584,BACI
2013,VNM,,BACI
2014,VNM,1.1671768634345596,BACI
2014,VNM,,BACI
2015,VNM,,BACI
2015,VNM,1.2351132880389657,BACI
2016,VNM,1.0694907279149926,BACI
2016,VNM,,BACI
2017,VNM,1.0698035556418812,BACI
2017,VNM,,BACI
2018,VNM,1.3026378145486586,BACI
2018,VNM,,BACI
2019,VNM,1.2703159577527237,BACI
2019,VNM,,BACI
2020,VNM,1.2076109419619525,BACI
2020,VNM,,BACI
2021,VNM,,BACI
2021,VNM,1.2128565037553336,BACI
2022,VNM,1.309046239650002,BACI
2022,VNM,,BACI
2023,VNM,1.2684080405565237,BACI
2023,VNM,,BACI
2024,VNM,,BACI
2024,VNM,1.1266517276927162,BACI
2025,VNM,1.0870314674219292,SSP2
2025,VNM,,SSP2
2030,VNM,1.187744717883461,SSP2
2030,VNM,,SSP2
2035,VNM,1.2644775653140954,SSP2
2035,VNM,,SSP2
2040,VNM,1.3370925239461504,SSP2
2040,VNM,,SSP2
2045,VNM,1.337592509536555,SSP2
2045,VNM,,SSP2
2050,VNM,1.1970736669238529,SSP2
2050,VNM,,SSP2
2055,VNM,1.378205008764373,SSP2
2055,VNM,,SSP2
2060,VNM,1.394683497866044,SSP2
2060,VNM,,SSP2
2065,VNM,1.2526920295524064,SSP2
2065,VNM,,SSP2
2070,VNM,1.0036225120536058,SSP2
2070,VNM,,SSP2
2075,VNM,0.9286274236382848,SSP2
2075,VNM,,SSP2
2080,VNM,0.7994768917993833,SSP2
2080,VNM,,SSP2
2085,VNM,0.7504490251313459,SSP2
2085,VNM,,SSP2
2090,VNM,0.7369814379052136,SSP2
2090,VNM,,SSP2
2095,VNM,0.7790791168042064,SSP2
2095,VNM,,SSP2
2100,VNM,0.721879801433976,SSP2
2100,VNM,,SSP2
2012,VUT,-1.3121667934172403,BACI
2012,VUT,,BACI
2013,VUT,-1.306568297706145,BACI
2013,VUT,,BACI
2014,VUT,-1.7322623735892924,BACI
2014,VUT,,BACI
2015,VUT,-1.8325613898078117,BACI
2015,VUT,,BACI
2016,VUT,-1.738860886103813,BACI
2016,VUT,,BACI
2017,VUT,-1.5020914820075968,BACI
2017,VUT,,BACI
2018,VUT,-1.7895663928346066,BACI
2018,VUT,,BACI
2019,VUT,-1.731235976172906,BACI
2019,VUT,,BACI
2020,VUT,-1.4766536825984324,BACI
2020,VUT,,BACI
2021,VUT,-1.198459042395594,BACI
2021,VUT,,BACI
2022,VUT,-1.3576546873106785,BACI
2022,VUT,,BACI
2023,VUT,-1.4455667154539484,BACI
2023,VUT,,BACI
2024,VUT,-1.6650962231623183,BACI
2024,VUT,,BACI
2025,VUT,-1.301417634543424,SSP2
2025,VUT,,SSP2
2030,VUT,-1.324830092488923,SSP2
2030,VUT,,SSP2
2035,VUT,-1.36276604526411,SSP2
2035,VUT,,SSP2
2040,VUT,-1.3905289580106828,SSP2
2040,VUT,,SSP2
2045,VUT,-1.413786971163127,SSP2
2045,VUT,,SSP2
2050,VUT,-1.3922274711872062,SSP2
2050,VUT,,SSP2
2055,VUT,-1.472045386147962,SSP2
2055,VUT,,SSP2
2060,VUT,-1.4843035987702506,SSP2
2060,VUT,,SSP2
2065,VUT,-1.4809250532672895,SSP2
2065,VUT,,SSP2
2070,VUT,-1.5632546666159914,SSP2
2070,VUT,,SSP2
2075,VUT,-1.581165198151673,SSP2
2075,VUT,,SSP2
2080,VUT,-1.5185759359116309,SSP2
2080,VUT,,SSP2
2085,VUT,-1.5645907423804988,SSP2
2085,VUT,,SSP2
2090,VUT,-1.5804758110312,SSP2
2090,VUT,,SSP2
2095,VUT,-1.532569700234228,SSP2
2095,VUT,,SSP2
2100,VUT,-1.558856055330475,SSP2
2100,VUT,,SSP2
2012,WLF,-1.5247028569328211,BACI
2012,WLF,,BACI
2013,WLF,-1.8768030727888985,BACI
2013,WLF,,BACI
2014,WLF,-1.829343873115804,BACI
2014,WLF,,BACI
2015,WLF,-1.474747482096163,BACI
2015,WLF,,BACI
2016,WLF,-1.858816975544028,BACI
2016,WLF,,BACI
2017,WLF,-1.816678208939598,BACI
2017,WLF,,BACI
2018,WLF,-1.7572518195926363,BACI
2018,WLF,,BACI
2019,WLF,-1.9785813196462876,BACI
2019,WLF,,BACI
2020,WLF,-1.9645282480546444,BACI
2020,WLF,,BACI
2021,WLF,-2.0087722918794797,BACI
2021,WLF,,BACI
2022,WLF,-2.1321917837691235,BACI
2022,WLF,,BACI
2023,WLF,-1.8745522401965289,BACI
2023,WLF,,BACI
2024,WLF,-1.853940640570736,BACI
2024,WLF,,BACI
2012,WSM,-0.7571863517654355,BACI
2012,WSM,,BACI
2013,WSM,-0.362658427586266,BACI
2013,WSM,,BACI
2014,WSM,-1.043369406371462,BACI
2014,WSM,,BACI
2015,WSM,-1.108837725610862,BACI
2015,WSM,,BACI
2016,WSM,-0.9012187211717584,BACI
2016,WSM,,BACI
2017,WSM,-0.7333677180667303,BACI
2017,WSM,,BACI
2018,WSM,-0.8770917283893972,BACI
2018,WSM,,BACI
2019,WSM,-0.9240918750766818,BACI
2019,WSM,,BACI
2020,WSM,-1.5367193785613502,BACI
2020,WSM,,BACI
2021,WSM,-0.9687318613237136,BACI
2021,WSM,,BACI
2022,WSM,-0.7486030764102273,BACI
2022,WSM,,BACI
2023,WSM,-0.8055572851361261,BACI
2023,WSM,,BACI
2024,WSM,-0.7830853552623628,BACI
2024,WSM,,BACI
2025,WSM,-1.2481173824610725,SSP2
2025,WSM,,SSP2
2030,WSM,-1.2557622970980464,SSP2
2030,WSM,,SSP2
2035,WSM,-1.2901678774008882,SSP2
2035,WSM,,SSP2
2040,WSM,-1.3191870908785652,SSP2
2040,WSM,,SSP2
2045,WSM,-1.3478961755024146,SSP2
2045,WSM,,SSP2
2050,WSM,-1.3312177419302045,SSP2
2050,WSM,,SSP2
2055,WSM,-1.366479615307528,SSP2
2055,WSM,,SSP2
2060,WSM,-1.382917659544765,SSP2
2060,WSM,,SSP2
2065,WSM,-1.3454154972249155,SSP2
2065,WSM,,SSP2
2070,WSM,-1.4125597380240202,SSP2
2070,WSM,,SSP2
2075,WSM,-1.40834996945351,SSP2
2075,WSM,,SSP2
2080,WSM,-1.3228376587086348,SSP2
2080,WSM,,SSP2
2085,WSM,-1.3512435134775236,SSP2
2085,WSM,,SSP2
2090,WSM,-1.337541297837628,SSP2
2090,WSM,,SSP2
2095,WSM,-1.3494996210206542,SSP2
2095,WSM,,SSP2
2100,WSM,-1.228139586823534,SSP2
2100,WSM,,SSP2
2012,YEM,0.2716108833887035,BACI
2012,YEM,,BACI
2013,YEM,0.0751026817787813,BACI
2013,YEM,,BACI
2014,YEM,,BACI
2014,YEM,-0.0847895835454987,BACI
2015,YEM,,BACI
2015,YEM,-0.2759940624745732,BACI
2016,YEM,-1.0471378790185062,BACI
2016,YEM,,BACI
2017,YEM,-0.3742106059841119,BACI
2017,YEM,,BACI
2018,YEM,,BACI
2018,YEM,-0.0194541702703951,BACI
2019,YEM,-0.4458480984702749,BACI
2019,YEM,,BACI
2020,YEM,-0.4071170209684715,BACI
2020,YEM,,BACI
2021,YEM,-0.5671384790046676,BACI
2021,YEM,,BACI
2022,YEM,-0.4350074576245819,BACI
2022,YEM,,BACI
2023,YEM,-0.6235156782818823,BACI
2023,YEM,,BACI
2024,YEM,-0.5890556149978317,BACI
2024,YEM,,BACI
2012,ZAF,,BACI
2012,ZAF,0.7377444429403055,BACI
2013,ZAF,,BACI
2013,ZAF,0.6116213095555995,BACI
2014,ZAF,,BACI
2014,ZAF,0.4117957275866187,BACI
2015,ZAF,,BACI
2015,ZAF,0.3955312671443542,BACI
2016,ZAF,,BACI
2016,ZAF,0.5739006218344475,BACI
2017,ZAF,,BACI
2017,ZAF,0.4476129821742649,BACI
2018,ZAF,,BACI
2018,ZAF,0.2278865668356594,BACI
2019,ZAF,,BACI
2019,ZAF,0.2409396586743373,BACI
2020,ZAF,,BACI
2020,ZAF,0.1248755198451627,BACI
2021,ZAF,,BACI
2021,ZAF,0.1785784535632576,BACI
2022,ZAF,,BACI
2022,ZAF,0.126608664326862,BACI
2023,ZAF,,BACI
2023,ZAF,0.2264791100074897,BACI
2024,ZAF,,BACI
2024,ZAF,0.2498940616083081,BACI
2025,ZAF,,SSP2
2025,ZAF,0.2739089658951048,SSP2
2030,ZAF,,SSP2
2030,ZAF,0.3222400114037227,SSP2
2035,ZAF,,SSP2
2035,ZAF,0.3198851765041533,SSP2
2040,ZAF,,SSP2
2040,ZAF,0.2862734198097031,SSP2
2045,ZAF,,SSP2
2045,ZAF,0.3228658536873417,SSP2
2050,ZAF,,SSP2
2050,ZAF,0.3789344888504897,SSP2
2055,ZAF,,SSP2
2055,ZAF,0.5071857787817313,SSP2
2060,ZAF,,SSP2
2060,ZAF,0.5066395473175936,SSP2
2065,ZAF,,SSP2
2065,ZAF,0.5163158211056786,SSP2
2070,ZAF,,SSP2
2070,ZAF,0.4961118763516378,SSP2
2075,ZAF,,SSP2
2075,ZAF,0.5775372303092138,SSP2
2080,ZAF,,SSP2
2080,ZAF,0.5304207742238483,SSP2
2085,ZAF,,SSP2
2085,ZAF,0.4680700247166353,SSP2
2090,ZAF,,SSP2
2090,ZAF,0.2528798289958108,SSP2
2095,ZAF,,SSP2
2095,ZAF,0.2107604880923038,SSP2
2100,ZAF,,SSP2
2100,ZAF,0.1864258682842071,SSP2
2012,ZMB,0.3673236265977388,BACI
2012,ZMB,,BACI
2013,ZMB,0.4700546953986797,BACI
2013,ZMB,,BACI
2014,ZMB,0.696522892589567,BACI
2014,ZMB,,BACI
2015,ZMB,,BACI
2015,ZMB,0.3349109206141246,BACI
2016,ZMB,0.2973768734408415,BACI
2016,ZMB,,BACI
2017,ZMB,-0.0398185747582306,BACI
2017,ZMB,,BACI
2018,ZMB,0.2009343623167018,BACI
2018,ZMB,,BACI
2019,ZMB,0.2340086424132986,BACI
2019,ZMB,,BACI
2020,ZMB,,BACI
2020,ZMB,0.2300318996845453,BACI
2021,ZMB,0.2809727076086341,BACI
2021,ZMB,,BACI
2022,ZMB,0.3827072832781509,BACI
2022,ZMB,,BACI
2023,ZMB,,BACI
2023,ZMB,0.3559560845521082,BACI
2024,ZMB,,BACI
2024,ZMB,0.4019123684353239,BACI
2025,ZMB,-0.5324877838913319,SSP2
2025,ZMB,,SSP2
2030,ZMB,-0.2220326054951209,SSP2
2030,ZMB,,SSP2
2035,ZMB,-0.2676391106819664,SSP2
2035,ZMB,,SSP2
2040,ZMB,-0.3354312087072604,SSP2
2040,ZMB,,SSP2
2045,ZMB,-0.3251414301600633,SSP2
2045,ZMB,,SSP2
2050,ZMB,-0.3656751494608603,SSP2
2050,ZMB,,SSP2
2055,ZMB,-0.4153489600299926,SSP2
2055,ZMB,,SSP2
2060,ZMB,-0.4756865943101359,SSP2
2060,ZMB,,SSP2
2065,ZMB,-0.4147808725670666,SSP2
2065,ZMB,,SSP2
2070,ZMB,-0.4148991944205341,SSP2
2070,ZMB,,SSP2
2075,ZMB,,SSP2
2075,ZMB,-0.4010281516101713,SSP2
2080,ZMB,,SSP2
2080,ZMB,-0.3960870329319907,SSP2
2085,ZMB,,SSP2
2085,ZMB,-0.3876255026768588,SSP2
2090,ZMB,,SSP2
2090,ZMB,-0.4643314801385842,SSP2
2095,ZMB,,SSP2
2095,ZMB,-0.5394743316607122,SSP2
2100,ZMB,,SSP2
2100,ZMB,-0.5456022482842954,SSP2
2012,ZWE,0.306948558279227,BACI
2012,ZWE,,BACI
2013,ZWE,0.5649651622116137,BACI
2013,ZWE,,BACI
2014,ZWE,0.2495977147868053,BACI
2014,ZWE,,BACI
2015,ZWE,0.0484572966800714,BACI
2015,ZWE,,BACI
2016,ZWE,0.5219160484961147,BACI
2016,ZWE,,BACI
2017,ZWE,0.2022534438854101,BACI
2017,ZWE,,BACI
2018,ZWE,,BACI
2018,ZWE,0.1851173816931756,BACI
2019,ZWE,0.0547238952879043,BACI
2019,ZWE,,BACI
2020,ZWE,0.4721885754112457,BACI
2020,ZWE,,BACI
2021,ZWE,0.538427348960136,BACI
2021,ZWE,,BACI
2022,ZWE,,BACI
2022,ZWE,0.3132901653820422,BACI
2023,ZWE,,BACI
2023,ZWE,0.1460505677779448,BACI
2024,ZWE,,BACI
2024,ZWE,-0.0093457562700925,BACI
2025,ZWE,,SSP2
2025,ZWE,-0.6909223845254563,SSP2
2030,ZWE,,SSP2
2030,ZWE,-0.6611899924297243,SSP2
2035,ZWE,,SSP2
2035,ZWE,-0.683178982897078,SSP2
2040,ZWE,,SSP2
2040,ZWE,-0.6973895255235163,SSP2
2045,ZWE,-0.7375152446119457,SSP2
2045,ZWE,,SSP2
2050,ZWE,-0.7397704263447278,SSP2
2050,ZWE,,SSP2
2055,ZWE,-0.7590279982093676,SSP2
2055,ZWE,,SSP2
2060,ZWE,-0.7398764101892028,SSP2
2060,ZWE,,SSP2
2065,ZWE,-0.7456769475604701,SSP2
2065,ZWE,,SSP2
2070,ZWE,-0.752763880030106,SSP2
2070,ZWE,,SSP2
2075,ZWE,-0.7736433424044497,SSP2
2075,ZWE,,SSP2
2080,ZWE,-0.7520012408447329,SSP2
2080,ZWE,,SSP2
2085,ZWE,-0.7775830695094059,SSP2
2085,ZWE,,SSP2
2090,ZWE,-0.7568394161257047,SSP2
2090,ZWE,,SSP2
2095,ZWE,-0.7416840990353752,SSP2
2095,ZWE,,SSP2
2100,ZWE,-0.6831780256332916,SSP2
2100,ZWE,,SSP2
