country_iso3,t,gdp,gdpcap,pop,co2_pc,renew_energy_pct,source
ABW,2012,2649051221.8286595,25444.73366466871,104110.0,,,WB hist + TIAM interp
ABW,2013,2819423912.92302,26680.14112063421,105675.0,,,WB hist + TIAM interp
ABW,2014,2859631679.07374,26773.822680851816,106807.0,,,WB hist + TIAM interp
ABW,2015,2962906703.91061,27458.220153750583,107906.0,,,WB hist + TIAM interp
ABW,2016,2999478909.44476,27587.249804048304,108727.0,,,WB hist + TIAM interp
ABW,2017,3104263601.0989304,28548.890431773856,108735.0,,,WB hist + TIAM interp
ABW,2018,3203987172.7481,29419.208623316008,108908.0,,,WB hist + TIAM interp
ABW,2019,3243239612.14075,29699.180536622163,109203.0,,,WB hist + TIAM interp
ABW,2020,2468170539.29889,22729.88975935324,108587.0,,,WB hist + TIAM interp
ABW,2021,2831747261.74117,26292.91793631541,107700.0,,,WB hist + TIAM interp
ABW,2022,3132944104.21046,29195.26702274215,107310.0,,,WB hist + TIAM interp
ABW,2023,3374393790.1973,31430.9353682253,107359.0,,,WB hist + TIAM interp
ABW,2024,3604216215.9983697,33373.91745912653,107995.0,,,WB hist + TIAM interp
ABW,2025,3604216215.998377,33373.9174591266,107995.0,,,SSP corrected + TIAM Scenario_1
ABW,2030,4658080606.641178,41248.086820705095,112928.40385273298,,,SSP corrected + TIAM Scenario_1
ABW,2035,5922717875.412542,50520.665680464146,117233.567603263,,,SSP corrected + TIAM Scenario_1
ABW,2040,7535130393.096023,62226.97447202321,121091.06150554951,,,SSP corrected + TIAM Scenario_1
ABW,2045,9537472735.317343,76637.31588319576,124449.46205910404,,,SSP corrected + TIAM Scenario_1
ABW,2050,12003515409.421486,94246.09732379598,127363.52751225005,,,SSP corrected + TIAM Scenario_1
ABW,2055,14985951634.940607,115308.8399819846,129963.5972166744,,,SSP corrected + TIAM Scenario_1
ABW,2060,18569090563.126133,140318.23538589964,132335.54792117997,,,SSP corrected + TIAM Scenario_1
ABW,2065,22774009481.790905,169963.34176662294,133993.6556028767,,,SSP corrected + TIAM Scenario_1
ABW,2070,27621785678.747826,204858.73424109328,134833.33176431918,,,SSP corrected + TIAM Scenario_1
AFG,2012,17386490239.3536,568.92902145834,30560034.0,2.086819058727902,26.006051140658496,WB hist + TIAM interp
AFG,2013,18360263162.7578,580.6038333330952,31622704.0,1.9283366953621672,27.320531754469908,WB hist + TIAM interp
AFG,2014,18860496494.0404,575.146245808546,32792523.0,1.7743428791062925,28.635012368281323,WB hist + TIAM interp
AFG,2015,19134221644.7325,565.5697304087513,33831764.0,1.6372524594396747,29.949492982092735,WB hist + TIAM interp
AFG,2016,19566715174.1633,563.8723367231477,34700612.0,1.5157397788657432,31.263973595904147,WB hist + TIAM interp
AFG,2017,20084646751.4954,562.769574140988,35688935.0,1.3954761357431733,32.57845420971556,WB hist + TIAM interp
AFG,2018,20323499020.3639,553.125151688294,36743039.0,1.2793992420113265,33.89293482352697,WB hist + TIAM interp
AFG,2019,21118473702.3471,557.8615332074594,37856121.0,1.1679742726148812,35.20741543733839,WB hist + TIAM interp
AFG,2020,20621957125.2077,527.8345544993049,39068979.0,1.0602000766951,36.5218960511498,WB hist + TIAM interp
AFG,2021,16345202562.5485,408.62585521740374,40000412.0,1.0413916898255509,39.69262203560237,WB hist + TIAM interp
AFG,2022,15325233810.1388,377.66562708070376,40578842.0,1.0323423906625335,42.86334802005494,WB hist + TIAM interp
AFG,2023,15672648238.1005,378.0663031225895,41454761.0,1.016202237296609,46.03407400450751,WB hist + TIAM interp
AFG,2024,,,,,49.20479998896008,WB hist + TIAM interp
AFG,2025,,,42647492.0,0.9988100848508085,52.37552597341265,SSP corrected + TIAM Scenario_1
AFG,2026,,,,,52.720441732023765,SSP corrected + TIAM Scenario_1
AFG,2027,,,,,53.06535749063488,SSP corrected + TIAM Scenario_1
AFG,2028,,,,,53.410273249246,SSP corrected + TIAM Scenario_1
AFG,2029,,,,,53.75518900785711,SSP corrected + TIAM Scenario_1
AFG,2030,,,47982311.48922811,0.7759318430586098,54.10010476646823,SSP corrected + TIAM Scenario_1
AFG,2031,,,,,57.89194334264819,SSP corrected + TIAM Scenario_1
AFG,2032,,,,,61.68378191882815,SSP corrected + TIAM Scenario_1
AFG,2033,,,,,65.47562049500812,SSP corrected + TIAM Scenario_1
AFG,2034,,,,,69.26745907118809,SSP corrected + TIAM Scenario_1
AFG,2035,,,53505641.48936217,0.43722001084356155,73.05929764736804,SSP corrected + TIAM Scenario_1
AFG,2036,,,,,70.90819101616198,SSP corrected + TIAM Scenario_1
AFG,2037,,,,,68.75708438495593,SSP corrected + TIAM Scenario_1
AFG,2038,,,,,66.60597775374987,SSP corrected + TIAM Scenario_1
AFG,2039,,,,,64.45487112254382,SSP corrected + TIAM Scenario_1
AFG,2040,,,59037590.56789527,0.35709524797303127,62.30376449133776,SSP corrected + TIAM Scenario_1
AFG,2041,,,,,63.43913668964179,SSP corrected + TIAM Scenario_1
AFG,2042,,,,,64.57450888794583,SSP corrected + TIAM Scenario_1
AFG,2043,,,,,65.70988108624987,SSP corrected + TIAM Scenario_1
AFG,2044,,,,,66.84525328455389,SSP corrected + TIAM Scenario_1
AFG,2045,,,64487038.39047656,0.2669332953231985,67.98062548285793,SSP corrected + TIAM Scenario_1
AFG,2046,,,,,67.75469893343056,SSP corrected + TIAM Scenario_1
AFG,2047,,,,,67.52877238400319,SSP corrected + TIAM Scenario_1
AFG,2048,,,,,67.3028458345758,SSP corrected + TIAM Scenario_1
AFG,2049,,,,,67.07691928514843,SSP corrected + TIAM Scenario_1
AFG,2050,,,69771505.40866165,0.18621476424656366,66.85099273572106,SSP corrected + TIAM Scenario_1
AFG,2051,,,,,66.73071980375094,SSP corrected + TIAM Scenario_1
AFG,2052,,,,,66.61044687178082,SSP corrected + TIAM Scenario_1
AFG,2053,,,,,66.4901739398107,SSP corrected + TIAM Scenario_1
AFG,2054,,,,,66.36990100784058,SSP corrected + TIAM Scenario_1
AFG,2055,,,74859381.50269005,0.11495510932274629,66.24962807587046,SSP corrected + TIAM Scenario_1
AFG,2056,,,,,66.12935514390034,SSP corrected + TIAM Scenario_1
AFG,2057,,,,,66.00908221193022,SSP corrected + TIAM Scenario_1
AFG,2058,,,,,65.8888092799601,SSP corrected + TIAM Scenario_1
AFG,2059,,,,,65.76853634798998,SSP corrected + TIAM Scenario_1
AFG,2060,,,79666625.7613016,0.0529513117674575,65.64826341601986,SSP corrected + TIAM Scenario_1
AFG,2061,,,,,66.08392014982849,SSP corrected + TIAM Scenario_1
AFG,2062,,,,,66.51957688363711,SSP corrected + TIAM Scenario_1
AFG,2063,,,,,66.95523361744574,SSP corrected + TIAM Scenario_1
AFG,2064,,,,,67.39089035125437,SSP corrected + TIAM Scenario_1
AFG,2065,,,84184348.55666398,0.03004545444300259,67.826547085063,SSP corrected + TIAM Scenario_1
AFG,2066,,,,,68.26220381887163,SSP corrected + TIAM Scenario_1
AFG,2067,,,,,68.69786055268025,SSP corrected + TIAM Scenario_1
AFG,2068,,,,,69.13351728648888,SSP corrected + TIAM Scenario_1
AFG,2069,,,,,69.56917402029751,SSP corrected + TIAM Scenario_1
AFG,2070,,,88298897.1306264,0.00951610617916438,70.00483075410614,SSP corrected + TIAM Scenario_1
AGO,2012,92712034533.3955,3682.352293227627,25177394.0,0.4910492324980099,89.96597470139714,WB hist + TIAM interp
AGO,2013,97239220009.2494,3716.2971872728185,26165620.0,0.479853334260759,88.56007316320684,WB hist + TIAM interp
AGO,2014,101766409287.84901,3746.816199786133,27160769.0,0.4693526902717666,87.15417162501652,WB hist + TIAM interp
AGO,2015,102543067840.73203,3641.728939199437,28157798.0,0.4595636349120766,85.74827008682621,WB hist + TIAM interp
AGO,2016,100799291837.039,3454.033171871191,29183070.0,0.4500081725466169,84.3423685486359,WB hist + TIAM interp
AGO,2017,100648701499.631,3328.898212410888,30234839.0,0.4407147661675989,82.93646701044558,WB hist + TIAM interp
AGO,2018,100050434318.105,3196.7900698355807,31297155.0,0.4319005992717229,81.53056547225528,WB hist + TIAM interp
AGO,2019,99845650843.2744,3083.9753442735696,32375632.0,0.42345366416322006,80.12466393406496,WB hist + TIAM interp
AGO,2020,95809443080.1137,2864.1614603689254,33451132.0,0.4155883274742391,78.71876239587465,WB hist + TIAM interp
AGO,2021,97824078558.145,2832.817771322863,34532429.0,0.42182031272691534,78.18316256197292,WB hist + TIAM interp
AGO,2022,101948344238.666,2860.9025192224763,35635029.0,0.42741820134340286,77.6475627280712,WB hist + TIAM interp
AGO,2023,103236265970.233,2809.1572797555727,36749906.0,0.4325355281180855,77.11196289416945,WB hist + TIAM interp
AGO,2024,107803341999.578,2845.4777930297405,37885849.0,0.43710832506353486,76.57636306026772,WB hist + TIAM interp
AGO,2025,107803341999.57837,2845.47779302975,37885849.0,0.4546499670628999,76.040763226366,SSP corrected + TIAM Scenario_1
AGO,2026,,,,,75.09220838730852,SSP corrected + TIAM Scenario_1
AGO,2027,,,,,74.14365354825104,SSP corrected + TIAM Scenario_1
AGO,2028,,,,,73.19509870919356,SSP corrected + TIAM Scenario_1
AGO,2029,,,,,72.24654387013608,SSP corrected + TIAM Scenario_1
AGO,2030,117709554270.37538,2785.6849577966263,42255156.65040575,0.47092950487994273,71.2979890310786,SSP corrected + TIAM Scenario_1
AGO,2031,,,,,69.37970235909805,SSP corrected + TIAM Scenario_1
AGO,2032,,,,,67.46141568711751,SSP corrected + TIAM Scenario_1
AGO,2033,,,,,65.54312901513697,SSP corrected + TIAM Scenario_1
AGO,2034,,,,,63.624842343156416,SSP corrected + TIAM Scenario_1
AGO,2035,122935318337.07436,2644.5597902335503,46486117.950926535,0.49889732725117253,61.70655567117587,SSP corrected + TIAM Scenario_1
AGO,2036,,,,,61.425267846964005,SSP corrected + TIAM Scenario_1
AGO,2037,,,,,61.14398002275214,SSP corrected + TIAM Scenario_1
AGO,2038,,,,,60.86269219854028,SSP corrected + TIAM Scenario_1
AGO,2039,,,,,60.581404374328415,SSP corrected + TIAM Scenario_1
AGO,2040,131883455900.65454,2605.1862119127304,50623427.72182322,0.5433195901142628,60.30011655011655,SSP corrected + TIAM Scenario_1
AGO,2041,,,,,60.45821758150525,SSP corrected + TIAM Scenario_1
AGO,2042,,,,,60.61631861289395,SSP corrected + TIAM Scenario_1
AGO,2043,,,,,60.77441964428266,SSP corrected + TIAM Scenario_1
AGO,2044,,,,,60.93252067567136,SSP corrected + TIAM Scenario_1
AGO,2045,148483797579.6396,2720.581067646156,54577972.09039157,0.5795891417073912,61.090621707060066,SSP corrected + TIAM Scenario_1
AGO,2046,,,,,61.0989035788747,SSP corrected + TIAM Scenario_1
AGO,2047,,,,,61.10718545068933,SSP corrected + TIAM Scenario_1
AGO,2048,,,,,61.11546732250396,SSP corrected + TIAM Scenario_1
AGO,2049,,,,,61.12374919431859,SSP corrected + TIAM Scenario_1
AGO,2050,175028609855.74963,3000.487477648723,58333391.21045344,0.6317376589173195,61.13203106613322,SSP corrected + TIAM Scenario_1
AGO,2051,,,,,61.967437768954454,SSP corrected + TIAM Scenario_1
AGO,2052,,,,,62.802844471775686,SSP corrected + TIAM Scenario_1
AGO,2053,,,,,63.63825117459691,SSP corrected + TIAM Scenario_1
AGO,2054,,,,,64.47365787741815,SSP corrected + TIAM Scenario_1
AGO,2055,212508298416.19946,3441.865135360004,61742192.1135129,0.4994696324241898,65.30906458023937,SSP corrected + TIAM Scenario_1
AGO,2056,,,,,66.1444712830606,SSP corrected + TIAM Scenario_1
AGO,2057,,,,,66.97987798588183,SSP corrected + TIAM Scenario_1
AGO,2058,,,,,67.81528468870306,SSP corrected + TIAM Scenario_1
AGO,2059,,,,,68.65069139152429,SSP corrected + TIAM Scenario_1
AGO,2060,262121803769.17615,4044.701089832889,64806223.73506616,0.3830696894404482,69.48609809434552,SSP corrected + TIAM Scenario_1
AGO,2061,,,,,71.09042009706273,SSP corrected + TIAM Scenario_1
AGO,2062,,,,,72.69474209977994,SSP corrected + TIAM Scenario_1
AGO,2063,,,,,74.29906410249716,SSP corrected + TIAM Scenario_1
AGO,2064,,,,,75.90338610521437,SSP corrected + TIAM Scenario_1
AGO,2065,325190385297.1846,4819.465410646383,67474368.54279037,0.23710410850090766,77.50770810793158,SSP corrected + TIAM Scenario_1
AGO,2066,,,,,79.1120301106488,SSP corrected + TIAM Scenario_1
AGO,2067,,,,,80.71635211336601,SSP corrected + TIAM Scenario_1
AGO,2068,,,,,82.32067411608323,SSP corrected + TIAM Scenario_1
AGO,2069,,,,,83.92499611880044,SSP corrected + TIAM Scenario_1
AGO,2070,402782581889.09717,5773.020410050596,69769817.75222358,0.10278943289588054,85.52931812151765,SSP corrected + TIAM Scenario_1
ALB,2012,10790155229.509197,3771.847818620145,2860708.0,1.5370779002907644,15.624833278696284,WB hist + TIAM interp
ALB,2013,10974367815.094002,3895.8997562194218,2816902.0,1.5271682787256178,17.800327931391145,WB hist + TIAM interp
ALB,2014,11220218560.899801,4045.119348849345,2773767.0,1.5165786136227402,19.975822584086004,WB hist + TIAM interp
ALB,2015,11470171826.9575,4199.539129253983,2731293.0,1.5052900014997528,22.151317236780866,WB hist + TIAM interp
ALB,2016,11918533446.9749,4431.556358141663,2689469.0,1.4932837585263192,24.326811889475728,WB hist + TIAM interp
ALB,2017,12309839868.7084,4648.230786606578,2648285.0,1.4805403155074994,26.50230654217059,WB hist + TIAM interp
ALB,2018,12761785703.1071,4893.823755387189,2607733.0,1.4670386278608798,28.677801194865452,WB hist + TIAM interp
ALB,2019,13025007474.8895,5072.436483547401,2567801.0,1.4527595303690952,30.85329584756031,WB hist + TIAM interp
ALB,2020,12593390460.142,4980.616995246947,2528480.0,1.4376818118138373,33.02879050025518,WB hist + TIAM interp
ALB,2021,13722964212.462,5511.757434028634,2489762.0,1.3642662420781957,36.03026624564535,WB hist + TIAM interp
ALB,2022,14385344334.623,5867.650962305578,2451636.0,1.2882201057918605,39.03174199103553,WB hist + TIAM interp
ALB,2023,14962975920.9066,6198.17195301204,2414095.0,1.209478221510411,42.033217736425705,WB hist + TIAM interp
ALB,2024,15568367220.7999,6549.233874153979,2377128.0,1.127976224684248,45.03469348181588,WB hist + TIAM interp
ALB,2025,15568367220.799877,6549.23387415397,2377128.0,1.0276654883141585,48.03616922720606,SSP corrected + TIAM Scenario_1
ALB,2026,,,,,45.32300225972651,SSP corrected + TIAM Scenario_1
ALB,2027,,,,,42.60983529224696,SSP corrected + TIAM Scenario_1
ALB,2028,,,,,39.8966683247674,SSP corrected + TIAM Scenario_1
ALB,2029,,,,,37.183501357287845,SSP corrected + TIAM Scenario_1
ALB,2030,17538540905.480404,7359.695891827158,2383052.392824643,0.6663585233378231,34.47033438980829,SSP corrected + TIAM Scenario_1
ALB,2031,,,,,39.361478929690215,SSP corrected + TIAM Scenario_1
ALB,2032,,,,,44.25262346957214,SSP corrected + TIAM Scenario_1
ALB,2033,,,,,49.143768009454064,SSP corrected + TIAM Scenario_1
ALB,2034,,,,,54.034912549335985,SSP corrected + TIAM Scenario_1
ALB,2035,19551359042.210304,8220.176476245975,2378459.7689244626,0.4465484348397763,58.926057089217906,SSP corrected + TIAM Scenario_1
ALB,2036,,,,,58.70964254691437,SSP corrected + TIAM Scenario_1
ALB,2037,,,,,58.49322800461083,SSP corrected + TIAM Scenario_1
ALB,2038,,,,,58.27681346230728,SSP corrected + TIAM Scenario_1
ALB,2039,,,,,58.06039892000374,SSP corrected + TIAM Scenario_1
ALB,2040,21702883870.342896,9179.93125752754,2364166.2733091316,0.43686358775593337,57.8439843777002,SSP corrected + TIAM Scenario_1
ALB,2041,,,,,60.74191142552966,SSP corrected + TIAM Scenario_1
ALB,2042,,,,,63.63983847335911,SSP corrected + TIAM Scenario_1
ALB,2043,,,,,66.53776552118858,SSP corrected + TIAM Scenario_1
ALB,2044,,,,,69.43569256901803,SSP corrected + TIAM Scenario_1
ALB,2045,23944186492.26361,10226.19741780259,2341455.52975338,0.25502914035232654,72.33361961684749,SSP corrected + TIAM Scenario_1
ALB,2046,,,,,73.34213396669794,SSP corrected + TIAM Scenario_1
ALB,2047,,,,,74.3506483165484,SSP corrected + TIAM Scenario_1
ALB,2048,,,,,75.35916266639887,SSP corrected + TIAM Scenario_1
ALB,2049,,,,,76.36767701624933,SSP corrected + TIAM Scenario_1
ALB,2050,26127582437.19093,11303.189338276195,2311523.0272852834,0.1342949939010027,77.37619136609979,SSP corrected + TIAM Scenario_1
ALB,2051,,,,,76.98769399779452,SSP corrected + TIAM Scenario_1
ALB,2052,,,,,76.59919662948927,SSP corrected + TIAM Scenario_1
ALB,2053,,,,,76.210699261184,SSP corrected + TIAM Scenario_1
ALB,2054,,,,,75.82220189287875,SSP corrected + TIAM Scenario_1
ALB,2055,28314120604.900887,12442.19863268746,2275652.5145415687,0.07154090814704019,75.43370452457349,SSP corrected + TIAM Scenario_1
ALB,2056,,,,,75.04520715626822,SSP corrected + TIAM Scenario_1
ALB,2057,,,,,74.65670978796297,SSP corrected + TIAM Scenario_1
ALB,2058,,,,,74.2682124196577,SSP corrected + TIAM Scenario_1
ALB,2059,,,,,73.87971505135245,SSP corrected + TIAM Scenario_1
ALB,2060,30560361005.479942,13675.748178025917,2234639.05650033,0.006792382930631087,73.49121768304718,SSP corrected + TIAM Scenario_1
ALB,2061,,,,,74.7859529841635,SSP corrected + TIAM Scenario_1
ALB,2062,,,,,76.08068828527982,SSP corrected + TIAM Scenario_1
ALB,2063,,,,,77.37542358639612,SSP corrected + TIAM Scenario_1
ALB,2064,,,,,78.67015888751244,SSP corrected + TIAM Scenario_1
ALB,2065,32778321401.015697,15007.275379275508,2184162.052912106,0.007053931171283287,79.96489418862876,SSP corrected + TIAM Scenario_1
ALB,2066,,,,,81.25962948974508,SSP corrected + TIAM Scenario_1
ALB,2067,,,,,82.5543647908614,SSP corrected + TIAM Scenario_1
ALB,2068,,,,,83.8491000919777,SSP corrected + TIAM Scenario_1
ALB,2069,,,,,85.14383539309402,SSP corrected + TIAM Scenario_1
ALB,2070,34886752888.13001,16425.72379047013,2123909.6269456693,0.0073615813001101675,86.43857069421034,SSP corrected + TIAM Scenario_1
AND,2012,2781928287.88297,36206.995443201835,76834.0,,,WB hist + TIAM interp
AND,2013,2683236696.87851,35684.1861967512,75194.0,,,WB hist + TIAM interp
AND,2014,2750437434.80254,37300.641940986745,73737.0,,,WB hist + TIAM interp
AND,2015,2789882569.1005,38654.95287916009,72174.0,,,WB hist + TIAM interp
AND,2016,2893378230.93931,40085.03942781771,72181.0,,,WB hist + TIAM interp
AND,2017,2903391399.65727,39361.080753999566,73763.0,,,WB hist + TIAM interp
AND,2018,2949519480.26811,39242.16333078031,75162.0,,,WB hist + TIAM interp
AND,2019,3008968450.49925,39346.29351804862,76474.0,,,WB hist + TIAM interp
AND,2020,2672447226.31612,34536.66614520703,77380.0,,,WB hist + TIAM interp
AND,2021,2893907016.25363,36929.03649958693,78364.0,,,WB hist + TIAM interp
AND,2022,3170698001.4214096,39780.41529918336,79705.0,,,WB hist + TIAM interp
AND,2023,3252614722.13544,40227.252425737606,80856.0,,,WB hist + TIAM interp
AND,2024,3362287046.47556,41034.526672307846,81938.0,,,WB hist + TIAM interp
ARE,2012,324917470354.939,43958.56811208562,7391448.0,25.350245252530332,5.320786333541271,WB hist + TIAM interp
ARE,2013,340898464870.844,44312.63371626138,7693031.0,24.53128912731942,6.013934125758187,WB hist + TIAM interp
ARE,2014,356691886612.605,44257.65147610814,8059440.0,23.582893585849337,6.707081917975103,WB hist + TIAM interp
ARE,2015,381973042886.317,44910.33499552299,8505237.0,22.50494184190799,7.400229710192019,WB hist + TIAM interp
ARE,2016,403584822847.176,45168.49824732429,8935095.0,21.572777031665623,8.093377502408934,WB hist + TIAM interp
ARE,2017,399301267917.2,43293.0203824801,9223225.0,21.044673673997632,8.78652529462585,WB hist + TIAM interp
ARE,2018,405439194566.321,43377.78586972248,9346701.0,20.910555339468242,9.479673086842766,WB hist + TIAM interp
ARE,2019,410593714983.921,43468.45868119177,9445785.0,20.833594736389784,10.172820879059682,WB hist + TIAM interp
ARE,2020,374899053476.789,39878.47442769501,9401038.0,21.07582213923356,10.865968671276596,WB hist + TIAM interp
ARE,2021,391967404019.48895,40935.8936567784,9575152.0,19.713179136523266,14.615636948329604,WB hist + TIAM interp
ARE,2022,421421732891.067,41828.555329810384,10074977.0,17.80438490913698,18.36530522538261,WB hist + TIAM interp
ARE,2023,439547849791.1149,41926.582364567315,10483751.0,16.215651276147753,22.114973502435618,WB hist + TIAM interp
ARE,2024,457093751868.536,41605.416867084394,10986400.0,14.620160571727626,25.864641779488625,WB hist + TIAM interp
ARE,2025,457093751868.5361,41605.4168670844,10986400.0,13.766567203860363,29.61431005654163,SSP corrected + TIAM Scenario_1
ARE,2026,,,,,29.999789297855635,SSP corrected + TIAM Scenario_1
ARE,2027,,,,,30.38526853916964,SSP corrected + TIAM Scenario_1
ARE,2028,,,,,30.77074778048364,SSP corrected + TIAM Scenario_1
ARE,2029,,,,,31.156227021797648,SSP corrected + TIAM Scenario_1
ARE,2030,542255419307.3893,45240.149041725366,11986154.572728366,11.26761603740884,31.541706263111653,SSP corrected + TIAM Scenario_1
ARE,2031,,,,,32.73054287229533,SSP corrected + TIAM Scenario_1
ARE,2032,,,,,33.91937948147901,SSP corrected + TIAM Scenario_1
ARE,2033,,,,,35.108216090662694,SSP corrected + TIAM Scenario_1
ARE,2034,,,,,36.297052699846375,SSP corrected + TIAM Scenario_1
ARE,2035,625072070623.7189,48380.631920357555,12919882.312671935,8.507475095452381,37.48588930903006,SSP corrected + TIAM Scenario_1
ARE,2036,,,,,37.34916053233583,SSP corrected + TIAM Scenario_1
ARE,2037,,,,,37.2124317556416,SSP corrected + TIAM Scenario_1
ARE,2038,,,,,37.07570297894738,SSP corrected + TIAM Scenario_1
ARE,2039,,,,,36.93897420225315,SSP corrected + TIAM Scenario_1
ARE,2040,706537452145.5529,51275.22823690441,13779313.64598072,5.876666219537938,36.80224542555893,SSP corrected + TIAM Scenario_1
ARE,2041,,,,,37.63671770140919,SSP corrected + TIAM Scenario_1
ARE,2042,,,,,38.471189977259456,SSP corrected + TIAM Scenario_1
ARE,2043,,,,,39.30566225310971,SSP corrected + TIAM Scenario_1
ARE,2044,,,,,40.14013452895998,SSP corrected + TIAM Scenario_1
ARE,2045,780513139316.8728,53697.577778376035,14535350.97129064,5.154005842422373,40.97460680481024,SSP corrected + TIAM Scenario_1
ARE,2046,,,,,42.679716748621615,SSP corrected + TIAM Scenario_1
ARE,2047,,,,,44.38482669243299,SSP corrected + TIAM Scenario_1
ARE,2048,,,,,46.08993663624437,SSP corrected + TIAM Scenario_1
ARE,2049,,,,,47.79504658005574,SSP corrected + TIAM Scenario_1
ARE,2050,845323416835.2316,55696.239011747944,15177387.770418905,3.538921240245895,49.50015652386711,SSP corrected + TIAM Scenario_1
ARE,2051,,,,,50.5759059964259,SSP corrected + TIAM Scenario_1
ARE,2052,,,,,51.651655468984686,SSP corrected + TIAM Scenario_1
ARE,2053,,,,,52.72740494154347,SSP corrected + TIAM Scenario_1
ARE,2054,,,,,53.803154414102266,SSP corrected + TIAM Scenario_1
ARE,2055,908222914409.8176,57837.556268352695,15702995.994434418,2.3065470491503137,54.87890388666105,SSP corrected + TIAM Scenario_1
ARE,2056,,,,,55.95465335921984,SSP corrected + TIAM Scenario_1
ARE,2057,,,,,57.03040283177863,SSP corrected + TIAM Scenario_1
ARE,2058,,,,,58.106152304337414,SSP corrected + TIAM Scenario_1
ARE,2059,,,,,59.18190177689621,SSP corrected + TIAM Scenario_1
ARE,2060,977501531472.5715,60647.865608655,16117657.59046058,1.1619441652901432,60.257651249454995,SSP corrected + TIAM Scenario_1
ARE,2061,,,,,60.68564254738791,SSP corrected + TIAM Scenario_1
ARE,2062,,,,,61.11363384532082,SSP corrected + TIAM Scenario_1
ARE,2063,,,,,61.54162514325374,SSP corrected + TIAM Scenario_1
ARE,2064,,,,,61.96961644118665,SSP corrected + TIAM Scenario_1
ARE,2065,1044475952021.1729,63855.02221452326,16356989.877980435,0.7446545762060204,62.397607739119564,SSP corrected + TIAM Scenario_1
ARE,2066,,,,,62.82559903705248,SSP corrected + TIAM Scenario_1
ARE,2067,,,,,63.25359033498539,SSP corrected + TIAM Scenario_1
ARE,2068,,,,,63.68158163291831,SSP corrected + TIAM Scenario_1
ARE,2069,,,,,64.10957293085121,SSP corrected + TIAM Scenario_1
ARE,2070,1106605507327.4395,67398.00394220179,16418965.58652429,0.3430664682329549,64.53756422878413,SSP corrected + TIAM Scenario_1
ARG,2012,579910247223.428,13754.42542355963,42161721.0,8.300538301081211,22.40078357315769,WB hist + TIAM interp
ARG,2013,593858966307.156,13946.095083225146,42582455.0,7.843938777132506,24.000044768548022,WB hist + TIAM interp
ARG,2014,578937574935.696,13456.131915915072,43024071.0,7.392683969864218,25.599305963938367,WB hist + TIAM interp
ARG,2015,594749285413.212,13679.626498095407,43477012.0,6.948788246993606,27.198567159328707,WB hist + TIAM interp
ARG,2016,582376550428.0901,13265.886063912349,43900313.0,6.518444185124602,28.797828354719048,WB hist + TIAM interp
ARG,2017,598790850843.6771,13520.112984615896,44288894.0,6.101099070119023,30.39708955010939,WB hist + TIAM interp
ARG,2018,583118120294.002,13058.328544995416,44654882.0,5.693892999202192,31.99635074549973,WB hist + TIAM interp
ARG,2019,571450737224.4419,12706.397810896757,44973465.0,5.298887021491451,33.595611940890066,WB hist + TIAM interp
ARG,2020,514874343768.066,11393.05059578768,45191965.0,4.920310502099212,35.19487313628041,WB hist + TIAM interp
ARG,2021,568636554720.066,12549.281169934173,45312281.0,5.158726836108737,34.94421805847999,WB hist + TIAM interp
ARG,2022,602872713790.916,13276.823211018856,45407904.0,5.398814708558228,34.69356298067957,WB hist + TIAM interp
ARG,2023,591684674129.454,12993.09288724156,45538401.0,5.6335759351761165,34.442907902879156,WB hist + TIAM interp
ARG,2024,583738758865.705,12774.350659662772,45696159.0,5.8634954417066005,34.19225282507874,WB hist + TIAM interp
ARG,2025,583738758865.7062,12774.3506596628,45696159.0,6.112863884249002,33.94159774727832,SSP corrected + TIAM Scenario_1
ARG,2026,,,,,35.513933935527575,SSP corrected + TIAM Scenario_1
ARG,2027,,,,,37.08627012377683,SSP corrected + TIAM Scenario_1
ARG,2028,,,,,38.65860631202609,SSP corrected + TIAM Scenario_1
ARG,2029,,,,,40.23094250027534,SSP corrected + TIAM Scenario_1
ARG,2030,680406191705.7484,14497.359232215547,46933112.49360315,4.61132425490634,41.80327868852459,SSP corrected + TIAM Scenario_1
ARG,2031,,,,,43.697068324662794,SSP corrected + TIAM Scenario_1
ARG,2032,,,,,45.59085796080099,SSP corrected + TIAM Scenario_1
ARG,2033,,,,,47.484647596939205,SSP corrected + TIAM Scenario_1
ARG,2034,,,,,49.378437233077406,SSP corrected + TIAM Scenario_1
ARG,2035,781242757167.8215,16271.021001004598,48014365.97737698,3.113278639781097,51.27222686921561,SSP corrected + TIAM Scenario_1
ARG,2036,,,,,50.67308337021117,SSP corrected + TIAM Scenario_1
ARG,2037,,,,,50.07393987120672,SSP corrected + TIAM Scenario_1
ARG,2038,,,,,49.47479637220228,SSP corrected + TIAM Scenario_1
ARG,2039,,,,,48.87565287319783,SSP corrected + TIAM Scenario_1
ARG,2040,882431387765.5077,18026.179007051152,48952769.603604525,2.598723239361575,48.27650937419339,SSP corrected + TIAM Scenario_1
ARG,2041,,,,,48.99369427184149,SSP corrected + TIAM Scenario_1
ARG,2042,,,,,49.71087916948958,SSP corrected + TIAM Scenario_1
ARG,2043,,,,,50.42806406713767,SSP corrected + TIAM Scenario_1
ARG,2044,,,,,51.145248964785765,SSP corrected + TIAM Scenario_1
ARG,2045,982509309645.0349,19777.67181535986,49677703.16028767,2.5196877479646176,51.86243386243386,SSP corrected + TIAM Scenario_1
ARG,2046,,,,,51.63850418777185,SSP corrected + TIAM Scenario_1
ARG,2047,,,,,51.41457451310984,SSP corrected + TIAM Scenario_1
ARG,2048,,,,,51.19064483844783,SSP corrected + TIAM Scenario_1
ARG,2049,,,,,50.96671516378582,SSP corrected + TIAM Scenario_1
ARG,2050,1085358892697.0188,21616.787130505385,50209075.296179034,2.0145660800030227,50.74278548912381,SSP corrected + TIAM Scenario_1
ARG,2051,,,,,50.93560749761066,SSP corrected + TIAM Scenario_1
ARG,2052,,,,,51.12842950609752,SSP corrected + TIAM Scenario_1
ARG,2053,,,,,51.32125151458437,SSP corrected + TIAM Scenario_1
ARG,2054,,,,,51.514073523071225,SSP corrected + TIAM Scenario_1
ARG,2055,1191372519193.5625,23572.86078470723,50540005.73262873,1.7048425054762737,51.706895531558075,SSP corrected + TIAM Scenario_1
ARG,2056,,,,,51.899717540044925,SSP corrected + TIAM Scenario_1
ARG,2057,,,,,52.09253954853178,SSP corrected + TIAM Scenario_1
ARG,2058,,,,,52.28536155701863,SSP corrected + TIAM Scenario_1
ARG,2059,,,,,52.47818356550549,SSP corrected + TIAM Scenario_1
ARG,2060,1299311146996.1084,25640.67173214437,50673834.15572651,1.4045907752168107,52.67100557399234,SSP corrected + TIAM Scenario_1
ARG,2061,,,,,52.85546898394122,SSP corrected + TIAM Scenario_1
ARG,2062,,,,,53.03993239389011,SSP corrected + TIAM Scenario_1
ARG,2063,,,,,53.224395803838995,SSP corrected + TIAM Scenario_1
ARG,2064,,,,,53.40885921378788,SSP corrected + TIAM Scenario_1
ARG,2065,1408496198948.115,27797.60220140396,50669701.24772045,1.1770989078543908,53.59332262373677,SSP corrected + TIAM Scenario_1
ARG,2066,,,,,53.77778603368565,SSP corrected + TIAM Scenario_1
ARG,2067,,,,,53.96224944363453,SSP corrected + TIAM Scenario_1
ARG,2068,,,,,54.146712853583416,SSP corrected + TIAM Scenario_1
ARG,2069,,,,,54.331176263532306,SSP corrected + TIAM Scenario_1
ARG,2070,1516963492301.074,30038.621155376535,50500436.90269574,0.9526749262130015,54.51563967348119,SSP corrected + TIAM Scenario_1
ARM,2012,9555426006.05632,3159.7586078688933,3024100.0,2.162869887297266,5.768678807715448,WB hist + TIAM interp
ARM,2013,9870755064.25618,3266.298829998736,3022000.0,2.1925934104867495,5.895922002931266,WB hist + TIAM interp
ARM,2014,10226102246.6276,3393.09252326883,3013800.0,2.226856376271237,6.023165198147083,WB hist + TIAM interp
ARM,2015,10553337518.414001,3512.393502767091,3004600.0,2.2620589120420527,6.150408393362901,WB hist + TIAM interp
ARM,2016,10574444193.4325,3533.8850360700803,2992300.0,2.2998578576469093,6.277651588578719,WB hist + TIAM interp
ARM,2017,11367527508.113503,3815.374742603713,2979400.0,2.338439661593657,6.4048947837945365,WB hist + TIAM interp
ARM,2018,11958638938.496002,4027.8339301098017,2969000.0,2.375355199753263,6.532137979010354,WB hist + TIAM interp
ARM,2019,12867495497.6469,4343.458395830177,2962500.0,2.4093542779351003,6.659381174226172,WB hist + TIAM interp
ARM,2020,11941035821.9185,4032.090434549553,2961500.0,2.438964885597849,6.78662436944199,WB hist + TIAM interp
ARM,2021,12633615899.668198,4264.799615051885,2962300.0,2.435436886014789,7.555521212509997,WB hist + TIAM interp
ARM,2022,14225451502.9981,4791.004817121818,2969200.0,2.426914612079074,8.324418055578004,WB hist + TIAM interp
ARM,2023,15406163977.6894,5197.235090135749,2964300.0,2.4280589160775783,9.093314898646012,WB hist + TIAM interp
ARM,2024,16315127652.444302,5378.3179998168125,3033500.0,2.369868212847319,9.86221174171402,WB hist + TIAM interp
ARM,2025,16315127652.444323,5378.31799981682,3033500.0,2.3670662279267916,10.631108584782028,SSP corrected + TIAM Scenario_1
ARM,2026,,,,,11.36865758846334,SSP corrected + TIAM Scenario_1
ARM,2027,,,,,12.10620659214465,SSP corrected + TIAM Scenario_1
ARM,2028,,,,,12.843755595825964,SSP corrected + TIAM Scenario_1
ARM,2029,,,,,13.581304599507272,SSP corrected + TIAM Scenario_1
ARM,2030,18833897359.744015,6336.399278055053,2972334.3705583285,2.302014974850203,14.318853603188586,SSP corrected + TIAM Scenario_1
ARM,2031,,,,,15.140987670864307,SSP corrected + TIAM Scenario_1
ARM,2032,,,,,15.963121738540032,SSP corrected + TIAM Scenario_1
ARM,2033,,,,,16.785255806215755,SSP corrected + TIAM Scenario_1
ARM,2034,,,,,17.607389873891478,SSP corrected + TIAM Scenario_1
ARM,2035,21431967687.505737,7376.394781625217,2905480.0240482385,1.7459204477470598,18.4295239415672,SSP corrected + TIAM Scenario_1
ARM,2036,,,,,19.81444105487761,SSP corrected + TIAM Scenario_1
ARM,2037,,,,,21.19935816818802,SSP corrected + TIAM Scenario_1
ARM,2038,,,,,22.584275281498428,SSP corrected + TIAM Scenario_1
ARM,2039,,,,,23.969192394808836,SSP corrected + TIAM Scenario_1
ARM,2040,24000137781.32279,8487.288910437319,2827774.338140935,1.317133960064459,25.354109508119247,SSP corrected + TIAM Scenario_1
ARM,2041,,,,,25.21252981982985,SSP corrected + TIAM Scenario_1
ARM,2042,,,,,25.07095013154045,SSP corrected + TIAM Scenario_1
ARM,2043,,,,,24.929370443251052,SSP corrected + TIAM Scenario_1
ARM,2044,,,,,24.78779075496165,SSP corrected + TIAM Scenario_1
ARM,2045,26336906064.61112,9619.986675452428,2737727.915134819,1.200426784816553,24.646211066672254,SSP corrected + TIAM Scenario_1
ARM,2046,,,,,25.413577469286473,SSP corrected + TIAM Scenario_1
ARM,2047,,,,,26.180943871900695,SSP corrected + TIAM Scenario_1
ARM,2048,,,,,26.948310274514913,SSP corrected + TIAM Scenario_1
ARM,2049,,,,,27.715676677129135,SSP corrected + TIAM Scenario_1
ARM,2050,28357121871.136898,10748.888208752824,2638144.645326731,1.06963485444217,28.483043079743354,SSP corrected + TIAM Scenario_1
ARM,2051,,,,,28.64920050842412,SSP corrected + TIAM Scenario_1
ARM,2052,,,,,28.815357937104885,SSP corrected + TIAM Scenario_1
ARM,2053,,,,,28.981515365785647,SSP corrected + TIAM Scenario_1
ARM,2054,,,,,29.147672794466413,SSP corrected + TIAM Scenario_1
ARM,2055,30180386136.679024,11905.835996258036,2534923.7253196347,0.8890161849976905,29.31383022314718,SSP corrected + TIAM Scenario_1
ARM,2056,,,,,29.479987651827944,SSP corrected + TIAM Scenario_1
ARM,2057,,,,,29.64614508050871,SSP corrected + TIAM Scenario_1
ARM,2058,,,,,29.812302509189472,SSP corrected + TIAM Scenario_1
ARM,2059,,,,,29.978459937870237,SSP corrected + TIAM Scenario_1
ARM,2060,32103751185.42726,13197.00537830448,2432654.247319241,0.6927926470616829,30.144617366551003,SSP corrected + TIAM Scenario_1
ARM,2061,,,,,30.377975575544003,SSP corrected + TIAM Scenario_1
ARM,2062,,,,,30.611333784537,SSP corrected + TIAM Scenario_1
ARM,2063,,,,,30.84469199353,SSP corrected + TIAM Scenario_1
ARM,2064,,,,,31.078050202522995,SSP corrected + TIAM Scenario_1
ARM,2065,34302718390.53564,14679.74785692952,2336737.5737549313,0.5570504591176102,31.311408411515995,SSP corrected + TIAM Scenario_1
ARM,2066,,,,,31.54476662050899,SSP corrected + TIAM Scenario_1
ARM,2067,,,,,31.77812482950199,SSP corrected + TIAM Scenario_1
ARM,2068,,,,,32.01148303849499,SSP corrected + TIAM Scenario_1
ARM,2069,,,,,32.24484124748799,SSP corrected + TIAM Scenario_1
ARM,2070,36361284497.120964,16205.070663364982,2243821.4095124807,0.4091397369313945,32.478199456480986,SSP corrected + TIAM Scenario_1
ASM,2012,657587786.2595421,12068.266737498248,54489.0,,,WB hist + TIAM interp
ASM,2013,641148091.6030539,11871.793719272931,54006.0,,,WB hist + TIAM interp
ASM,2014,652450381.679389,12203.089471428366,53466.0,,,WB hist + TIAM interp
ASM,2015,673000000.0,12727.410265138622,52878.0,,,WB hist + TIAM interp
ASM,2016,661697709.923664,12665.282992126788,52245.0,,,WB hist + TIAM interp
ASM,2017,615461068.70229,11930.77712368259,51586.0,,,WB hist + TIAM interp
ASM,2018,631900763.358779,12412.602407456176,50908.0,,,WB hist + TIAM interp
ASM,2019,628818320.610687,12524.016025228286,50209.0,,,WB hist + TIAM interp
ASM,2020,656560305.343511,13194.274740128032,49761.0,,,WB hist + TIAM interp
ASM,2021,651422900.7633588,13233.578481734055,49225.0,,,WB hist + TIAM interp
ASM,2022,662725190.839695,13709.097489547288,48342.0,,,WB hist + TIAM interp
ATG,2012,1395234173.14327,15989.390019977882,87260.0,,,WB hist + TIAM interp
ATG,2013,1386849062.30615,15748.19520242267,88064.0,,,WB hist + TIAM interp
ATG,2014,1417336052.73314,15967.284996711993,88765.0,,,WB hist + TIAM interp
ATG,2015,1437485185.18519,16077.634076940689,89409.0,,,WB hist + TIAM interp
ATG,2016,1496714858.2025797,16635.895232831084,89969.0,,,WB hist + TIAM interp
ATG,2017,1537316639.9839,16992.93274952359,90468.0,,,WB hist + TIAM interp
ATG,2018,1640501407.7514904,18042.15964357269,90926.0,,,WB hist + TIAM interp
ATG,2019,1692541753.2914402,18525.258890716697,91364.0,,,WB hist + TIAM interp
ATG,2020,1373179832.3414001,14950.894239720838,91846.0,,,WB hist + TIAM interp
ATG,2021,1485407940.3184097,16084.721440604768,92349.0,,,WB hist + TIAM interp
ATG,2022,1620696017.30498,17456.872224310428,92840.0,,,WB hist + TIAM interp
ATG,2023,1660036192.7894,17789.405812394445,93316.0,,,WB hist + TIAM interp
ATG,2024,1720733551.2869403,18350.18503697202,93772.0,,,WB hist + TIAM interp
AUS,2012,1260921781880.75,55465.446287257575,22733465.0,18.85824678063088,18.391478976392087,WB hist + TIAM interp
AUS,2013,1294392358274.42,55966.15092705596,23128129.0,18.374706442721713,17.982373813291613,WB hist + TIAM interp
AUS,2014,1328061960035.21,56571.80625244391,23475686.0,17.943325223380604,17.573268650191135,WB hist + TIAM interp
AUS,2015,1356805839935.9,56970.3613028093,23815995.0,17.5298641327195,17.16416348709066,WB hist + TIAM interp
AUS,2016,1394194533274.64,57632.999592559296,24190907.0,17.103552352588142,16.755058323990184,WB hist + TIAM interp
AUS,2017,1426167740135.16,57991.771347332775,24592588.0,16.67208559451551,16.34595316088971,WB hist + TIAM interp
AUS,2018,1467158231105.1,58772.70631522136,24963258.0,16.27467936766183,15.936847997789236,WB hist + TIAM interp
AUS,2019,1499347932643.95,59181.299790413,25334826.0,15.888339146982226,15.52774283468876,WB hist + TIAM interp
AUS,2020,1497345824797.34,58377.76705178023,25649248.0,15.547730503184624,15.118637671588283,WB hist + TIAM interp
AUS,2021,1527396783519.68,59465.53567136396,25685412.0,14.205869851098361,23.668973380534943,WB hist + TIAM interp
AUS,2022,1592357665099.43,61200.458896478034,26018721.0,12.720826837504157,32.219309089481605,WB hist + TIAM interp
AUS,2023,1649424913623.6,61869.082498575954,26659922.0,11.14315596290289,40.76964479842827,WB hist + TIAM interp
AUS,2024,1672078242948.22,61480.67071053107,27196812.0,9.67656404858477,49.31998050737493,WB hist + TIAM interp
AUS,2025,1672078242948.218,61480.670710531,27196812.0,8.42994824782448,57.87031621632159,SSP corrected + TIAM Scenario_1
AUS,2026,,,,,60.24886322005211,SSP corrected + TIAM Scenario_1
AUS,2027,,,,,62.627410223782626,SSP corrected + TIAM Scenario_1
AUS,2028,,,,,65.00595722751315,SSP corrected + TIAM Scenario_1
AUS,2029,,,,,67.38450423124367,SSP corrected + TIAM Scenario_1
AUS,2030,1883004436724.2078,65157.43732739554,28899301.66011142,7.056970596504614,69.76305123497418,SSP corrected + TIAM Scenario_1
AUS,2031,,,,,70.94238426384406,SSP corrected + TIAM Scenario_1
AUS,2032,,,,,72.12171729271392,SSP corrected + TIAM Scenario_1
AUS,2033,,,,,73.3010503215838,SSP corrected + TIAM Scenario_1
AUS,2034,,,,,74.48038335045366,SSP corrected + TIAM Scenario_1
AUS,2035,2095137820048.2126,68633.24346772353,30526574.50224544,5.24276860881043,75.65971637932354,SSP corrected + TIAM Scenario_1
AUS,2036,,,,,76.44972180152693,SSP corrected + TIAM Scenario_1
AUS,2037,,,,,77.23972722373033,SSP corrected + TIAM Scenario_1
AUS,2038,,,,,78.0297326459337,SSP corrected + TIAM Scenario_1
AUS,2039,,,,,78.8197380681371,SSP corrected + TIAM Scenario_1
AUS,2040,2318793302742.942,72189.20281127175,32121054.291250344,3.593999752099552,79.60974349034049,SSP corrected + TIAM Scenario_1
AUS,2041,,,,,79.96913150929917,SSP corrected + TIAM Scenario_1
AUS,2042,,,,,80.32851952825784,SSP corrected + TIAM Scenario_1
AUS,2043,,,,,80.68790754721653,SSP corrected + TIAM Scenario_1
AUS,2044,,,,,81.0472955661752,SSP corrected + TIAM Scenario_1
AUS,2045,2557927054903.2407,75917.69411468857,33693423.97358632,2.0038987285895273,81.40668358513388,SSP corrected + TIAM Scenario_1
AUS,2046,,,,,82.12425968529847,SSP corrected + TIAM Scenario_1
AUS,2047,,,,,82.84183578546306,SSP corrected + TIAM Scenario_1
AUS,2048,,,,,83.55941188562765,SSP corrected + TIAM Scenario_1
AUS,2049,,,,,84.27698798579225,SSP corrected + TIAM Scenario_1
AUS,2050,2796659285322.5757,79393.92136637883,35225105.866944686,0.7350165357856021,84.99456408595684,SSP corrected + TIAM Scenario_1
AUS,2051,,,,,85.15826137184993,SSP corrected + TIAM Scenario_1
AUS,2052,,,,,85.32195865774304,SSP corrected + TIAM Scenario_1
AUS,2053,,,,,85.48565594363613,SSP corrected + TIAM Scenario_1
AUS,2054,,,,,85.64935322952923,SSP corrected + TIAM Scenario_1
AUS,2055,3041741070331.9355,82909.28354911214,36687581.17455122,0.3621141206497238,85.81305051542233,SSP corrected + TIAM Scenario_1
AUS,2056,,,,,85.97674780131543,SSP corrected + TIAM Scenario_1
AUS,2057,,,,,86.14044508720852,SSP corrected + TIAM Scenario_1
AUS,2058,,,,,86.30414237310161,SSP corrected + TIAM Scenario_1
AUS,2059,,,,,86.46783965899472,SSP corrected + TIAM Scenario_1
AUS,2060,3311376041017.7573,87013.23223921233,38056005.45804679,0.017845990308201942,86.63153694488781,SSP corrected + TIAM Scenario_1
AUS,2061,,,,,86.61062143944265,SSP corrected + TIAM Scenario_1
AUS,2062,,,,,86.5897059339975,SSP corrected + TIAM Scenario_1
AUS,2063,,,,,86.56879042855233,SSP corrected + TIAM Scenario_1
AUS,2064,,,,,86.54787492310717,SSP corrected + TIAM Scenario_1
AUS,2065,3598601862878.169,91741.81427439713,39225318.26234496,0.012009509940409105,86.52695941766201,SSP corrected + TIAM Scenario_1
AUS,2066,,,,,86.50604391221685,SSP corrected + TIAM Scenario_1
AUS,2067,,,,,86.4851284067717,SSP corrected + TIAM Scenario_1
AUS,2068,,,,,86.46421290132653,SSP corrected + TIAM Scenario_1
AUS,2069,,,,,86.44329739588137,SSP corrected + TIAM Scenario_1
AUS,2070,3895772564721.585,96904.32712227693,40202255.9818797,0.006542085467045591,86.42238189043621,SSP corrected + TIAM Scenario_1
AUT,2012,372786509411.403,44221.459953089274,8429991.0,9.709244414404406,15.096854262136018,WB hist + TIAM interp
AUT,2013,371851835129.742,43851.36754974037,8479823.0,9.476839479460875,16.42103853448346,WB hist + TIAM interp
AUT,2014,374662287024.534,43838.83458921369,8546356.0,9.229079591378046,17.745222806830903,WB hist + TIAM interp
AUT,2015,379546097300.633,43915.22802085702,8642699.0,8.954156345750585,19.069407079178344,WB hist + TIAM interp
AUT,2016,387581921834.297,44362.67028051163,8736668.0,8.687654887455171,20.393591351525785,WB hist + TIAM interp
AUT,2017,396388751744.592,45056.63859124126,8797566.0,8.458502590976202,21.717775623873223,WB hist + TIAM interp
AUT,2018,406235924915.185,45951.581916403455,8840521.0,8.249209878048484,23.041959896220668,WB hist + TIAM interp
AUT,2019,413365268699.049,46550.56224594918,8879920.0,8.045161613539989,24.36614416856811,WB hist + TIAM interp
AUT,2020,387247796560.501,43428.69831372341,8916864.0,7.845075339302805,25.69032844091555,WB hist + TIAM interp
AUT,2021,406312360757.929,45368.64343373672,8955797.0,7.252328897181195,26.64944492330824,WB hist + TIAM interp
AUT,2022,427972725600.496,47332.42403579709,9041851.0,6.629981061450837,27.608561405700936,WB hist + TIAM interp
AUT,2023,424607814488.72,46497.91146403415,9131761.0,6.016825933194263,28.567677888093627,WB hist + TIAM interp
AUT,2024,421809268656.554,45958.82500712619,9177982.0,5.441406608838812,29.52679437048632,WB hist + TIAM interp
AUT,2025,421809268656.5532,45958.8250071261,9177982.0,4.896288467407686,30.485910852879012,SSP corrected + TIAM Scenario_1
AUT,2026,,,,,31.3335577234195,SSP corrected + TIAM Scenario_1
AUT,2027,,,,,32.18120459395999,SSP corrected + TIAM Scenario_1
AUT,2028,,,,,33.02885146450048,SSP corrected + TIAM Scenario_1
AUT,2029,,,,,33.876498335040964,SSP corrected + TIAM Scenario_1
AUT,2030,453291077873.544,48753.70358277707,9297572.17528958,3.859268228402395,34.72414520558145,SSP corrected + TIAM Scenario_1
AUT,2031,,,,,39.28947030971113,SSP corrected + TIAM Scenario_1
AUT,2032,,,,,43.8547954138408,SSP corrected + TIAM Scenario_1
AUT,2033,,,,,48.42012051797048,SSP corrected + TIAM Scenario_1
AUT,2034,,,,,52.98544562210016,SSP corrected + TIAM Scenario_1
AUT,2035,487386810258.34937,51895.61204315457,9391676.69615411,2.308518425075917,57.550770726229835,SSP corrected + TIAM Scenario_1
AUT,2036,,,,,60.501386688387505,SSP corrected + TIAM Scenario_1
AUT,2037,,,,,63.452002650545175,SSP corrected + TIAM Scenario_1
AUT,2038,,,,,66.40261861270285,SSP corrected + TIAM Scenario_1
AUT,2039,,,,,69.35323457486052,SSP corrected + TIAM Scenario_1
AUT,2040,526117250305.508,55570.53814966661,9467557.231289191,0.9024095551614849,72.30385053701819,SSP corrected + TIAM Scenario_1
AUT,2041,,,,,74.60795847005839,SSP corrected + TIAM Scenario_1
AUT,2042,,,,,76.91206640309858,SSP corrected + TIAM Scenario_1
AUT,2043,,,,,79.21617433613878,SSP corrected + TIAM Scenario_1
AUT,2044,,,,,81.52028226917896,SSP corrected + TIAM Scenario_1
AUT,2045,567354458906.1448,59523.09059022406,9531670.03393681,0.1262348194416385,83.82439020221916,SSP corrected + TIAM Scenario_1
AUT,2046,,,,,84.24126685670011,SSP corrected + TIAM Scenario_1
AUT,2047,,,,,84.65814351118105,SSP corrected + TIAM Scenario_1
AUT,2048,,,,,85.075020165662,SSP corrected + TIAM Scenario_1
AUT,2049,,,,,85.49189682014294,SSP corrected + TIAM Scenario_1
AUT,2050,607527697952.3479,63443.441386974075,9575894.445049489,0.05797057130613068,85.90877347462389,SSP corrected + TIAM Scenario_1
AUT,2051,,,,,86.41930556067057,SSP corrected + TIAM Scenario_1
AUT,2052,,,,,86.92983764671725,SSP corrected + TIAM Scenario_1
AUT,2053,,,,,87.44036973276393,SSP corrected + TIAM Scenario_1
AUT,2054,,,,,87.9509018188106,SSP corrected + TIAM Scenario_1
AUT,2055,647781032366.8392,67541.05642108303,9590922.420997748,0.036965828440722034,88.46143390485727,SSP corrected + TIAM Scenario_1
AUT,2056,,,,,88.97196599090395,SSP corrected + TIAM Scenario_1
AUT,2057,,,,,89.48249807695063,SSP corrected + TIAM Scenario_1
AUT,2058,,,,,89.99303016299731,SSP corrected + TIAM Scenario_1
AUT,2059,,,,,90.503562249044,SSP corrected + TIAM Scenario_1
AUT,2060,689106995294.5001,71964.79541367131,9575612.51071922,0.016077583933841625,91.01409433509068,SSP corrected + TIAM Scenario_1
AUT,2061,,,,,91.1468228885892,SSP corrected + TIAM Scenario_1
AUT,2062,,,,,91.27955144208777,SSP corrected + TIAM Scenario_1
AUT,2063,,,,,91.4122799955863,SSP corrected + TIAM Scenario_1
AUT,2064,,,,,91.54500854908484,SSP corrected + TIAM Scenario_1
AUT,2065,731874674851.3657,76893.24894674322,9518061.531751208,0.016628661143766377,91.6777371025834,SSP corrected + TIAM Scenario_1
AUT,2066,,,,,91.81046565608192,SSP corrected + TIAM Scenario_1
AUT,2067,,,,,91.94319420958048,SSP corrected + TIAM Scenario_1
AUT,2068,,,,,92.075922763079,SSP corrected + TIAM Scenario_1
AUT,2069,,,,,92.20865131657756,SSP corrected + TIAM Scenario_1
AUT,2070,774583906436.775,82109.77236465919,9433516.670789884,0.017235621850167478,92.3413798700761,SSP corrected + TIAM Scenario_1
AZE,2012,48274633178.2711,5193.175011195516,9295784.0,3.7838034258713487,5.768678807715448,WB hist + TIAM interp
AZE,2013,51095520771.413,5425.995597805773,9416801.0,3.783878817363056,5.895922002931266,WB hist + TIAM interp
AZE,2014,52524961505.77851,5508.602656126762,9535079.0,3.785039255268511,6.023165198147083,WB hist + TIAM interp
AZE,2015,53076235354.746,5500.50364628486,9649341.0,3.7877470391967294,6.150408393362901,WB hist + TIAM interp
AZE,2016,51450192645.68659,5272.718171418613,9757812.0,3.7926409413106934,6.277651588578719,WB hist + TIAM interp
AZE,2017,51529227685.0867,5229.252599934129,9854033.0,3.802147991048534,6.4048947837945365,WB hist + TIAM interp
AZE,2018,52302373078.674,5261.929382344322,9939771.0,3.8154909464754407,6.532137979010354,WB hist + TIAM interp
AZE,2019,53599371924.6281,5346.953186041146,10024283.0,3.829073934405315,6.659381174226172,WB hist + TIAM interp
AZE,2020,51348755387.0791,5087.500227836276,10093121.0,3.8483968667635606,6.78662436944199,WB hist + TIAM interp
AZE,2021,54232727563.5559,5349.582260714251,10137750.0,3.8269464763475365,7.555521212509997,WB hist + TIAM interp
AZE,2022,56789627303.76039,5599.585249710247,10141756.0,3.8209278599208045,8.324418055578004,WB hist + TIAM interp
AZE,2023,57558830022.9022,5668.610213170293,10153958.0,3.8118347010343863,9.093314898646012,WB hist + TIAM interp
AZE,2024,59902281408.46219,5871.143732519526,10202830.0,3.789095855323714,9.86221174171402,WB hist + TIAM interp
AZE,2025,59902281408.462135,5871.14373251952,10202830.0,3.784615863823978,10.631108584782028,SSP corrected + TIAM Scenario_1
AZE,2026,,,,,11.36865758846334,SSP corrected + TIAM Scenario_1
AZE,2027,,,,,12.10620659214465,SSP corrected + TIAM Scenario_1
AZE,2028,,,,,12.843755595825964,SSP corrected + TIAM Scenario_1
AZE,2029,,,,,13.581304599507272,SSP corrected + TIAM Scenario_1
AZE,2030,65308379767.74775,6278.1201598286325,10402537.400547365,3.537158894985197,14.318853603188586,SSP corrected + TIAM Scenario_1
AZE,2031,,,,,15.140987670864307,SSP corrected + TIAM Scenario_1
AZE,2032,,,,,15.963121738540032,SSP corrected + TIAM Scenario_1
AZE,2033,,,,,16.785255806215755,SSP corrected + TIAM Scenario_1
AZE,2034,,,,,17.607389873891478,SSP corrected + TIAM Scenario_1
AZE,2035,67673774196.798836,6404.197026378149,10567097.470308669,2.5815151573923223,18.4295239415672,SSP corrected + TIAM Scenario_1
AZE,2036,,,,,19.81444105487761,SSP corrected + TIAM Scenario_1
AZE,2037,,,,,21.19935816818802,SSP corrected + TIAM Scenario_1
AZE,2038,,,,,22.584275281498428,SSP corrected + TIAM Scenario_1
AZE,2039,,,,,23.969192394808836,SSP corrected + TIAM Scenario_1
AZE,2040,70809176700.7628,6618.6450777386635,10698439.917699223,1.8721571111018105,25.354109508119247,SSP corrected + TIAM Scenario_1
AZE,2041,,,,,25.21252981982985,SSP corrected + TIAM Scenario_1
AZE,2042,,,,,25.07095013154045,SSP corrected + TIAM Scenario_1
AZE,2043,,,,,24.929370443251052,SSP corrected + TIAM Scenario_1
AZE,2044,,,,,24.78779075496165,SSP corrected + TIAM Scenario_1
AZE,2045,75184457798.47144,6984.131047889339,10765041.10288606,1.6417170800325098,24.646211066672254,SSP corrected + TIAM Scenario_1
AZE,2046,,,,,25.413577469286473,SSP corrected + TIAM Scenario_1
AZE,2047,,,,,26.180943871900695,SSP corrected + TIAM Scenario_1
AZE,2048,,,,,26.948310274514913,SSP corrected + TIAM Scenario_1
AZE,2049,,,,,27.715676677129135,SSP corrected + TIAM Scenario_1
AZE,2050,80388739525.21938,7471.08167436211,10759986.709967678,1.4102966108096338,28.483043079743354,SSP corrected + TIAM Scenario_1
AZE,2051,,,,,28.64920050842412,SSP corrected + TIAM Scenario_1
AZE,2052,,,,,28.815357937104885,SSP corrected + TIAM Scenario_1
AZE,2053,,,,,28.981515365785647,SSP corrected + TIAM Scenario_1
AZE,2054,,,,,29.147672794466413,SSP corrected + TIAM Scenario_1
AZE,2055,86715949694.54918,8105.264457817424,10698719.350349236,1.1327415105230019,29.31383022314718,SSP corrected + TIAM Scenario_1
AZE,2056,,,,,29.479987651827944,SSP corrected + TIAM Scenario_1
AZE,2057,,,,,29.64614508050871,SSP corrected + TIAM Scenario_1
AZE,2058,,,,,29.812302509189472,SSP corrected + TIAM Scenario_1
AZE,2059,,,,,29.978459937870237,SSP corrected + TIAM Scenario_1
AZE,2060,95074263152.88011,8960.337876749127,10610566.75101338,0.8541479883591357,30.144617366551003,SSP corrected + TIAM Scenario_1
AZE,2061,,,,,30.377975575544003,SSP corrected + TIAM Scenario_1
AZE,2062,,,,,30.611333784537,SSP corrected + TIAM Scenario_1
AZE,2063,,,,,30.84469199353,SSP corrected + TIAM Scenario_1
AZE,2064,,,,,31.078050202522995,SSP corrected + TIAM Scenario_1
AZE,2065,105880767607.45714,10087.814478726255,10495907.496192005,0.6669181417114238,31.311408411515995,SSP corrected + TIAM Scenario_1
AZE,2066,,,,,31.54476662050899,SSP corrected + TIAM Scenario_1
AZE,2067,,,,,31.77812482950199,SSP corrected + TIAM Scenario_1
AZE,2068,,,,,32.01148303849499,SSP corrected + TIAM Scenario_1
AZE,2069,,,,,32.24484124748799,SSP corrected + TIAM Scenario_1
AZE,2070,117627013099.6967,11369.792575464937,10345572.47363738,0.4771923460709768,32.478199456480986,SSP corrected + TIAM Scenario_1
BDI,2012,2579999920.33893,256.1803939318737,10071028.0,0.020113130959678656,95.89327490675244,WB hist + TIAM interp
BDI,2013,2707037177.57679,259.3111172033551,10439341.0,0.02054118490564192,95.20050503714818,WB hist + TIAM interp
BDI,2014,2821948416.12645,261.2967217520025,10799785.0,0.02095532109995772,94.50773516754391,WB hist + TIAM interp
BDI,2015,2810532912.49975,254.40258522678724,11047580.0,0.021560331873312084,93.81496529793964,WB hist + TIAM interp
BDI,2016,2900474875.87058,258.0619708089461,11239451.0,0.022248953254782933,93.12219542833536,WB hist + TIAM interp
BDI,2017,3011616941.94606,261.7258392887643,11506762.0,0.02276422755766405,92.42942555873113,WB hist + TIAM interp
BDI,2018,3172504889.35261,267.5086921726875,11859446.0,0.023088690427136276,91.73665568912683,WB hist + TIAM interp
BDI,2019,3313977733.08389,270.41100571080955,12255336.0,0.0233119358002749,91.0438858195226,WB hist + TIAM interp
BDI,2020,3324133212.69452,263.4638763568971,12617036.0,0.02358494774479965,90.35111594991832,WB hist + TIAM interp
BDI,2021,3431737891.18244,264.6826516642491,12965481.0,0.024531925427308865,90.31619345476734,WB hist + TIAM interp
BDI,2022,3511275322.2302194,263.5875500516376,13321097.0,0.025415646420720757,90.28127095961636,WB hist + TIAM interp
BDI,2023,3625559222.01905,264.8433079502135,13689450.0,0.0262289843313689,90.24634846446536,WB hist + TIAM interp
BDI,2024,3774652142.6554594,268.7008573917242,14047786.0,0.027018951443451088,90.21142596931438,WB hist + TIAM interp
BDI,2025,3774652142.655457,268.700857391724,14047786.0,0.028477976962983775,90.1765034741634,SSP corrected + TIAM Scenario_1
BDI,2026,,,,,89.40002543097587,SSP corrected + TIAM Scenario_1
BDI,2027,,,,,88.62354738778835,SSP corrected + TIAM Scenario_1
BDI,2028,,,,,87.84706934460083,SSP corrected + TIAM Scenario_1
BDI,2029,,,,,87.0705913014133,SSP corrected + TIAM Scenario_1
BDI,2030,5331877479.191122,349.1400357755927,15271458.248397926,0.0346382280005961,86.29411325822578,SSP corrected + TIAM Scenario_1
BDI,2031,,,,,84.89296686399332,SSP corrected + TIAM Scenario_1
BDI,2032,,,,,83.49182046976087,SSP corrected + TIAM Scenario_1
BDI,2033,,,,,82.0906740755284,SSP corrected + TIAM Scenario_1
BDI,2034,,,,,80.68952768129594,SSP corrected + TIAM Scenario_1
BDI,2035,7498701208.950369,456.17370299733113,16438258.408320043,0.04310928039562895,79.28838128706349,SSP corrected + TIAM Scenario_1
BDI,2036,,,,,78.9052142249639,SSP corrected + TIAM Scenario_1
BDI,2037,,,,,78.52204716286431,SSP corrected + TIAM Scenario_1
BDI,2038,,,,,78.13888010076471,SSP corrected + TIAM Scenario_1
BDI,2039,,,,,77.75571303866512,SSP corrected + TIAM Scenario_1
BDI,2040,10566597051.769983,601.3619425417297,17571110.348468296,0.04847542748379619,77.37254597656553,SSP corrected + TIAM Scenario_1
BDI,2041,,,,,77.07855073364088,SSP corrected + TIAM Scenario_1
BDI,2042,,,,,76.78455549071623,SSP corrected + TIAM Scenario_1
BDI,2043,,,,,76.49056024779159,SSP corrected + TIAM Scenario_1
BDI,2044,,,,,76.19656500486694,SSP corrected + TIAM Scenario_1
BDI,2045,14757206482.109264,791.6092476750459,18642033.964927945,0.05661751433540328,75.90256976194229,SSP corrected + TIAM Scenario_1
BDI,2046,,,,,77.21206548678956,SSP corrected + TIAM Scenario_1
BDI,2047,,,,,78.52156121163682,SSP corrected + TIAM Scenario_1
BDI,2048,,,,,79.8310569364841,SSP corrected + TIAM Scenario_1
BDI,2049,,,,,81.14055266133137,SSP corrected + TIAM Scenario_1
BDI,2050,20307351897.33559,1035.1454637071747,19617872.665556308,0.05143517772750972,82.45004838617864,SSP corrected + TIAM Scenario_1
BDI,2051,,,,,82.15498802522372,SSP corrected + TIAM Scenario_1
BDI,2052,,,,,81.85992766426878,SSP corrected + TIAM Scenario_1
BDI,2053,,,,,81.56486730331386,SSP corrected + TIAM Scenario_1
BDI,2054,,,,,81.26980694235893,SSP corrected + TIAM Scenario_1
BDI,2055,27552700370.64071,1346.700955859322,20459405.07487016,0.0358998949501933,80.974746581404,SSP corrected + TIAM Scenario_1
BDI,2056,,,,,80.67968622044908,SSP corrected + TIAM Scenario_1
BDI,2057,,,,,80.38462585949415,SSP corrected + TIAM Scenario_1
BDI,2058,,,,,80.08956549853923,SSP corrected + TIAM Scenario_1
BDI,2059,,,,,79.7945051375843,SSP corrected + TIAM Scenario_1
BDI,2060,36932486604.83438,1745.9459292594204,21153282.003698748,0.021742830195031492,79.49944477662937,SSP corrected + TIAM Scenario_1
BDI,2061,,,,,78.8413265381611,SSP corrected + TIAM Scenario_1
BDI,2062,,,,,78.18320829969282,SSP corrected + TIAM Scenario_1
BDI,2063,,,,,77.52509006122453,SSP corrected + TIAM Scenario_1
BDI,2064,,,,,76.86697182275626,SSP corrected + TIAM Scenario_1
BDI,2065,48774281180.89048,2249.526126880994,21682024.75981768,0.011533989442270529,76.20885358428798,SSP corrected + TIAM Scenario_1
BDI,2066,,,,,75.5507353458197,SSP corrected + TIAM Scenario_1
BDI,2067,,,,,74.89261710735143,SSP corrected + TIAM Scenario_1
BDI,2068,,,,,74.23449886888314,SSP corrected + TIAM Scenario_1
BDI,2069,,,,,73.57638063041486,SSP corrected + TIAM Scenario_1
BDI,2070,63385413449.23881,2868.003241727833,22100886.26366132,0.0018202107453797972,72.91826239194658,SSP corrected + TIAM Scenario_1
BEL,2012,445104666468.521,40074.49280039898,11106932.0,10.762281582775103,15.096854262136018,WB hist + TIAM interp
BEL,2013,446464436962.24,40007.89978914113,11159407.0,10.517078448667387,16.42103853448346,WB hist + TIAM interp
BEL,2014,454346946885.841,40533.913502789845,11209057.0,10.276759946396961,17.745222806830903,WB hist + TIAM interp
BEL,2015,461044767544.531,40893.804537772005,11274196.0,10.024769586172974,19.069407079178344,WB hist + TIAM interp
BEL,2016,466547349432.055,41172.886283120955,11331422.0,9.782500936266036,20.393591351525785,WB hist + TIAM interp
BEL,2017,473426439010.72,41619.32862916893,11375158.0,9.55398381974985,21.717775623873223,WB hist + TIAM interp
BEL,2018,482317238282.145,42208.36256502726,11427054.0,9.320556692387258,23.041959896220668,WB hist + TIAM interp
BEL,2019,494099718080.5691,43006.404230886386,11488980.0,9.081305197575686,24.36614416856811,WB hist + TIAM interp
BEL,2020,470417598101.755,40769.02180729619,11538604.0,8.854048803799458,25.69032844091555,WB hist + TIAM interp
BEL,2021,499839663858.827,43140.96766529711,11586195.0,8.187038214552256,26.64944492330824,WB hist + TIAM interp
BEL,2022,519614510458.48804,44486.74385635943,11680210.0,7.495574095739109,27.608561405700936,WB hist + TIAM interp
BEL,2023,528521336864.4141,44866.1935177304,11779946.0,6.811842583262395,28.567677888093627,WB hist + TIAM interp
BEL,2024,534178915343.8369,45045.660102139875,11858610.0,6.150501287576719,29.52679437048632,WB hist + TIAM interp
BEL,2025,534178915343.83606,45045.6601021398,11858610.0,5.534346298293712,30.485910852879012,SSP corrected + TIAM Scenario_1
BEL,2026,,,,,31.3335577234195,SSP corrected + TIAM Scenario_1
BEL,2027,,,,,32.18120459395999,SSP corrected + TIAM Scenario_1
BEL,2028,,,,,33.02885146450048,SSP corrected + TIAM Scenario_1
BEL,2029,,,,,33.876498335040964,SSP corrected + TIAM Scenario_1
BEL,2030,587899338605.7816,48541.527918495485,12111265.627915638,4.326840758073004,34.72414520558145,SSP corrected + TIAM Scenario_1
BEL,2031,,,,,39.28947030971113,SSP corrected + TIAM Scenario_1
BEL,2032,,,,,43.8547954138408,SSP corrected + TIAM Scenario_1
BEL,2033,,,,,48.42012051797048,SSP corrected + TIAM Scenario_1
BEL,2034,,,,,52.98544562210016,SSP corrected + TIAM Scenario_1
BEL,2035,649733644097.3278,52619.11612169183,12347863.133897834,2.5643103823602873,57.550770726229835,SSP corrected + TIAM Scenario_1
BEL,2036,,,,,60.501386688387505,SSP corrected + TIAM Scenario_1
BEL,2037,,,,,63.452002650545175,SSP corrected + TIAM Scenario_1
BEL,2038,,,,,66.40261861270285,SSP corrected + TIAM Scenario_1
BEL,2039,,,,,69.35323457486052,SSP corrected + TIAM Scenario_1
BEL,2040,716808481793.9277,57019.678895944,12571247.25486514,0.9925426435007133,72.30385053701819,SSP corrected + TIAM Scenario_1
BEL,2041,,,,,74.60795847005839,SSP corrected + TIAM Scenario_1
BEL,2042,,,,,76.91206640309858,SSP corrected + TIAM Scenario_1
BEL,2043,,,,,79.21617433613878,SSP corrected + TIAM Scenario_1
BEL,2044,,,,,81.52028226917896,SSP corrected + TIAM Scenario_1
BEL,2045,785495341330.9863,61490.98413638198,12774154.656377297,0.13756308657716745,83.82439020221916,SSP corrected + TIAM Scenario_1
BEL,2046,,,,,84.24126685670011,SSP corrected + TIAM Scenario_1
BEL,2047,,,,,84.65814351118105,SSP corrected + TIAM Scenario_1
BEL,2048,,,,,85.075020165662,SSP corrected + TIAM Scenario_1
BEL,2049,,,,,85.49189682014294,SSP corrected + TIAM Scenario_1
BEL,2050,854664989134.9819,65971.61588591793,12955041.007528448,0.06257978365489673,85.90877347462389,SSP corrected + TIAM Scenario_1
BEL,2051,,,,,86.41930556067057,SSP corrected + TIAM Scenario_1
BEL,2052,,,,,86.92983764671725,SSP corrected + TIAM Scenario_1
BEL,2053,,,,,87.44036973276393,SSP corrected + TIAM Scenario_1
BEL,2054,,,,,87.9509018188106,SSP corrected + TIAM Scenario_1
BEL,2055,926444966721.2449,70650.30484517595,13113106.42963918,0.039485819366201234,88.46143390485727,SSP corrected + TIAM Scenario_1
BEL,2056,,,,,88.97196599090395,SSP corrected + TIAM Scenario_1
BEL,2057,,,,,89.48249807695063,SSP corrected + TIAM Scenario_1
BEL,2058,,,,,89.99303016299731,SSP corrected + TIAM Scenario_1
BEL,2059,,,,,90.503562249044,SSP corrected + TIAM Scenario_1
BEL,2060,1002425085331.9873,75637.49560765266,13253017.928194948,0.01696518041005824,91.01409433509068,SSP corrected + TIAM Scenario_1
BEL,2061,,,,,91.1468228885892,SSP corrected + TIAM Scenario_1
BEL,2062,,,,,91.27955144208777,SSP corrected + TIAM Scenario_1
BEL,2063,,,,,91.4122799955863,SSP corrected + TIAM Scenario_1
BEL,2064,,,,,91.54500854908484,SSP corrected + TIAM Scenario_1
BEL,2065,1080986309253.6322,80914.29282323385,13359646.00982382,0.01730201800056875,91.6777371025834,SSP corrected + TIAM Scenario_1
BEL,2066,,,,,91.81046565608192,SSP corrected + TIAM Scenario_1
BEL,2067,,,,,91.94319420958048,SSP corrected + TIAM Scenario_1
BEL,2068,,,,,92.075922763079,SSP corrected + TIAM Scenario_1
BEL,2069,,,,,92.20865131657756,SSP corrected + TIAM Scenario_1
BEL,2070,1159547533175.2761,86266.53025675459,13441453.246399518,0.017666083198291018,92.3413798700761,SSP corrected + TIAM Scenario_1
BEN,2012,9814543622.240711,943.9187715310007,10397657.0,0.4317189516557998,77.26144526337592,WB hist + TIAM interp
BEN,2013,10520350021.8969,982.3992062905168,10708834.0,0.46323673542742977,74.83188674185922,WB hist + TIAM interp
BEN,2014,11189200116.267,1014.4330062135064,11030004.0,0.4925279288268563,72.40232822034253,WB hist + TIAM interp
BEN,2015,11388160996.773802,1002.41886879614,11360681.0,0.519726304061316,69.97276969882581,WB hist + TIAM interp
BEN,2016,11768488383.326899,1006.0392663302256,11697842.0,0.5450838257541257,67.54321117730912,WB hist + TIAM interp
BEN,2017,12435945492.7429,1032.9047119418212,12039780.0,0.5687947946810464,65.11365265579242,WB hist + TIAM interp
BEN,2018,13268812302.661798,1071.504521569314,12383347.0,0.5911183717764386,62.68409413427572,WB hist + TIAM interp
BEN,2019,14179807374.684301,1114.1730452644292,12726755.0,0.6122443339610388,60.254535612759014,WB hist + TIAM interp
BEN,2020,14725558723.2985,1126.6540412215404,13070169.0,0.6322598706365615,57.82497709124232,WB hist + TIAM interp
BEN,2021,15779238957.311703,1176.377276372732,13413417.0,0.635383469571707,57.25057203133363,WB hist + TIAM interp
BEN,2022,16765906414.7949,1218.4966892909054,13759501.0,0.6382196202759273,56.67616697142495,WB hist + TIAM interp
BEN,2023,17831007125.9788,1263.6215833636857,14111034.0,0.640669108623816,56.101761911516256,WB hist + TIAM interp
BEN,2024,19159972710.824097,1324.783125974339,14462724.0,0.6429925403868928,55.52735685160757,WB hist + TIAM interp
BEN,2025,19159972710.824112,1324.78312597434,14462724.0,0.660895120228292,54.95295179169889,SSP corrected + TIAM Scenario_1
BEN,2026,,,,,54.3463374971889,SSP corrected + TIAM Scenario_1
BEN,2027,,,,,53.73972320267891,SSP corrected + TIAM Scenario_1
BEN,2028,,,,,53.133108908168914,SSP corrected + TIAM Scenario_1
BEN,2029,,,,,52.526494613658926,SSP corrected + TIAM Scenario_1
BEN,2030,25164421084.681305,1574.682787687215,15980628.7853321,0.6961592717043593,51.91988031914894,SSP corrected + TIAM Scenario_1
BEN,2031,,,,,50.93880472298413,SSP corrected + TIAM Scenario_1
BEN,2032,,,,,49.95772912681932,SSP corrected + TIAM Scenario_1
BEN,2033,,,,,48.97665353065453,SSP corrected + TIAM Scenario_1
BEN,2034,,,,,47.99557793448972,SSP corrected + TIAM Scenario_1
BEN,2035,32910409577.574802,1885.179531816632,17457440.536637407,0.7927364259357543,47.01450233832491,SSP corrected + TIAM Scenario_1
BEN,2036,,,,,46.43217624604892,SSP corrected + TIAM Scenario_1
BEN,2037,,,,,45.84985015377293,SSP corrected + TIAM Scenario_1
BEN,2038,,,,,45.267524061496935,SSP corrected + TIAM Scenario_1
BEN,2039,,,,,44.685197969220944,SSP corrected + TIAM Scenario_1
BEN,2040,43377838700.346115,2296.1096485928147,18891884.682828844,0.8623151291407486,44.10287187694495,SSP corrected + TIAM Scenario_1
BEN,2041,,,,,44.195978736700184,SSP corrected + TIAM Scenario_1
BEN,2042,,,,,44.289085596455415,SSP corrected + TIAM Scenario_1
BEN,2043,,,,,44.382192456210646,SSP corrected + TIAM Scenario_1
BEN,2044,,,,,44.47529931596588,SSP corrected + TIAM Scenario_1
BEN,2045,57354872823.664055,2830.0912787585785,20266085.851768997,0.9674393351997622,44.56840617572111,SSP corrected + TIAM Scenario_1
BEN,2046,,,,,45.1948165271801,SSP corrected + TIAM Scenario_1
BEN,2047,,,,,45.821226878639095,SSP corrected + TIAM Scenario_1
BEN,2048,,,,,46.44763723009808,SSP corrected + TIAM Scenario_1
BEN,2049,,,,,47.074047581557075,SSP corrected + TIAM Scenario_1
BEN,2050,75705461353.83954,3514.3490454414173,21541816.24390431,1.0637764248438002,47.70045793301607,SSP corrected + TIAM Scenario_1
BEN,2051,,,,,49.03421089844681,SSP corrected + TIAM Scenario_1
BEN,2052,,,,,50.36796386387755,SSP corrected + TIAM Scenario_1
BEN,2053,,,,,51.70171682930829,SSP corrected + TIAM Scenario_1
BEN,2054,,,,,53.03546979473903,SSP corrected + TIAM Scenario_1
BEN,2055,99388284991.73445,4381.400696607458,22684135.02300562,0.7482868628871189,54.36922276016977,SSP corrected + TIAM Scenario_1
BEN,2056,,,,,55.70297572560052,SSP corrected + TIAM Scenario_1
BEN,2057,,,,,57.03672869103126,SSP corrected + TIAM Scenario_1
BEN,2058,,,,,58.370481656462,SSP corrected + TIAM Scenario_1
BEN,2059,,,,,59.70423462189274,SSP corrected + TIAM Scenario_1
BEN,2060,129511320958.42352,5461.712358559507,23712585.44135073,0.4652720904707181,61.03798758732348,SSP corrected + TIAM Scenario_1
BEN,2061,,,,,60.93244868938,SSP corrected + TIAM Scenario_1
BEN,2062,,,,,60.826909791436506,SSP corrected + TIAM Scenario_1
BEN,2063,,,,,60.721370893493024,SSP corrected + TIAM Scenario_1
BEN,2064,,,,,60.61583199554954,SSP corrected + TIAM Scenario_1
BEN,2065,167093120132.92593,6784.405906208674,24628998.093998548,0.2924486273062141,60.51029309760605,SSP corrected + TIAM Scenario_1
BEN,2066,,,,,60.40475419966257,SSP corrected + TIAM Scenario_1
BEN,2067,,,,,60.29921530171909,SSP corrected + TIAM Scenario_1
BEN,2068,,,,,60.193676403775605,SSP corrected + TIAM Scenario_1
BEN,2069,,,,,60.088137505832115,SSP corrected + TIAM Scenario_1
BEN,2070,213038555840.79816,8381.750380532285,25416953.043078944,0.1326921116215416,59.98259860788863,SSP corrected + TIAM Scenario_1
BFA,2012,10315931043.8746,600.7313436978196,17172287.0,0.20548414621971045,77.26144526337592,WB hist + TIAM interp
BFA,2013,10913490102.1529,616.7413311640834,17695409.0,0.22037099457820336,74.83188674185922,WB hist + TIAM interp
BFA,2014,11385699970.029999,624.5768851876641,18229461.0,0.23426238596749244,72.40232822034253,WB hist + TIAM interp
BFA,2015,11832159315.6298,630.1247507523132,18777487.0,0.2471789317028742,69.97276969882581,WB hist + TIAM interp
BFA,2016,12537116611.6541,648.4204801760147,19334856.0,0.2592375823584032,67.54321117730912,WB hist + TIAM interp
BFA,2017,13314855313.1302,669.276310328335,19894407.0,0.27059079834101746,65.11365265579242,WB hist + TIAM interp
BFA,2018,14194244128.6065,694.492813126349,20438288.0,0.2815385330030766,62.68409413427572,WB hist + TIAM interp
BFA,2019,15030172259.3791,717.0215950966351,20961952.0,0.29220025733183824,60.254535612759014,WB hist + TIAM interp
BFA,2020,15332394848.5201,713.8421779224012,21478690.0,0.3024397631578509,57.82497709124232,WB hist + TIAM interp
BFA,2021,16396850182.5889,745.4725634351437,21995243.0,0.30459055460774226,57.25057203133363,WB hist + TIAM interp
BFA,2022,16663583086.9504,740.3063199302609,22509038.0,0.3066802149280312,56.67616697142495,WB hist + TIAM interp
BFA,2023,17163536264.1285,745.4053346184077,23025776.0,0.3086371533895049,56.101761911516256,WB hist + TIAM interp
BFA,2024,17987353311.1315,763.8337335224061,23548781.0,0.3104255505533616,55.52735685160757,WB hist + TIAM interp
BFA,2025,17987353311.131546,763.833733522408,23548781.0,0.3190686029288183,54.95295179169889,SSP corrected + TIAM Scenario_1
BFA,2026,,,,,54.3463374971889,SSP corrected + TIAM Scenario_1
BFA,2027,,,,,53.73972320267891,SSP corrected + TIAM Scenario_1
BFA,2028,,,,,53.133108908168914,SSP corrected + TIAM Scenario_1
BFA,2029,,,,,52.526494613658926,SSP corrected + TIAM Scenario_1
BFA,2030,24654944398.063015,935.1206880295852,26365521.278343257,0.3316927436193067,51.91988031914894,SSP corrected + TIAM Scenario_1
BFA,2031,,,,,50.93880472298413,SSP corrected + TIAM Scenario_1
BFA,2032,,,,,49.95772912681932,SSP corrected + TIAM Scenario_1
BFA,2033,,,,,48.97665353065453,SSP corrected + TIAM Scenario_1
BFA,2034,,,,,47.99557793448972,SSP corrected + TIAM Scenario_1
BFA,2035,33362138985.834682,1142.34315555509,29205006.239673465,0.37249628032040283,47.01450233832491,SSP corrected + TIAM Scenario_1
BFA,2036,,,,,46.43217624604892,SSP corrected + TIAM Scenario_1
BFA,2037,,,,,45.84985015377293,SSP corrected + TIAM Scenario_1
BFA,2038,,,,,45.267524061496935,SSP corrected + TIAM Scenario_1
BFA,2039,,,,,44.685197969220944,SSP corrected + TIAM Scenario_1
BFA,2040,45176361817.95461,1411.2719169624484,32011096.70997349,0.40004661153247145,44.10287187694495,SSP corrected + TIAM Scenario_1
BFA,2041,,,,,44.195978736700184,SSP corrected + TIAM Scenario_1
BFA,2042,,,,,44.289085596455415,SSP corrected + TIAM Scenario_1
BFA,2043,,,,,44.382192456210646,SSP corrected + TIAM Scenario_1
BFA,2044,,,,,44.47529931596588,SSP corrected + TIAM Scenario_1
BFA,2045,61091370820.49817,1760.2252470533172,34706564.35746925,0.4440704278170766,44.56840617572111,SSP corrected + TIAM Scenario_1
BFA,2046,,,,,45.1948165271801,SSP corrected + TIAM Scenario_1
BFA,2047,,,,,45.821226878639095,SSP corrected + TIAM Scenario_1
BFA,2048,,,,,46.44763723009808,SSP corrected + TIAM Scenario_1
BFA,2049,,,,,47.074047581557075,SSP corrected + TIAM Scenario_1
BFA,2050,82223701948.59477,2204.805773078986,37292945.68825911,0.4830319384187445,47.70045793301607,SSP corrected + TIAM Scenario_1
BFA,2051,,,,,49.03421089844681,SSP corrected + TIAM Scenario_1
BFA,2052,,,,,50.36796386387755,SSP corrected + TIAM Scenario_1
BFA,2053,,,,,51.70171682930829,SSP corrected + TIAM Scenario_1
BFA,2054,,,,,53.03546979473903,SSP corrected + TIAM Scenario_1
BFA,2055,109780300433.31474,2763.8109610235383,39720625.60771492,0.3359263895005288,54.36922276016977,SSP corrected + TIAM Scenario_1
BFA,2056,,,,,55.70297572560052,SSP corrected + TIAM Scenario_1
BFA,2057,,,,,57.03672869103126,SSP corrected + TIAM Scenario_1
BFA,2058,,,,,58.370481656462,SSP corrected + TIAM Scenario_1
BFA,2059,,,,,59.70423462189274,SSP corrected + TIAM Scenario_1
BFA,2060,144906722491.2003,3454.477919995166,41947502.87806242,0.20675196991510855,61.03798758732348,SSP corrected + TIAM Scenario_1
BFA,2061,,,,,60.93244868938,SSP corrected + TIAM Scenario_1
BFA,2062,,,,,60.826909791436506,SSP corrected + TIAM Scenario_1
BFA,2063,,,,,60.721370893493024,SSP corrected + TIAM Scenario_1
BFA,2064,,,,,60.61583199554954,SSP corrected + TIAM Scenario_1
BFA,2065,188993708342.27106,4297.676298048506,43975789.52795713,0.12875157336459467,60.51029309760605,SSP corrected + TIAM Scenario_1
BFA,2066,,,,,60.40475419966257,SSP corrected + TIAM Scenario_1
BFA,2067,,,,,60.29921530171909,SSP corrected + TIAM Scenario_1
BFA,2068,,,,,60.193676403775605,SSP corrected + TIAM Scenario_1
BFA,2069,,,,,60.088137505832115,SSP corrected + TIAM Scenario_1
BFA,2070,243337496329.6355,5306.313186035269,45858110.48055582,0.05781257235651959,59.98259860788863,SSP corrected + TIAM Scenario_1
BGD,2012,162884301114.117,1050.3914040406603,155070101.0,3.8901484773605155,26.006051140658496,WB hist + TIAM interp
BGD,2013,172679520662.469,1103.15695907123,156532141.0,3.6849700552741953,27.320531754469908,WB hist + TIAM interp
BGD,2014,183145728910.398,1159.4075347598075,157964929.0,3.484234068542043,28.635012368281323,WB hist + TIAM interp
BGD,2015,195146608978.131,1224.3864766816516,159383179.0,3.287406648102381,29.949492982092735,WB hist + TIAM interp
BGD,2016,209028320490.61496,1299.8309136079215,160811932.0,3.093849138159465,31.263973595904147,WB hist + TIAM interp
BGD,2017,222803809377.443,1373.7536374018614,162186147.0,2.9046771313188993,32.57845420971556,WB hist + TIAM interp
BGD,2018,239111739541.45197,1462.2505025571338,163523103.0,2.719303383028954,33.89293482352697,WB hist + TIAM interp
BGD,2019,257958323968.61298,1564.2080244563597,164913055.0,2.536121001305559,35.20741543733839,WB hist + TIAM interp
BGD,2020,266852772253.895,1604.665923474202,166298024.0,2.3560712733341047,36.5218960511498,WB hist + TIAM interp
BGD,2021,285368829855.224,1702.080284141892,167658854.0,2.3502155683107615,39.69262203560237,WB hist + TIAM interp
BGD,2022,305629528154.3109,1804.3493461776047,169384897.0,2.339399247107942,42.86334802005494,WB hist + TIAM interp
BGD,2023,323279976841.364,1885.3773361354508,171466990.0,2.3239654010989033,46.03407400450751,WB hist + TIAM interp
BGD,2024,336932927922.21,1941.2787436002543,173562364.0,2.3087252018985347,49.20479998896008,WB hist + TIAM interp
BGD,2025,336932927922.2092,1941.27874360025,173562364.0,2.3215416422030435,52.37552597341265,SSP corrected + TIAM Scenario_1
BGD,2026,,,,,52.720441732023765,SSP corrected + TIAM Scenario_1
BGD,2027,,,,,53.06535749063488,SSP corrected + TIAM Scenario_1
BGD,2028,,,,,53.410273249246,SSP corrected + TIAM Scenario_1
BGD,2029,,,,,53.75518900785711,SSP corrected + TIAM Scenario_1
BGD,2030,438767120664.33997,2432.310732848708,180391063.8302609,1.9522945450640823,54.10010476646823,SSP corrected + TIAM Scenario_1
BGD,2031,,,,,57.89194334264819,SSP corrected + TIAM Scenario_1
BGD,2032,,,,,61.68378191882815,SSP corrected + TIAM Scenario_1
BGD,2033,,,,,65.47562049500812,SSP corrected + TIAM Scenario_1
BGD,2034,,,,,69.26745907118809,SSP corrected + TIAM Scenario_1
BGD,2035,553166790349.9092,2974.685108869181,185958099.8004169,1.1899812707446245,73.05929764736804,SSP corrected + TIAM Scenario_1
BGD,2036,,,,,70.90819101616198,SSP corrected + TIAM Scenario_1
BGD,2037,,,,,68.75708438495593,SSP corrected + TIAM Scenario_1
BGD,2038,,,,,66.60597775374987,SSP corrected + TIAM Scenario_1
BGD,2039,,,,,64.45487112254382,SSP corrected + TIAM Scenario_1
BGD,2040,689146770988.6665,3621.4440505774305,190296125.3477832,1.0479447104674857,62.30376449133776,SSP corrected + TIAM Scenario_1
BGD,2041,,,,,63.43913668964179,SSP corrected + TIAM Scenario_1
BGD,2042,,,,,64.57450888794583,SSP corrected + TIAM Scenario_1
BGD,2043,,,,,65.70988108624987,SSP corrected + TIAM Scenario_1
BGD,2044,,,,,66.84525328455389,SSP corrected + TIAM Scenario_1
BGD,2045,846388527535.5309,4378.700321901961,193296746.82278508,0.8423765236925691,67.98062548285793,SSP corrected + TIAM Scenario_1
BGD,2046,,,,,67.75469893343056,SSP corrected + TIAM Scenario_1
BGD,2047,,,,,67.52877238400319,SSP corrected + TIAM Scenario_1
BGD,2048,,,,,67.3028458345758,SSP corrected + TIAM Scenario_1
BGD,2049,,,,,67.07691928514843,SSP corrected + TIAM Scenario_1
BGD,2050,1025232220350.5719,5258.655836929748,194960889.65372393,0.6303769533446656,66.85099273572106,SSP corrected + TIAM Scenario_1
BGD,2051,,,,,66.73071980375094,SSP corrected + TIAM Scenario_1
BGD,2052,,,,,66.61044687178082,SSP corrected + TIAM Scenario_1
BGD,2053,,,,,66.4901739398107,SSP corrected + TIAM Scenario_1
BGD,2054,,,,,66.36990100784058,SSP corrected + TIAM Scenario_1
BGD,2055,1228085273013.0237,6288.5862375187,195287975.17096496,0.41682583680404767,66.24962807587046,SSP corrected + TIAM Scenario_1
BGD,2056,,,,,66.12935514390034,SSP corrected + TIAM Scenario_1
BGD,2057,,,,,66.00908221193022,SSP corrected + TIAM Scenario_1
BGD,2058,,,,,65.8888092799601,SSP corrected + TIAM Scenario_1
BGD,2059,,,,,65.76853634798998,SSP corrected + TIAM Scenario_1
BGD,2060,1456753691558.2927,7496.046013333344,194336279.2820562,0.20533117049964794,65.64826341601986,SSP corrected + TIAM Scenario_1
BGD,2061,,,,,66.08392014982849,SSP corrected + TIAM Scenario_1
BGD,2062,,,,,66.51957688363711,SSP corrected + TIAM Scenario_1
BGD,2063,,,,,66.95523361744574,SSP corrected + TIAM Scenario_1
BGD,2064,,,,,67.39089035125437,SSP corrected + TIAM Scenario_1
BGD,2065,1709938203683.2434,8885.829724805617,192434275.3170019,0.12433211568735773,67.826547085063,SSP corrected + TIAM Scenario_1
BGD,2066,,,,,68.26220381887163,SSP corrected + TIAM Scenario_1
BGD,2067,,,,,68.69786055268025,SSP corrected + TIAM Scenario_1
BGD,2068,,,,,69.13351728648888,SSP corrected + TIAM Scenario_1
BGD,2069,,,,,69.56917402029751,SSP corrected + TIAM Scenario_1
BGD,2070,1988379330309.18,10473.156170891623,189854834.38464767,0.04186475151967102,70.00483075410614,SSP corrected + TIAM Scenario_1
BGR,2012,48901433349.8318,6693.427732512708,7305888.0,5.4994496891734865,15.624833278696284,WB hist + TIAM interp
BGR,2013,48636020141.1525,6792.735499647346,7160005.0,5.489946872902315,17.800327931391145,WB hist + TIAM interp
BGR,2014,49097794392.256,6941.018539467188,7073572.0,5.4339915715417275,19.975822584086004,WB hist + TIAM interp
BGR,2015,50765918159.1476,7268.654454738729,6984225.0,5.378895181308189,22.151317236780866,WB hist + TIAM interp
BGR,2016,52302413861.9149,7586.504110508202,6894139.0,5.3229413805916606,24.326811889475728,WB hist + TIAM interp
BGR,2017,53738599840.5621,7898.706930136528,6803468.0,5.265958675138831,26.50230654217059,WB hist + TIAM interp
BGR,2018,54990790971.566505,8194.37434587757,6710798.0,5.20898779915713,28.677801194865452,WB hist + TIAM interp
BGR,2019,57076766353.313,8626.134186803716,6616726.0,5.151512768336892,30.85329584756031,WB hist + TIAM interp
BGR,2020,55288418257.038895,8440.083047211914,6550696.0,5.070580598239533,33.02879050025518,WB hist + TIAM interp
BGR,2021,59616490915.74789,9161.47737990726,6507301.0,4.769566473102497,36.03026624564535,WB hist + TIAM interp
BGR,2022,62051147380.8758,9597.867964065474,6465097.0,4.4636882195901135,39.03174199103553,WB hist + TIAM interp
BGR,2023,63094544094.41549,9787.265107727471,6446596.0,4.138517436927709,42.033217736425705,WB hist + TIAM interp
BGR,2024,65231613490.824715,10126.8980075708,6441421.0,3.8035897036150024,45.03469348181588,WB hist + TIAM interp
BGR,2025,65231613490.824715,10126.8980075708,6441421.0,3.4653371095710845,48.03616922720606,SSP corrected + TIAM Scenario_1
BGR,2026,,,,,45.32300225972651,SSP corrected + TIAM Scenario_1
BGR,2027,,,,,42.60983529224696,SSP corrected + TIAM Scenario_1
BGR,2028,,,,,39.8966683247674,SSP corrected + TIAM Scenario_1
BGR,2029,,,,,37.183501357287845,SSP corrected + TIAM Scenario_1
BGR,2030,76079116720.78714,12066.937449868836,6304757.693230116,2.301420525490975,34.47033438980829,SSP corrected + TIAM Scenario_1
BGR,2031,,,,,39.361478929690215,SSP corrected + TIAM Scenario_1
BGR,2032,,,,,44.25262346957214,SSP corrected + TIAM Scenario_1
BGR,2033,,,,,49.143768009454064,SSP corrected + TIAM Scenario_1
BGR,2034,,,,,54.034912549335985,SSP corrected + TIAM Scenario_1
BGR,2035,86446270693.78534,13979.828470264683,6183643.159689543,1.5694330577733973,58.926057089217906,SSP corrected + TIAM Scenario_1
BGR,2036,,,,,58.70964254691437,SSP corrected + TIAM Scenario_1
BGR,2037,,,,,58.49322800461083,SSP corrected + TIAM Scenario_1
BGR,2038,,,,,58.27681346230728,SSP corrected + TIAM Scenario_1
BGR,2039,,,,,58.06039892000374,SSP corrected + TIAM Scenario_1
BGR,2040,96137155607.31534,15819.789642327354,6077018.581213699,1.5529452185456696,57.8439843777002,SSP corrected + TIAM Scenario_1
BGR,2041,,,,,60.74191142552966,SSP corrected + TIAM Scenario_1
BGR,2042,,,,,63.63983847335911,SSP corrected + TIAM Scenario_1
BGR,2043,,,,,66.53776552118858,SSP corrected + TIAM Scenario_1
BGR,2044,,,,,69.43569256901803,SSP corrected + TIAM Scenario_1
BGR,2045,104951241781.16592,17549.266721268097,5980377.610534272,0.9123677980296666,72.33361961684749,SSP corrected + TIAM Scenario_1
BGR,2046,,,,,73.34213396669794,SSP corrected + TIAM Scenario_1
BGR,2047,,,,,74.3506483165484,SSP corrected + TIAM Scenario_1
BGR,2048,,,,,75.35916266639887,SSP corrected + TIAM Scenario_1
BGR,2049,,,,,76.36767701624933,SSP corrected + TIAM Scenario_1
BGR,2050,113212603618.06839,19223.70501986421,5889218.727663773,0.4816407213113698,77.37619136609979,SSP corrected + TIAM Scenario_1
BGR,2051,,,,,76.98769399779452,SSP corrected + TIAM Scenario_1
BGR,2052,,,,,76.59919662948927,SSP corrected + TIAM Scenario_1
BGR,2053,,,,,76.210699261184,SSP corrected + TIAM Scenario_1
BGR,2054,,,,,75.82220189287875,SSP corrected + TIAM Scenario_1
BGR,2055,121570772886.79692,20956.956808496365,5800974.540230465,0.25643793514899166,75.43370452457349,SSP corrected + TIAM Scenario_1
BGR,2056,,,,,75.04520715626822,SSP corrected + TIAM Scenario_1
BGR,2057,,,,,74.65670978796297,SSP corrected + TIAM Scenario_1
BGR,2058,,,,,74.2682124196577,SSP corrected + TIAM Scenario_1
BGR,2059,,,,,73.87971505135245,SSP corrected + TIAM Scenario_1
BGR,2060,130676203331.66615,22867.30737463107,5714542.652128689,0.02427006295824431,73.49121768304718,SSP corrected + TIAM Scenario_1
BGR,2061,,,,,74.7859529841635,SSP corrected + TIAM Scenario_1
BGR,2062,,,,,76.08068828527982,SSP corrected + TIAM Scenario_1
BGR,2063,,,,,77.37542358639612,SSP corrected + TIAM Scenario_1
BGR,2064,,,,,78.67015888751244,SSP corrected + TIAM Scenario_1
BGR,2065,139813902920.47708,24909.37026331716,5612903.957125498,0.02508137253085639,79.96489418862876,SSP corrected + TIAM Scenario_1
BGR,2066,,,,,81.25962948974508,SSP corrected + TIAM Scenario_1
BGR,2067,,,,,82.5543647908614,SSP corrected + TIAM Scenario_1
BGR,2068,,,,,83.8491000919777,SSP corrected + TIAM Scenario_1
BGR,2069,,,,,85.14383539309402,SSP corrected + TIAM Scenario_1
BGR,2070,148045761540.06158,26921.533465805653,5499157.829478833,0.025979679933276118,86.43857069421034,SSP corrected + TIAM Scenario_1
BHR,2012,28888050241.956898,23894.880444708775,1208964.0,29.506932318734655,5.320786333541271,WB hist + TIAM interp
BHR,2013,30416985616.3829,24271.627881450553,1253191.0,28.669909660173992,6.013934125758187,WB hist + TIAM interp
BHR,2014,31727610007.968494,24135.499130484903,1314562.0,27.526222871267766,6.707081917975103,WB hist + TIAM interp
BHR,2015,32523297872.340397,23734.055114301893,1370322.0,26.593005456568523,7.400229710192019,WB hist + TIAM interp
BHR,2016,33764059498.7261,23715.279132871143,1423726.0,25.775348807574122,8.093377502408934,WB hist + TIAM interp
BHR,2017,35436675410.8102,23606.886750131373,1501116.0,24.617076954458327,8.78652529462585,WB hist + TIAM interp
BHR,2018,36164044588.15841,24059.7838641562,1503091.0,24.755082641520076,9.479673086842766,WB hist + TIAM interp
BHR,2019,36906448210.9064,24873.66400601339,1483756.0,25.250240441070797,10.172820879059682,WB hist + TIAM interp
BHR,2020,34724774104.3146,23586.930958151588,1472204.0,25.622297989298925,10.865968671276596,WB hist + TIAM interp
BHR,2021,36235315986.0804,24086.7847803428,1504365.0,23.88772895800954,14.615636948329604,WB hist + TIAM interp
BHR,2022,38474716945.18911,25234.402561820058,1524693.0,22.398264541644913,18.36530522538261,WB hist + TIAM interp
BHR,2023,39966811156.113,25342.62266415714,1577059.0,20.522435079266153,22.114973502435618,WB hist + TIAM interp
BHR,2024,41007465668.6828,25812.450457730552,1588670.0,19.24861974390565,25.864641779488625,WB hist + TIAM interp
BHR,2025,41007465668.68287,25812.4504577306,1588670.0,18.12479527745144,29.61431005654163,SSP corrected + TIAM Scenario_1
BHR,2026,,,,,29.999789297855635,SSP corrected + TIAM Scenario_1
BHR,2027,,,,,30.38526853916964,SSP corrected + TIAM Scenario_1
BHR,2028,,,,,30.77074778048364,SSP corrected + TIAM Scenario_1
BHR,2029,,,,,31.156227021797648,SSP corrected + TIAM Scenario_1
BHR,2030,51065967957.30041,29014.273370622657,1760029.1864970634,14.60890892692119,31.541706263111653,SSP corrected + TIAM Scenario_1
BHR,2031,,,,,32.73054287229533,SSP corrected + TIAM Scenario_1
BHR,2032,,,,,33.91937948147901,SSP corrected + TIAM Scenario_1
BHR,2033,,,,,35.108216090662694,SSP corrected + TIAM Scenario_1
BHR,2034,,,,,36.297052699846375,SSP corrected + TIAM Scenario_1
BHR,2035,62245411374.91102,32284.84171210187,1928007.3270911695,10.85366223384105,37.48588930903006,SSP corrected + TIAM Scenario_1
BHR,2036,,,,,37.34916053233583,SSP corrected + TIAM Scenario_1
BHR,2037,,,,,37.2124317556416,SSP corrected + TIAM Scenario_1
BHR,2038,,,,,37.07570297894738,SSP corrected + TIAM Scenario_1
BHR,2039,,,,,36.93897420225315,SSP corrected + TIAM Scenario_1
BHR,2040,74028493363.57741,35337.6567527148,2094889.705947755,7.359074264799932,36.80224542555893,SSP corrected + TIAM Scenario_1
BHR,2041,,,,,37.63671770140919,SSP corrected + TIAM Scenario_1
BHR,2042,,,,,38.471189977259456,SSP corrected + TIAM Scenario_1
BHR,2043,,,,,39.30566225310971,SSP corrected + TIAM Scenario_1
BHR,2044,,,,,40.14013452895998,SSP corrected + TIAM Scenario_1
BHR,2045,85827272809.17416,38048.775985256434,2255717.0523023256,6.322830575077393,40.97460680481024,SSP corrected + TIAM Scenario_1
BHR,2046,,,,,42.679716748621615,SSP corrected + TIAM Scenario_1
BHR,2047,,,,,44.38482669243299,SSP corrected + TIAM Scenario_1
BHR,2048,,,,,46.08993663624437,SSP corrected + TIAM Scenario_1
BHR,2049,,,,,47.79504658005574,SSP corrected + TIAM Scenario_1
BHR,2050,97654593085.55376,40636.54619036664,2403122.367439384,4.255178470392851,49.50015652386711,SSP corrected + TIAM Scenario_1
BHR,2051,,,,,50.5759059964259,SSP corrected + TIAM Scenario_1
BHR,2052,,,,,51.651655468984686,SSP corrected + TIAM Scenario_1
BHR,2053,,,,,52.72740494154347,SSP corrected + TIAM Scenario_1
BHR,2054,,,,,53.803154414102266,SSP corrected + TIAM Scenario_1
BHR,2055,110450161046.23885,43603.10010117072,2533080.464232251,2.7222097824079796,54.87890388666105,SSP corrected + TIAM Scenario_1
BHR,2056,,,,,55.95465335921984,SSP corrected + TIAM Scenario_1
BHR,2057,,,,,57.03040283177863,SSP corrected + TIAM Scenario_1
BHR,2058,,,,,58.106152304337414,SSP corrected + TIAM Scenario_1
BHR,2059,,,,,59.18190177689621,SSP corrected + TIAM Scenario_1
BHR,2060,124567882992.93558,47097.23832003898,2644908.4370183614,1.3480384534940497,60.257651249454995,SSP corrected + TIAM Scenario_1
BHR,2061,,,,,60.68564254738791,SSP corrected + TIAM Scenario_1
BHR,2062,,,,,61.11363384532082,SSP corrected + TIAM Scenario_1
BHR,2063,,,,,61.54162514325374,SSP corrected + TIAM Scenario_1
BHR,2064,,,,,61.96961644118665,SSP corrected + TIAM Scenario_1
BHR,2065,138946040020.52524,50778.97786759787,2736290.604013652,0.8474649914813353,62.397607739119564,SSP corrected + TIAM Scenario_1
BHR,2066,,,,,62.82559903705248,SSP corrected + TIAM Scenario_1
BHR,2067,,,,,63.25359033498539,SSP corrected + TIAM Scenario_1
BHR,2068,,,,,63.68158163291831,SSP corrected + TIAM Scenario_1
BHR,2069,,,,,64.10957293085121,SSP corrected + TIAM Scenario_1
BHR,2070,153030940011.8218,54456.30845811781,2810160.004318278,0.3816091276376732,64.53756422878413,SSP corrected + TIAM Scenario_1
BHS,2012,11847358068.6233,31553.491949064504,375469.0,,,WB hist + TIAM interp
BHS,2013,11508144415.7879,30368.263124418863,378953.0,,,WB hist + TIAM interp
BHS,2014,11720696405.602201,30658.534456372257,382298.0,,,WB hist + TIAM interp
BHS,2015,11837600000.0,30719.405417468977,385346.0,,,WB hist + TIAM interp
BHS,2016,11700697195.6515,30152.161924602184,388055.0,,,WB hist + TIAM interp
BHS,2017,12095174365.8385,30974.7477261316,390485.0,,,WB hist + TIAM interp
BHS,2018,12385211217.3941,31537.24238419549,392717.0,,,WB hist + TIAM interp
BHS,2019,12281350586.007603,31117.629913239,394675.0,,,WB hist + TIAM interp
BHS,2020,9814105056.96843,24791.67049451055,395863.0,,,WB hist + TIAM interp
BHS,2021,11540027214.2601,29114.059772638648,396373.0,,,WB hist + TIAM interp
BHS,2022,12795339943.1948,32186.457503923648,397538.0,,,WB hist + TIAM interp
BHS,2023,13185372844.5039,33009.64561512092,399440.0,,,WB hist + TIAM interp
BHS,2024,13630862492.2464,33968.20321879173,401283.0,,,WB hist + TIAM interp
BHS,2025,13630862492.24643,33968.2032187918,401283.0,,,SSP corrected + TIAM Scenario_1
BHS,2030,14974295894.753172,35701.50174803614,419430.4206146419,,,SSP corrected + TIAM Scenario_1
BHS,2035,16297196472.330793,37413.44953615556,435597.26981553866,,,SSP corrected + TIAM Scenario_1
BHS,2040,17650407410.518078,39258.484138904474,449594.725768508,,,SSP corrected + TIAM Scenario_1
BHS,2045,19070105591.33305,41339.83813726068,461300.9254660013,,,SSP corrected + TIAM Scenario_1
BHS,2050,20441893847.313393,43380.09678852521,471227.48358460626,,,SSP corrected + TIAM Scenario_1
BHS,2055,21816615363.99789,45511.7498748246,479362.2619214215,,,SSP corrected + TIAM Scenario_1
BHS,2060,23209914198.475414,47781.278955892274,485753.3055969659,,,SSP corrected + TIAM Scenario_1
BHS,2065,24663833754.172306,50423.08199231661,489137.76745996095,,,SSP corrected + TIAM Scenario_1
BHS,2070,26191084827.473305,53482.46833202371,489713.4639500336,,,SSP corrected + TIAM Scenario_1
BIH,2012,15193964403.4513,4139.917327736584,3670113.0,5.645056311166869,15.624833278696284,WB hist + TIAM interp
BIH,2013,15551001102.680801,4306.731750722141,3610859.0,5.613405403456086,17.800327931391145,WB hist + TIAM interp
BIH,2014,15730436007.5757,4412.676178177327,3564829.0,5.5599963673125705,19.975822584086004,WB hist + TIAM interp
BIH,2015,16404348361.092602,4662.258692194464,3518541.0,5.505593698769739,22.151317236780866,WB hist + TIAM interp
BIH,2016,16936219694.6475,4876.534714956336,3473003.0,5.44856368590394,24.326811889475728,WB hist + TIAM interp
BIH,2017,17485647420.4505,5099.816028564474,3428682.0,5.388105078046872,26.50230654217059,WB hist + TIAM interp
BIH,2018,18155173558.4672,5360.252010176321,3387000.0,5.321913127717857,28.677801194865452,WB hist + TIAM interp
BIH,2019,18679105074.111904,5583.297212764574,3345533.0,5.253734048342326,30.85329584756031,WB hist + TIAM interp
BIH,2020,18115912618.3228,5490.753666351392,3299349.0,5.191254850676699,33.02879050025518,WB hist + TIAM interp
BIH,2021,19454976126.4078,5995.541975904948,3244907.0,4.932113003320096,36.03026624564535,WB hist + TIAM interp
BIH,2022,20277301651.4265,6327.162068491751,3204802.0,4.643261742286574,39.03174199103553,WB hist + TIAM interp
BIH,2023,20681710969.038,6493.324005144623,3185073.0,4.319279660824912,42.033217736425705,WB hist + TIAM interp
BIH,2024,21296271621.8748,6730.2682882420595,3164253.0,3.992635081986705,45.03469348181588,WB hist + TIAM interp
BIH,2025,21296271621.87477,6730.26828824205,3164253.0,3.6375707141688007,48.03616922720606,SSP corrected + TIAM Scenario_1
BIH,2026,,,,,45.32300225972651,SSP corrected + TIAM Scenario_1
BIH,2027,,,,,42.60983529224696,SSP corrected + TIAM Scenario_1
BIH,2028,,,,,39.8966683247674,SSP corrected + TIAM Scenario_1
BIH,2029,,,,,37.183501357287845,SSP corrected + TIAM Scenario_1
BIH,2030,25173581944.335682,8061.254878877765,3122787.0006065588,2.3959485649324477,34.47033438980829,SSP corrected + TIAM Scenario_1
BIH,2031,,,,,39.361478929690215,SSP corrected + TIAM Scenario_1
BIH,2032,,,,,44.25262346957214,SSP corrected + TIAM Scenario_1
BIH,2033,,,,,49.143768009454064,SSP corrected + TIAM Scenario_1
BIH,2034,,,,,54.034912549335985,SSP corrected + TIAM Scenario_1
BIH,2035,29018690243.174786,9455.565745276708,3068953.3577269395,1.6306186264528262,58.926057089217906,SSP corrected + TIAM Scenario_1
BIH,2036,,,,,58.70964254691437,SSP corrected + TIAM Scenario_1
BIH,2037,,,,,58.49322800461083,SSP corrected + TIAM Scenario_1
BIH,2038,,,,,58.27681346230728,SSP corrected + TIAM Scenario_1
BIH,2039,,,,,58.06039892000374,SSP corrected + TIAM Scenario_1
BIH,2040,32748057935.373264,10910.465434918764,3001527.1237250473,1.6212869946136832,57.8439843777002,SSP corrected + TIAM Scenario_1
BIH,2041,,,,,60.74191142552966,SSP corrected + TIAM Scenario_1
BIH,2042,,,,,63.63983847335911,SSP corrected + TIAM Scenario_1
BIH,2043,,,,,66.53776552118858,SSP corrected + TIAM Scenario_1
BIH,2044,,,,,69.43569256901803,SSP corrected + TIAM Scenario_1
BIH,2045,36050398792.58725,12330.03177927793,2923787.9867571946,0.9622948224483403,72.33361961684749,SSP corrected + TIAM Scenario_1
BIH,2046,,,,,73.34213396669794,SSP corrected + TIAM Scenario_1
BIH,2047,,,,,74.3506483165484,SSP corrected + TIAM Scenario_1
BIH,2048,,,,,75.35916266639887,SSP corrected + TIAM Scenario_1
BIH,2049,,,,,76.36767701624933,SSP corrected + TIAM Scenario_1
BIH,2050,38750701816.8721,13654.402955419737,2837963.83799345,0.5153822965591411,77.37619136609979,SSP corrected + TIAM Scenario_1
BIH,2051,,,,,76.98769399779452,SSP corrected + TIAM Scenario_1
BIH,2052,,,,,76.59919662948927,SSP corrected + TIAM Scenario_1
BIH,2053,,,,,76.210699261184,SSP corrected + TIAM Scenario_1
BIH,2054,,,,,75.82220189287875,SSP corrected + TIAM Scenario_1
BIH,2055,41062247077.722946,14948.109166865708,2746986.031433486,0.2792429714571672,75.43370452457349,SSP corrected + TIAM Scenario_1
BIH,2056,,,,,75.04520715626822,SSP corrected + TIAM Scenario_1
BIH,2057,,,,,74.65670978796297,SSP corrected + TIAM Scenario_1
BIH,2058,,,,,74.2682124196577,SSP corrected + TIAM Scenario_1
BIH,2059,,,,,73.87971505135245,SSP corrected + TIAM Scenario_1
BIH,2060,43342990402.935555,16333.935400123366,2653554.6603550417,0.026951305970538506,73.49121768304718,SSP corrected + TIAM Scenario_1
BIH,2061,,,,,74.7859529841635,SSP corrected + TIAM Scenario_1
BIH,2062,,,,,76.08068828527982,SSP corrected + TIAM Scenario_1
BIH,2063,,,,,77.37542358639612,SSP corrected + TIAM Scenario_1
BIH,2064,,,,,78.67015888751244,SSP corrected + TIAM Scenario_1
BIH,2065,45084233158.484695,17648.369851443702,2554583.4282703814,0.028416742395680785,79.96489418862876,SSP corrected + TIAM Scenario_1
BIH,2066,,,,,81.25962948974508,SSP corrected + TIAM Scenario_1
BIH,2067,,,,,82.5543647908614,SSP corrected + TIAM Scenario_1
BIH,2068,,,,,83.8491000919777,SSP corrected + TIAM Scenario_1
BIH,2069,,,,,85.14383539309402,SSP corrected + TIAM Scenario_1
BIH,2070,46588861044.81277,19004.249558091815,2451497.013991574,0.03005066473164593,86.43857069421034,SSP corrected + TIAM Scenario_1
BLR,2012,57178272607.7523,6052.637370623593,9446836.0,5.786045179269672,5.768678807715448,WB hist + TIAM interp
BLR,2013,57749323051.4988,6115.432880987071,9443211.0,5.86373756361527,5.895922002931266,WB hist + TIAM interp
BLR,2014,58702836389.80221,6212.9166741866,9448515.0,5.935874814882409,6.023165198147083,WB hist + TIAM interp
BLR,2015,56454769844.7632,5967.055950587776,9461076.0,6.003322813518506,6.150408393362901,WB hist + TIAM interp
BLR,2016,55028470318.3987,5811.201591825472,9469379.0,6.07332165667106,6.277651588578719,WB hist + TIAM interp
BLR,2017,56421892161.1976,5964.896688345615,9458989.0,6.1553381360967725,6.4048947837945365,WB hist + TIAM interp
BLR,2018,58198729025.2815,6165.913200192768,9438785.0,6.244020484131551,6.532137979010354,WB hist + TIAM interp
BLR,2019,59040547731.7471,6267.7350874350595,9419758.0,6.33229198138714,6.659381174226172,WB hist + TIAM interp
BLR,2020,58643356627.7874,6251.988989686451,9379952.0,6.435144786956382,6.78662436944199,WB hist + TIAM interp
BLR,2021,60073587228.1282,6457.7305370634285,9302585.0,6.481028406544242,7.555521212509997,WB hist + TIAM interp
BLR,2022,57275121695.7263,6206.619096854186,9228071.0,6.525663496074492,8.324418055578004,WB hist + TIAM interp
BLR,2023,59638602543.5231,6497.784506835919,9178298.0,6.553312442946929,9.093314898646012,WB hist + TIAM interp
BLR,2024,62030020167.7391,6792.13183495564,9132629.0,6.578305426954953,9.86221174171402,WB hist + TIAM interp
BLR,2025,62030020167.73919,6792.13183495565,9132629.0,6.570527647368293,10.631108584782028,SSP corrected + TIAM Scenario_1
BLR,2026,,,,,11.36865758846334,SSP corrected + TIAM Scenario_1
BLR,2027,,,,,12.10620659214465,SSP corrected + TIAM Scenario_1
BLR,2028,,,,,12.843755595825964,SSP corrected + TIAM Scenario_1
BLR,2029,,,,,13.581304599507272,SSP corrected + TIAM Scenario_1
BLR,2030,70629812545.32108,7892.282973290654,8949224.550659044,6.389429117095157,14.318853603188586,SSP corrected + TIAM Scenario_1
BLR,2031,,,,,15.140987670864307,SSP corrected + TIAM Scenario_1
BLR,2032,,,,,15.963121738540032,SSP corrected + TIAM Scenario_1
BLR,2033,,,,,16.785255806215755,SSP corrected + TIAM Scenario_1
BLR,2034,,,,,17.607389873891478,SSP corrected + TIAM Scenario_1
BLR,2035,78993140002.36632,9009.600940366816,8767662.466429973,4.835041177101663,18.4295239415672,SSP corrected + TIAM Scenario_1
BLR,2036,,,,,19.81444105487761,SSP corrected + TIAM Scenario_1
BLR,2037,,,,,21.19935816818802,SSP corrected + TIAM Scenario_1
BLR,2038,,,,,22.584275281498428,SSP corrected + TIAM Scenario_1
BLR,2039,,,,,23.969192394808836,SSP corrected + TIAM Scenario_1
BLR,2040,86684425118.37016,10085.81916352417,8594683.655628923,3.6214830274792726,25.354109508119247,SSP corrected + TIAM Scenario_1
BLR,2041,,,,,25.21252981982985,SSP corrected + TIAM Scenario_1
BLR,2042,,,,,25.07095013154045,SSP corrected + TIAM Scenario_1
BLR,2043,,,,,24.929370443251052,SSP corrected + TIAM Scenario_1
BLR,2044,,,,,24.78779075496165,SSP corrected + TIAM Scenario_1
BLR,2045,93253631471.31792,11074.32188334058,8420708.053610219,3.2615121807573146,24.646211066672254,SSP corrected + TIAM Scenario_1
BLR,2046,,,,,25.413577469286473,SSP corrected + TIAM Scenario_1
BLR,2047,,,,,26.180943871900695,SSP corrected + TIAM Scenario_1
BLR,2048,,,,,26.948310274514913,SSP corrected + TIAM Scenario_1
BLR,2049,,,,,27.715676677129135,SSP corrected + TIAM Scenario_1
BLR,2050,98677865642.15115,11980.405169628082,8236605.043401424,2.8630409661447738,28.483043079743354,SSP corrected + TIAM Scenario_1
BLR,2051,,,,,28.64920050842412,SSP corrected + TIAM Scenario_1
BLR,2052,,,,,28.815357937104885,SSP corrected + TIAM Scenario_1
BLR,2053,,,,,28.981515365785647,SSP corrected + TIAM Scenario_1
BLR,2054,,,,,29.147672794466413,SSP corrected + TIAM Scenario_1
BLR,2055,104027997430.24284,12935.550488287558,8042023.22308854,2.341805894719733,29.31383022314718,SSP corrected + TIAM Scenario_1
BLR,2056,,,,,29.479987651827944,SSP corrected + TIAM Scenario_1
BLR,2057,,,,,29.64614508050871,SSP corrected + TIAM Scenario_1
BLR,2058,,,,,29.812302509189472,SSP corrected + TIAM Scenario_1
BLR,2059,,,,,29.978459937870237,SSP corrected + TIAM Scenario_1
BLR,2060,110354111820.29503,14071.308409009476,7842491.160924189,1.7958550195842133,30.144617366551003,SSP corrected + TIAM Scenario_1
BLR,2061,,,,,30.377975575544003,SSP corrected + TIAM Scenario_1
BLR,2062,,,,,30.611333784537,SSP corrected + TIAM Scenario_1
BLR,2063,,,,,30.84469199353,SSP corrected + TIAM Scenario_1
BLR,2064,,,,,31.078050202522995,SSP corrected + TIAM Scenario_1
BLR,2065,117151951134.62784,15342.850674031886,7635605.248567667,1.42463189954146,31.311408411515995,SSP corrected + TIAM Scenario_1
BLR,2066,,,,,31.54476662050899,SSP corrected + TIAM Scenario_1
BLR,2067,,,,,31.77812482950199,SSP corrected + TIAM Scenario_1
BLR,2068,,,,,32.01148303849499,SSP corrected + TIAM Scenario_1
BLR,2069,,,,,32.24484124748799,SSP corrected + TIAM Scenario_1
BLR,2070,123494633130.57744,16627.62645701258,7427075.262356191,1.032960651459322,32.478199456480986,SSP corrected + TIAM Scenario_1
BLZ,2012,1973959679.2192297,5902.7423469688165,334414.0,,,WB hist + TIAM interp
BLZ,2013,2054230070.85013,6013.078798953625,341627.0,,,WB hist + TIAM interp
BLZ,2014,2134186060.0205,6116.495788527841,348923.0,,,WB hist + TIAM interp
BLZ,2015,2193095150.0000005,6154.622642303689,356333.0,,,WB hist + TIAM interp
BLZ,2016,2192684131.16429,6012.21296983669,364705.0,,,WB hist + TIAM interp
BLZ,2017,2152487028.0072,5767.619219637622,373202.0,,,WB hist + TIAM interp
BLZ,2018,2170181947.82235,5707.61059954435,380226.0,,,WB hist + TIAM interp
BLZ,2019,2262557632.66642,5864.146118271099,385829.0,,,WB hist + TIAM interp
BLZ,2020,1956594233.22066,5006.484532769362,390812.0,,,WB hist + TIAM interp
BLZ,2021,2308584056.87279,5839.401579560157,395346.0,,,WB hist + TIAM interp
BLZ,2022,2522139931.9872203,6262.560882736751,402733.0,,,WB hist + TIAM interp
BLZ,2023,2534753858.51431,6165.694148259354,411106.0,,,WB hist + TIAM interp
BLZ,2024,2623588473.35997,6290.492944527492,417072.0,,,WB hist + TIAM interp
BLZ,2025,2623588473.3599696,6290.49294452749,417072.0,,,SSP corrected + TIAM Scenario_1
BLZ,2030,3114711957.485849,7141.063579373673,436169.1956478888,,,SSP corrected + TIAM Scenario_1
BLZ,2035,3679162906.2555313,8134.4790725380335,452292.380796254,,,SSP corrected + TIAM Scenario_1
BLZ,2040,4331436283.610221,9301.074029017123,465692.0555730636,,,SSP corrected + TIAM Scenario_1
BLZ,2045,5072384734.487631,10650.115351385082,476275.09816858,,,SSP corrected + TIAM Scenario_1
BLZ,2050,5899450324.074627,12186.715215721712,484088.6341927417,,,SSP corrected + TIAM Scenario_1
BLZ,2055,6821159501.748371,13933.435672831054,489553.3062996816,,,SSP corrected + TIAM Scenario_1
BLZ,2060,7844333427.010631,15913.888401319307,492923.7424060554,,,SSP corrected + TIAM Scenario_1
BLZ,2065,8986024998.61577,18166.155369824985,494657.4999321028,,,SSP corrected + TIAM Scenario_1
BLZ,2070,10247086861.501492,20701.017241392157,495004.0252617252,,,SSP corrected + TIAM Scenario_1
BMU,2012,6876350478.40565,108040.57565920326,63646.0,,,WB hist + TIAM interp
BMU,2013,6857116738.50431,107860.39479196384,63574.0,,,WB hist + TIAM interp
BMU,2014,6603330213.037279,103941.98260695556,63529.0,,,WB hist + TIAM interp
BMU,2015,6654541000.000001,104855.3668221354,63464.0,,,WB hist + TIAM interp
BMU,2016,6610806937.02849,104190.87672033429,63449.0,,,WB hist + TIAM interp
BMU,2017,6849550930.14215,107734.60835732722,63578.0,,,WB hist + TIAM interp
BMU,2018,6819905984.64909,106843.16373939136,63831.0,,,WB hist + TIAM interp
BMU,2019,6840850356.57848,106709.88123884256,64107.0,,,WB hist + TIAM interp
BMU,2020,6373786302.28159,98999.50766179353,64382.0,,,WB hist + TIAM interp
BMU,2021,6667453991.67615,103134.7294839152,64648.0,,,WB hist + TIAM interp
BMU,2022,7099253361.41199,109642.67187774314,64749.0,,,WB hist + TIAM interp
BMU,2023,7448338953.24063,115124.71719745015,64698.0,,,WB hist + TIAM interp
BMU,2024,7893193425.434859,122117.6035867761,64636.0,,,WB hist + TIAM interp
BOL,2012,27943010890.6533,2657.2388491585384,10515807.0,2.085220700916099,38.879500250197985,WB hist + TIAM interp
BOL,2013,29842021104.1397,2793.5145709867575,10682608.0,2.074002501597658,38.85667685180975,WB hist + TIAM interp
BOL,2014,31471565408.6312,2900.902415863377,10848888.0,2.06322832238068,38.83385345342151,WB hist + TIAM interp
BOL,2015,33000198248.9146,2996.0128981134403,11014705.0,2.0528657154489953,38.81103005503327,WB hist + TIAM interp
BOL,2016,34407300587.1524,3077.570575647664,11180020.0,2.0429022070294467,38.78820665664504,WB hist + TIAM interp
BOL,2017,35850757840.606804,3160.164212289685,11344587.0,2.0333631189026176,38.7653832582568,WB hist + TIAM interp
BOL,2018,36878987707.3734,3204.5367081912395,11508368.0,2.024235067676913,38.74255985986856,WB hist + TIAM interp
BOL,2019,37434651169.5829,3207.3869521223014,11671386.0,2.0154949334791556,38.71973646148032,WB hist + TIAM interp
BOL,2020,32673162315.3388,2765.092717723104,11816299.0,2.0100707185920297,38.69691306309209,WB hist + TIAM interp
BOL,2021,35949969735.497,3011.5511080755714,11937360.0,1.9424652803303986,39.00786664522744,WB hist + TIAM interp
BOL,2022,37297165304.9227,3088.241261552407,12077154.0,1.8733070767816242,39.318820227362785,WB hist + TIAM interp
BOL,2023,38235698454.9001,3122.7704944782326,12244159.0,1.8017185804560445,39.62977380949813,WB hist + TIAM interp
BOL,2024,37806175459.3053,3045.614766023846,12413315.0,1.7317565444149856,39.94072739163348,WB hist + TIAM interp
BOL,2025,37806175459.30534,3045.61476602385,12413315.0,1.686346492126504,40.25168097376883,SSP corrected + TIAM Scenario_1
BOL,2026,,,,,41.03311574715632,SSP corrected + TIAM Scenario_1
BOL,2027,,,,,41.81455052054381,SSP corrected + TIAM Scenario_1
BOL,2028,,,,,42.59598529393129,SSP corrected + TIAM Scenario_1
BOL,2029,,,,,43.37742006731878,SSP corrected + TIAM Scenario_1
BOL,2030,48116144776.468575,3691.167231157799,13035482.210156083,1.4961447544037376,44.15885484070627,SSP corrected + TIAM Scenario_1
BOL,2031,,,,,43.75068382553754,SSP corrected + TIAM Scenario_1
BOL,2032,,,,,43.34251281036882,SSP corrected + TIAM Scenario_1
BOL,2033,,,,,42.93434179520009,SSP corrected + TIAM Scenario_1
BOL,2034,,,,,42.52617078003136,SSP corrected + TIAM Scenario_1
BOL,2035,60145286493.07521,4428.738062134665,13580682.7247952,1.3340833689954263,42.11799976486264,SSP corrected + TIAM Scenario_1
BOL,2036,,,,,42.63433136242324,SSP corrected + TIAM Scenario_1
BOL,2037,,,,,43.15066295998385,SSP corrected + TIAM Scenario_1
BOL,2038,,,,,43.66699455754445,SSP corrected + TIAM Scenario_1
BOL,2039,,,,,44.18332615510506,SSP corrected + TIAM Scenario_1
BOL,2040,74476928931.2542,5300.402814376107,14051182.813738776,1.1587873758042453,44.69965775266566,SSP corrected + TIAM Scenario_1
BOL,2041,,,,,45.21361097692995,SSP corrected + TIAM Scenario_1
BOL,2042,,,,,45.72756420119425,SSP corrected + TIAM Scenario_1
BOL,2043,,,,,46.24151742545854,SSP corrected + TIAM Scenario_1
BOL,2044,,,,,46.75547064972284,SSP corrected + TIAM Scenario_1
BOL,2045,91373612044.95961,6326.807928150638,14442292.714213729,1.0597331011845652,47.26942387398713,SSP corrected + TIAM Scenario_1
BOL,2046,,,,,46.98986888073011,SSP corrected + TIAM Scenario_1
BOL,2047,,,,,46.71031388747309,SSP corrected + TIAM Scenario_1
BOL,2048,,,,,46.43075889421607,SSP corrected + TIAM Scenario_1
BOL,2049,,,,,46.151203900959054,SSP corrected + TIAM Scenario_1
BOL,2050,110919331735.8575,7514.637597517844,14760436.587453691,1.0568314275056179,45.87164890770203,SSP corrected + TIAM Scenario_1
BOL,2051,,,,,45.7537597769145,SSP corrected + TIAM Scenario_1
BOL,2052,,,,,45.63587064612697,SSP corrected + TIAM Scenario_1
BOL,2053,,,,,45.51798151533943,SSP corrected + TIAM Scenario_1
BOL,2054,,,,,45.4000923845519,SSP corrected + TIAM Scenario_1
BOL,2055,133175713137.83496,8882.905145742146,14992360.151641406,0.7622417969005505,45.282203253764365,SSP corrected + TIAM Scenario_1
BOL,2056,,,,,45.16431412297683,SSP corrected + TIAM Scenario_1
BOL,2057,,,,,45.0464249921893,SSP corrected + TIAM Scenario_1
BOL,2058,,,,,44.92853586140176,SSP corrected + TIAM Scenario_1
BOL,2059,,,,,44.81064673061423,SSP corrected + TIAM Scenario_1
BOL,2060,158057494079.35037,10434.097395033585,15148171.240435466,0.47902243109322545,44.6927575998267,SSP corrected + TIAM Scenario_1
BOL,2061,,,,,44.73681582547181,SSP corrected + TIAM Scenario_1
BOL,2062,,,,,44.78087405111692,SSP corrected + TIAM Scenario_1
BOL,2063,,,,,44.82493227676203,SSP corrected + TIAM Scenario_1
BOL,2064,,,,,44.86899050240714,SSP corrected + TIAM Scenario_1
BOL,2065,185704386336.5434,12176.351535139956,15251233.984220618,0.2778640301264723,44.913048728052246,SSP corrected + TIAM Scenario_1
BOL,2066,,,,,44.957106953697355,SSP corrected + TIAM Scenario_1
BOL,2067,,,,,45.001165179342465,SSP corrected + TIAM Scenario_1
BOL,2068,,,,,45.045223404987574,SSP corrected + TIAM Scenario_1
BOL,2069,,,,,45.08928163063269,SSP corrected + TIAM Scenario_1
BOL,2070,216007490700.21707,14107.594086315348,15311433.641952366,0.0796283935793077,45.13333985627779,SSP corrected + TIAM Scenario_1
BRA,2012,1804861390164.7703,9167.498184504317,196876111.0,8.898863102796662,21.60177071897916,WB hist + TIAM interp
BRA,2013,1859094274383.73,9366.738246702376,198478299.0,8.142351320735573,23.99226831553798,WB hist + TIAM interp
BRA,2014,1868463286696.58,9338.341708409842,200085127.0,7.397783844273443,26.3827659120968,WB hist + TIAM interp
BRA,2015,1802211999456.42,8936.195588944423,201675532.0,6.665622679502836,28.77326350865562,WB hist + TIAM interp
BRA,2016,1743173031878.48,8577.842779696695,203218114.0,5.946317757874675,31.16376110521444,WB hist + TIAM interp
BRA,2017,1766232928473.27,8628.252096457243,204703445.0,5.2393156353572845,33.554258701773264,WB hist + TIAM interp
BRA,2018,1797736638146.8198,8722.335299709892,206107261.0,4.544296185664221,35.94475629833208,WB hist + TIAM interp
BRA,2019,1819683008336.2202,8771.439503726051,207455459.0,3.859714870168829,38.3352538948909,WB hist + TIAM interp
BRA,2020,1760056385298.89,8435.010462091828,208660842.0,3.186153154696845,40.72575149144972,WB hist + TIAM interp
BRA,2021,1843880907790.4402,8799.228445799461,209550294.0,3.1308880912378956,42.06323106509897,WB hist + TIAM interp
BRA,2022,1899505159031.7295,9032.08377657776,210306415.0,3.078040391682774,43.400710638748215,WB hist + TIAM interp
BRA,2023,1961080569227.7002,9288.025946086887,211140729.0,3.024450862817661,44.738190212397456,WB hist + TIAM interp
BRA,2024,2028136094548.34,9566.744086283732,211998573.0,2.970953394106101,46.0756697860467,WB hist + TIAM interp
BRA,2025,2028136094548.3354,9566.74408628371,211998573.0,2.9296942484608137,47.41314935969595,SSP corrected + TIAM Scenario_1
BRA,2026,,,,,48.32497120488346,SSP corrected + TIAM Scenario_1
BRA,2027,,,,,49.23679305007098,SSP corrected + TIAM Scenario_1
BRA,2028,,,,,50.14861489525849,SSP corrected + TIAM Scenario_1
BRA,2029,,,,,51.06043674044601,SSP corrected + TIAM Scenario_1
BRA,2030,2315066155491.8887,10655.606931806318,217262720.96069548,2.3150819329515495,51.97225858563352,SSP corrected + TIAM Scenario_1
BRA,2031,,,,,55.05911339453538,SSP corrected + TIAM Scenario_1
BRA,2032,,,,,58.14596820343724,SSP corrected + TIAM Scenario_1
BRA,2033,,,,,61.2328230123391,SSP corrected + TIAM Scenario_1
BRA,2034,,,,,64.31967782124096,SSP corrected + TIAM Scenario_1
BRA,2035,2590518891383.2456,11706.870055189693,221281937.79983577,1.5494427760757545,67.40653263014282,SSP corrected + TIAM Scenario_1
BRA,2036,,,,,66.51481644155666,SSP corrected + TIAM Scenario_1
BRA,2037,,,,,65.6231002529705,SSP corrected + TIAM Scenario_1
BRA,2038,,,,,64.73138406438436,SSP corrected + TIAM Scenario_1
BRA,2039,,,,,63.8396678757982,SSP corrected + TIAM Scenario_1
BRA,2040,2874040883849.4067,12824.291661752466,224109132.8592462,1.3806960745073171,62.94795168721204,SSP corrected + TIAM Scenario_1
BRA,2041,,,,,63.87713760048415,SSP corrected + TIAM Scenario_1
BRA,2042,,,,,64.80632351375625,SSP corrected + TIAM Scenario_1
BRA,2043,,,,,65.73550942702836,SSP corrected + TIAM Scenario_1
BRA,2044,,,,,66.66469534030047,SSP corrected + TIAM Scenario_1
BRA,2045,3159638125784.171,13995.698209196373,225757806.33137816,1.3509171840212495,67.59388125357258,SSP corrected + TIAM Scenario_1
BRA,2046,,,,,67.96975823226778,SSP corrected + TIAM Scenario_1
BRA,2047,,,,,68.34563521096298,SSP corrected + TIAM Scenario_1
BRA,2048,,,,,68.7215121896582,SSP corrected + TIAM Scenario_1
BRA,2049,,,,,69.0973891683534,SSP corrected + TIAM Scenario_1
BRA,2050,3441235684548.1387,15220.90463877706,226086147.05995744,1.0847834030935082,69.4732661470486,SSP corrected + TIAM Scenario_1
BRA,2051,,,,,69.7808361068019,SSP corrected + TIAM Scenario_1
BRA,2052,,,,,70.08840606655518,SSP corrected + TIAM Scenario_1
BRA,2053,,,,,70.39597602630847,SSP corrected + TIAM Scenario_1
BRA,2054,,,,,70.70354598606176,SSP corrected + TIAM Scenario_1
BRA,2055,3728955995584.7397,16569.6764039769,225047001.8044378,0.8546274709633005,71.01111594581505,SSP corrected + TIAM Scenario_1
BRA,2056,,,,,71.31868590556834,SSP corrected + TIAM Scenario_1
BRA,2057,,,,,71.62625586532162,SSP corrected + TIAM Scenario_1
BRA,2058,,,,,71.93382582507492,SSP corrected + TIAM Scenario_1
BRA,2059,,,,,72.2413957848282,SSP corrected + TIAM Scenario_1
BRA,2060,4021627477879.373,18037.21299585567,222962798.0111675,0.625253186825443,72.5489657445815,SSP corrected + TIAM Scenario_1
BRA,2061,,,,,72.6320273395166,SSP corrected + TIAM Scenario_1
BRA,2062,,,,,72.7150889344517,SSP corrected + TIAM Scenario_1
BRA,2063,,,,,72.7981505293868,SSP corrected + TIAM Scenario_1
BRA,2064,,,,,72.8812121243219,SSP corrected + TIAM Scenario_1
BRA,2065,4307362047991.6797,19585.74652612572,219923301.99137548,0.4004525632461344,72.96427371925701,SSP corrected + TIAM Scenario_1
BRA,2066,,,,,73.0473353141921,SSP corrected + TIAM Scenario_1
BRA,2067,,,,,73.1303969091272,SSP corrected + TIAM Scenario_1
BRA,2068,,,,,73.2134585040623,SSP corrected + TIAM Scenario_1
BRA,2069,,,,,73.2965200989974,SSP corrected + TIAM Scenario_1
BRA,2070,4591165440607.349,21249.97447002716,216055103.83474267,0.1700006125663842,73.37958169393251,SSP corrected + TIAM Scenario_1
BRB,2012,5825750942.63272,21036.300336655568,276938.0,,,WB hist + TIAM interp
BRB,2013,5722566701.83324,20609.607627296344,277665.0,,,WB hist + TIAM interp
BRB,2014,5765635622.77349,20713.767021043765,278348.0,,,WB hist + TIAM interp
BRB,2015,5698149999.999998,20424.208753001894,278990.0,,,WB hist + TIAM interp
BRB,2016,5783423169.4715605,20684.780182517618,279598.0,,,WB hist + TIAM interp
BRB,2017,5824392171.7044,20788.704654316116,280171.0,,,WB hist + TIAM interp
BRB,2018,5750071519.41267,20483.955097636608,280711.0,,,WB hist + TIAM interp
BRB,2019,5763165130.17653,20494.38716026461,281207.0,,,WB hist + TIAM interp
BRB,2020,4935303060.93692,17519.83706287201,281698.0,,,WB hist + TIAM interp
BRB,2021,4930526775.24948,17475.028177685675,282147.0,,,WB hist + TIAM interp
BRB,2022,5779882130.08259,20472.949404864692,282318.0,,,WB hist + TIAM interp
BRB,2023,5948328550.318309,21068.261044706695,282336.0,,,WB hist + TIAM interp
BRB,2024,6095981657.86298,21581.21712576329,282467.0,,,WB hist + TIAM interp
BRB,2025,6095981657.862983,21581.2171257633,282467.0,,,SSP corrected + TIAM Scenario_1
BRB,2030,6602401720.364092,23337.94818859683,282904.12109107757,,,SSP corrected + TIAM Scenario_1
BRB,2035,7104834223.317977,25194.664589255844,281997.5712773649,,,SSP corrected + TIAM Scenario_1
BRB,2040,7614244955.479535,27264.11687737919,279277.1535467195,,,SSP corrected + TIAM Scenario_1
BRB,2045,8143593485.377383,29619.895499148643,274936.6042027884,,,SSP corrected + TIAM Scenario_1
BRB,2050,8654001107.425749,32103.338022714048,269567.0182740122,,,SSP corrected + TIAM Scenario_1
BRB,2055,9148458491.285124,34724.03171342834,263461.8746689852,,,SSP corrected + TIAM Scenario_1
BRB,2060,9620984297.634604,37434.07773378406,257011.38855497207,,,SSP corrected + TIAM Scenario_1
BRB,2065,10095503883.757698,40374.701245718774,250045.29005222543,,,SSP corrected + TIAM Scenario_1
BRB,2070,10602920836.145638,43678.46592010241,242749.38720468635,,,SSP corrected + TIAM Scenario_1
BRN,2012,13604222581.2368,33544.538945787644,405557.0,0.14552553080044628,87.04270501721462,WB hist + TIAM interp
BRN,2013,13315162382.5279,32381.073979523204,411202.0,0.15054892256987878,86.72866523260423,WB hist + TIAM interp
BRN,2014,12981233119.370098,31148.72974054013,416750.0,0.15547243772602734,86.41462544799384,WB hist + TIAM interp
BRN,2015,12930296870.1247,30625.128774465673,422212.0,0.16029923068521146,86.10058566338344,WB hist + TIAM interp
BRN,2016,12609894752.9469,29492.41459277886,427564.0,0.1650451842292784,85.78654587877305,WB hist + TIAM interp
BRN,2017,12777445780.0952,29524.659127889972,432772.0,0.1697302494467059,85.47250609416267,WB hist + TIAM interp
BRN,2018,12784137461.5724,29200.19520242205,437810.0,0.17437157643108311,85.15846630955228,WB hist + TIAM interp
BRN,2019,13278735842.955498,29996.24072231747,442680.0,0.1789751970747156,84.84442652494188,WB hist + TIAM interp
BRN,2020,13429260053.625002,30015.958850669645,447404.0,0.18353850346616885,84.5303867403315,WB hist + TIAM interp
BRN,2021,13215632407.1015,29256.18336783435,451721.0,0.1966135133311057,84.05247289067427,WB hist + TIAM interp
BRN,2022,13000438095.7254,28549.175606046512,455370.0,0.20974821596965743,83.57455904101704,WB hist + TIAM interp
BRN,2023,13147036779.497898,28645.964539628363,458949.0,0.22270805112717448,83.09664519135981,WB hist + TIAM interp
BRN,2024,13679822692.2189,29563.868275308232,462721.0,0.2353691092633101,82.61873134170258,WB hist + TIAM interp
BRN,2025,13679822692.218885,29563.8682753082,462721.0,0.24984563453590974,82.14081749204536,SSP corrected + TIAM Scenario_1
BRN,2026,,,,,82.01079626821716,SSP corrected + TIAM Scenario_1
BRN,2027,,,,,81.88077504438897,SSP corrected + TIAM Scenario_1
BRN,2028,,,,,81.75075382056077,SSP corrected + TIAM Scenario_1
BRN,2029,,,,,81.62073259673258,SSP corrected + TIAM Scenario_1
BRN,2030,15489963579.431982,31609.883203134148,490035.4575779052,0.3043100459546262,81.49071137290439,SSP corrected + TIAM Scenario_1
BRN,2031,,,,,81.5880391184722,SSP corrected + TIAM Scenario_1
BRN,2032,,,,,81.68536686403999,SSP corrected + TIAM Scenario_1
BRN,2033,,,,,81.7826946096078,SSP corrected + TIAM Scenario_1
BRN,2034,,,,,81.8800223551756,SSP corrected + TIAM Scenario_1
BRN,2035,17393301741.623684,33732.60667188825,515622.81891837146,0.38740091405080845,81.97735010074341,SSP corrected + TIAM Scenario_1
BRN,2036,,,,,82.03792403663869,SSP corrected + TIAM Scenario_1
BRN,2037,,,,,82.09849797253396,SSP corrected + TIAM Scenario_1
BRN,2038,,,,,82.15907190842923,SSP corrected + TIAM Scenario_1
BRN,2039,,,,,82.2196458443245,SSP corrected + TIAM Scenario_1
BRN,2040,19365336864.237785,35890.0902314451,539573.3680064935,0.4648850209844805,82.28021978021978,SSP corrected + TIAM Scenario_1
BRN,2041,,,,,82.25375238807501,SSP corrected + TIAM Scenario_1
BRN,2042,,,,,82.22728499593026,SSP corrected + TIAM Scenario_1
BRN,2043,,,,,82.2008176037855,SSP corrected + TIAM Scenario_1
BRN,2044,,,,,82.17435021164074,SSP corrected + TIAM Scenario_1
BRN,2045,21398382574.08011,38082.611910078376,561893.7751592908,0.537398612856163,82.14788281949598,SSP corrected + TIAM Scenario_1
BRN,2046,,,,,82.59189796357335,SSP corrected + TIAM Scenario_1
BRN,2047,,,,,83.03591310765071,SSP corrected + TIAM Scenario_1
BRN,2048,,,,,83.4799282517281,SSP corrected + TIAM Scenario_1
BRN,2049,,,,,83.92394339580547,SSP corrected + TIAM Scenario_1
BRN,2050,23542880695.23704,40396.82109358502,582790.4289967912,0.5047179871469033,84.36795853988284,SSP corrected + TIAM Scenario_1
BRN,2051,,,,,84.49889956921484,SSP corrected + TIAM Scenario_1
BRN,2052,,,,,84.62984059854683,SSP corrected + TIAM Scenario_1
BRN,2053,,,,,84.76078162787883,SSP corrected + TIAM Scenario_1
BRN,2054,,,,,84.89172265721083,SSP corrected + TIAM Scenario_1
BRN,2055,25787782066.24207,42873.66266423514,601483.065913891,0.3550934644192787,85.02266368654284,SSP corrected + TIAM Scenario_1
BRN,2056,,,,,85.15360471587483,SSP corrected + TIAM Scenario_1
BRN,2057,,,,,85.28454574520683,SSP corrected + TIAM Scenario_1
BRN,2058,,,,,85.41548677453883,SSP corrected + TIAM Scenario_1
BRN,2059,,,,,85.54642780387084,SSP corrected + TIAM Scenario_1
BRN,2060,28124439517.25179,45543.696938183326,617526.494509772,0.21540873186930135,85.67736883320283,SSP corrected + TIAM Scenario_1
BRN,2061,,,,,85.79652825022882,SSP corrected + TIAM Scenario_1
BRN,2062,,,,,85.91568766725482,SSP corrected + TIAM Scenario_1
BRN,2063,,,,,86.03484708428081,SSP corrected + TIAM Scenario_1
BRN,2064,,,,,86.1540065013068,SSP corrected + TIAM Scenario_1
BRN,2065,30389517617.89135,48358.317653223254,628423.7974491608,0.13072159788901244,86.27316591833278,SSP corrected + TIAM Scenario_1
BRN,2066,,,,,86.39232533535878,SSP corrected + TIAM Scenario_1
BRN,2067,,,,,86.51148475238477,SSP corrected + TIAM Scenario_1
BRN,2068,,,,,86.63064416941076,SSP corrected + TIAM Scenario_1
BRN,2069,,,,,86.74980358643674,SSP corrected + TIAM Scenario_1
BRN,2070,32480691525.014122,51175.126683367846,634696.8464969232,0.049277898578904335,86.86896300346274,SSP corrected + TIAM Scenario_1
BTN,2012,1904194983.1320703,2654.747989460266,717279.0,11.929473725303987,26.006051140658496,WB hist + TIAM interp
BTN,2013,1937258289.82484,2671.0746020117117,725273.0,11.28109176698953,27.320531754469908,WB hist + TIAM interp
BTN,2014,2051190106.3328102,2797.8188397190847,733139.0,10.648705844358682,28.635012368281323,WB hist + TIAM interp
BTN,2015,2187815803.36833,2954.0408191109723,740618.0,10.03498677987135,29.949492982092735,WB hist + TIAM interp
BTN,2016,2373253832.39027,3173.367732174307,747866.0,9.436452685163172,31.263973595904147,WB hist + TIAM interp
BTN,2017,2422779966.72395,3211.809032755937,754335.0,8.858547473933628,32.57845420971556,WB hist + TIAM interp
BTN,2018,2507622616.5436206,3300.5500646173596,759759.0,8.301872953998839,33.89293482352697,WB hist + TIAM interp
BTN,2019,2651940022.25787,3467.3859897935604,764824.0,7.7567296248086945,35.20741543733839,WB hist + TIAM interp
BTN,2020,2380954251.4208,3092.1242839936317,770006.0,7.2176622824655485,36.5218960511498,WB hist + TIAM interp
BTN,2021,2486224986.25084,3206.203669972532,775442.0,7.207755163905461,39.69262203560237,WB hist + TIAM interp
BTN,2022,2615853471.18587,3349.7330963279824,780914.0,7.197654154165747,42.86334802005494,WB hist + TIAM interp
BTN,2023,2737023912.04454,3480.513885748762,786385.0,7.1877028586293,46.03407400450751,WB hist + TIAM interp
BTN,2024,,,,,49.20479998896008,WB hist + TIAM interp
BTN,2025,,,791524.0,7.220763167203047,52.37552597341265,SSP corrected + TIAM Scenario_1
BTN,2026,,,,,52.720441732023765,SSP corrected + TIAM Scenario_1
BTN,2027,,,,,53.06535749063488,SSP corrected + TIAM Scenario_1
BTN,2028,,,,,53.410273249246,SSP corrected + TIAM Scenario_1
BTN,2029,,,,,53.75518900785711,SSP corrected + TIAM Scenario_1
BTN,2030,,,848090.9015312869,5.89024162173945,54.10010476646823,SSP corrected + TIAM Scenario_1
BTN,2031,,,,,57.89194334264819,SSP corrected + TIAM Scenario_1
BTN,2032,,,,,61.68378191882815,SSP corrected + TIAM Scenario_1
BTN,2033,,,,,65.47562049500812,SSP corrected + TIAM Scenario_1
BTN,2034,,,,,69.26745907118809,SSP corrected + TIAM Scenario_1
BTN,2035,,,900979.0070387336,3.483819995505287,73.05929764736804,SSP corrected + TIAM Scenario_1
BTN,2036,,,,,70.90819101616198,SSP corrected + TIAM Scenario_1
BTN,2037,,,,,68.75708438495593,SSP corrected + TIAM Scenario_1
BTN,2038,,,,,66.60597775374987,SSP corrected + TIAM Scenario_1
BTN,2039,,,,,64.45487112254382,SSP corrected + TIAM Scenario_1
BTN,2040,,,951637.9034043195,2.972430696827128,62.30376449133776,SSP corrected + TIAM Scenario_1
BTN,2041,,,,,63.43913668964179,SSP corrected + TIAM Scenario_1
BTN,2042,,,,,64.57450888794583,SSP corrected + TIAM Scenario_1
BTN,2043,,,,,65.70988108624987,SSP corrected + TIAM Scenario_1
BTN,2044,,,,,66.84525328455389,SSP corrected + TIAM Scenario_1
BTN,2045,,,999828.4632027554,2.310045092161404,67.98062548285793,SSP corrected + TIAM Scenario_1
BTN,2046,,,,,67.75469893343056,SSP corrected + TIAM Scenario_1
BTN,2047,,,,,67.52877238400319,SSP corrected + TIAM Scenario_1
BTN,2048,,,,,67.3028458345758,SSP corrected + TIAM Scenario_1
BTN,2049,,,,,67.07691928514843,SSP corrected + TIAM Scenario_1
BTN,2050,,,1043946.1540014502,1.6698785261423563,66.85099273572106,SSP corrected + TIAM Scenario_1
BTN,2051,,,,,66.73071980375094,SSP corrected + TIAM Scenario_1
BTN,2052,,,,,66.61044687178082,SSP corrected + TIAM Scenario_1
BTN,2053,,,,,66.4901739398107,SSP corrected + TIAM Scenario_1
BTN,2054,,,,,66.36990100784058,SSP corrected + TIAM Scenario_1
BTN,2055,,,1082172.3589970767,1.066961748726008,66.24962807587046,SSP corrected + TIAM Scenario_1
BTN,2056,,,,,66.12935514390034,SSP corrected + TIAM Scenario_1
BTN,2057,,,,,66.00908221193022,SSP corrected + TIAM Scenario_1
BTN,2058,,,,,65.8888092799601,SSP corrected + TIAM Scenario_1
BTN,2059,,,,,65.76853634798998,SSP corrected + TIAM Scenario_1
BTN,2060,,,1113177.4154220116,0.5084632083794476,65.64826341601986,SSP corrected + TIAM Scenario_1
BTN,2061,,,,,66.08392014982849,SSP corrected + TIAM Scenario_1
BTN,2062,,,,,66.51957688363711,SSP corrected + TIAM Scenario_1
BTN,2063,,,,,66.95523361744574,SSP corrected + TIAM Scenario_1
BTN,2064,,,,,67.39089035125437,SSP corrected + TIAM Scenario_1
BTN,2065,,,1135472.551826778,0.29888510050595535,67.826547085063,SSP corrected + TIAM Scenario_1
BTN,2066,,,,,68.26220381887163,SSP corrected + TIAM Scenario_1
BTN,2067,,,,,68.69786055268025,SSP corrected + TIAM Scenario_1
BTN,2068,,,,,69.13351728648888,SSP corrected + TIAM Scenario_1
BTN,2069,,,,,69.56917402029751,SSP corrected + TIAM Scenario_1
BTN,2070,,,1149797.9132215665,0.09805366152743904,70.00483075410614,SSP corrected + TIAM Scenario_1
BWA,2012,12109617148.6354,5742.919244526342,2108617.0,1.4313192684282474,88.41001096365324,WB hist + TIAM interp
BWA,2013,13454136663.42,6284.976780026179,2140682.0,1.4592719669391776,87.65506332963693,WB hist + TIAM interp
BWA,2014,14220638232.789,6547.122541158927,2172044.0,1.486880709427258,86.90011569562061,WB hist + TIAM interp
BWA,2015,13530748844.505001,6141.203947266181,2203273.0,1.5137948926543128,86.1451680616043,WB hist + TIAM interp
BWA,2016,14505561464.3559,6490.834635934832,2234776.0,1.5397679702212088,85.39022042758798,WB hist + TIAM interp
BWA,2017,15102375175.898598,6662.576448054679,2266747.0,1.5646958378306,84.63527279357166,WB hist + TIAM interp
BWA,2018,15734967212.8207,6843.846120277399,2299141.0,1.5886379683590202,83.88032515955535,WB hist + TIAM interp
BWA,2019,16212015762.4196,6951.731890511443,2332083.0,1.6115360294238463,83.12537752553904,WB hist + TIAM interp
BWA,2020,14796887965.3696,6254.248062410911,2365894.0,1.6331961064201437,82.37042989152272,WB hist + TIAM interp
BWA,2021,16560125447.6096,6895.911849431071,2401441.0,1.619813323882021,82.53639769925061,WB hist + TIAM interp
BWA,2022,17468616755.5627,7159.586061826793,2439892.0,1.6049084908800677,82.70236550697851,WB hist + TIAM interp
BWA,2023,18029021881.095,7269.051706644589,2480244.0,1.5892471252603115,82.8683333147064,WB hist + TIAM interp
BWA,2024,17489977781.8862,6937.331809902667,2521139.0,1.5737481774142248,83.0343011224343,WB hist + TIAM interp
BWA,2025,17489977781.886208,6937.33180990267,2521139.0,1.5840281577381126,83.2002689301622,SSP corrected + TIAM Scenario_1
BWA,2026,,,,,83.26566433411503,SSP corrected + TIAM Scenario_1
BWA,2027,,,,,83.33105973806786,SSP corrected + TIAM Scenario_1
BWA,2028,,,,,83.39645514202068,SSP corrected + TIAM Scenario_1
BWA,2029,,,,,83.46185054597352,SSP corrected + TIAM Scenario_1
BWA,2030,20411538963.391727,7801.9626116049985,2616205.6881726994,1.7648366657898458,83.52724594992635,SSP corrected + TIAM Scenario_1
BWA,2031,,,,,83.62106963975651,SSP corrected + TIAM Scenario_1
BWA,2032,,,,,83.71489332958666,SSP corrected + TIAM Scenario_1
BWA,2033,,,,,83.80871701941682,SSP corrected + TIAM Scenario_1
BWA,2034,,,,,83.90254070924696,SSP corrected + TIAM Scenario_1
BWA,2035,23313217923.19463,8618.117203313668,2705140.5049621155,1.9715869100771557,83.99636439907712,SSP corrected + TIAM Scenario_1
BWA,2036,,,,,83.71369668531337,SSP corrected + TIAM Scenario_1
BWA,2037,,,,,83.4310289715496,SSP corrected + TIAM Scenario_1
BWA,2038,,,,,83.14836125778584,SSP corrected + TIAM Scenario_1
BWA,2039,,,,,82.86569354402206,SSP corrected + TIAM Scenario_1
BWA,2040,26435101866.760128,9477.957238372088,2789113.856700683,2.2888835055619556,82.58302583025831,SSP corrected + TIAM Scenario_1
BWA,2041,,,,,82.72102751418252,SSP corrected + TIAM Scenario_1
BWA,2042,,,,,82.85902919810674,SSP corrected + TIAM Scenario_1
BWA,2043,,,,,82.99703088203094,SSP corrected + TIAM Scenario_1
BWA,2044,,,,,83.13503256595516,SSP corrected + TIAM Scenario_1
BWA,2045,29742303122.044224,10365.301670443603,2869410.275520842,2.5402039555988285,83.27303424987937,SSP corrected + TIAM Scenario_1
BWA,2046,,,,,83.3971941216431,SSP corrected + TIAM Scenario_1
BWA,2047,,,,,83.5213539934068,SSP corrected + TIAM Scenario_1
BWA,2048,,,,,83.64551386517053,SSP corrected + TIAM Scenario_1
BWA,2049,,,,,83.76967373693424,SSP corrected + TIAM Scenario_1
BWA,2050,33235947097.822426,11275.455208695546,2947636.8344039107,2.9876326826994264,83.89383360869796,SSP corrected + TIAM Scenario_1
BWA,2051,,,,,84.69351874831936,SSP corrected + TIAM Scenario_1
BWA,2052,,,,,85.49320388794078,SSP corrected + TIAM Scenario_1
BWA,2053,,,,,86.29288902756218,SSP corrected + TIAM Scenario_1
BWA,2054,,,,,87.09257416718359,SSP corrected + TIAM Scenario_1
BWA,2055,36935540879.5388,12222.568433399472,3021913.199406476,2.164986845748799,87.89225930680499,SSP corrected + TIAM Scenario_1
BWA,2056,,,,,88.6919444464264,SSP corrected + TIAM Scenario_1
BWA,2057,,,,,89.49162958604781,SSP corrected + TIAM Scenario_1
BWA,2058,,,,,90.2913147256692,SSP corrected + TIAM Scenario_1
BWA,2059,,,,,91.09099986529064,SSP corrected + TIAM Scenario_1
BWA,2060,40899605723.525475,13219.1798473679,3093959.398068791,1.3828069336966953,91.89068500491204,SSP corrected + TIAM Scenario_1
BWA,2061,,,,,91.87394604553712,SSP corrected + TIAM Scenario_1
BWA,2062,,,,,91.8572070861622,SSP corrected + TIAM Scenario_1
BWA,2063,,,,,91.84046812678729,SSP corrected + TIAM Scenario_1
BWA,2064,,,,,91.82372916741237,SSP corrected + TIAM Scenario_1
BWA,2065,44954453542.07876,14275.788972319311,3148999.5844884817,0.7650637046076437,91.80699020803743,SSP corrected + TIAM Scenario_1
BWA,2066,,,,,91.79025124866251,SSP corrected + TIAM Scenario_1
BWA,2067,,,,,91.7735122892876,SSP corrected + TIAM Scenario_1
BWA,2068,,,,,91.7567733299127,SSP corrected + TIAM Scenario_1
BWA,2069,,,,,91.74003437053778,SSP corrected + TIAM Scenario_1
BWA,2070,48979665596.20739,15390.93931572039,3182370.132937844,0.16969178475455082,91.72329541116288,SSP corrected + TIAM Scenario_1
CAF,2012,2553162918.7141595,553.7295783149129,4610848.0,0.020667420632182236,78.5583003157987,WB hist + TIAM interp
CAF,2013,1624016454.05115,349.8211716889729,4642419.0,0.021801456571297357,76.07160936723295,WB hist + TIAM interp
CAF,2014,1625333052.55944,351.56155491162576,4623182.0,0.02317206143765813,73.5849184186672,WB hist + TIAM interp
CAF,2015,1695825714.1928203,366.32285393812055,4629320.0,0.024419529967400114,71.09822747010146,WB hist + TIAM interp
CAF,2016,1776382808.69192,376.8582541203985,4713663.0,0.025237905127263916,68.61153652153571,WB hist + TIAM interp
CAF,2017,1856804600.57752,387.35795131742054,4793511.0,0.026051914916457624,66.12484557296996,WB hist + TIAM interp
CAF,2018,1927167163.54408,395.0200154559093,4878657.0,0.026810104061489304,63.63815462440422,WB hist + TIAM interp
CAF,2019,1986909345.61394,401.82582161434976,4944703.0,0.027648670299818354,61.15146367583847,WB hist + TIAM interp
CAF,2020,2004791529.66202,398.8342741221391,5026628.0,0.028375209803616304,58.66477272727273,WB hist + TIAM interp
CAF,2021,2024497026.4904802,396.02062293196144,5112100.0,0.02777286649047849,59.64548223751879,WB hist + TIAM interp
CAF,2022,2033686256.48235,398.9153979564201,5098039.0,0.027721191906773957,60.62619174776486,WB hist + TIAM interp
CAF,2023,2047921417.64834,397.46779575045207,5152421.0,0.027301682868783626,61.60690125801092,WB hist + TIAM interp
CAF,2024,2078640238.88184,389.93830796422975,5330690.0,0.02626598260819967,62.58761076825699,WB hist + TIAM interp
CAF,2025,2078640238.881836,389.938307964229,5330690.0,0.02614330555912026,63.56832027850305,SSP corrected + TIAM Scenario_1
CAF,2026,,,,,63.10410596601594,SSP corrected + TIAM Scenario_1
CAF,2027,,,,,62.639891653528835,SSP corrected + TIAM Scenario_1
CAF,2028,,,,,62.17567734104172,SSP corrected + TIAM Scenario_1
CAF,2029,,,,,61.71146302855461,SSP corrected + TIAM Scenario_1
CAF,2030,2749169348.1985598,480.9620858078955,5715979.34498443,0.033105098817488826,61.2472487160675,SSP corrected + TIAM Scenario_1
CAF,2031,,,,,60.521717257335666,SSP corrected + TIAM Scenario_1
CAF,2032,,,,,59.79618579860383,SSP corrected + TIAM Scenario_1
CAF,2033,,,,,59.070654339872,SSP corrected + TIAM Scenario_1
CAF,2034,,,,,58.34512288114016,SSP corrected + TIAM Scenario_1
CAF,2035,3611233855.8710303,594.519479410362,6074206.112561043,0.034123575738414534,57.61959142240833,SSP corrected + TIAM Scenario_1
CAF,2036,,,,,57.68094544679907,SSP corrected + TIAM Scenario_1
CAF,2037,,,,,57.74229947118982,SSP corrected + TIAM Scenario_1
CAF,2038,,,,,57.80365349558057,SSP corrected + TIAM Scenario_1
CAF,2039,,,,,57.865007519971314,SSP corrected + TIAM Scenario_1
CAF,2040,4766654848.869565,743.9743585387566,6407014.965182097,0.02854836438249965,57.92636154436206,SSP corrected + TIAM Scenario_1
CAF,2041,,,,,57.8565379848766,SSP corrected + TIAM Scenario_1
CAF,2042,,,,,57.78671442539114,SSP corrected + TIAM Scenario_1
CAF,2043,,,,,57.71689086590568,SSP corrected + TIAM Scenario_1
CAF,2044,,,,,57.64706730642022,SSP corrected + TIAM Scenario_1
CAF,2045,6296765024.713135,939.763100497506,6700374.829975404,0.03360143176366152,57.57724374693476,SSP corrected + TIAM Scenario_1
CAF,2046,,,,,58.38797842950047,SSP corrected + TIAM Scenario_1
CAF,2047,,,,,59.19871311206618,SSP corrected + TIAM Scenario_1
CAF,2048,,,,,60.009447794631896,SSP corrected + TIAM Scenario_1
CAF,2049,,,,,60.820182477197605,SSP corrected + TIAM Scenario_1
CAF,2050,8289105683.784773,1192.6097993438143,6950392.063142128,0.030504446306611126,61.630917159763314,SSP corrected + TIAM Scenario_1
CAF,2051,,,,,61.27283330637317,SSP corrected + TIAM Scenario_1
CAF,2052,,,,,60.914749452983024,SSP corrected + TIAM Scenario_1
CAF,2053,,,,,60.55666559959288,SSP corrected + TIAM Scenario_1
CAF,2054,,,,,60.198581746202734,SSP corrected + TIAM Scenario_1
CAF,2055,10842393611.622744,1513.306854631174,7164702.636773077,0.02140243690131013,59.84049789281259,SSP corrected + TIAM Scenario_1
CAF,2056,,,,,59.48241403942245,SSP corrected + TIAM Scenario_1
CAF,2057,,,,,59.124330186032296,SSP corrected + TIAM Scenario_1
CAF,2058,,,,,58.766246332642154,SSP corrected + TIAM Scenario_1
CAF,2059,,,,,58.40816247925201,SSP corrected + TIAM Scenario_1
CAF,2060,14057208174.624573,1916.2512386961016,7335785.564417791,0.012904729816467878,58.050078625861865,SSP corrected + TIAM Scenario_1
CAF,2061,,,,,57.261940734726494,SSP corrected + TIAM Scenario_1
CAF,2062,,,,,56.47380284359112,SSP corrected + TIAM Scenario_1
CAF,2063,,,,,55.68566495245576,SSP corrected + TIAM Scenario_1
CAF,2064,,,,,54.89752706132039,SSP corrected + TIAM Scenario_1
CAF,2065,18023263684.17568,2415.21813281006,7462375.111934903,0.007681265818847144,54.10938917018502,SSP corrected + TIAM Scenario_1
CAF,2066,,,,,53.32125127904965,SSP corrected + TIAM Scenario_1
CAF,2067,,,,,52.53311338791428,SSP corrected + TIAM Scenario_1
CAF,2068,,,,,51.74497549677891,SSP corrected + TIAM Scenario_1
CAF,2069,,,,,50.95683760564354,SSP corrected + TIAM Scenario_1
CAF,2070,22839276925.814426,3025.7963974689073,7548186.964899419,0.0026462835568291684,50.16869971450817,SSP corrected + TIAM Scenario_1
CAN,2012,1469093201732.39,42320.64313307269,34713395.0,17.26625586463093,23.240698251339317,WB hist + TIAM interp
CAN,2013,1503261570451.97,42851.17052710397,35080992.0,16.889543488393944,22.993412095004633,WB hist + TIAM interp
CAN,2014,1546457292263.22,43643.23564400484,35434066.0,16.527415171603508,22.746125938669945,WB hist + TIAM interp
CAN,2015,1556508816217.1401,43594.194104539434,35704498.0,16.20986521082022,22.498839782335256,WB hist + TIAM interp
CAN,2016,1572673952924.25,43551.34259751161,36110803.0,15.837273959263662,22.251553626000568,WB hist + TIAM interp
CAN,2017,1620386284360.03,44339.38866892543,36545075.0,15.4611328612679,22.00426746966588,WB hist + TIAM interp
CAN,2018,1664832887873.71,44907.34369121227,37072620.0,15.055850921785403,21.756981313331195,WB hist + TIAM interp
CAN,2019,1696605090551.84,45100.29150692605,37618495.0,14.654797327750618,21.509695156996507,WB hist + TIAM interp
CAN,2020,1611126165625.03,42366.12853778855,38028638.0,14.316131963495511,21.26240900066182,WB hist + TIAM interp
CAN,2021,1706996679677.69,44639.193269036994,38239864.0,14.13285727166812,24.623861822338093,WB hist + TIAM interp
CAN,2022,1778503389905.0,45677.686578804045,38935934.0,13.777865968233868,27.98531464401437,WB hist + TIAM interp
CAN,2023,1805692180594.62,45048.28424082648,40083484.0,13.28401543139314,31.34676746569064,WB hist + TIAM interp
CAN,2024,1833766996134.79,44413.3983847403,41288599.0,12.79978426974478,34.70822028736691,WB hist + TIAM interp
CAN,2025,1833766996134.7942,44413.3983847404,41288599.0,12.703281600811886,38.06967310904319,SSP corrected + TIAM Scenario_1
CAN,2026,,,,,40.47257718770546,SSP corrected + TIAM Scenario_1
CAN,2027,,,,,42.875481266367736,SSP corrected + TIAM Scenario_1
CAN,2028,,,,,45.27838534503001,SSP corrected + TIAM Scenario_1
CAN,2029,,,,,47.68128942369229,SSP corrected + TIAM Scenario_1
CAN,2030,2015011962343.7583,46748.329173890874,43103400.65520781,10.368033454594846,50.08419350235456,SSP corrected + TIAM Scenario_1
CAN,2031,,,,,52.0159604377429,SSP corrected + TIAM Scenario_1
CAN,2032,,,,,53.94772737313124,SSP corrected + TIAM Scenario_1
CAN,2033,,,,,55.879494308519575,SSP corrected + TIAM Scenario_1
CAN,2034,,,,,57.811261243907914,SSP corrected + TIAM Scenario_1
CAN,2035,2215375851637.8843,49474.18114635341,44778423.82240566,7.446789581574101,59.74302817929625,SSP corrected + TIAM Scenario_1
CAN,2036,,,,,60.30871856580554,SSP corrected + TIAM Scenario_1
CAN,2037,,,,,60.87440895231483,SSP corrected + TIAM Scenario_1
CAN,2038,,,,,61.44009933882411,SSP corrected + TIAM Scenario_1
CAN,2039,,,,,62.0057897253334,SSP corrected + TIAM Scenario_1
CAN,2040,2430602557717.525,52393.54377627068,46391260.879329145,6.078914318227905,62.57148011184269,SSP corrected + TIAM Scenario_1
CAN,2041,,,,,62.80396372118505,SSP corrected + TIAM Scenario_1
CAN,2042,,,,,63.036447330527416,SSP corrected + TIAM Scenario_1
CAN,2043,,,,,63.268930939869776,SSP corrected + TIAM Scenario_1
CAN,2044,,,,,63.50141454921214,SSP corrected + TIAM Scenario_1
CAN,2045,2649793114577.7603,55224.02958605838,47982610.730143376,5.551127709536452,63.7338981585545,SSP corrected + TIAM Scenario_1
CAN,2046,,,,,63.93040311817147,SSP corrected + TIAM Scenario_1
CAN,2047,,,,,64.12690807778844,SSP corrected + TIAM Scenario_1
CAN,2048,,,,,64.32341303740542,SSP corrected + TIAM Scenario_1
CAN,2049,,,,,64.51991799702238,SSP corrected + TIAM Scenario_1
CAN,2050,2865597837128.4077,57818.06989865883,49562322.68131938,4.126041495570929,64.71642295663935,SSP corrected + TIAM Scenario_1
CAN,2051,,,,,64.96524157990962,SSP corrected + TIAM Scenario_1
CAN,2052,,,,,65.21406020317988,SSP corrected + TIAM Scenario_1
CAN,2053,,,,,65.46287882645015,SSP corrected + TIAM Scenario_1
CAN,2054,,,,,65.71169744972042,SSP corrected + TIAM Scenario_1
CAN,2055,3083183153489.5693,60346.77042982331,51091104.48710713,2.8159696574245308,65.96051607299069,SSP corrected + TIAM Scenario_1
CAN,2056,,,,,66.20933469626094,SSP corrected + TIAM Scenario_1
CAN,2057,,,,,66.4581533195312,SSP corrected + TIAM Scenario_1
CAN,2058,,,,,66.70697194280147,SSP corrected + TIAM Scenario_1
CAN,2059,,,,,66.95579056607174,SSP corrected + TIAM Scenario_1
CAN,2060,3320550921206.915,63173.84681252415,52562113.73451805,1.5837605089563145,67.20460918934201,SSP corrected + TIAM Scenario_1
CAN,2061,,,,,66.88184560673331,SSP corrected + TIAM Scenario_1
CAN,2062,,,,,66.55908202412459,SSP corrected + TIAM Scenario_1
CAN,2063,,,,,66.23631844151589,SSP corrected + TIAM Scenario_1
CAN,2064,,,,,65.91355485890719,SSP corrected + TIAM Scenario_1
CAN,2065,3584839751940.2373,66572.73813608337,53848464.886818334,0.800640279915459,65.59079127629848,SSP corrected + TIAM Scenario_1
CAN,2066,,,,,65.26802769368977,SSP corrected + TIAM Scenario_1
CAN,2067,,,,,64.94526411108107,SSP corrected + TIAM Scenario_1
CAN,2068,,,,,64.62250052847237,SSP corrected + TIAM Scenario_1
CAN,2069,,,,,64.29973694586366,SSP corrected + TIAM Scenario_1
CAN,2070,3870159073338.8887,70425.00975667396,54954327.82630358,0.05423958617820278,63.97697336325496,SSP corrected + TIAM Scenario_1
CHE,2012,655461804171.543,81964.88649378087,7996861.0,5.793106621196846,15.096854262136018,WB hist + TIAM interp
CHE,2013,667208623614.234,82479.92156773045,8089346.0,5.622836098377477,16.42103853448346,WB hist + TIAM interp
CHE,2014,682887235059.834,83394.37128882114,8188649.0,5.451871852638948,17.745222806830903,WB hist + TIAM interp
CHE,2015,694118186379.628,83806.44760038376,8282396.0,5.2885497490598965,19.069407079178344,WB hist + TIAM interp
CHE,2016,708477337740.424,84611.09986727205,8373338.0,5.1306016287159695,20.393591351525785,WB hist + TIAM interp
CHE,2017,718132464454.115,84967.5886498224,8451840.0,4.983371653245204,21.717775623873223,WB hist + TIAM interp
CHE,2018,738674254331.744,86756.60223274717,8514329.0,4.847951983877832,23.041959896220668,WB hist + TIAM interp
CHE,2019,747109782755.794,87123.6604234257,8575280.0,4.715351155893823,24.36614416856811,WB hist + TIAM interp
CHE,2020,731108655210.761,84637.01329353334,8638167.0,4.58359450023226,25.69032844091555,WB hist + TIAM interp
CHE,2021,771755519734.1,88661.20297762801,8704546.0,4.223321386946591,26.64944492330824,WB hist + TIAM interp
CHE,2022,795248228754.8402,90605.01942726792,8777088.0,3.865785077879246,27.608561405700936,WB hist + TIAM interp
CHE,2023,800682383958.1489,90077.44602807311,8888822.0,3.498616166439781,28.567677888093627,WB hist + TIAM interp
CHE,2024,811109937475.131,90067.46454311682,9005582.0,3.138810671201282,29.52679437048632,WB hist + TIAM interp
CHE,2025,811109937475.1309,90067.4645431168,9005582.0,2.8243657560556086,30.485910852879012,SSP corrected + TIAM Scenario_1
CHE,2026,,,,,31.3335577234195,SSP corrected + TIAM Scenario_1
CHE,2027,,,,,32.18120459395999,SSP corrected + TIAM Scenario_1
CHE,2028,,,,,33.02885146450048,SSP corrected + TIAM Scenario_1
CHE,2029,,,,,33.876498335040964,SSP corrected + TIAM Scenario_1
CHE,2030,875669219191.6199,94872.30882873922,9229976.902663484,2.2003533679635723,34.72414520558145,SSP corrected + TIAM Scenario_1
CHE,2031,,,,,39.28947030971113,SSP corrected + TIAM Scenario_1
CHE,2032,,,,,43.8547954138408,SSP corrected + TIAM Scenario_1
CHE,2033,,,,,48.42012051797048,SSP corrected + TIAM Scenario_1
CHE,2034,,,,,52.98544562210016,SSP corrected + TIAM Scenario_1
CHE,2035,944749593611.7249,100123.6203189608,9435831.331328856,1.3005134076608478,57.550770726229835,SSP corrected + TIAM Scenario_1
CHE,2036,,,,,60.501386688387505,SSP corrected + TIAM Scenario_1
CHE,2037,,,,,63.452002650545175,SSP corrected + TIAM Scenario_1
CHE,2038,,,,,66.40261861270285,SSP corrected + TIAM Scenario_1
CHE,2039,,,,,69.35323457486052,SSP corrected + TIAM Scenario_1
CHE,2040,1027706630572.2327,106831.20217385396,9619910.753225196,0.5026771052053509,72.30385053701819,SSP corrected + TIAM Scenario_1
CHE,2041,,,,,74.60795847005839,SSP corrected + TIAM Scenario_1
CHE,2042,,,,,76.91206640309858,SSP corrected + TIAM Scenario_1
CHE,2043,,,,,79.21617433613878,SSP corrected + TIAM Scenario_1
CHE,2044,,,,,81.52028226917896,SSP corrected + TIAM Scenario_1
CHE,2045,1122340371377.7083,114678.90229838828,9786807.763972484,0.06958660186763509,83.82439020221916,SSP corrected + TIAM Scenario_1
CHE,2046,,,,,84.24126685670011,SSP corrected + TIAM Scenario_1
CHE,2047,,,,,84.65814351118105,SSP corrected + TIAM Scenario_1
CHE,2048,,,,,85.075020165662,SSP corrected + TIAM Scenario_1
CHE,2049,,,,,85.49189682014294,SSP corrected + TIAM Scenario_1
CHE,2050,1224290593998.3748,123208.60986414454,9936729.221669927,0.03162000973938966,85.90877347462389,SSP corrected + TIAM Scenario_1
CHE,2051,,,,,86.41930556067057,SSP corrected + TIAM Scenario_1
CHE,2052,,,,,86.92983764671725,SSP corrected + TIAM Scenario_1
CHE,2053,,,,,87.44036973276393,SSP corrected + TIAM Scenario_1
CHE,2054,,,,,87.9509018188106,SSP corrected + TIAM Scenario_1
CHE,2055,1332009179352.2615,132352.91897772875,10064071.043090489,0.01993910461371317,88.46143390485727,SSP corrected + TIAM Scenario_1
CHE,2056,,,,,88.97196599090395,SSP corrected + TIAM Scenario_1
CHE,2057,,,,,89.48249807695063,SSP corrected + TIAM Scenario_1
CHE,2058,,,,,89.99303016299731,SSP corrected + TIAM Scenario_1
CHE,2059,,,,,90.503562249044,SSP corrected + TIAM Scenario_1
CHE,2060,1445594321227.288,142192.40712466624,10166466.342748336,0.008571085865180603,91.01409433509068,SSP corrected + TIAM Scenario_1
CHE,2061,,,,,91.1468228885892,SSP corrected + TIAM Scenario_1
CHE,2062,,,,,91.27955144208777,SSP corrected + TIAM Scenario_1
CHE,2063,,,,,91.4122799955863,SSP corrected + TIAM Scenario_1
CHE,2064,,,,,91.54500854908484,SSP corrected + TIAM Scenario_1
CHE,2065,1564513266093.2344,152968.2387882686,10227700.066931931,0.008758834734832707,91.6777371025834,SSP corrected + TIAM Scenario_1
CHE,2066,,,,,91.81046565608192,SSP corrected + TIAM Scenario_1
CHE,2067,,,,,91.94319420958048,SSP corrected + TIAM Scenario_1
CHE,2068,,,,,92.075922763079,SSP corrected + TIAM Scenario_1
CHE,2069,,,,,92.20865131657756,SSP corrected + TIAM Scenario_1
CHE,2070,1686574412172.7812,164435.45170855228,10256756.646140331,0.008972408765577413,92.3413798700761,SSP corrected + TIAM Scenario_1
CHL,2012,225695909224.96,12882.834417927066,17519119.0,4.814214687393813,47.16398547113371,WB hist + TIAM interp
CHL,2013,233163076995.037,13182.732961985595,17687006.0,4.685066539808942,46.69104962963482,WB hist + TIAM interp
CHL,2014,237342873662.271,13285.954036119232,17864195.0,4.55597355492369,46.21811378813593,WB hist + TIAM interp
CHL,2015,242450355830.884,13433.920298703237,18047625.0,4.427884555447046,45.74517794663705,WB hist + TIAM interp
CHL,2016,246700604515.85992,13505.09771113296,18267221.0,4.293855097061561,45.27224210513816,WB hist + TIAM interp
CHL,2017,250050047209.619,13473.34585329337,18558868.0,4.146847749550242,44.799306263639274,WB hist + TIAM interp
CHL,2018,260027117802.785,13763.00688447944,18893191.0,3.9953441427655076,44.326370422140386,WB hist + TIAM interp
CHL,2019,261676645417.27603,13630.593543557829,19197744.0,3.8550779716616703,43.8534345806415,WB hist + TIAM interp
CHL,2020,245600606668.88403,12679.024004021969,19370624.0,3.74447410677116,43.38049873914261,WB hist + TIAM interp
CHL,2021,273390120031.28,14051.471363067678,19456334.0,3.536625142228747,45.2567996108288,WB hist + TIAM interp
CHL,2022,279278925615.692,14283.148950152396,19553036.0,3.328727058038455,47.13310048251499,WB hist + TIAM interp
CHL,2023,280734996501.051,14280.34756388418,19658835.0,3.1214301356107823,49.00940135420119,WB hist + TIAM interp
CHL,2024,288158504434.814,14579.400107130714,19764771.0,2.916332296488535,50.88570222588738,WB hist + TIAM interp
CHL,2025,288158504434.8137,14579.4001071307,19764771.0,2.7279648218539947,52.76200309757357,SSP corrected + TIAM Scenario_1
CHL,2026,,,,,54.20160780783901,SSP corrected + TIAM Scenario_1
CHL,2027,,,,,55.64121251810444,SSP corrected + TIAM Scenario_1
CHL,2028,,,,,57.08081722836987,SSP corrected + TIAM Scenario_1
CHL,2029,,,,,58.5204219386353,SSP corrected + TIAM Scenario_1
CHL,2030,334469236161.3918,16489.02580272593,20284353.97960855,2.595207126286597,59.96002664890074,SSP corrected + TIAM Scenario_1
CHL,2031,,,,,59.63154925383496,SSP corrected + TIAM Scenario_1
CHL,2032,,,,,59.303071858769194,SSP corrected + TIAM Scenario_1
CHL,2033,,,,,58.97459446370342,SSP corrected + TIAM Scenario_1
CHL,2034,,,,,58.64611706863765,SSP corrected + TIAM Scenario_1
CHL,2035,380338182922.23737,18390.195336064684,20681573.848014705,2.040628063905845,58.317639673571875,SSP corrected + TIAM Scenario_1
CHL,2036,,,,,58.44039142223481,SSP corrected + TIAM Scenario_1
CHL,2037,,,,,58.563143170897746,SSP corrected + TIAM Scenario_1
CHL,2038,,,,,58.685894919560674,SSP corrected + TIAM Scenario_1
CHL,2039,,,,,58.80864666822361,SSP corrected + TIAM Scenario_1
CHL,2040,428787049008.179,20461.198783710213,20956105.922276143,1.7297583880537488,58.931398416886545,SSP corrected + TIAM Scenario_1
CHL,2041,,,,,58.87931055759962,SSP corrected + TIAM Scenario_1
CHL,2042,,,,,58.827222698312696,SSP corrected + TIAM Scenario_1
CHL,2043,,,,,58.77513483902577,SSP corrected + TIAM Scenario_1
CHL,2044,,,,,58.72304697973885,SSP corrected + TIAM Scenario_1
CHL,2045,479804691474.97174,22719.58199969268,21118552.77449479,1.471033566159847,58.67095912045192,SSP corrected + TIAM Scenario_1
CHL,2046,,,,,58.43045927446199,SSP corrected + TIAM Scenario_1
CHL,2047,,,,,58.18995942847206,SSP corrected + TIAM Scenario_1
CHL,2048,,,,,57.94945958248212,SSP corrected + TIAM Scenario_1
CHL,2049,,,,,57.70895973649219,SSP corrected + TIAM Scenario_1
CHL,2050,530625038281.99756,25078.149047186816,21158859.742143583,1.3399965945956787,57.46845989050226,SSP corrected + TIAM Scenario_1
CHL,2051,,,,,59.56437638870993,SSP corrected + TIAM Scenario_1
CHL,2052,,,,,61.66029288691761,SSP corrected + TIAM Scenario_1
CHL,2053,,,,,63.75620938512528,SSP corrected + TIAM Scenario_1
CHL,2054,,,,,65.85212588333296,SSP corrected + TIAM Scenario_1
CHL,2055,580599832261.4374,27500.08230269871,21112657.986643933,0.9676659382690806,67.94804238154063,SSP corrected + TIAM Scenario_1
CHL,2056,,,,,70.0439588797483,SSP corrected + TIAM Scenario_1
CHL,2057,,,,,72.13987537795597,SSP corrected + TIAM Scenario_1
CHL,2058,,,,,74.23579187616366,SSP corrected + TIAM Scenario_1
CHL,2059,,,,,76.33170837437133,SSP corrected + TIAM Scenario_1
CHL,2060,631446397760.7888,30085.450055620695,20988431.171659313,0.5959092367460259,78.427624872579,SSP corrected + TIAM Scenario_1
CHL,2061,,,,,78.90612103584013,SSP corrected + TIAM Scenario_1
CHL,2062,,,,,79.38461719910127,SSP corrected + TIAM Scenario_1
CHL,2063,,,,,79.8631133623624,SSP corrected + TIAM Scenario_1
CHL,2064,,,,,80.34160952562353,SSP corrected + TIAM Scenario_1
CHL,2065,683968993167.2205,32901.142760028735,20788609.02054039,0.32597900096655164,80.82010568888467,SSP corrected + TIAM Scenario_1
CHL,2066,,,,,81.2986018521458,SSP corrected + TIAM Scenario_1
CHL,2067,,,,,81.77709801540692,SSP corrected + TIAM Scenario_1
CHL,2068,,,,,82.25559417866805,SSP corrected + TIAM Scenario_1
CHL,2069,,,,,82.73409034192919,SSP corrected + TIAM Scenario_1
CHL,2070,736831776106.6106,35903.88386602497,20522341.784974907,0.05097371493763372,83.21258650519032,SSP corrected + TIAM Scenario_1
CHN,2012,9104482675356.36,6723.194437528234,1354190000.0,6.224321638765608,16.235657353832135,WB hist + TIAM interp
CHN,2013,9812695262900.89,7198.068764781616,1363240000.0,6.42102544672985,16.652185493972066,WB hist + TIAM interp
CHN,2014,10544908798423.998,7686.57792954383,1371860000.0,6.617208271981106,17.068713634111997,WB hist + TIAM interp
CHN,2015,11280814787468.902,8175.332850773921,1379860000.0,6.814001384198397,17.48524177425193,WB hist + TIAM interp
CHN,2016,12045152668727.303,8679.377044601346,1387790000.0,7.008879268477219,17.901769914391856,WB hist + TIAM interp
CHN,2017,12875216222853.402,9221.514038205722,1396215000.0,7.19898953241442,18.318298054531787,WB hist + TIAM interp
CHN,2018,13745158275136.697,9798.652852331616,1402760000.0,7.396719167926087,18.73482619467172,WB hist + TIAM interp
CHN,2019,14579283528148.4,10356.480419499554,1407745000.0,7.601026030992829,19.15135433481165,WB hist + TIAM interp
CHN,2020,14920466234565.299,10573.642005928212,1411100000.0,7.812905534689249,19.56788247495158,WB hist + TIAM interp
CHN,2021,16199162892908.602,11469.570713492736,1412360000.0,7.551566045484154,19.96594331599576,WB hist + TIAM interp
CHN,2022,16706875253648.504,11830.59837034964,1412175000.0,7.298152594402252,20.36400415703994,WB hist + TIAM interp
CHN,2023,17611526369126.605,12484.157884417496,1410710000.0,7.051064683740812,20.762064998084117,WB hist + TIAM interp
CHN,2024,18488114837769.3,13121.676990556469,1408975000.0,6.80476678436452,21.1601258391283,WB hist + TIAM interp
CHN,2025,18488114837769.344,13121.6769905565,1408975000.0,6.549786263063575,21.558186680172476,SSP corrected + TIAM Scenario_1
CHN,2026,,,,,22.52565444895894,SSP corrected + TIAM Scenario_1
CHN,2027,,,,,23.4931222177454,SSP corrected + TIAM Scenario_1
CHN,2028,,,,,24.46058998653186,SSP corrected + TIAM Scenario_1
CHN,2029,,,,,25.428057755318324,SSP corrected + TIAM Scenario_1
CHN,2030,22788414442609.133,16226.400228156366,1404403572.0915,5.936242235260304,26.395525524104787,SSP corrected + TIAM Scenario_1
CHN,2031,,,,,29.461136085070912,SSP corrected + TIAM Scenario_1
CHN,2032,,,,,32.52674664603703,SSP corrected + TIAM Scenario_1
CHN,2033,,,,,35.592357207003154,SSP corrected + TIAM Scenario_1
CHN,2034,,,,,38.65796776796928,SSP corrected + TIAM Scenario_1
CHN,2035,26401547943350.51,19010.83992289184,1388762834.8055878,2.1656023797764,41.7235783289354,SSP corrected + TIAM Scenario_1
CHN,2036,,,,,42.54733772534389,SSP corrected + TIAM Scenario_1
CHN,2037,,,,,43.37109712175237,SSP corrected + TIAM Scenario_1
CHN,2038,,,,,44.19485651816086,SSP corrected + TIAM Scenario_1
CHN,2039,,,,,45.018615914569345,SSP corrected + TIAM Scenario_1
CHN,2040,29595082124481.426,21719.0439279663,1362632822.2658837,1.8643310644577331,45.84237531097783,SSP corrected + TIAM Scenario_1
CHN,2041,,,,,46.042753684016695,SSP corrected + TIAM Scenario_1
CHN,2042,,,,,46.24313205705557,SSP corrected + TIAM Scenario_1
CHN,2043,,,,,46.443510430094435,SSP corrected + TIAM Scenario_1
CHN,2044,,,,,46.64388880313331,SSP corrected + TIAM Scenario_1
CHN,2045,32399582417254.312,24405.12206735098,1327573053.223867,1.463146073417965,46.844267176172174,SSP corrected + TIAM Scenario_1
CHN,2046,,,,,47.58905001291953,SSP corrected + TIAM Scenario_1
CHN,2047,,,,,48.33383284966689,SSP corrected + TIAM Scenario_1
CHN,2048,,,,,49.078615686414246,SSP corrected + TIAM Scenario_1
CHN,2049,,,,,49.82339852316161,SSP corrected + TIAM Scenario_1
CHN,2050,34585712067727.676,26917.7001879495,1284868760.192633,1.1255832850844436,50.56818135990896,SSP corrected + TIAM Scenario_1
CHN,2051,,,,,50.71953605114262,SSP corrected + TIAM Scenario_1
CHN,2052,,,,,50.87089074237628,SSP corrected + TIAM Scenario_1
CHN,2053,,,,,51.02224543360994,SSP corrected + TIAM Scenario_1
CHN,2054,,,,,51.173600124843595,SSP corrected + TIAM Scenario_1
CHN,2055,36139614403251.2,29231.790334321944,1236312042.126909,0.8749928117977156,51.32495481607726,SSP corrected + TIAM Scenario_1
CHN,2056,,,,,51.47630950731091,SSP corrected + TIAM Scenario_1
CHN,2057,,,,,51.62766419854457,SSP corrected + TIAM Scenario_1
CHN,2058,,,,,51.77901888977823,SSP corrected + TIAM Scenario_1
CHN,2059,,,,,51.93037358101189,SSP corrected + TIAM Scenario_1
CHN,2060,37411967743711.09,31602.85718336391,1183815992.5427618,0.6059231371416784,52.08172827224555,SSP corrected + TIAM Scenario_1
CHN,2061,,,,,52.90094567473657,SSP corrected + TIAM Scenario_1
CHN,2062,,,,,53.72016307722758,SSP corrected + TIAM Scenario_1
CHN,2063,,,,,54.5393804797186,SSP corrected + TIAM Scenario_1
CHN,2064,,,,,55.35859788220962,SSP corrected + TIAM Scenario_1
CHN,2065,38413938178649.9,34008.25683206568,1129547402.806903,0.39587262906259973,56.17781528470064,SSP corrected + TIAM Scenario_1
CHN,2066,,,,,56.997032687191655,SSP corrected + TIAM Scenario_1
CHN,2067,,,,,57.81625008968267,SSP corrected + TIAM Scenario_1
CHN,2068,,,,,58.635467492173696,SSP corrected + TIAM Scenario_1
CHN,2069,,,,,59.45468489466471,SSP corrected + TIAM Scenario_1
CHN,2070,39180375714790.54,36435.571690421464,1075333085.1424696,0.16461160029922062,60.27390229715573,SSP corrected + TIAM Scenario_1
CIV,2012,35281210700.9425,1503.434330466814,23467078.0,0.3857120562226755,77.26144526337592,WB hist + TIAM interp
CIV,2013,39077544167.6054,1632.3271278700572,23939775.0,0.41784070413557833,74.83188674185922,WB hist + TIAM interp
CIV,2014,42739891584.4862,1742.5369300117766,24527395.0,0.44662264283576447,72.40232822034253,WB hist + TIAM interp
CIV,2015,45815005169.2651,1814.718550880167,25246342.0,0.4715917858795589,69.97276969882581,WB hist + TIAM interp
CIV,2016,49101205368.91,1889.277779499377,25989405.0,0.49471871497771946,67.54321117730912,WB hist + TIAM interp
CIV,2017,52739979047.0655,1972.8143178894716,26733372.0,0.5165424914808696,65.11365265579242,WB hist + TIAM interp
CIV,2018,55294253263.74379,2013.3230759849855,27464173.0,0.5374420017123515,62.68409413427572,WB hist + TIAM interp
CIV,2019,59010785540.9857,2093.0999433577913,28193009.0,0.5572969400472195,60.254535612759014,WB hist + TIAM interp
CIV,2020,59423700880.6615,2055.0848399643214,28915449.0,0.5762786246325665,57.82497709124232,WB hist + TIAM interp
CIV,2021,63620992438.4818,2146.4763531794547,29639736.0,0.5798112493573171,57.25057203133363,WB hist + TIAM interp
CIV,2022,67692661917.01769,2227.09845246984,30395002.0,0.5825809631862824,56.67616697142495,WB hist + TIAM interp
CIV,2023,72160377909.6739,2315.381474416481,31165654.0,0.5849274564120139,56.101761911516256,WB hist + TIAM interp
CIV,2024,76504096839.437,2395.676890892218,31934230.0,0.5871988741255023,55.52735685160757,WB hist + TIAM interp
CIV,2025,76504096839.43706,2395.67689089222,31934230.0,0.6035480136046107,54.95295179169889,SSP corrected + TIAM Scenario_1
CIV,2026,,,,,54.3463374971889,SSP corrected + TIAM Scenario_1
CIV,2027,,,,,53.73972320267891,SSP corrected + TIAM Scenario_1
CIV,2028,,,,,53.133108908168914,SSP corrected + TIAM Scenario_1
CIV,2029,,,,,52.526494613658926,SSP corrected + TIAM Scenario_1
CIV,2030,114073058162.56786,3371.632808650424,33833179.54134759,0.6630484921187582,51.91988031914894,SSP corrected + TIAM Scenario_1
CIV,2031,,,,,50.93880472298413,SSP corrected + TIAM Scenario_1
CIV,2032,,,,,49.95772912681932,SSP corrected + TIAM Scenario_1
CIV,2033,,,,,48.97665353065453,SSP corrected + TIAM Scenario_1
CIV,2034,,,,,47.99557793448972,SSP corrected + TIAM Scenario_1
CIV,2035,162305307499.54346,4558.849379986999,35602252.66753742,0.7838221605470895,47.01450233832491,SSP corrected + TIAM Scenario_1
CIV,2036,,,,,46.43217624604892,SSP corrected + TIAM Scenario_1
CIV,2037,,,,,45.84985015377293,SSP corrected + TIAM Scenario_1
CIV,2038,,,,,45.267524061496935,SSP corrected + TIAM Scenario_1
CIV,2039,,,,,44.685197969220944,SSP corrected + TIAM Scenario_1
CIV,2040,222681419552.4339,5991.81510594028,37164267.524154365,0.8838963575879902,44.10287187694495,SSP corrected + TIAM Scenario_1
CIV,2041,,,,,44.195978736700184,SSP corrected + TIAM Scenario_1
CIV,2042,,,,,44.289085596455415,SSP corrected + TIAM Scenario_1
CIV,2043,,,,,44.382192456210646,SSP corrected + TIAM Scenario_1
CIV,2044,,,,,44.47529931596588,SSP corrected + TIAM Scenario_1
CIV,2045,296382703923.95416,7703.012681717536,38476206.15079526,1.0275122463926962,44.56840617572111,SSP corrected + TIAM Scenario_1
CIV,2046,,,,,45.1948165271801,SSP corrected + TIAM Scenario_1
CIV,2047,,,,,45.821226878639095,SSP corrected + TIAM Scenario_1
CIV,2048,,,,,46.44763723009808,SSP corrected + TIAM Scenario_1
CIV,2049,,,,,47.074047581557075,SSP corrected + TIAM Scenario_1
CIV,2050,383082538871.3191,9680.875596812768,39571063.07588967,1.1677250337483263,47.70045793301607,SSP corrected + TIAM Scenario_1
CIV,2051,,,,,49.03421089844681,SSP corrected + TIAM Scenario_1
CIV,2052,,,,,50.36796386387755,SSP corrected + TIAM Scenario_1
CIV,2053,,,,,51.70171682930829,SSP corrected + TIAM Scenario_1
CIV,2054,,,,,53.03546979473903,SSP corrected + TIAM Scenario_1
CIV,2055,483661310919.4993,11963.137820135978,40429301.92657446,0.8466028612142189,54.36922276016977,SSP corrected + TIAM Scenario_1
CIV,2056,,,,,55.70297572560052,SSP corrected + TIAM Scenario_1
CIV,2057,,,,,57.03672869103126,SSP corrected + TIAM Scenario_1
CIV,2058,,,,,58.370481656462,SSP corrected + TIAM Scenario_1
CIV,2059,,,,,59.70423462189274,SSP corrected + TIAM Scenario_1
CIV,2060,597723592222.5336,14543.847018700431,41098039.016360834,0.5413154725279267,61.03798758732348,SSP corrected + TIAM Scenario_1
CIV,2061,,,,,60.93244868938,SSP corrected + TIAM Scenario_1
CIV,2062,,,,,60.826909791436506,SSP corrected + TIAM Scenario_1
CIV,2063,,,,,60.721370893493024,SSP corrected + TIAM Scenario_1
CIV,2064,,,,,60.61583199554954,SSP corrected + TIAM Scenario_1
CIV,2065,725193944763.688,17406.522772013715,41662194.928998575,0.34860998001056426,60.51029309760605,SSP corrected + TIAM Scenario_1
CIV,2066,,,,,60.40475419966257,SSP corrected + TIAM Scenario_1
CIV,2067,,,,,60.29921530171909,SSP corrected + TIAM Scenario_1
CIV,2068,,,,,60.193676403775605,SSP corrected + TIAM Scenario_1
CIV,2069,,,,,60.088137505832115,SSP corrected + TIAM Scenario_1
CIV,2070,865206074834.3014,20559.366512413515,42083304.18701859,0.1616011290951371,59.98259860788863,SSP corrected + TIAM Scenario_1
CMR,2012,27461703151.6573,1319.669616340538,20809529.0,0.15084636155837908,78.5583003157987,WB hist + TIAM interp
CMR,2013,28833560540.7901,1347.213063670599,21402376.0,0.15577503638803308,76.07160936723295,WB hist + TIAM interp
CMR,2014,30482787768.4783,1381.8193845490682,22059893.0,0.15996768728602428,73.5849184186672,WB hist + TIAM interp
CMR,2015,32210233020.456905,1415.0000971056847,22763414.0,0.16358636845000257,71.09822747010146,WB hist + TIAM interp
CMR,2016,33671222913.454803,1435.6183072783888,23454161.0,0.16707902681237408,68.61153652153571,WB hist + TIAM interp
CMR,2017,34863580363.1151,1444.9068291657316,24128601.0,0.17048699008191687,66.12484557296996,WB hist + TIAM interp
CMR,2018,36242614248.5756,1461.019699993167,24806383.0,0.17368621310790536,63.63815462440422,WB hist + TIAM interp
CMR,2019,37502066832.740295,1470.317852761871,25506095.0,0.17656332296147692,61.15146367583847,WB hist + TIAM interp
CMR,2020,37599547048.58411,1434.5191372340912,26210558.0,0.17925429339458943,58.66477272727273,WB hist + TIAM interp
CMR,2021,38854942334.5769,1443.5760023766336,26915758.0,0.17375745143265361,59.64548223751879,WB hist + TIAM interp
CMR,2022,40306867605.1364,1458.6618043169249,27632771.0,0.1684692415808829,60.62619174776486,WB hist + TIAM interp
CMR,2023,41656165354.262,1468.1783700733738,28372687.0,0.163316587986128,61.60690125801092,WB hist + TIAM interp
CMR,2024,43124429828.9643,1480.730974319933,29123744.0,0.15836524632713866,62.58761076825699,WB hist + TIAM interp
CMR,2025,43124429828.96422,1480.73097431993,29123744.0,0.1576255907282622,63.56832027850305,SSP corrected + TIAM Scenario_1
CMR,2026,,,,,63.10410596601594,SSP corrected + TIAM Scenario_1
CMR,2027,,,,,62.639891653528835,SSP corrected + TIAM Scenario_1
CMR,2028,,,,,62.17567734104172,SSP corrected + TIAM Scenario_1
CMR,2029,,,,,61.71146302855461,SSP corrected + TIAM Scenario_1
CMR,2030,57115142325.78417,1831.908820281234,31177939.47682171,0.19992547453021767,61.2472487160675,SSP corrected + TIAM Scenario_1
CMR,2031,,,,,60.521717257335666,SSP corrected + TIAM Scenario_1
CMR,2032,,,,,59.79618579860383,SSP corrected + TIAM Scenario_1
CMR,2033,,,,,59.070654339872,SSP corrected + TIAM Scenario_1
CMR,2034,,,,,58.34512288114016,SSP corrected + TIAM Scenario_1
CMR,2035,74616475896.69604,2251.328700216967,33143305.94617527,0.20600522617070538,57.61959142240833,SSP corrected + TIAM Scenario_1
CMR,2036,,,,,57.68094544679907,SSP corrected + TIAM Scenario_1
CMR,2037,,,,,57.74229947118982,SSP corrected + TIAM Scenario_1
CMR,2038,,,,,57.80365349558057,SSP corrected + TIAM Scenario_1
CMR,2039,,,,,57.865007519971314,SSP corrected + TIAM Scenario_1
CMR,2040,96697394936.17047,2766.7077583342575,34950346.54270415,0.172391357393339,57.92636154436206,SSP corrected + TIAM Scenario_1
CMR,2041,,,,,57.8565379848766,SSP corrected + TIAM Scenario_1
CMR,2042,,,,,57.78671442539114,SSP corrected + TIAM Scenario_1
CMR,2043,,,,,57.71689086590568,SSP corrected + TIAM Scenario_1
CMR,2044,,,,,57.64706730642022,SSP corrected + TIAM Scenario_1
CMR,2045,123867728403.56297,3393.620289992344,36500173.21290898,0.20318514914402355,57.57724374693476,SSP corrected + TIAM Scenario_1
CMR,2046,,,,,58.38797842950047,SSP corrected + TIAM Scenario_1
CMR,2047,,,,,59.19871311206618,SSP corrected + TIAM Scenario_1
CMR,2048,,,,,60.009447794631896,SSP corrected + TIAM Scenario_1
CMR,2049,,,,,60.820182477197605,SSP corrected + TIAM Scenario_1
CMR,2050,156909970069.17993,4146.2510034848565,37843818.41265752,0.18454721923199616,61.630917159763314,SSP corrected + TIAM Scenario_1
CMR,2051,,,,,61.27283330637317,SSP corrected + TIAM Scenario_1
CMR,2052,,,,,60.914749452983024,SSP corrected + TIAM Scenario_1
CMR,2053,,,,,60.55666559959288,SSP corrected + TIAM Scenario_1
CMR,2054,,,,,60.198581746202734,SSP corrected + TIAM Scenario_1
CMR,2055,196674656639.87708,5043.541349401146,38995349.302178234,0.1295324519395425,59.84049789281259,SSP corrected + TIAM Scenario_1
CMR,2056,,,,,59.48241403942245,SSP corrected + TIAM Scenario_1
CMR,2057,,,,,59.124330186032296,SSP corrected + TIAM Scenario_1
CMR,2058,,,,,58.766246332642154,SSP corrected + TIAM Scenario_1
CMR,2059,,,,,58.40816247925201,SSP corrected + TIAM Scenario_1
CMR,2060,243720430486.01175,6105.879495812501,39915696.11767784,0.0781235270538732,58.050078625861865,SSP corrected + TIAM Scenario_1
CMR,2061,,,,,57.261940734726494,SSP corrected + TIAM Scenario_1
CMR,2062,,,,,56.47380284359112,SSP corrected + TIAM Scenario_1
CMR,2063,,,,,55.68566495245576,SSP corrected + TIAM Scenario_1
CMR,2064,,,,,54.89752706132039,SSP corrected + TIAM Scenario_1
CMR,2065,298316504965.23175,7342.115616012041,40630864.53101456,0.046471192084855145,54.10938917018502,SSP corrected + TIAM Scenario_1
CMR,2066,,,,,53.32125127904965,SSP corrected + TIAM Scenario_1
CMR,2067,,,,,52.53311338791428,SSP corrected + TIAM Scenario_1
CMR,2068,,,,,51.74497549677891,SSP corrected + TIAM Scenario_1
CMR,2069,,,,,50.95683760564354,SSP corrected + TIAM Scenario_1
CMR,2070,360172464935.3125,8748.472393334983,41169754.98599157,0.015981986171384983,50.16869971450817,SSP corrected + TIAM Scenario_1
COD,2012,32115268325.523106,438.40605824363325,73254618.0,0.11054210944080005,93.35108617618928,WB hist + TIAM interp
COD,2013,35206198726.08799,464.5267154604941,75789395.0,0.11485815396731958,92.45547367743887,WB hist + TIAM interp
COD,2014,37777053057.3322,481.83024188377567,78403242.0,0.11877493535280084,91.55986117868852,WB hist + TIAM interp
COD,2015,40179574490.3032,495.8266330148833,81035531.0,0.12241111864868263,90.66424867993813,WB hist + TIAM interp
COD,2016,40337814832.805,480.46137788047525,83956415.0,0.12538601130122098,89.76863618118773,WB hist + TIAM interp
COD,2017,42048626459.9632,482.8546821285408,87083398.0,0.12785755098807697,88.87302368243735,WB hist + TIAM interp
COD,2018,44601688163.9569,495.31210571102673,90047644.0,0.1303929728577907,87.97741118368697,WB hist + TIAM interp
COD,2019,44849398935.1374,482.5242951294711,92947442.0,0.13285884726122962,87.08179868493657,WB hist + TIAM interp
COD,2020,45197173728.8833,470.8529500009293,95989998.0,0.13497447932023085,86.18618618618619,WB hist + TIAM interp
COD,2021,48103175756.1974,485.16080592978454,99148932.0,0.1646091356788392,84.82809609494761,WB hist + TIAM interp
COD,2022,52582143957.1902,513.5127043721666,102396968.0,0.1922463172933011,83.47000600370903,WB hist + TIAM interp
COD,2023,57069235865.1432,539.4591263791303,105789731.0,0.21788560933196816,82.11191591247047,WB hist + TIAM interp
COD,2024,60565728422.472595,554.2441299807657,109276265.0,0.24172385467237553,80.75382582123189,WB hist + TIAM interp
COD,2025,60565728422.47263,554.244129980766,109276265.0,0.2725138894525723,79.3957357299933,SSP corrected + TIAM Scenario_1
COD,2026,,,,,78.82906119333815,SSP corrected + TIAM Scenario_1
COD,2027,,,,,78.26238665668299,SSP corrected + TIAM Scenario_1
COD,2028,,,,,77.69571212002784,SSP corrected + TIAM Scenario_1
COD,2029,,,,,77.12903758337268,SSP corrected + TIAM Scenario_1
COD,2030,96565150254.24289,795.2973691857038,121420180.6716837,0.299007955672288,76.56236304671752,SSP corrected + TIAM Scenario_1
COD,2031,,,,,75.4613523860746,SSP corrected + TIAM Scenario_1
COD,2032,,,,,74.36034172543168,SSP corrected + TIAM Scenario_1
COD,2033,,,,,73.25933106478875,SSP corrected + TIAM Scenario_1
COD,2034,,,,,72.15832040414584,SSP corrected + TIAM Scenario_1
COD,2035,146903121533.0596,1103.6936430799203,133101356.93372124,0.3704650436024778,71.05730974350291,SSP corrected + TIAM Scenario_1
COD,2036,,,,,70.31393810371095,SSP corrected + TIAM Scenario_1
COD,2037,,,,,69.57056646391901,SSP corrected + TIAM Scenario_1
COD,2038,,,,,68.82719482412705,SSP corrected + TIAM Scenario_1
COD,2039,,,,,68.0838231843351,SSP corrected + TIAM Scenario_1
COD,2040,218322036558.1057,1514.7729213650168,144128557.8048014,0.45336400360361623,67.34045154454314,SSP corrected + TIAM Scenario_1
COD,2041,,,,,66.7327796936454,SSP corrected + TIAM Scenario_1
COD,2042,,,,,66.12510784274767,SSP corrected + TIAM Scenario_1
COD,2043,,,,,65.51743599184992,SSP corrected + TIAM Scenario_1
COD,2044,,,,,64.90976414095219,SSP corrected + TIAM Scenario_1
COD,2045,318108644898.36273,2056.06373207885,154717307.6083243,0.5144434144465272,64.30209229005445,SSP corrected + TIAM Scenario_1
COD,2046,,,,,65.23296176727428,SSP corrected + TIAM Scenario_1
COD,2047,,,,,66.1638312444941,SSP corrected + TIAM Scenario_1
COD,2048,,,,,67.09470072171392,SSP corrected + TIAM Scenario_1
COD,2049,,,,,68.02557019893375,SSP corrected + TIAM Scenario_1
COD,2050,453094687918.5734,2749.0697611603214,164817457.27956071,0.47071348679046177,68.95643967615358,SSP corrected + TIAM Scenario_1
COD,2051,,,,,68.84194851113236,SSP corrected + TIAM Scenario_1
COD,2052,,,,,68.72745734611114,SSP corrected + TIAM Scenario_1
COD,2053,,,,,68.61296618108992,SSP corrected + TIAM Scenario_1
COD,2054,,,,,68.4984750160687,SSP corrected + TIAM Scenario_1
COD,2055,630592561104.6847,3623.4702524225295,174030009.1281533,0.3439628044604654,68.38398385104747,SSP corrected + TIAM Scenario_1
COD,2056,,,,,68.26949268602624,SSP corrected + TIAM Scenario_1
COD,2057,,,,,68.15500152100502,SSP corrected + TIAM Scenario_1
COD,2058,,,,,68.0405103559838,SSP corrected + TIAM Scenario_1
COD,2059,,,,,67.92601919096258,SSP corrected + TIAM Scenario_1
COD,2060,858430887432.5433,4716.114135438257,182020804.15782207,0.23150046059275795,67.81152802594136,SSP corrected + TIAM Scenario_1
COD,2061,,,,,67.30169173085064,SSP corrected + TIAM Scenario_1
COD,2062,,,,,66.79185543575991,SSP corrected + TIAM Scenario_1
COD,2063,,,,,66.28201914066918,SSP corrected + TIAM Scenario_1
COD,2064,,,,,65.77218284557846,SSP corrected + TIAM Scenario_1
COD,2065,1144774168661.4937,6053.777888203273,189100787.9381013,0.16500116334900392,65.26234655048773,SSP corrected + TIAM Scenario_1
COD,2066,,,,,64.75251025539701,SSP corrected + TIAM Scenario_1
COD,2067,,,,,64.24267396030629,SSP corrected + TIAM Scenario_1
COD,2068,,,,,63.73283766521556,SSP corrected + TIAM Scenario_1
COD,2069,,,,,63.223001370124834,SSP corrected + TIAM Scenario_1
COD,2070,1497994555749.537,7675.981632538614,195153483.61433193,0.10384544321048284,62.71316507503411,SSP corrected + TIAM Scenario_1
COG,2012,11694979455.2472,2467.0610290683794,4740450.0,0.4717259727502341,78.5583003157987,WB hist + TIAM interp
COG,2013,11611660392.468199,2390.6575493866194,4857099.0,0.4889845803725651,76.07160936723295,WB hist + TIAM interp
COG,2014,12383378937.2556,2488.6811854899233,4975880.0,0.5052170963050081,73.5849184186672,WB hist + TIAM interp
COG,2015,12434793867.3568,2439.351894036956,5097581.0,0.520394432963659,71.09822747010146,WB hist + TIAM interp
COG,2016,11354801748.8219,2174.1931025122467,5222536.0,0.534530715116273,68.61153652153571,WB hist + TIAM interp
COG,2017,10719526284.716599,2003.2712107518744,5351011.0,0.5476458619912458,66.12484557296996,WB hist + TIAM interp
COG,2018,10472514332.3273,1909.9560382117072,5483118.0,0.5597749602395564,63.63815462440422,WB hist + TIAM interp
COG,2019,10590275024.738003,1885.5108087773149,5616661.0,0.5711872746562333,61.15146367583847,WB hist + TIAM interp
COG,2020,9926500702.400639,1725.5104004996251,5752791.0,0.5818077552403889,58.66477272727273,WB hist + TIAM interp
COG,2021,10027261669.799498,1701.790604568714,5892183.0,0.565439436644927,59.64548223751879,WB hist + TIAM interp
COG,2022,10175199489.7639,1686.002343913858,6035104.0,0.5495061649609551,60.62619174776486,WB hist + TIAM interp
COG,2023,10369226732.5707,1677.085492059241,6182885.0,0.5338900969745068,61.60690125801092,WB hist + TIAM interp
COG,2024,10636718505.674,1679.580610977077,6332961.0,0.5188150203805024,62.58761076825699,WB hist + TIAM interp
COG,2025,10636718505.673956,1679.58061097707,6332961.0,0.5163918597218,63.56832027850305,SSP corrected + TIAM Scenario_1
COG,2026,,,,,63.10410596601594,SSP corrected + TIAM Scenario_1
COG,2027,,,,,62.639891653528835,SSP corrected + TIAM Scenario_1
COG,2028,,,,,62.17567734104172,SSP corrected + TIAM Scenario_1
COG,2029,,,,,61.71146302855461,SSP corrected + TIAM Scenario_1
COG,2030,13917201783.12479,2016.8393072018896,6900501.062939493,0.6434979786346859,61.2472487160675,SSP corrected + TIAM Scenario_1
COG,2031,,,,,60.521717257335666,SSP corrected + TIAM Scenario_1
COG,2032,,,,,59.79618579860383,SSP corrected + TIAM Scenario_1
COG,2033,,,,,59.070654339872,SSP corrected + TIAM Scenario_1
COG,2034,,,,,58.34512288114016,SSP corrected + TIAM Scenario_1
COG,2035,17789950940.970276,2385.57997156325,7457285.504167221,0.6522371963463027,57.61959142240833,SSP corrected + TIAM Scenario_1
COG,2036,,,,,57.68094544679907,SSP corrected + TIAM Scenario_1
COG,2037,,,,,57.74229947118982,SSP corrected + TIAM Scenario_1
COG,2038,,,,,57.80365349558057,SSP corrected + TIAM Scenario_1
COG,2039,,,,,57.865007519971314,SSP corrected + TIAM Scenario_1
COG,2040,22399108426.24991,2806.4576464899965,7981274.349272368,0.537782920066456,57.92636154436206,SSP corrected + TIAM Scenario_1
COG,2041,,,,,57.8565379848766,SSP corrected + TIAM Scenario_1
COG,2042,,,,,57.78671442539114,SSP corrected + TIAM Scenario_1
COG,2043,,,,,57.71689086590568,SSP corrected + TIAM Scenario_1
COG,2044,,,,,57.64706730642022,SSP corrected + TIAM Scenario_1
COG,2045,27797256147.956272,3289.476437808963,8450358.795234697,0.6252072526364995,57.57724374693476,SSP corrected + TIAM Scenario_1
COG,2046,,,,,58.38797842950047,SSP corrected + TIAM Scenario_1
COG,2047,,,,,59.19871311206618,SSP corrected + TIAM Scenario_1
COG,2048,,,,,60.009447794631896,SSP corrected + TIAM Scenario_1
COG,2049,,,,,60.820182477197605,SSP corrected + TIAM Scenario_1
COG,2050,34097667571.730316,3840.2432433600534,8879038.490774421,0.560336335839515,61.630917159763314,SSP corrected + TIAM Scenario_1
COG,2051,,,,,61.27283330637317,SSP corrected + TIAM Scenario_1
COG,2052,,,,,60.914749452983024,SSP corrected + TIAM Scenario_1
COG,2053,,,,,60.55666559959288,SSP corrected + TIAM Scenario_1
COG,2054,,,,,60.198581746202734,SSP corrected + TIAM Scenario_1
COG,2055,41392426438.69336,4468.669834544649,9262807.048019735,0.3884731909076569,59.84049789281259,SSP corrected + TIAM Scenario_1
COG,2056,,,,,59.48241403942245,SSP corrected + TIAM Scenario_1
COG,2057,,,,,59.124330186032296,SSP corrected + TIAM Scenario_1
COG,2058,,,,,58.766246332642154,SSP corrected + TIAM Scenario_1
COG,2059,,,,,58.40816247925201,SSP corrected + TIAM Scenario_1
COG,2060,49720511377.899666,5181.789430754212,9595239.644977782,0.23151652380839602,58.050078625861865,SSP corrected + TIAM Scenario_1
COG,2061,,,,,57.261940734726494,SSP corrected + TIAM Scenario_1
COG,2062,,,,,56.47380284359112,SSP corrected + TIAM Scenario_1
COG,2063,,,,,55.68566495245576,SSP corrected + TIAM Scenario_1
COG,2064,,,,,54.89752706132039,SSP corrected + TIAM Scenario_1
COG,2065,58994809077.43613,5975.0641885327395,9873502.144237738,0.1362325609008019,54.10938917018502,SSP corrected + TIAM Scenario_1
COG,2066,,,,,53.32125127904965,SSP corrected + TIAM Scenario_1
COG,2067,,,,,52.53311338791428,SSP corrected + TIAM Scenario_1
COG,2068,,,,,51.74497549677891,SSP corrected + TIAM Scenario_1
COG,2069,,,,,50.95683760564354,SSP corrected + TIAM Scenario_1
COG,2070,69156197589.87811,6844.606732973409,10103750.337725472,0.0463915299722149,50.16869971450817,SSP corrected + TIAM Scenario_1
COL,2012,259471791121.288,5675.756179783055,45715810.0,9.614414794356701,12.1470589168416,WB hist + TIAM interp
COL,2013,272793056063.57,5910.805923011657,46151584.0,9.023242625865235,13.3052095489327,WB hist + TIAM interp
COL,2014,285066097496.814,6121.839820198243,46565429.0,8.447106113851115,14.463360181023802,WB hist + TIAM interp
COL,2015,293492370193.166,6248.514905345121,46969940.0,7.882686245713748,15.621510813114902,WB hist + TIAM interp
COL,2016,299618678572.191,6316.070677825409,47437512.0,7.318163735062665,16.779661445206003,WB hist + TIAM interp
COL,2017,303691577641.583,6309.677452925177,48131078.0,6.732898440379831,17.937812077297103,WB hist + TIAM interp
COL,2018,311479214511.795,6353.546428539199,49024465.0,6.1391356336066085,19.095962709388203,WB hist + TIAM interp
COL,2019,321405606655.842,6439.963598126472,49907985.0,5.567726687422864,20.254113341479307,WB hist + TIAM interp
COL,2020,298309675728.093,5891.955232154033,50629997.0,5.032198599577243,21.412263973570408,WB hist + TIAM interp
COL,2021,330530695024.886,6457.1692180708615,51188173.0,4.946021417877134,22.097457592543535,WB hist + TIAM interp
COL,2022,354752900899.02,6856.725905053746,51737944.0,4.862493182952921,22.78265121151667,WB hist + TIAM interp
COL,2023,357280089727.874,6828.5975379111305,52321152.0,4.7776662104076,23.4678448304898,WB hist + TIAM interp
COL,2024,362990610076.174,6863.595631943418,52886363.0,4.696307061236183,24.15303844946293,WB hist + TIAM interp
COL,2025,362990610076.1741,6863.59563194342,52886363.0,4.666008135216256,24.83823206843606,SSP corrected + TIAM Scenario_1
COL,2026,,,,,25.955828470291397,SSP corrected + TIAM Scenario_1
COL,2027,,,,,27.073424872146735,SSP corrected + TIAM Scenario_1
COL,2028,,,,,28.191021274002072,SSP corrected + TIAM Scenario_1
COL,2029,,,,,29.30861767585741,SSP corrected + TIAM Scenario_1
COL,2030,425905553798.1749,7714.301995504468,55209862.67407895,3.816024706377605,30.426214077712743,SSP corrected + TIAM Scenario_1
COL,2031,,,,,36.68170620260311,SSP corrected + TIAM Scenario_1
COL,2032,,,,,42.93719832749347,SSP corrected + TIAM Scenario_1
COL,2033,,,,,49.19269045238384,SSP corrected + TIAM Scenario_1
COL,2034,,,,,55.44818257727419,SSP corrected + TIAM Scenario_1
COL,2035,496638221426.5999,8678.401329389098,57226924.934290856,0.8910193944292503,61.70367470216456,SSP corrected + TIAM Scenario_1
COL,2036,,,,,61.7683875375498,SSP corrected + TIAM Scenario_1
COL,2037,,,,,61.83310037293503,SSP corrected + TIAM Scenario_1
COL,2038,,,,,61.897813208320265,SSP corrected + TIAM Scenario_1
COL,2039,,,,,61.962526043705495,SSP corrected + TIAM Scenario_1
COL,2040,576711506194.3513,9780.96543483634,58962636.15658112,0.8261944033613686,62.02723887909073,SSP corrected + TIAM Scenario_1
COL,2041,,,,,61.40416789012985,SSP corrected + TIAM Scenario_1
COL,2042,,,,,60.781096901168965,SSP corrected + TIAM Scenario_1
COL,2043,,,,,60.15802591220809,SSP corrected + TIAM Scenario_1
COL,2044,,,,,59.534954923247206,SSP corrected + TIAM Scenario_1
COL,2045,664792427405.1544,11003.344585463678,60417305.14223828,0.8487502029306874,58.91188393428632,SSP corrected + TIAM Scenario_1
COL,2046,,,,,60.12991614538407,SSP corrected + TIAM Scenario_1
COL,2047,,,,,61.347948356481815,SSP corrected + TIAM Scenario_1
COL,2048,,,,,62.565980567579565,SSP corrected + TIAM Scenario_1
COL,2049,,,,,63.78401277867731,SSP corrected + TIAM Scenario_1
COL,2050,760919480843.4569,12364.764642144482,61539342.06316497,0.603165369592367,65.00204498977506,SSP corrected + TIAM Scenario_1
COL,2051,,,,,64.97710333407615,SSP corrected + TIAM Scenario_1
COL,2052,,,,,64.95216167837724,SSP corrected + TIAM Scenario_1
COL,2053,,,,,64.92722002267833,SSP corrected + TIAM Scenario_1
COL,2054,,,,,64.90227836697942,SSP corrected + TIAM Scenario_1
COL,2055,865237410658.8036,13879.029241317015,62341349.356268026,0.40194590362168015,64.8773367112805,SSP corrected + TIAM Scenario_1
COL,2056,,,,,64.8523950555816,SSP corrected + TIAM Scenario_1
COL,2057,,,,,64.82745339988269,SSP corrected + TIAM Scenario_1
COL,2058,,,,,64.80251174418378,SSP corrected + TIAM Scenario_1
COL,2059,,,,,64.77757008848486,SSP corrected + TIAM Scenario_1
COL,2060,977387949417.2256,15542.583347676124,62884523.605489396,0.20668519462021373,64.75262843278595,SSP corrected + TIAM Scenario_1
COL,2061,,,,,64.71557822433016,SSP corrected + TIAM Scenario_1
COL,2062,,,,,64.67852801587438,SSP corrected + TIAM Scenario_1
COL,2063,,,,,64.64147780741858,SSP corrected + TIAM Scenario_1
COL,2064,,,,,64.60442759896279,SSP corrected + TIAM Scenario_1
COL,2065,1097563576040.9841,17382.35698107941,63142390.71465828,0.12982403591660338,64.56737739050699,SSP corrected + TIAM Scenario_1
COL,2066,,,,,64.53032718205121,SSP corrected + TIAM Scenario_1
COL,2067,,,,,64.49327697359541,SSP corrected + TIAM Scenario_1
COL,2068,,,,,64.45622676513962,SSP corrected + TIAM Scenario_1
COL,2069,,,,,64.41917655668384,SSP corrected + TIAM Scenario_1
COL,2070,1224618655984.7964,19387.77542973287,63164474.976677075,0.05378814596740489,64.38212634822804,SSP corrected + TIAM Scenario_1
COM,2012,895376387.011074,1313.5812493744024,681630.0,,,WB hist + TIAM interp
COM,2013,935365362.1673559,1343.545117104701,696192.0,,,WB hist + TIAM interp
COM,2014,955070416.212074,1342.3280242136352,711503.0,,,WB hist + TIAM interp
COM,2015,966029600.862227,1329.370482359859,726682.0,,,WB hist + TIAM interp
COM,2016,998105646.566284,1345.6255573930575,741741.0,,,WB hist + TIAM interp
COM,2017,1036190384.8103598,1369.4103826248463,756669.0,,,WB hist + TIAM interp
COM,2018,1073934613.01512,1391.8462046101167,771590.0,,,WB hist + TIAM interp
COM,2019,1092843397.42943,1389.364306438052,786578.0,,,WB hist + TIAM interp
COM,2020,1090706042.10569,1359.7062468671454,802163.0,,,WB hist + TIAM interp
COM,2021,1112522258.3942,1359.7624202115933,818174.0,,,WB hist + TIAM interp
COM,2022,1141481327.58447,1368.374188533604,834188.0,,,WB hist + TIAM interp
COM,2023,1175671154.84031,1382.5130850310625,850387.0,,,WB hist + TIAM interp
COM,2024,1214916246.52607,1401.888984115526,866628.0,,,WB hist + TIAM interp
COM,2025,1214916246.5260737,1401.88898411553,866628.0,,,SSP corrected + TIAM Scenario_1
COM,2030,1669748885.705125,1792.2758213786385,931636.1163767392,,,SSP corrected + TIAM Scenario_1
COM,2035,2272423874.139319,2282.154428701382,995736.2418424943,,,SSP corrected + TIAM Scenario_1
COM,2040,3069902899.2391095,2910.1654445643007,1054889.4754328046,,,SSP corrected + TIAM Scenario_1
COM,2045,4103929683.147131,3715.9832756244314,1104399.3954621633,,,SSP corrected + TIAM Scenario_1
COM,2050,5434510826.443403,4751.969760858679,1143633.2931254574,,,SSP corrected + TIAM Scenario_1
COM,2055,7138176486.389413,6072.525955587209,1175487.192413187,,,SSP corrected + TIAM Scenario_1
COM,2060,9265366993.907505,7706.382382893987,1202297.853072283,,,SSP corrected + TIAM Scenario_1
COM,2065,11844781157.970732,9665.194758460184,1225508.7925261622,,,SSP corrected + TIAM Scenario_1
COM,2070,14883376265.602861,11958.51357465734,1244584.1343646534,,,SSP corrected + TIAM Scenario_1
CPV,2012,1710821579.61286,3341.742105483607,511955.0,0.8119516593046837,77.26144526337592,WB hist + TIAM interp
CPV,2013,1721636311.15762,3361.093877022051,512225.0,0.8968292613232324,74.83188674185922,WB hist + TIAM interp
CPV,2014,1733630380.4449,3383.842280979103,512326.0,0.9819412347279979,72.40232822034253,WB hist + TIAM interp
CPV,2015,1749857620.35329,3415.062667309317,512394.0,1.0670883766500385,69.97276969882581,WB hist + TIAM interp
CPV,2016,1824764034.9525597,3560.1400729534053,512554.0,1.1520061072729568,67.54321117730912,WB hist + TIAM interp
CPV,2017,1907814790.72833,3719.7130604791446,512893.0,1.2364391694742307,65.11365265579242,WB hist + TIAM interp
CPV,2018,1978536809.33193,3853.6794003524046,513415.0,1.3202899245076791,62.68409413427572,WB hist + TIAM interp
CPV,2019,2116002110.9275599,4115.9028346940695,514104.0,1.403514285500742,60.254535612759014,WB hist + TIAM interp
CPV,2020,1675762033.7188597,3255.93628984058,514679.0,1.4868451304114545,57.82497709124232,WB hist + TIAM interp
CPV,2021,1793627260.8812304,3471.655342178598,516649.0,1.5275840214373029,57.25057203133363,WB hist + TIAM interp
CPV,2022,2077803747.08658,3997.7676325065368,519741.0,1.5646284386032376,56.67616697142495,WB hist + TIAM interp
CPV,2023,2177429478.93487,4168.67748407594,522331.0,1.6027736081615094,56.101761911516256,WB hist + TIAM interp
CPV,2024,2335159974.83501,4448.966090788908,524877.0,1.6406798806980178,55.52735685160757,WB hist + TIAM interp
CPV,2025,2335159974.835011,4448.96609078891,524877.0,1.6863606634652644,54.95295179169889,SSP corrected + TIAM Scenario_1
CPV,2026,,,,,54.3463374971889,SSP corrected + TIAM Scenario_1
CPV,2027,,,,,53.73972320267891,SSP corrected + TIAM Scenario_1
CPV,2028,,,,,53.133108908168914,SSP corrected + TIAM Scenario_1
CPV,2029,,,,,52.526494613658926,SSP corrected + TIAM Scenario_1
CPV,2030,2817062919.4765425,5257.1989305973875,535848.6442430348,1.9225856691165633,51.91988031914894,SSP corrected + TIAM Scenario_1
CPV,2031,,,,,50.93880472298413,SSP corrected + TIAM Scenario_1
CPV,2032,,,,,49.95772912681932,SSP corrected + TIAM Scenario_1
CPV,2033,,,,,48.97665353065453,SSP corrected + TIAM Scenario_1
CPV,2034,,,,,47.99557793448972,SSP corrected + TIAM Scenario_1
CPV,2035,3339650537.7559276,6143.384168872225,543617.4014116727,2.3574440677368282,47.01450233832491,SSP corrected + TIAM Scenario_1
CPV,2036,,,,,46.43217624604892,SSP corrected + TIAM Scenario_1
CPV,2037,,,,,45.84985015377293,SSP corrected + TIAM Scenario_1
CPV,2038,,,,,45.267524061496935,SSP corrected + TIAM Scenario_1
CPV,2039,,,,,44.685197969220944,SSP corrected + TIAM Scenario_1
CPV,2040,3926071006.053334,7156.34624058597,548613.8979396088,2.7497920272708027,44.10287187694495,SSP corrected + TIAM Scenario_1
CPV,2041,,,,,44.195978736700184,SSP corrected + TIAM Scenario_1
CPV,2042,,,,,44.289085596455415,SSP corrected + TIAM Scenario_1
CPV,2043,,,,,44.382192456210646,SSP corrected + TIAM Scenario_1
CPV,2044,,,,,44.47529931596588,SSP corrected + TIAM Scenario_1
CPV,2045,4565802426.014139,8290.96706063168,550696.0035692478,3.2969097338485733,44.56840617572111,SSP corrected + TIAM Scenario_1
CPV,2046,,,,,45.1948165271801,SSP corrected + TIAM Scenario_1
CPV,2047,,,,,45.821226878639095,SSP corrected + TIAM Scenario_1
CPV,2048,,,,,46.44763723009808,SSP corrected + TIAM Scenario_1
CPV,2049,,,,,47.074047581557075,SSP corrected + TIAM Scenario_1
CPV,2050,5242711220.161267,9538.677722495268,549626.6225451007,3.860915347744321,47.70045793301607,SSP corrected + TIAM Scenario_1
CPV,2051,,,,,49.03421089844681,SSP corrected + TIAM Scenario_1
CPV,2052,,,,,50.36796386387755,SSP corrected + TIAM Scenario_1
CPV,2053,,,,,51.70171682930829,SSP corrected + TIAM Scenario_1
CPV,2054,,,,,53.03546979473903,SSP corrected + TIAM Scenario_1
CPV,2055,5952588629.152862,10912.86848155596,545465.0754028092,2.8816999385566118,54.36922276016977,SSP corrected + TIAM Scenario_1
CPV,2056,,,,,55.70297572560052,SSP corrected + TIAM Scenario_1
CPV,2057,,,,,57.03672869103126,SSP corrected + TIAM Scenario_1
CPV,2058,,,,,58.370481656462,SSP corrected + TIAM Scenario_1
CPV,2059,,,,,59.70423462189274,SSP corrected + TIAM Scenario_1
CPV,2060,6710165310.6854,12463.954995868547,538365.6562391017,1.8977278253037404,61.03798758732348,SSP corrected + TIAM Scenario_1
CPV,2061,,,,,60.93244868938,SSP corrected + TIAM Scenario_1
CPV,2062,,,,,60.826909791436506,SSP corrected + TIAM Scenario_1
CPV,2063,,,,,60.721370893493024,SSP corrected + TIAM Scenario_1
CPV,2064,,,,,60.61583199554954,SSP corrected + TIAM Scenario_1
CPV,2065,7561737617.519189,14242.083660465782,530943.2101223794,1.2562429082719442,60.51029309760605,SSP corrected + TIAM Scenario_1
CPV,2066,,,,,60.40475419966257,SSP corrected + TIAM Scenario_1
CPV,2067,,,,,60.29921530171909,SSP corrected + TIAM Scenario_1
CPV,2068,,,,,60.193676403775605,SSP corrected + TIAM Scenario_1
CPV,2069,,,,,60.088137505832115,SSP corrected + TIAM Scenario_1
CPV,2070,8518528907.89917,16269.642657121049,523584.2659501007,0.5964957679222405,59.98259860788863,SSP corrected + TIAM Scenario_1
CRI,2012,51310359848.034096,11001.51928565758,4663934.0,1.7125820698214276,38.879500250197985,WB hist + TIAM interp
CRI,2013,52590433317.51908,11151.14378697676,4716147.0,1.7112300144881294,38.85667685180975,WB hist + TIAM interp
CRI,2014,54453244250.76311,11422.673579317636,4767119.0,1.7103527004561387,38.83385345342151,WB hist + TIAM interp
CRI,2015,56441920820.519394,11714.710598073198,4818038.0,1.7095127541446093,38.81103005503327,WB hist + TIAM interp
CRI,2016,58814921621.315895,12084.43513256342,4866998.0,1.7093781355285131,38.78820665664504,WB hist + TIAM interp
CRI,2017,61260269007.514,12468.565453170932,4913177.0,1.710213681039503,38.7653832582568,WB hist + TIAM interp
CRI,2018,62862779082.59081,12679.525364301557,4957818.0,1.7115644581298142,38.74255985986856,WB hist + TIAM interp
CRI,2019,64382494195.799995,12877.650101079036,4999553.0,1.7138867483920777,38.71973646148032,WB hist + TIAM interp
CRI,2020,61631202097.72049,12242.20989085328,5034320.0,1.718545938774547,38.69691306309209,WB hist + TIAM interp
CRI,2021,66522107766.42961,13146.692791846464,5059988.0,1.6692493802878254,39.00786664522744,WB hist + TIAM interp
CRI,2022,69549856033.0247,13686.16140908222,5081765.0,1.6216911793513067,39.318820227362785,WB hist + TIAM interp
CRI,2023,73105190307.8725,14318.838965213665,5105525.0,1.5739272883412676,39.62977380949813,WB hist + TIAM interp
CRI,2024,76264229553.4307,14866.582367610874,5129910.0,1.526419910209128,39.94072739163348,WB hist + TIAM interp
CRI,2025,76264229553.43083,14866.5823676109,5129910.0,1.486394187101385,40.25168097376883,SSP corrected + TIAM Scenario_1
CRI,2026,,,,,41.03311574715632,SSP corrected + TIAM Scenario_1
CRI,2027,,,,,41.81455052054381,SSP corrected + TIAM Scenario_1
CRI,2028,,,,,42.59598529393129,SSP corrected + TIAM Scenario_1
CRI,2029,,,,,43.37742006731878,SSP corrected + TIAM Scenario_1
CRI,2030,89791679867.41164,16673.723510575666,5385220.632359613,1.319187018100602,44.15885484070627,SSP corrected + TIAM Scenario_1
CRI,2031,,,,,43.75068382553754,SSP corrected + TIAM Scenario_1
CRI,2032,,,,,43.34251281036882,SSP corrected + TIAM Scenario_1
CRI,2033,,,,,42.93434179520009,SSP corrected + TIAM Scenario_1
CRI,2034,,,,,42.52617078003136,SSP corrected + TIAM Scenario_1
CRI,2035,104119104617.26804,18544.768744743196,5614473.06517544,1.175451528571017,42.11799976486264,SSP corrected + TIAM Scenario_1
CRI,2036,,,,,42.63433136242324,SSP corrected + TIAM Scenario_1
CRI,2037,,,,,43.15066295998385,SSP corrected + TIAM Scenario_1
CRI,2038,,,,,43.66699455754445,SSP corrected + TIAM Scenario_1
CRI,2039,,,,,44.18332615510506,SSP corrected + TIAM Scenario_1
CRI,2040,119674163092.61797,20566.078711116832,5819007.345718707,1.0192410072362788,44.69965775266566,SSP corrected + TIAM Scenario_1
CRI,2041,,,,,45.21361097692995,SSP corrected + TIAM Scenario_1
CRI,2042,,,,,45.72756420119425,SSP corrected + TIAM Scenario_1
CRI,2043,,,,,46.24151742545854,SSP corrected + TIAM Scenario_1
CRI,2044,,,,,46.75547064972284,SSP corrected + TIAM Scenario_1
CRI,2045,136045128408.75055,22703.776720916325,5992180.511686241,0.9303725951081463,47.26942387398713,SSP corrected + TIAM Scenario_1
CRI,2046,,,,,46.98986888073011,SSP corrected + TIAM Scenario_1
CRI,2047,,,,,46.71031388747309,SSP corrected + TIAM Scenario_1
CRI,2048,,,,,46.43075889421607,SSP corrected + TIAM Scenario_1
CRI,2049,,,,,46.151203900959054,SSP corrected + TIAM Scenario_1
CRI,2050,152951925658.34683,24921.680886815713,6137303.753827568,0.9258411060309993,45.87164890770203,SSP corrected + TIAM Scenario_1
CRI,2051,,,,,45.7537597769145,SSP corrected + TIAM Scenario_1
CRI,2052,,,,,45.63587064612697,SSP corrected + TIAM Scenario_1
CRI,2053,,,,,45.51798151533943,SSP corrected + TIAM Scenario_1
CRI,2054,,,,,45.4000923845519,SSP corrected + TIAM Scenario_1
CRI,2055,170571488390.64087,27270.323204439508,6254839.266550111,0.6655118090642681,45.282203253764365,SSP corrected + TIAM Scenario_1
CRI,2056,,,,,45.16431412297683,SSP corrected + TIAM Scenario_1
CRI,2057,,,,,45.0464249921893,SSP corrected + TIAM Scenario_1
CRI,2058,,,,,44.92853586140176,SSP corrected + TIAM Scenario_1
CRI,2059,,,,,44.81064673061423,SSP corrected + TIAM Scenario_1
CRI,2060,189571300516.48898,29871.40657163925,6346246.202429359,0.416493563529293,44.6927575998267,SSP corrected + TIAM Scenario_1
CRI,2061,,,,,44.73681582547181,SSP corrected + TIAM Scenario_1
CRI,2062,,,,,44.78087405111692,SSP corrected + TIAM Scenario_1
CRI,2063,,,,,44.82493227676203,SSP corrected + TIAM Scenario_1
CRI,2064,,,,,44.86899050240714,SSP corrected + TIAM Scenario_1
CRI,2065,209541312246.43307,32747.2797329467,6398739.496997539,0.24124151052236825,44.913048728052246,SSP corrected + TIAM Scenario_1
CRI,2066,,,,,44.957106953697355,SSP corrected + TIAM Scenario_1
CRI,2067,,,,,45.001165179342465,SSP corrected + TIAM Scenario_1
CRI,2068,,,,,45.045223404987574,SSP corrected + TIAM Scenario_1
CRI,2069,,,,,45.08928163063269,SSP corrected + TIAM Scenario_1
CRI,2070,230212349792.30112,35902.43421340173,6412165.493401755,0.06926091785413269,45.13333985627779,SSP corrected + TIAM Scenario_1
CUB,2012,80357078126.4622,7109.248341856355,11303175.0,1.8944059408269864,38.879500250197985,WB hist + TIAM interp
CUB,2013,82564971264.2729,7307.820044107411,11298167.0,1.9149500151911427,38.85667685180975,WB hist + TIAM interp
CUB,2014,83429902609.353,7392.483246330269,11285775.0,1.9367786675134906,38.83385345342151,WB hist + TIAM interp
CUB,2015,87132800000.0,7727.919972079983,11275065.0,1.9583631193640172,38.81103005503327,WB hist + TIAM interp
CUB,2016,87579654548.8907,7774.069846262299,11265612.0,1.9797676914939952,38.78820665664504,WB hist + TIAM interp
CUB,2017,89164663941.19939,7927.277694317667,11247829.0,2.002690284550205,38.7653832582568,WB hist + TIAM interp
CUB,2018,91169039692.7712,8120.43123558256,11227118.0,2.0262137672960274,38.74255985986856,WB hist + TIAM interp
CUB,2019,91020354637.1475,8124.75282059108,11202846.0,2.0504757680978596,38.71973646148032,WB hist + TIAM interp
CUB,2020,81054139247.4509,7252.288111798436,11176354.0,2.075255262566578,38.69691306309209,WB hist + TIAM interp
CUB,2021,82070953176.2327,7379.04275283674,11122168.0,2.0358743442566873,39.00786664522744,WB hist + TIAM interp
CUB,2022,83527427215.72989,7552.331522188417,11059820.0,1.9975809292211262,39.318820227362785,WB hist + TIAM interp
CUB,2023,81915873064.45308,7433.428853996734,11019931.0,1.9548611095227437,39.62977380949813,WB hist + TIAM interp
CUB,2024,81046145427.25609,7381.397740488686,10979783.0,1.9118759970419965,39.94072739163348,WB hist + TIAM interp
CUB,2025,81046145427.25613,7381.39774048869,10979783.0,1.8617428595205798,40.25168097376883,SSP corrected + TIAM Scenario_1
CUB,2026,,,,,41.03311574715632,SSP corrected + TIAM Scenario_1
CUB,2027,,,,,41.81455052054381,SSP corrected + TIAM Scenario_1
CUB,2028,,,,,42.59598529393129,SSP corrected + TIAM Scenario_1
CUB,2029,,,,,43.37742006731878,SSP corrected + TIAM Scenario_1
CUB,2030,88923106574.0297,8268.999238067387,10753793.054504214,1.7709973238245793,44.15885484070627,SSP corrected + TIAM Scenario_1
CUB,2031,,,,,43.75068382553754,SSP corrected + TIAM Scenario_1
CUB,2032,,,,,43.34251281036882,SSP corrected + TIAM Scenario_1
CUB,2033,,,,,42.93434179520009,SSP corrected + TIAM Scenario_1
CUB,2034,,,,,42.52617078003136,SSP corrected + TIAM Scenario_1
CUB,2035,96729219457.34604,9244.96051671173,10462913.203630526,1.690950190204213,42.11799976486264,SSP corrected + TIAM Scenario_1
CUB,2036,,,,,42.63433136242324,SSP corrected + TIAM Scenario_1
CUB,2037,,,,,43.15066295998385,SSP corrected + TIAM Scenario_1
CUB,2038,,,,,43.66699455754445,SSP corrected + TIAM Scenario_1
CUB,2039,,,,,44.18332615510506,SSP corrected + TIAM Scenario_1
CUB,2040,105633053627.47998,10446.70114244659,10111618.221591145,1.572442739878093,44.69965775266566,SSP corrected + TIAM Scenario_1
CUB,2041,,,,,45.21361097692995,SSP corrected + TIAM Scenario_1
CUB,2042,,,,,45.72756420119425,SSP corrected + TIAM Scenario_1
CUB,2043,,,,,46.24151742545854,SSP corrected + TIAM Scenario_1
CUB,2044,,,,,46.75547064972284,SSP corrected + TIAM Scenario_1
CUB,2045,116079331316.49362,11961.361296197514,9704525.132385638,1.5400584992443116,47.26942387398713,SSP corrected + TIAM Scenario_1
CUB,2046,,,,,46.98986888073011,SSP corrected + TIAM Scenario_1
CUB,2047,,,,,46.71031388747309,SSP corrected + TIAM Scenario_1
CUB,2048,,,,,46.43075889421607,SSP corrected + TIAM Scenario_1
CUB,2049,,,,,46.151203900959054,SSP corrected + TIAM Scenario_1
CUB,2050,126517073070.15082,13687.93871806045,9242960.220388684,1.6480588021104665,45.87164890770203,SSP corrected + TIAM Scenario_1
CUB,2051,,,,,45.7537597769145,SSP corrected + TIAM Scenario_1
CUB,2052,,,,,45.63587064612697,SSP corrected + TIAM Scenario_1
CUB,2053,,,,,45.51798151533943,SSP corrected + TIAM Scenario_1
CUB,2054,,,,,45.4000923845519,SSP corrected + TIAM Scenario_1
CUB,2055,136143047371.42596,15582.856630289123,8736719.498965189,1.2773009562365778,45.282203253764365,SSP corrected + TIAM Scenario_1
CUB,2056,,,,,45.16431412297683,SSP corrected + TIAM Scenario_1
CUB,2057,,,,,45.0464249921893,SSP corrected + TIAM Scenario_1
CUB,2058,,,,,44.92853586140176,SSP corrected + TIAM Scenario_1
CUB,2059,,,,,44.81064673061423,SSP corrected + TIAM Scenario_1
CUB,2060,145394294110.56033,17727.41124031128,8201665.327193443,0.8639584900563442,44.6927575998267,SSP corrected + TIAM Scenario_1
CUB,2061,,,,,44.73681582547181,SSP corrected + TIAM Scenario_1
CUB,2062,,,,,44.78087405111692,SSP corrected + TIAM Scenario_1
CUB,2063,,,,,44.82493227676203,SSP corrected + TIAM Scenario_1
CUB,2064,,,,,44.86899050240714,SSP corrected + TIAM Scenario_1
CUB,2065,154472261361.96225,20131.23274681895,7673263.893209484,0.5393069836814622,44.913048728052246,SSP corrected + TIAM Scenario_1
CUB,2066,,,,,44.957106953697355,SSP corrected + TIAM Scenario_1
CUB,2067,,,,,45.001165179342465,SSP corrected + TIAM Scenario_1
CUB,2068,,,,,45.045223404987574,SSP corrected + TIAM Scenario_1
CUB,2069,,,,,45.08928163063269,SSP corrected + TIAM Scenario_1
CUB,2070,163507548936.58286,22781.60443152887,7177174.435980227,0.1658857854254222,45.13333985627779,SSP corrected + TIAM Scenario_1
CUW,2012,3083966131.99718,20277.51125662235,152088.0,,,WB hist + TIAM interp
CUW,2013,3064361462.6739,19921.4771792975,153822.0,,,WB hist + TIAM interp
CUW,2014,3044829273.42015,19529.52859309052,155909.0,,,WB hist + TIAM interp
CUW,2015,3058779211.89831,19361.8129630226,157980.0,,,WB hist + TIAM interp
CUW,2016,3026120390.739889,18953.05385522027,159664.0,,,WB hist + TIAM interp
CUW,2017,2987500760.4188004,18651.479696699236,160175.0,,,WB hist + TIAM interp
CUW,2018,2924640415.44914,18355.176579361476,159336.0,,,WB hist + TIAM interp
CUW,2019,2830872591.42199,17980.529794792907,157441.0,,,WB hist + TIAM interp
CUW,2020,2308902987.9911,14849.969694183892,155482.0,,,WB hist + TIAM interp
CUW,2021,2405500837.76418,15625.411423105075,153948.0,,,WB hist + TIAM interp
CUW,2022,2571624725.6201806,16772.814719576447,153321.0,,,WB hist + TIAM interp
CUW,2023,2679684396.59073,17326.96468627213,154654.0,,,WB hist + TIAM interp
CUW,2024,2814389451.52295,18044.775186564788,155967.0,,,WB hist + TIAM interp
CYM,2012,4403722268.68141,77074.3886285601,57136.0,,,WB hist + TIAM interp
CYM,2013,4460060434.88737,76038.87878079226,58655.0,,,WB hist + TIAM interp
CYM,2014,4578454046.88869,76104.62179003806,60160.0,,,WB hist + TIAM interp
CYM,2015,4708167255.28727,76379.20987779874,61642.0,,,WB hist + TIAM interp
CYM,2016,4860710632.08443,77031.86421686894,63100.0,,,WB hist + TIAM interp
CYM,2017,5015477958.0794,77717.17607622841,64535.0,,,WB hist + TIAM interp
CYM,2018,5229501727.25244,79305.76920660045,65941.0,,,WB hist + TIAM interp
CYM,2019,5434269999.23381,80714.57215134805,67327.0,,,WB hist + TIAM interp
CYM,2020,5165012391.41422,75199.64462486489,68684.0,,,WB hist + TIAM interp
CYM,2021,5416518359.79396,77259.63313450619,70108.0,,,WB hist + TIAM interp
CYM,2022,5729358427.59835,80029.03196768239,71591.0,,,WB hist + TIAM interp
CYM,2023,6062554528.013689,83005.48383052232,73038.0,,,WB hist + TIAM interp
CYP,2012,20981332378.0944,18003.592233457268,1165397.0,7.741758458783507,15.096854262136018,WB hist + TIAM interp
CYP,2013,19599191826.1408,16554.839598225182,1183895.0,7.482351282476588,16.42103853448346,WB hist + TIAM interp
CYP,2014,19251098679.0346,16018.5410721364,1201801.0,7.234487623611828,17.745222806830903,WB hist + TIAM interp
CYP,2015,19909278416.8575,16325.74478504955,1219502.0,6.995077211452719,19.069407079178344,WB hist + TIAM interp
CYP,2016,21218032913.055405,17151.26270948419,1237112.0,6.763014859202492,20.393591351525785,WB hist + TIAM interp
CYP,2017,22438246417.1514,17889.4153332813,1254275.0,6.539796318570018,21.717775623873223,WB hist + TIAM interp
CYP,2018,23845497750.3008,18765.092816452816,1270737.0,6.326092036708703,23.041959896220668,WB hist + TIAM interp
CYP,2019,25246562822.6821,19621.61486711218,1286671.0,6.12036441749896,24.36614416856811,WB hist + TIAM interp
CYP,2020,24433464399.3925,18762.542282218736,1302247.0,5.921297261122124,25.69032844091555,WB hist + TIAM interp
CYP,2021,27218282939.641,20662.033691139284,1317309.0,5.434943598659084,26.64944492330824,WB hist + TIAM interp
CYP,2022,29470249084.60581,22135.281014748572,1331370.0,4.963314960985672,27.608561405700936,WB hist + TIAM interp
CYP,2023,30536911914.859497,22704.428863310197,1344976.0,4.5030670898283605,28.567677888093627,WB hist + TIAM interp
CYP,2024,31740302544.1463,23367.977006355308,1358282.0,4.052932811309055,29.52679437048632,WB hist + TIAM interp
CYP,2025,44303378465.29297,32617.216796875,1358282.0,3.646911471558911,30.485910852879012,SSP corrected + TIAM Scenario_1
CYP,2026,,,,,31.3335577234195,SSP corrected + TIAM Scenario_1
CYP,2027,,,,,32.18120459395999,SSP corrected + TIAM Scenario_1
CYP,2028,,,,,33.02885146450048,SSP corrected + TIAM Scenario_1
CYP,2029,,,,,33.876498335040964,SSP corrected + TIAM Scenario_1
CYP,2030,48934215920.59732,34416.06584736968,1421842.2331481336,2.781788329390874,34.72414520558145,SSP corrected + TIAM Scenario_1
CYP,2031,,,,,39.28947030971113,SSP corrected + TIAM Scenario_1
CYP,2032,,,,,43.8547954138408,SSP corrected + TIAM Scenario_1
CYP,2033,,,,,48.42012051797048,SSP corrected + TIAM Scenario_1
CYP,2034,,,,,52.98544562210016,SSP corrected + TIAM Scenario_1
CYP,2035,54057508555.34909,36551.64514822899,1478935.0338713357,1.6159516051473766,57.550770726229835,SSP corrected + TIAM Scenario_1
CYP,2036,,,,,60.501386688387505,SSP corrected + TIAM Scenario_1
CYP,2037,,,,,63.452002650545175,SSP corrected + TIAM Scenario_1
CYP,2038,,,,,66.40261861270285,SSP corrected + TIAM Scenario_1
CYP,2039,,,,,69.35323457486052,SSP corrected + TIAM Scenario_1
CYP,2040,59748883414.96356,38995.472779106734,1532200.5134651486,0.6146487305351099,72.30385053701819,SSP corrected + TIAM Scenario_1
CYP,2041,,,,,74.60795847005839,SSP corrected + TIAM Scenario_1
CYP,2042,,,,,76.91206640309858,SSP corrected + TIAM Scenario_1
CYP,2043,,,,,79.21617433613878,SSP corrected + TIAM Scenario_1
CYP,2044,,,,,81.52028226917896,SSP corrected + TIAM Scenario_1
CYP,2045,65762112909.71692,41546.658441739506,1582849.629217101,0.08379333429998757,83.82439020221916,SSP corrected + TIAM Scenario_1
CYP,2046,,,,,84.24126685670011,SSP corrected + TIAM Scenario_1
CYP,2047,,,,,84.65814351118105,SSP corrected + TIAM Scenario_1
CYP,2048,,,,,85.075020165662,SSP corrected + TIAM Scenario_1
CYP,2049,,,,,85.49189682014294,SSP corrected + TIAM Scenario_1
CYP,2050,71917802652.81041,44132.18882097762,1629599.7224281176,0.03754974195390038,85.90877347462389,SSP corrected + TIAM Scenario_1
CYP,2051,,,,,86.41930556067057,SSP corrected + TIAM Scenario_1
CYP,2052,,,,,86.92983764671725,SSP corrected + TIAM Scenario_1
CYP,2053,,,,,87.44036973276393,SSP corrected + TIAM Scenario_1
CYP,2054,,,,,87.9509018188106,SSP corrected + TIAM Scenario_1
CYP,2055,78631022009.77835,47082.619421929885,1670064.7282413947,0.023400680450229295,88.46143390485727,SSP corrected + TIAM Scenario_1
CYP,2056,,,,,88.97196599090395,SSP corrected + TIAM Scenario_1
CYP,2057,,,,,89.48249807695063,SSP corrected + TIAM Scenario_1
CYP,2058,,,,,89.99303016299731,SSP corrected + TIAM Scenario_1
CYP,2059,,,,,90.503562249044,SSP corrected + TIAM Scenario_1
CYP,2060,86169103792.3209,50602.52334170546,1702861.796247664,0.00996572537220757,91.01409433509068,SSP corrected + TIAM Scenario_1
CYP,2061,,,,,91.1468228885892,SSP corrected + TIAM Scenario_1
CYP,2062,,,,,91.27955144208777,SSP corrected + TIAM Scenario_1
CYP,2063,,,,,91.4122799955863,SSP corrected + TIAM Scenario_1
CYP,2064,,,,,91.54500854908484,SSP corrected + TIAM Scenario_1
CYP,2065,94438833270.04256,54841.829287994915,1722021.940116348,0.01013136773914526,91.6777371025834,SSP corrected + TIAM Scenario_1
CYP,2066,,,,,91.81046565608192,SSP corrected + TIAM Scenario_1
CYP,2067,,,,,91.94319420958048,SSP corrected + TIAM Scenario_1
CYP,2068,,,,,92.075922763079,SSP corrected + TIAM Scenario_1
CYP,2069,,,,,92.20865131657756,SSP corrected + TIAM Scenario_1
CYP,2070,103118355807.80429,59675.35347424987,1727989.0240164264,0.010371953642682123,92.3413798700761,SSP corrected + TIAM Scenario_1
CZE,2012,176290606021.546,16772.353922332728,10510785.0,8.598432571367486,15.624833278696284,WB hist + TIAM interp
CZE,2013,176216894659.909,16759.78086356421,10514272.0,8.409389310304638,17.800327931391145,WB hist + TIAM interp
CZE,2014,180173337874.854,17118.042557157878,10525347.0,8.214545043524922,19.975822584086004,WB hist + TIAM interp
CZE,2015,189107698561.919,17931.598767076783,10546059.0,8.01278159908118,22.151317236780866,WB hist + TIAM interp
CZE,2016,193988322685.05804,18359.0978103904,10566332.0,7.812133668128072,24.326811889475728,WB hist + TIAM interp
CZE,2017,204024435232.92096,19257.693068091103,10594438.0,7.606626083763347,26.50230654217059,WB hist + TIAM interp
CZE,2018,209798950825.42004,19736.629526128498,10629928.0,7.397064110068115,28.677801194865452,WB hist + TIAM interp
CZE,2019,217279912681.73004,20360.0599221814,10671870.0,7.184550539802556,30.85329584756031,WB hist + TIAM interp
CZE,2020,205753475017.53897,19233.146954982854,10697858.0,6.984100914126665,33.02879050025518,WB hist + TIAM interp
CZE,2021,214043320221.167,20373.878304342317,10505772.0,6.645291393872412,36.03026624564535,WB hist + TIAM interp
CZE,2022,220137498830.72998,20627.34865101098,10672118.0,6.082477037657779,39.03174199103553,WB hist + TIAM interp
CZE,2023,220242240981.103,20272.587401733443,10864042.0,5.5239025308225775,42.033217736425705,WB hist + TIAM interp
CZE,2024,222958017484.654,20445.43283012698,10905028.0,5.053715177929967,45.03469348181588,WB hist + TIAM interp
CZE,2025,222958017484.65417,20445.432830127,10905028.0,4.604289135244749,48.03616922720606,SSP corrected + TIAM Scenario_1
CZE,2026,,,,,45.32300225972651,SSP corrected + TIAM Scenario_1
CZE,2027,,,,,42.60983529224696,SSP corrected + TIAM Scenario_1
CZE,2028,,,,,39.8966683247674,SSP corrected + TIAM Scenario_1
CZE,2029,,,,,37.183501357287845,SSP corrected + TIAM Scenario_1
CZE,2030,257607775895.30338,23333.5244755178,11040242.813107502,2.95629627546926,34.47033438980829,SSP corrected + TIAM Scenario_1
CZE,2031,,,,,39.361478929690215,SSP corrected + TIAM Scenario_1
CZE,2032,,,,,44.25262346957214,SSP corrected + TIAM Scenario_1
CZE,2033,,,,,49.143768009454064,SSP corrected + TIAM Scenario_1
CZE,2034,,,,,54.034912549335985,SSP corrected + TIAM Scenario_1
CZE,2035,294383422612.8842,26442.282396589915,11133056.45093817,1.9608077000188417,58.926057089217906,SSP corrected + TIAM Scenario_1
CZE,2036,,,,,58.70964254691437,SSP corrected + TIAM Scenario_1
CZE,2037,,,,,58.49322800461083,SSP corrected + TIAM Scenario_1
CZE,2038,,,,,58.27681346230728,SSP corrected + TIAM Scenario_1
CZE,2039,,,,,58.06039892000374,SSP corrected + TIAM Scenario_1
CZE,2040,331497343548.0684,29539.838424458307,11222043.221251888,1.8916333499682396,57.8439843777002,SSP corrected + TIAM Scenario_1
CZE,2041,,,,,60.74191142552966,SSP corrected + TIAM Scenario_1
CZE,2042,,,,,63.63983847335911,SSP corrected + TIAM Scenario_1
CZE,2043,,,,,66.53776552118858,SSP corrected + TIAM Scenario_1
CZE,2044,,,,,69.43569256901803,SSP corrected + TIAM Scenario_1
CZE,2045,366308835759.72784,32329.08842812142,11330626.799891287,1.0831954300837852,72.33361961684749,SSP corrected + TIAM Scenario_1
CZE,2046,,,,,73.34213396669794,SSP corrected + TIAM Scenario_1
CZE,2047,,,,,74.3506483165484,SSP corrected + TIAM Scenario_1
CZE,2048,,,,,75.35916266639887,SSP corrected + TIAM Scenario_1
CZE,2049,,,,,76.36767701624933,SSP corrected + TIAM Scenario_1
CZE,2050,402846437657.51215,35204.816534709484,11442935.294388874,0.557578012451426,77.37619136609979,SSP corrected + TIAM Scenario_1
CZE,2051,,,,,76.98769399779452,SSP corrected + TIAM Scenario_1
CZE,2052,,,,,76.59919662948927,SSP corrected + TIAM Scenario_1
CZE,2053,,,,,76.210699261184,SSP corrected + TIAM Scenario_1
CZE,2054,,,,,75.82220189287875,SSP corrected + TIAM Scenario_1
CZE,2055,439621514889.87744,38124.049526000104,11531343.610023938,0.29017869034704574,75.43370452457349,SSP corrected + TIAM Scenario_1
CZE,2056,,,,,75.04520715626822,SSP corrected + TIAM Scenario_1
CZE,2057,,,,,74.65670978796297,SSP corrected + TIAM Scenario_1
CZE,2058,,,,,74.2682124196577,SSP corrected + TIAM Scenario_1
CZE,2059,,,,,73.87971505135245,SSP corrected + TIAM Scenario_1
CZE,2060,478365871995.1003,41319.3424588989,11577286.653845944,0.02694683691172018,73.49121768304718,SSP corrected + TIAM Scenario_1
CZE,2061,,,,,74.7859529841635,SSP corrected + TIAM Scenario_1
CZE,2062,,,,,76.08068828527982,SSP corrected + TIAM Scenario_1
CZE,2063,,,,,77.37542358639612,SSP corrected + TIAM Scenario_1
CZE,2064,,,,,78.67015888751244,SSP corrected + TIAM Scenario_1
CZE,2065,520978742164.6074,45117.043129551406,11547271.40847068,0.02742342758164121,79.96489418862876,SSP corrected + TIAM Scenario_1
CZE,2066,,,,,81.25962948974508,SSP corrected + TIAM Scenario_1
CZE,2067,,,,,82.5543647908614,SSP corrected + TIAM Scenario_1
CZE,2068,,,,,83.8491000919777,SSP corrected + TIAM Scenario_1
CZE,2069,,,,,85.14383539309402,SSP corrected + TIAM Scenario_1
CZE,2070,563977153824.5533,49221.14746035047,11458025.318870485,0.028046740881330284,86.43857069421034,SSP corrected + TIAM Scenario_1
DEU,2012,3284148978797.6904,40834.50882184557,80425823.0,10.548414690490338,15.096854262136018,WB hist + TIAM interp
DEU,2013,3297186905208.2505,40884.8926759028,80645605.0,10.328559870705336,16.42103853448346,WB hist + TIAM interp
DEU,2014,3369071713224.2695,41602.46612816682,80982500.0,10.095279674936329,17.745222806830903,WB hist + TIAM interp
DEU,2015,3425099578746.09,41929.754911072145,81686611.0,9.819589810125786,19.069407079178344,WB hist + TIAM interp
DEU,2016,3501212900675.89,42516.9337063103,82348669.0,9.553488226058478,20.393591351525785,WB hist + TIAM interp
DEU,2017,3599173571724.7,43543.480705055095,82657002.0,9.331394168480301,21.717775623873223,WB hist + TIAM interp
DEU,2018,3640049243667.4004,43905.85500619728,82905782.0,9.117495486269492,23.041959896220668,WB hist + TIAM interp
DEU,2019,3675639268112.0303,44235.26589546814,83092962.0,8.9114782055118,24.36614416856811,WB hist + TIAM interp
DEU,2020,3523764998709.97,42372.872678425534,83160871.0,8.718873887434368,25.69032844091555,WB hist + TIAM interp
DEU,2021,3661544208117.2,44011.01946316748,83196078.0,8.09187271430303,26.64944492330824,WB hist + TIAM interp
DEU,2022,3727790994177.62,44817.131633139,83177813.0,7.470201222918124,27.608561405700936,WB hist + TIAM interp
DEU,2023,3695372350062.48,44368.99200748811,83287273.0,6.837754518379819,28.567677888093627,WB hist + TIAM interp
DEU,2024,3677048776153.86,44027.76315544696,83516593.0,6.19805999708719,29.52679437048632,WB hist + TIAM interp
DEU,2025,3677048776153.854,44027.7631554469,83516593.0,5.5771405935266145,30.485910852879012,SSP corrected + TIAM Scenario_1
DEU,2026,,,,,31.3335577234195,SSP corrected + TIAM Scenario_1
DEU,2027,,,,,32.18120459395999,SSP corrected + TIAM Scenario_1
DEU,2028,,,,,33.02885146450048,SSP corrected + TIAM Scenario_1
DEU,2029,,,,,33.876498335040964,SSP corrected + TIAM Scenario_1
DEU,2030,3842073767730.8413,46188.115968022976,83183167.08113384,4.4710469959020545,34.72414520558145,SSP corrected + TIAM Scenario_1
DEU,2031,,,,,39.28947030971113,SSP corrected + TIAM Scenario_1
DEU,2032,,,,,43.8547954138408,SSP corrected + TIAM Scenario_1
DEU,2033,,,,,48.42012051797048,SSP corrected + TIAM Scenario_1
DEU,2034,,,,,52.98544562210016,SSP corrected + TIAM Scenario_1
DEU,2035,4041182869291.8994,48848.15632987213,82729486.0833999,2.7163536806318187,57.550770726229835,SSP corrected + TIAM Scenario_1
DEU,2036,,,,,60.501386688387505,SSP corrected + TIAM Scenario_1
DEU,2037,,,,,63.452002650545175,SSP corrected + TIAM Scenario_1
DEU,2038,,,,,66.40261861270285,SSP corrected + TIAM Scenario_1
DEU,2039,,,,,69.35323457486052,SSP corrected + TIAM Scenario_1
DEU,2040,4304197060811.1313,52381.30706424368,82170478.40238498,1.0776952597780192,72.30385053701819,SSP corrected + TIAM Scenario_1
DEU,2041,,,,,74.60795847005839,SSP corrected + TIAM Scenario_1
DEU,2042,,,,,76.91206640309858,SSP corrected + TIAM Scenario_1
DEU,2043,,,,,79.21617433613878,SSP corrected + TIAM Scenario_1
DEU,2044,,,,,81.52028226917896,SSP corrected + TIAM Scenario_1
DEU,2045,4576073495464.782,56145.44877318258,81503908.07189535,0.15301707401173464,83.82439020221916,SSP corrected + TIAM Scenario_1
DEU,2046,,,,,84.24126685670011,SSP corrected + TIAM Scenario_1
DEU,2047,,,,,84.65814351118105,SSP corrected + TIAM Scenario_1
DEU,2048,,,,,85.075020165662,SSP corrected + TIAM Scenario_1
DEU,2049,,,,,85.49189682014294,SSP corrected + TIAM Scenario_1
DEU,2050,4837786716301.392,59945.11673164355,80703599.89386164,0.07129583947039571,85.90877347462389,SSP corrected + TIAM Scenario_1
DEU,2051,,,,,86.41930556067057,SSP corrected + TIAM Scenario_1
DEU,2052,,,,,86.92983764671725,SSP corrected + TIAM Scenario_1
DEU,2053,,,,,87.44036973276393,SSP corrected + TIAM Scenario_1
DEU,2054,,,,,87.9509018188106,SSP corrected + TIAM Scenario_1
DEU,2055,5100096995656.193,63934.24044964579,79770979.67829926,0.04606658938963926,88.46143390485727,SSP corrected + TIAM Scenario_1
DEU,2056,,,,,88.97196599090395,SSP corrected + TIAM Scenario_1
DEU,2057,,,,,89.48249807695063,SSP corrected + TIAM Scenario_1
DEU,2058,,,,,89.99303016299731,SSP corrected + TIAM Scenario_1
DEU,2059,,,,,90.503562249044,SSP corrected + TIAM Scenario_1
DEU,2060,5393816739087.001,68451.13734182017,78798058.71087627,0.0202507911424331,91.01409433509068,SSP corrected + TIAM Scenario_1
DEU,2061,,,,,91.1468228885892,SSP corrected + TIAM Scenario_1
DEU,2062,,,,,91.27955144208777,SSP corrected + TIAM Scenario_1
DEU,2063,,,,,91.4122799955863,SSP corrected + TIAM Scenario_1
DEU,2064,,,,,91.54500854908484,SSP corrected + TIAM Scenario_1
DEU,2065,5694918196780.526,73275.62232247934,77719137.91080081,0.02110804350875473,91.6777371025834,SSP corrected + TIAM Scenario_1
DEU,2066,,,,,91.81046565608192,SSP corrected + TIAM Scenario_1
DEU,2067,,,,,91.94319420958048,SSP corrected + TIAM Scenario_1
DEU,2068,,,,,92.075922763079,SSP corrected + TIAM Scenario_1
DEU,2069,,,,,92.20865131657756,SSP corrected + TIAM Scenario_1
DEU,2070,6006524359325.499,78397.76324711622,76616016.96967347,0.021996377862505204,92.3413798700761,SSP corrected + TIAM Scenario_1
DJI,2012,,,,,95.89327490675244,WB hist + TIAM interp
DJI,2013,2107658964.77279,2140.137694423359,984824.0,0.20267400650426978,95.20050503714818,WB hist + TIAM interp
DJI,2014,2259262606.11241,2253.140822497684,1002717.0,0.2100821494387871,94.50773516754391,WB hist + TIAM interp
DJI,2015,2424391785.43897,2376.1255471987224,1020313.0,0.21729377112323717,93.81496529793964,WB hist + TIAM interp
DJI,2016,2597091693.86547,2502.8518144943155,1037653.0,0.22431619853006235,93.12219542833536,WB hist + TIAM interp
DJI,2017,2738843335.30256,2596.4513469826825,1054841.0,0.23114108496974048,92.42942555873113,WB hist + TIAM interp
DJI,2018,2869605010.3792,2677.165033445099,1071882.0,0.23777972768254088,91.73665568912683,WB hist + TIAM interp
DJI,2019,3028726927.17701,2781.9435011348396,1088709.0,0.24425859152911253,91.0438858195226,WB hist + TIAM interp
DJI,2020,3065135713.11422,2773.4066178009716,1105188.0,0.25061911980796014,90.35111594991832,WB hist + TIAM interp
DJI,2021,3200221046.31128,2854.159870350966,1121248.0,0.2640442339700931,90.31619345476734,WB hist + TIAM interp
DJI,2022,3365561651.66421,2959.7867301126817,1137096.0,0.27714185496974564,90.28127095961636,WB hist + TIAM interp
DJI,2023,3594666717.82039,3117.8155381531024,1152944.0,0.2898794045390383,90.24634846446536,WB hist + TIAM interp
DJI,2024,3845591877.0947595,3290.424820525976,1168722.0,0.3022896340233486,90.21142596931438,WB hist + TIAM interp
DJI,2025,3845591877.0947647,3290.42482052598,1168722.0,0.3186132982208045,90.1765034741634,SSP corrected + TIAM Scenario_1
DJI,2026,,,,,89.40002543097587,SSP corrected + TIAM Scenario_1
DJI,2027,,,,,88.62354738778835,SSP corrected + TIAM Scenario_1
DJI,2028,,,,,87.84706934460083,SSP corrected + TIAM Scenario_1
DJI,2029,,,,,87.0705913014133,SSP corrected + TIAM Scenario_1
DJI,2030,5224853813.613965,4222.071365498487,1237509.592166044,0.3978741303357468,86.29411325822578,SSP corrected + TIAM Scenario_1
DJI,2031,,,,,84.89296686399332,SSP corrected + TIAM Scenario_1
DJI,2032,,,,,83.49182046976087,SSP corrected + TIAM Scenario_1
DJI,2033,,,,,82.0906740755284,SSP corrected + TIAM Scenario_1
DJI,2034,,,,,80.68952768129594,SSP corrected + TIAM Scenario_1
DJI,2035,6972688643.665352,5364.871313066624,1299693.550278223,0.5075089593012329,79.28838128706349,SSP corrected + TIAM Scenario_1
DJI,2036,,,,,78.9052142249639,SSP corrected + TIAM Scenario_1
DJI,2037,,,,,78.52204716286431,SSP corrected + TIAM Scenario_1
DJI,2038,,,,,78.13888010076471,SSP corrected + TIAM Scenario_1
DJI,2039,,,,,77.75571303866512,SSP corrected + TIAM Scenario_1
DJI,2040,9117516445.786327,6728.322438212382,1355095.0522235555,0.5850718388145082,77.37254597656553,SSP corrected + TIAM Scenario_1
DJI,2041,,,,,77.07855073364088,SSP corrected + TIAM Scenario_1
DJI,2042,,,,,76.78455549071623,SSP corrected + TIAM Scenario_1
DJI,2043,,,,,76.49056024779159,SSP corrected + TIAM Scenario_1
DJI,2044,,,,,76.19656500486694,SSP corrected + TIAM Scenario_1
DJI,2045,11660225347.431206,8310.33470661287,1403099.364716645,0.7001865534081043,75.90256976194229,SSP corrected + TIAM Scenario_1
DJI,2046,,,,,77.21206548678956,SSP corrected + TIAM Scenario_1
DJI,2047,,,,,78.52156121163682,SSP corrected + TIAM Scenario_1
DJI,2048,,,,,79.8310569364841,SSP corrected + TIAM Scenario_1
DJI,2049,,,,,81.14055266133137,SSP corrected + TIAM Scenario_1
DJI,2050,14600815348.599997,10119.641463675383,1442819.4319936985,0.6509659519812812,82.45004838617864,SSP corrected + TIAM Scenario_1
DJI,2051,,,,,82.15498802522372,SSP corrected + TIAM Scenario_1
DJI,2052,,,,,81.85992766426878,SSP corrected + TIAM Scenario_1
DJI,2053,,,,,81.56486730331386,SSP corrected + TIAM Scenario_1
DJI,2054,,,,,81.26980694235893,SSP corrected + TIAM Scenario_1
DJI,2055,17915307008.026676,12164.751540185864,1472722.8048056748,0.4642193802887759,80.974746581404,SSP corrected + TIAM Scenario_1
DJI,2056,,,,,80.67968622044908,SSP corrected + TIAM Scenario_1
DJI,2057,,,,,80.38462585949415,SSP corrected + TIAM Scenario_1
DJI,2058,,,,,80.08956549853923,SSP corrected + TIAM Scenario_1
DJI,2059,,,,,79.7945051375843,SSP corrected + TIAM Scenario_1
DJI,2060,21618798492.43434,14470.689011238244,1493971.605335774,0.28655605565340675,79.49944477662937,SSP corrected + TIAM Scenario_1
DJI,2061,,,,,78.8413265381611,SSP corrected + TIAM Scenario_1
DJI,2062,,,,,78.18320829969282,SSP corrected + TIAM Scenario_1
DJI,2063,,,,,77.52509006122453,SSP corrected + TIAM Scenario_1
DJI,2064,,,,,76.86697182275626,SSP corrected + TIAM Scenario_1
DJI,2065,25728164223.45458,17065.76820345866,1507588.988478136,0.15440257164918458,76.20885358428798,SSP corrected + TIAM Scenario_1
DJI,2066,,,,,75.5507353458197,SSP corrected + TIAM Scenario_1
DJI,2067,,,,,74.89261710735143,SSP corrected + TIAM Scenario_1
DJI,2068,,,,,74.23449886888314,SSP corrected + TIAM Scenario_1
DJI,2069,,,,,73.57638063041486,SSP corrected + TIAM Scenario_1
DJI,2070,30183899661.64956,19922.861664191645,1515038.3599711778,0.02471529706979766,72.91826239194658,SSP corrected + TIAM Scenario_1
DMA,2012,589738544.378908,8532.343881172894,69118.0,,,WB hist + TIAM interp
DMA,2013,589765106.18701,8459.65869880241,69715.0,,,WB hist + TIAM interp
DMA,2014,603537403.687762,8576.263676236085,70373.0,,,WB hist + TIAM interp
DMA,2015,583177777.777778,8282.598747021419,70410.0,,,WB hist + TIAM interp
DMA,2016,591617792.302106,8499.522919031491,69606.0,,,WB hist + TIAM interp
DMA,2017,546983994.013143,7985.634110212902,68496.0,,,WB hist + TIAM interp
DMA,2018,563196657.633243,8261.164925532357,68174.0,,,WB hist + TIAM interp
DMA,2019,585432211.240413,8624.51695993537,67880.0,,,WB hist + TIAM interp
DMA,2020,493481872.044211,7302.944549512542,67573.0,,,WB hist + TIAM interp
DMA,2021,520030399.241901,7738.317300703863,67202.0,,,WB hist + TIAM interp
DMA,2022,574096959.632995,8590.922090698157,66826.0,,,WB hist + TIAM interp
DMA,2023,595064186.903307,8946.988225880423,66510.0,,,WB hist + TIAM interp
DMA,2024,607279298.4040952,9172.710496247944,66205.0,,,WB hist + TIAM interp
DNK,2012,287802068160.374,51470.68984542701,5591572.0,6.657243417042192,15.096854262136018,WB hist + TIAM interp
DNK,2013,291810211099.295,51970.39093248057,5614932.0,6.509110199856702,16.42103853448346,WB hist + TIAM interp
DNK,2014,295539545106.694,52368.36259692724,5643475.0,6.356361358469053,17.745222806830903,WB hist + TIAM interp
DNK,2015,301758922337.637,53094.01336075731,5683483.0,6.1926325252086585,19.069407079178344,WB hist + TIAM interp
DNK,2016,311032111297.516,54300.20396219909,5728010.0,6.026434476730111,20.393591351525785,WB hist + TIAM interp
DNK,2017,320538736986.013,55601.01457177874,5764980.0,5.8704856238597865,21.717775623873223,WB hist + TIAM interp
DNK,2018,326500781502.599,56355.0733084714,5793636.0,5.724727524584482,23.041959896220668,WB hist + TIAM interp
DNK,2019,332088518944.14606,57114.62273363475,5814422.0,5.58795745155888,24.36614416856811,WB hist + TIAM interp
DNK,2020,326176991232.295,55934.55559455235,5831404.0,5.4557183838046965,25.69032844091555,WB hist + TIAM interp
DNK,2021,347379325644.417,59312.81580437712,5856733.0,5.043617235671966,26.64944492330824,WB hist + TIAM interp
DNK,2022,348921108389.075,59108.744937406795,5903037.0,4.618595648454397,27.608561405700936,WB hist + TIAM interp
DNK,2023,351030642724.0,59026.98436509997,5946952.0,4.201877280698049,28.567677888093627,WB hist + TIAM interp
DNK,2024,363238912546.8901,60772.862427604065,5976992.0,3.8000693317873537,29.52679437048632,WB hist + TIAM interp
DNK,2025,363238912546.8903,60772.8624276041,5976992.0,3.419379763746528,30.485910852879012,SSP corrected + TIAM Scenario_1
DNK,2026,,,,,31.3335577234195,SSP corrected + TIAM Scenario_1
DNK,2027,,,,,32.18120459395999,SSP corrected + TIAM Scenario_1
DNK,2028,,,,,33.02885146450048,SSP corrected + TIAM Scenario_1
DNK,2029,,,,,33.876498335040964,SSP corrected + TIAM Scenario_1
DNK,2030,388607157056.6826,63514.67787354987,6118383.4991709,2.6671880766990483,34.72414520558145,SSP corrected + TIAM Scenario_1
DNK,2031,,,,,39.28947030971113,SSP corrected + TIAM Scenario_1
DNK,2032,,,,,43.8547954138408,SSP corrected + TIAM Scenario_1
DNK,2033,,,,,48.42012051797048,SSP corrected + TIAM Scenario_1
DNK,2034,,,,,52.98544562210016,SSP corrected + TIAM Scenario_1
DNK,2035,417383100069.3977,66782.29540830596,6249906.468735818,1.5776794706898634,57.550770726229835,SSP corrected + TIAM Scenario_1
DNK,2036,,,,,60.501386688387505,SSP corrected + TIAM Scenario_1
DNK,2037,,,,,63.452002650545175,SSP corrected + TIAM Scenario_1
DNK,2038,,,,,66.40261861270285,SSP corrected + TIAM Scenario_1
DNK,2039,,,,,69.35323457486052,SSP corrected + TIAM Scenario_1
DNK,2040,452368378270.6867,71011.10441115615,6370389.279561996,0.6099461100817325,72.30385053701819,SSP corrected + TIAM Scenario_1
DNK,2041,,,,,74.60795847005839,SSP corrected + TIAM Scenario_1
DNK,2042,,,,,76.91206640309858,SSP corrected + TIAM Scenario_1
DNK,2043,,,,,79.21617433613878,SSP corrected + TIAM Scenario_1
DNK,2044,,,,,81.52028226917896,SSP corrected + TIAM Scenario_1
DNK,2045,494306576739.7867,76192.0677878964,6487638.294787301,0.08434849686458701,83.82439020221916,SSP corrected + TIAM Scenario_1
DNK,2046,,,,,84.24126685670011,SSP corrected + TIAM Scenario_1
DNK,2047,,,,,84.65814351118105,SSP corrected + TIAM Scenario_1
DNK,2048,,,,,85.075020165662,SSP corrected + TIAM Scenario_1
DNK,2049,,,,,85.49189682014294,SSP corrected + TIAM Scenario_1
DNK,2050,542067126334.7178,82032.78158884168,6607933.02184515,0.038206487412032836,85.90877347462389,SSP corrected + TIAM Scenario_1
DNK,2051,,,,,86.41930556067057,SSP corrected + TIAM Scenario_1
DNK,2052,,,,,86.92983764671725,SSP corrected + TIAM Scenario_1
DNK,2053,,,,,87.44036973276393,SSP corrected + TIAM Scenario_1
DNK,2054,,,,,87.9509018188106,SSP corrected + TIAM Scenario_1
DNK,2055,592843593046.7338,88047.65898484348,6733212.442920099,0.02394717665215323,88.46143390485727,SSP corrected + TIAM Scenario_1
DNK,2056,,,,,88.97196599090395,SSP corrected + TIAM Scenario_1
DNK,2057,,,,,89.48249807695063,SSP corrected + TIAM Scenario_1
DNK,2058,,,,,89.99303016299731,SSP corrected + TIAM Scenario_1
DNK,2059,,,,,90.503562249044,SSP corrected + TIAM Scenario_1
DNK,2060,647022960938.5829,94319.38143530326,6859915.227310911,0.010206677994610069,91.01409433509068,SSP corrected + TIAM Scenario_1
DNK,2061,,,,,91.1468228885892,SSP corrected + TIAM Scenario_1
DNK,2062,,,,,91.27955144208777,SSP corrected + TIAM Scenario_1
DNK,2063,,,,,91.4122799955863,SSP corrected + TIAM Scenario_1
DNK,2064,,,,,91.54500854908484,SSP corrected + TIAM Scenario_1
DNK,2065,705270458812.3334,101080.7089677442,6977300.278309206,0.01031654296299271,91.6777371025834,SSP corrected + TIAM Scenario_1
DNK,2066,,,,,91.81046565608192,SSP corrected + TIAM Scenario_1
DNK,2067,,,,,91.94319420958048,SSP corrected + TIAM Scenario_1
DNK,2068,,,,,92.075922763079,SSP corrected + TIAM Scenario_1
DNK,2069,,,,,92.20865131657756,SSP corrected + TIAM Scenario_1
DNK,2070,767598879529.5663,108366.79499982671,7083340.238407842,0.010439466111950069,92.3413798700761,SSP corrected + TIAM Scenario_1
DOM,2012,59015618840.2876,5860.298933210134,10070411.0,2.8918935185066665,38.879500250197985,WB hist + TIAM interp
DOM,2013,61927882062.5429,6075.033999727374,10193833.0,2.8865820894948366,38.85667685180975,WB hist + TIAM interp
DOM,2014,66331713896.7879,6430.278110513384,10315528.0,2.881880134744882,38.83385345342151,WB hist + TIAM interp
DOM,2015,70966782572.4386,6800.953093954736,10434829.0,2.8779479456834216,38.81103005503327,WB hist + TIAM interp
DOM,2016,75735566406.0476,7177.7537647548825,10551430.0,2.8748401065647946,38.78820665664504,WB hist + TIAM interp
DOM,2017,78714898894.65588,7379.399780671365,10666843.0,2.8721200459324425,38.7653832582568,WB hist + TIAM interp
DOM,2018,84301701754.6018,7818.705932404692,10782053.0,2.869512241186102,38.74255985986856,WB hist + TIAM interp
DOM,2019,88427452425.8944,8117.046391857862,10894043.0,2.8678069776409467,38.71973646148032,WB hist + TIAM interp
DOM,2020,81415993438.0734,7395.873426239601,11008300.0,2.8655461780314577,38.69691306309209,WB hist + TIAM interp
DOM,2021,92824351636.87682,8344.905103123952,11123476.0,2.7685724513998204,39.00786664522744,WB hist + TIAM interp
DOM,2022,97686450823.9666,8698.135920943956,11230734.0,2.6754712953926654,39.318820227362785,WB hist + TIAM interp
DOM,2023,99828029402.8707,8809.963353859494,11331265.0,2.5856657371417775,39.62977380949813,WB hist + TIAM interp
DOM,2024,104773032846.36,9168.45418897145,11427557.0,2.4983660895112756,39.94072739163348,WB hist + TIAM interp
DOM,2025,104773032846.35954,9168.45418897141,11427557.0,2.4328540317532936,40.25168097376883,SSP corrected + TIAM Scenario_1
DOM,2026,,,,,41.03311574715632,SSP corrected + TIAM Scenario_1
DOM,2027,,,,,41.81455052054381,SSP corrected + TIAM Scenario_1
DOM,2028,,,,,42.59598529393129,SSP corrected + TIAM Scenario_1
DOM,2029,,,,,43.37742006731878,SSP corrected + TIAM Scenario_1
DOM,2030,123218069012.82161,10383.078378658947,11867200.123046374,2.182666125775446,44.15885484070627,SSP corrected + TIAM Scenario_1
DOM,2031,,,,,43.75068382553754,SSP corrected + TIAM Scenario_1
DOM,2032,,,,,43.34251281036882,SSP corrected + TIAM Scenario_1
DOM,2033,,,,,42.93434179520009,SSP corrected + TIAM Scenario_1
DOM,2034,,,,,42.52617078003136,SSP corrected + TIAM Scenario_1
DOM,2035,142683405161.33203,11652.47150432561,12244904.877764804,1.9650971089982876,42.11799976486264,SSP corrected + TIAM Scenario_1
DOM,2036,,,,,42.63433136242324,SSP corrected + TIAM Scenario_1
DOM,2037,,,,,43.15066295998385,SSP corrected + TIAM Scenario_1
DOM,2038,,,,,43.66699455754445,SSP corrected + TIAM Scenario_1
DOM,2039,,,,,44.18332615510506,SSP corrected + TIAM Scenario_1
DOM,2040,163867392046.78113,13057.486858779965,12549688.4522304,1.723132024765404,44.69965775266566,SSP corrected + TIAM Scenario_1
DOM,2041,,,,,45.21361097692995,SSP corrected + TIAM Scenario_1
DOM,2042,,,,,45.72756420119425,SSP corrected + TIAM Scenario_1
DOM,2043,,,,,46.24151742545854,SSP corrected + TIAM Scenario_1
DOM,2044,,,,,46.75547064972284,SSP corrected + TIAM Scenario_1
DOM,2045,186506616665.13217,14577.165409847812,12794436.464248046,1.5887162581811558,47.26942387398713,SSP corrected + TIAM Scenario_1
DOM,2046,,,,,46.98986888073011,SSP corrected + TIAM Scenario_1
DOM,2047,,,,,46.71031388747309,SSP corrected + TIAM Scenario_1
DOM,2048,,,,,46.43075889421607,SSP corrected + TIAM Scenario_1
DOM,2049,,,,,46.151203900959054,SSP corrected + TIAM Scenario_1
DOM,2050,210354682356.2768,16205.203438401682,12980687.540015483,1.596033805655962,45.87164890770203,SSP corrected + TIAM Scenario_1
DOM,2051,,,,,45.7537597769145,SSP corrected + TIAM Scenario_1
DOM,2052,,,,,45.63587064612697,SSP corrected + TIAM Scenario_1
DOM,2053,,,,,45.51798151533943,SSP corrected + TIAM Scenario_1
DOM,2054,,,,,45.4000923845519,SSP corrected + TIAM Scenario_1
DOM,2055,235387085584.95557,17977.377727642044,13093516.148521706,1.1591545294474577,45.282203253764365,SSP corrected + TIAM Scenario_1
DOM,2056,,,,,45.16431412297683,SSP corrected + TIAM Scenario_1
DOM,2057,,,,,45.0464249921893,SSP corrected + TIAM Scenario_1
DOM,2058,,,,,44.92853586140176,SSP corrected + TIAM Scenario_1
DOM,2059,,,,,44.81064673061423,SSP corrected + TIAM Scenario_1
DOM,2060,261263499472.56732,19880.327803567292,13141810.439649122,0.7333236930816818,44.6927575998267,SSP corrected + TIAM Scenario_1
DOM,2061,,,,,44.73681582547181,SSP corrected + TIAM Scenario_1
DOM,2062,,,,,44.78087405111692,SSP corrected + TIAM Scenario_1
DOM,2063,,,,,44.82493227676203,SSP corrected + TIAM Scenario_1
DOM,2064,,,,,44.86899050240714,SSP corrected + TIAM Scenario_1
DOM,2065,288184036223.7291,21928.481428698517,13141996.95773613,0.4282632527165479,44.913048728052246,SSP corrected + TIAM Scenario_1
DOM,2066,,,,,44.957106953697355,SSP corrected + TIAM Scenario_1
DOM,2067,,,,,45.001165179342465,SSP corrected + TIAM Scenario_1
DOM,2068,,,,,45.045223404987574,SSP corrected + TIAM Scenario_1
DOM,2069,,,,,45.08928163063269,SSP corrected + TIAM Scenario_1
DOM,2070,315869627797.9886,24093.86249732818,13109962.25005501,0.12351429640710164,45.13333985627779,SSP corrected + TIAM Scenario_1
DZA,2012,170101934378.955,4518.439789564626,37646166.0,2.004536663839818,1.609210222459497,WB hist + TIAM interp
DZA,2013,174524584673.84903,4543.2344400676775,38414171.0,2.0372424540933083,1.5606266885685411,WB hist + TIAM interp
DZA,2014,181680092643.147,4634.101491799534,39205031.0,2.0674601685686715,1.5120431546775852,WB hist + TIAM interp
DZA,2015,187493855609.345,4685.059027290026,40019529.0,2.095244549229952,1.4634596207866293,WB hist + TIAM interp
DZA,2016,194806115978.439,4768.731400810258,40850721.0,2.121053383611026,1.4148760868956731,WB hist + TIAM interp
DZA,2017,197728207716.082,4742.900755325293,41689299.0,2.145452721572507,1.3662925530047172,WB hist + TIAM interp
DZA,2018,200496402625.853,4717.003588536111,42505035.0,2.170055382850526,1.3177090191137613,WB hist + TIAM interp
DZA,2019,202300870247.92,4672.664086786359,43294546.0,2.195060320068953,1.269125485222805,WB hist + TIAM interp
DZA,2020,192185826737.373,4363.685337677836,44042091.0,2.2212841801720993,1.2205419513318494,WB hist + TIAM interp
DZA,2021,199488888151.485,4456.746876377744,44761099.0,1.9452730595377026,4.136488982628573,WB hist + TIAM interp
DZA,2022,206670488126.832,4544.466880603722,45477389.0,1.6780893027961654,7.052436013925297,WB hist + TIAM interp
DZA,2023,215143978140.15503,4660.4054568789525,46164219.0,1.420097240245741,9.96838304522202,WB hist + TIAM interp
DZA,2024,223104305329.361,4765.729001683865,46814308.0,1.170587419555577,12.884330076518744,WB hist + TIAM interp
DZA,2025,223104305329.3612,4765.72900168387,46814308.0,0.9407978432576639,15.800277107815466,SSP corrected + TIAM Scenario_1
DZA,2026,,,,,16.254138633502652,SSP corrected + TIAM Scenario_1
DZA,2027,,,,,16.70800015918984,SSP corrected + TIAM Scenario_1
DZA,2028,,,,,17.161861684877028,SSP corrected + TIAM Scenario_1
DZA,2029,,,,,17.615723210564216,SSP corrected + TIAM Scenario_1
DZA,2030,262327673178.91745,5376.297079837581,48793373.8190752,0.9964693193851692,18.069584736251404,SSP corrected + TIAM Scenario_1
DZA,2031,,,,,18.457414731851134,SSP corrected + TIAM Scenario_1
DZA,2032,,,,,18.84524472745087,SSP corrected + TIAM Scenario_1
DZA,2033,,,,,19.2330747230506,SSP corrected + TIAM Scenario_1
DZA,2034,,,,,19.620904718650333,SSP corrected + TIAM Scenario_1
DZA,2035,294400807664.2365,5831.32314095708,50486107.620494045,0.9200253731017473,20.008734714250064,SSP corrected + TIAM Scenario_1
DZA,2036,,,,,24.447115107944008,SSP corrected + TIAM Scenario_1
DZA,2037,,,,,28.885495501637948,SSP corrected + TIAM Scenario_1
DZA,2038,,,,,33.32387589533189,SSP corrected + TIAM Scenario_1
DZA,2039,,,,,37.76225628902583,SSP corrected + TIAM Scenario_1
DZA,2040,323168618372.82654,6215.755187534213,51991851.13032538,0.5436390393015635,42.200636682719775,SSP corrected + TIAM Scenario_1
DZA,2041,,,,,44.00709466761089,SSP corrected + TIAM Scenario_1
DZA,2042,,,,,45.81355265250202,SSP corrected + TIAM Scenario_1
DZA,2043,,,,,47.620010637393136,SSP corrected + TIAM Scenario_1
DZA,2044,,,,,49.42646862228426,SSP corrected + TIAM Scenario_1
DZA,2045,357600156437.52606,6707.930945354943,53310053.33099833,0.4725281335509829,51.23292660717538,SSP corrected + TIAM Scenario_1
DZA,2046,,,,,55.23217830609265,SSP corrected + TIAM Scenario_1
DZA,2047,,,,,59.23143000500991,SSP corrected + TIAM Scenario_1
DZA,2048,,,,,63.23068170392718,SSP corrected + TIAM Scenario_1
DZA,2049,,,,,67.22993340284445,SSP corrected + TIAM Scenario_1
DZA,2050,400964196150.55347,7386.901764983125,54280428.914228216,0.3683592852885307,71.22918510176171,SSP corrected + TIAM Scenario_1
DZA,2051,,,,,73.7919421116908,SSP corrected + TIAM Scenario_1
DZA,2052,,,,,76.35469912161989,SSP corrected + TIAM Scenario_1
DZA,2053,,,,,78.91745613154896,SSP corrected + TIAM Scenario_1
DZA,2054,,,,,81.48021314147805,SSP corrected + TIAM Scenario_1
DZA,2055,452262359487.6855,8249.95235732819,54819996.51621675,0.3086975752542036,84.04297015140713,SSP corrected + TIAM Scenario_1
DZA,2056,,,,,86.60572716133622,SSP corrected + TIAM Scenario_1
DZA,2057,,,,,89.1684841712653,SSP corrected + TIAM Scenario_1
DZA,2058,,,,,91.73124118119438,SSP corrected + TIAM Scenario_1
DZA,2059,,,,,94.29399819112346,SSP corrected + TIAM Scenario_1
DZA,2060,511688935813.9433,9312.64015409657,54945635.96864146,0.25208371430817506,96.85675520105256,SSP corrected + TIAM Scenario_1
DZA,2061,,,,,97.0084628585174,SSP corrected + TIAM Scenario_1
DZA,2062,,,,,97.16017051598224,SSP corrected + TIAM Scenario_1
DZA,2063,,,,,97.31187817344708,SSP corrected + TIAM Scenario_1
DZA,2064,,,,,97.46358583091192,SSP corrected + TIAM Scenario_1
DZA,2065,579551710262.0381,10580.3967566647,54775990.31406573,0.1467540788201103,97.61529348837676,SSP corrected + TIAM Scenario_1
DZA,2066,,,,,97.76700114584158,SSP corrected + TIAM Scenario_1
DZA,2067,,,,,97.91870880330642,SSP corrected + TIAM Scenario_1
DZA,2068,,,,,98.07041646077126,SSP corrected + TIAM Scenario_1
DZA,2069,,,,,98.2221241182361,SSP corrected + TIAM Scenario_1
DZA,2070,651424828806.4735,11980.768686985251,54372540.345772505,0.04094530043735755,98.37383177570094,SSP corrected + TIAM Scenario_1
ECU,2012,86890603905.3287,5579.856242821577,15572194.0,2.693194872770306,38.879500250197985,WB hist + TIAM interp
ECU,2013,93156490881.1886,5893.321726830364,15807128.0,2.6807514409659574,38.85667685180975,WB hist + TIAM interp
ECU,2014,97093344927.4784,6055.041727614853,16035124.0,2.6698271424955697,38.83385345342151,WB hist + TIAM interp
ECU,2015,97209558000.0,5976.159680565097,16266225.0,2.658701537291593,38.81103005503327,WB hist + TIAM interp
ECU,2016,96540800718.3398,5849.135879336721,16505139.0,2.6466342112223193,38.78820665664504,WB hist + TIAM interp
ECU,2017,102304671535.156,6104.272535217508,16759519.0,2.6324797068059382,38.7653832582568,WB hist + TIAM interp
ECU,2018,103373033702.498,6063.09561787759,17049547.0,2.613273055775462,38.74255985986856,WB hist + TIAM interp
ECU,2019,103544017315.435,5971.389383867239,17340021.0,2.594642181415245,38.71973646148032,WB hist + TIAM interp
ECU,2020,93971273313.9152,5355.689341964435,17546065.0,2.589023694952399,38.69691306309209,WB hist + TIAM interp
ECU,2021,102825145845.295,5815.094773909493,17682454.0,2.5080833744772213,39.00786664522744,WB hist + TIAM interp
ECU,2022,108859360917.986,6107.494950065409,17823897.0,2.427693548528782,39.318820227362785,WB hist + TIAM interp
ECU,2023,111023744250.546,6174.818228066356,17980083.0,2.3466438178135656,39.62977380949813,WB hist + TIAM interp
ECU,2024,108801876280.216,5999.393910665934,18135478.0,2.2670889333552755,39.94072739163348,WB hist + TIAM interp
ECU,2025,108801876280.21594,5999.39391066593,18135478.0,2.2076414161287246,40.25168097376883,SSP corrected + TIAM Scenario_1
ECU,2026,,,,,41.03311574715632,SSP corrected + TIAM Scenario_1
ECU,2027,,,,,41.81455052054381,SSP corrected + TIAM Scenario_1
ECU,2028,,,,,42.59598529393129,SSP corrected + TIAM Scenario_1
ECU,2029,,,,,43.37742006731878,SSP corrected + TIAM Scenario_1
ECU,2030,129568934460.25801,6838.353361342979,18947388.006110884,1.9686763174152755,44.15885484070627,SSP corrected + TIAM Scenario_1
ECU,2031,,,,,43.75068382553754,SSP corrected + TIAM Scenario_1
ECU,2032,,,,,43.34251281036882,SSP corrected + TIAM Scenario_1
ECU,2033,,,,,42.93434179520009,SSP corrected + TIAM Scenario_1
ECU,2034,,,,,42.52617078003136,SSP corrected + TIAM Scenario_1
ECU,2035,152686525956.28308,7765.19147280814,19662944.112962972,1.762296499900969,42.11799976486264,SSP corrected + TIAM Scenario_1
ECU,2036,,,,,42.63433136242324,SSP corrected + TIAM Scenario_1
ECU,2037,,,,,43.15066295998385,SSP corrected + TIAM Scenario_1
ECU,2038,,,,,43.66699455754445,SSP corrected + TIAM Scenario_1
ECU,2039,,,,,44.18332615510506,SSP corrected + TIAM Scenario_1
ECU,2040,179683942423.66885,8859.368398641678,20281800.500723965,1.5354408227911602,44.69965775266566,SSP corrected + TIAM Scenario_1
ECU,2041,,,,,45.21361097692995,SSP corrected + TIAM Scenario_1
ECU,2042,,,,,45.72756420119425,SSP corrected + TIAM Scenario_1
ECU,2043,,,,,46.24151742545854,SSP corrected + TIAM Scenario_1
ECU,2044,,,,,46.75547064972284,SSP corrected + TIAM Scenario_1
ECU,2045,210572623445.6651,10131.078694190108,20784817.668667667,1.4083460299989088,47.26942387398713,SSP corrected + TIAM Scenario_1
ECU,2046,,,,,46.98986888073011,SSP corrected + TIAM Scenario_1
ECU,2047,,,,,46.71031388747309,SSP corrected + TIAM Scenario_1
ECU,2048,,,,,46.43075889421607,SSP corrected + TIAM Scenario_1
ECU,2049,,,,,46.151203900959054,SSP corrected + TIAM Scenario_1
ECU,2050,245276104439.50293,11582.041339079557,21177277.58507512,1.4088272516063425,45.87164890770203,SSP corrected + TIAM Scenario_1
ECU,2051,,,,,45.7537597769145,SSP corrected + TIAM Scenario_1
ECU,2052,,,,,45.63587064612697,SSP corrected + TIAM Scenario_1
ECU,2053,,,,,45.51798151533943,SSP corrected + TIAM Scenario_1
ECU,2054,,,,,45.4000923845519,SSP corrected + TIAM Scenario_1
ECU,2055,284111081236.1769,13243.452675539129,21452946.463193443,1.0188230614896614,45.282203253764365,SSP corrected + TIAM Scenario_1
ECU,2056,,,,,45.16431412297683,SSP corrected + TIAM Scenario_1
ECU,2057,,,,,45.0464249921893,SSP corrected + TIAM Scenario_1
ECU,2058,,,,,44.92853586140176,SSP corrected + TIAM Scenario_1
ECU,2059,,,,,44.81064673061423,SSP corrected + TIAM Scenario_1
ECU,2060,326881876753.7989,15120.473163246705,21618495.216694,0.6419682439231983,44.6927575998267,SSP corrected + TIAM Scenario_1
ECU,2061,,,,,44.73681582547181,SSP corrected + TIAM Scenario_1
ECU,2062,,,,,44.78087405111692,SSP corrected + TIAM Scenario_1
ECU,2063,,,,,44.82493227676203,SSP corrected + TIAM Scenario_1
ECU,2064,,,,,44.86899050240714,SSP corrected + TIAM Scenario_1
ECU,2065,373105620162.5994,17187.96589860633,21707374.93683603,0.37338163832989524,44.913048728052246,SSP corrected + TIAM Scenario_1
ECU,2066,,,,,44.957106953697355,SSP corrected + TIAM Scenario_1
ECU,2067,,,,,45.001165179342465,SSP corrected + TIAM Scenario_1
ECU,2068,,,,,45.045223404987574,SSP corrected + TIAM Scenario_1
ECU,2069,,,,,45.08928163063269,SSP corrected + TIAM Scenario_1
ECU,2070,422604094797.22876,19450.64750100403,21726993.65280329,0.10732653869442756,45.13333985627779,SSP corrected + TIAM Scenario_1
EGY,2012,300070833532.511,3220.991942030668,93161001.0,1.8028608344386508,12.924600897459278,WB hist + TIAM interp
EGY,2013,306628779736.183,3216.378390262901,95333553.0,1.8014767581357216,14.923166619566956,WB hist + TIAM interp
EGY,2014,315569804751.572,3235.662462352572,97528654.0,1.7997381569523148,16.921732341674634,WB hist + TIAM interp
EGY,2015,329366576819.407,3306.9815941414076,99597342.0,1.8003582866699395,18.92029806378231,WB hist + TIAM interp
EGY,2016,343682967575.512,3381.222463062072,101644589.0,1.801333074404974,20.91886378588999,WB hist + TIAM interp
EGY,2017,358053111989.023,3452.9096124553994,103696057.0,1.8021960082821664,22.917429507997667,WB hist + TIAM interp
EGY,2018,377141312302.669,3568.6396628616103,105682094.0,1.804141768803332,24.915995230105345,WB hist + TIAM interp
EGY,2019,398080548973.052,3701.244634518793,107553158.0,1.8079463552339392,26.914560952213023,WB hist + TIAM interp
EGY,2020,412213064649.087,3770.869478674213,109315124.0,1.8134288536323666,28.9131266743207,WB hist + TIAM interp
EGY,2021,425777537421.99603,3837.31992324447,110957008.0,1.6569821349184182,33.72611100747317,WB hist + TIAM interp
EGY,2022,453827104224.605,4029.782954579786,112618250.0,1.504839224548419,38.53909534062565,WB hist + TIAM interp
EGY,2023,470892276431.916,4111.311847899502,114535772.0,1.354082984659151,43.35207967377812,WB hist + TIAM interp
EGY,2024,482189779212.6321,4137.60929232898,116538258.0,1.207410531226578,48.16506400693059,WB hist + TIAM interp
EGY,2025,482189779212.6321,4137.60929232898,116538258.0,1.084005391602816,52.97804834008306,SSP corrected + TIAM Scenario_1
EGY,2026,,,,,53.357059086562735,SSP corrected + TIAM Scenario_1
EGY,2027,,,,,53.736069833042414,SSP corrected + TIAM Scenario_1
EGY,2028,,,,,54.115080579522086,SSP corrected + TIAM Scenario_1
EGY,2029,,,,,54.494091326001765,SSP corrected + TIAM Scenario_1
EGY,2030,623007045441.0442,5058.510830889868,123160168.33188196,1.036954574922742,54.87310207248144,SSP corrected + TIAM Scenario_1
EGY,2031,,,,,56.717411318767105,SSP corrected + TIAM Scenario_1
EGY,2032,,,,,58.56172056505278,SSP corrected + TIAM Scenario_1
EGY,2033,,,,,60.40602981133845,SSP corrected + TIAM Scenario_1
EGY,2034,,,,,62.250339057624124,SSP corrected + TIAM Scenario_1
EGY,2035,790612689823.2546,6114.760779651089,129295767.78445408,0.9453874793780909,64.09464830390979,SSP corrected + TIAM Scenario_1
EGY,2036,,,,,65.24033598851838,SSP corrected + TIAM Scenario_1
EGY,2037,,,,,66.38602367312697,SSP corrected + TIAM Scenario_1
EGY,2038,,,,,67.53171135773556,SSP corrected + TIAM Scenario_1
EGY,2039,,,,,68.67739904234415,SSP corrected + TIAM Scenario_1
EGY,2040,985671027145.4698,7305.869887204723,134914944.0604936,0.7971956016360559,69.82308672695274,SSP corrected + TIAM Scenario_1
EGY,2041,,,,,70.38199727377304,SSP corrected + TIAM Scenario_1
EGY,2042,,,,,70.94090782059334,SSP corrected + TIAM Scenario_1
EGY,2043,,,,,71.49981836741362,SSP corrected + TIAM Scenario_1
EGY,2044,,,,,72.05872891423392,SSP corrected + TIAM Scenario_1
EGY,2045,1202691827086.4143,8595.642425240527,139918782.98180372,0.7826769048887583,72.61763946105422,SSP corrected + TIAM Scenario_1
EGY,2046,,,,,72.85328255570303,SSP corrected + TIAM Scenario_1
EGY,2047,,,,,73.08892565035184,SSP corrected + TIAM Scenario_1
EGY,2048,,,,,73.32456874500066,SSP corrected + TIAM Scenario_1
EGY,2049,,,,,73.56021183964947,SSP corrected + TIAM Scenario_1
EGY,2050,1437825865842.3176,9975.046677871756,144142269.43237597,0.6525809560958117,73.79585493429828,SSP corrected + TIAM Scenario_1
EGY,2051,,,,,75.53747769985392,SSP corrected + TIAM Scenario_1
EGY,2052,,,,,77.27910046540956,SSP corrected + TIAM Scenario_1
EGY,2053,,,,,79.0207232309652,SSP corrected + TIAM Scenario_1
EGY,2054,,,,,80.76234599652085,SSP corrected + TIAM Scenario_1
EGY,2055,1696036751417.4822,11480.57842121466,147730949.5385198,0.5536128364129613,82.5039687620765,SSP corrected + TIAM Scenario_1
EGY,2056,,,,,84.24559152763213,SSP corrected + TIAM Scenario_1
EGY,2057,,,,,85.98721429318778,SSP corrected + TIAM Scenario_1
EGY,2058,,,,,87.72883705874342,SSP corrected + TIAM Scenario_1
EGY,2059,,,,,89.47045982429906,SSP corrected + TIAM Scenario_1
EGY,2060,1977816169233.714,13125.395343524602,150686216.86960974,0.4612697925792714,91.2120825898547,SSP corrected + TIAM Scenario_1
EGY,2061,,,,,91.38978288899756,SSP corrected + TIAM Scenario_1
EGY,2062,,,,,91.5674831881404,SSP corrected + TIAM Scenario_1
EGY,2063,,,,,91.74518348728326,SSP corrected + TIAM Scenario_1
EGY,2064,,,,,91.9228837864261,SSP corrected + TIAM Scenario_1
EGY,2065,2277097943977.204,14887.165804075345,152957115.81003895,0.41071184996727617,92.10058408556895,SSP corrected + TIAM Scenario_1
EGY,2066,,,,,92.2782843847118,SSP corrected + TIAM Scenario_1
EGY,2067,,,,,92.45598468385464,SSP corrected + TIAM Scenario_1
EGY,2068,,,,,92.63368498299752,SSP corrected + TIAM Scenario_1
EGY,2069,,,,,92.81138528214036,SSP corrected + TIAM Scenario_1
EGY,2070,2585517771920.601,16741.613525821776,154436594.05545193,0.36348638963019336,92.9890855812832,SSP corrected + TIAM Scenario_1
ERI,2012,,,,,95.89327490675244,WB hist + TIAM interp
ERI,2013,,,,,95.20050503714818,WB hist + TIAM interp
ERI,2014,,,,,94.50773516754391,WB hist + TIAM interp
ERI,2015,,,,,93.81496529793964,WB hist + TIAM interp
ERI,2016,,,,,93.12219542833536,WB hist + TIAM interp
ERI,2017,,,,,92.42942555873113,WB hist + TIAM interp
ERI,2018,,,,,91.73665568912683,WB hist + TIAM interp
ERI,2019,,,,,91.0438858195226,WB hist + TIAM interp
ERI,2020,,,,,90.35111594991832,WB hist + TIAM interp
ERI,2021,,,,,90.31619345476734,WB hist + TIAM interp
ERI,2022,,,,,90.28127095961636,WB hist + TIAM interp
ERI,2023,,,,,90.24634846446536,WB hist + TIAM interp
ERI,2024,,,,,90.21142596931438,WB hist + TIAM interp
ERI,2025,,,3535603.0,0.09117997719939613,90.1765034741634,SSP corrected + TIAM Scenario_1
ERI,2026,,,,,89.40002543097587,SSP corrected + TIAM Scenario_1
ERI,2027,,,,,88.62354738778835,SSP corrected + TIAM Scenario_1
ERI,2028,,,,,87.84706934460083,SSP corrected + TIAM Scenario_1
ERI,2029,,,,,87.0705913014133,SSP corrected + TIAM Scenario_1
ERI,2030,,,3907104.052016964,0.10910060386072393,86.29411325822578,SSP corrected + TIAM Scenario_1
ERI,2031,,,,,84.89296686399332,SSP corrected + TIAM Scenario_1
ERI,2032,,,,,83.49182046976087,SSP corrected + TIAM Scenario_1
ERI,2033,,,,,82.0906740755284,SSP corrected + TIAM Scenario_1
ERI,2034,,,,,80.68952768129594,SSP corrected + TIAM Scenario_1
ERI,2035,,,4288383.4403817095,0.13316157471170434,79.28838128706349,SSP corrected + TIAM Scenario_1
ERI,2036,,,,,78.9052142249639,SSP corrected + TIAM Scenario_1
ERI,2037,,,,,78.52204716286431,SSP corrected + TIAM Scenario_1
ERI,2038,,,,,78.13888010076471,SSP corrected + TIAM Scenario_1
ERI,2039,,,,,77.75571303866512,SSP corrected + TIAM Scenario_1
ERI,2040,,,4663817.8437992055,0.14717201296037494,77.37254597656553,SSP corrected + TIAM Scenario_1
ERI,2041,,,,,77.07855073364088,SSP corrected + TIAM Scenario_1
ERI,2042,,,,,76.78455549071623,SSP corrected + TIAM Scenario_1
ERI,2043,,,,,76.49056024779159,SSP corrected + TIAM Scenario_1
ERI,2044,,,,,76.19656500486694,SSP corrected + TIAM Scenario_1
ERI,2045,,,5011097.419342322,0.16972944993359035,75.90256976194229,SSP corrected + TIAM Scenario_1
ERI,2046,,,,,77.21206548678956,SSP corrected + TIAM Scenario_1
ERI,2047,,,,,78.52156121163682,SSP corrected + TIAM Scenario_1
ERI,2048,,,,,79.8310569364841,SSP corrected + TIAM Scenario_1
ERI,2049,,,,,81.14055266133137,SSP corrected + TIAM Scenario_1
ERI,2050,,,5322957.633468288,0.15275840057219614,82.45004838617864,SSP corrected + TIAM Scenario_1
ERI,2051,,,,,82.15498802522372,SSP corrected + TIAM Scenario_1
ERI,2052,,,,,81.85992766426878,SSP corrected + TIAM Scenario_1
ERI,2053,,,,,81.56486730331386,SSP corrected + TIAM Scenario_1
ERI,2054,,,,,81.26980694235893,SSP corrected + TIAM Scenario_1
ERI,2055,,,5601777.477938969,0.10565894781967047,80.974746581404,SSP corrected + TIAM Scenario_1
ERI,2056,,,,,80.67968622044908,SSP corrected + TIAM Scenario_1
ERI,2057,,,,,80.38462585949415,SSP corrected + TIAM Scenario_1
ERI,2058,,,,,80.08956549853923,SSP corrected + TIAM Scenario_1
ERI,2059,,,,,79.7945051375843,SSP corrected + TIAM Scenario_1
ERI,2060,,,5852511.663920954,0.06332825210081383,79.49944477662937,SSP corrected + TIAM Scenario_1
ERI,2061,,,,,78.8413265381611,SSP corrected + TIAM Scenario_1
ERI,2062,,,,,78.18320829969282,SSP corrected + TIAM Scenario_1
ERI,2063,,,,,77.52509006122453,SSP corrected + TIAM Scenario_1
ERI,2064,,,,,76.86697182275626,SSP corrected + TIAM Scenario_1
ERI,2065,,,6072498.865355997,0.033186228502084456,76.20885358428798,SSP corrected + TIAM Scenario_1
ERI,2066,,,,,75.5507353458197,SSP corrected + TIAM Scenario_1
ERI,2067,,,,,74.89261710735143,SSP corrected + TIAM Scenario_1
ERI,2068,,,,,74.23449886888314,SSP corrected + TIAM Scenario_1
ERI,2069,,,,,73.57638063041486,SSP corrected + TIAM Scenario_1
ERI,2070,,,6261985.25510399,0.005176846391732258,72.91826239194658,SSP corrected + TIAM Scenario_1
ESP,2012,1158267740898.69,24763.56827448389,46773055.0,6.493869617974391,15.096854262136018,WB hist + TIAM interp
ESP,2013,1141735527746.3499,24498.555950794515,46604197.0,6.398998955209159,16.42103853448346,WB hist + TIAM interp
ESP,2014,1159095455877.44,24947.85125059133,46460733.0,6.299993050440644,17.745222806830903,WB hist + TIAM interp
ESP,2015,1206164777553.12,25982.441619777463,46422303.0,6.1863450015695,19.069407079178344,WB hist + TIAM interp
ESP,2016,1241326362266.48,26719.24422686152,46458139.0,6.062801379805839,20.393591351525785,WB hist + TIAM interp
ESP,2017,1277275696051.09,27426.28101509297,46571232.0,5.929595256132112,21.717775623873223,WB hist + TIAM interp
ESP,2018,1307871701701.25,27956.722546648325,46782011.0,5.784929669792188,23.041959896220668,WB hist + TIAM interp
ESP,2019,1333521400432.6902,28301.43939495635,47118501.0,5.626510286340839,24.36614416856811,WB hist + TIAM interp
ESP,2020,1187633217292.02,25077.019882928053,47359424.0,5.481376159905949,25.69032844091555,WB hist + TIAM interp
ESP,2021,1267004457826.92,26705.362913895995,47443821.0,5.080293818756662,26.64944492330824,WB hist + TIAM interp
ESP,2022,1347716659731.45,28203.109341947373,47786102.0,4.655376231953744,27.608561405700936,WB hist + TIAM interp
ESP,2023,1380882052539.27,28558.631981750157,48352528.0,4.216863622364007,28.567677888093627,WB hist + TIAM interp
ESP,2024,1428595035672.3699,29245.219245172862,48848840.0,3.793943710363581,29.52679437048632,WB hist + TIAM interp
ESP,2025,1428595035672.3718,29245.2192451729,48848840.0,3.4138678048563014,30.485910852879012,SSP corrected + TIAM Scenario_1
ESP,2026,,,,,31.3335577234195,SSP corrected + TIAM Scenario_1
ESP,2027,,,,,32.18120459395999,SSP corrected + TIAM Scenario_1
ESP,2028,,,,,33.02885146450048,SSP corrected + TIAM Scenario_1
ESP,2029,,,,,33.876498335040964,SSP corrected + TIAM Scenario_1
ESP,2030,1522886692421.9521,30756.721280889546,49513947.8136828,2.689265774527206,34.72414520558145,SSP corrected + TIAM Scenario_1
ESP,2031,,,,,39.28947030971113,SSP corrected + TIAM Scenario_1
ESP,2032,,,,,43.8547954138408,SSP corrected + TIAM Scenario_1
ESP,2033,,,,,48.42012051797048,SSP corrected + TIAM Scenario_1
ESP,2034,,,,,52.98544562210016,SSP corrected + TIAM Scenario_1
ESP,2035,1625637709908.4336,32370.41766428105,50219855.881014295,1.6020931875985391,57.550770726229835,SSP corrected + TIAM Scenario_1
ESP,2036,,,,,60.501386688387505,SSP corrected + TIAM Scenario_1
ESP,2037,,,,,63.452002650545175,SSP corrected + TIAM Scenario_1
ESP,2038,,,,,66.40261861270285,SSP corrected + TIAM Scenario_1
ESP,2039,,,,,69.35323457486052,SSP corrected + TIAM Scenario_1
ESP,2040,1730489745094.2725,33957.44701409021,50960537.297642775,0.6221489648096304,72.30385053701819,SSP corrected + TIAM Scenario_1
ESP,2041,,,,,74.60795847005839,SSP corrected + TIAM Scenario_1
ESP,2042,,,,,76.91206640309858,SSP corrected + TIAM Scenario_1
ESP,2043,,,,,79.21617433613878,SSP corrected + TIAM Scenario_1
ESP,2044,,,,,81.52028226917896,SSP corrected + TIAM Scenario_1
ESP,2045,1835444600167.526,35567.80212251125,51604105.13546612,0.08652680510955618,83.82439020221916,SSP corrected + TIAM Scenario_1
ESP,2046,,,,,84.24126685670011,SSP corrected + TIAM Scenario_1
ESP,2047,,,,,84.65814351118105,SSP corrected + TIAM Scenario_1
ESP,2048,,,,,85.075020165662,SSP corrected + TIAM Scenario_1
ESP,2049,,,,,85.49189682014294,SSP corrected + TIAM Scenario_1
ESP,2050,1953007501434.8303,37535.26951735984,52031263.57016235,0.03959217082871217,85.90877347462389,SSP corrected + TIAM Scenario_1
ESP,2051,,,,,86.41930556067057,SSP corrected + TIAM Scenario_1
ESP,2052,,,,,86.92983764671725,SSP corrected + TIAM Scenario_1
ESP,2053,,,,,87.44036973276393,SSP corrected + TIAM Scenario_1
ESP,2054,,,,,87.9509018188106,SSP corrected + TIAM Scenario_1
ESP,2055,2093350827757.3127,40110.48542140496,52189615.9012874,0.025209456225676295,88.46143390485727,SSP corrected + TIAM Scenario_1
ESP,2056,,,,,88.97196599090395,SSP corrected + TIAM Scenario_1
ESP,2057,,,,,89.48249807695063,SSP corrected + TIAM Scenario_1
ESP,2058,,,,,89.99303016299731,SSP corrected + TIAM Scenario_1
ESP,2059,,,,,90.503562249044,SSP corrected + TIAM Scenario_1
ESP,2060,2257018748539.0957,43308.69225626015,52114682.54880982,0.01096261113666057,91.01409433509068,SSP corrected + TIAM Scenario_1
ESP,2061,,,,,91.1468228885892,SSP corrected + TIAM Scenario_1
ESP,2062,,,,,91.27955144208777,SSP corrected + TIAM Scenario_1
ESP,2063,,,,,91.4122799955863,SSP corrected + TIAM Scenario_1
ESP,2064,,,,,91.54500854908484,SSP corrected + TIAM Scenario_1
ESP,2065,2435101823536.1216,47007.07483016102,51802879.29709027,0.011338057340630868,91.6777371025834,SSP corrected + TIAM Scenario_1
ESP,2066,,,,,91.81046565608192,SSP corrected + TIAM Scenario_1
ESP,2067,,,,,91.94319420958048,SSP corrected + TIAM Scenario_1
ESP,2068,,,,,92.075922763079,SSP corrected + TIAM Scenario_1
ESP,2069,,,,,92.20865131657756,SSP corrected + TIAM Scenario_1
ESP,2070,2610668721288.4014,50829.04965857384,51361745.671513535,0.011747556952720785,92.3413798700761,SSP corrected + TIAM Scenario_1
EST,2012,21772481344.2301,16460.68434790012,1322696.0,10.485371238473158,15.624833278696284,WB hist + TIAM interp
EST,2013,22154913628.3244,16809.532668378153,1317997.0,10.294817538135721,17.800327931391145,WB hist + TIAM interp
EST,2014,22891074856.693806,17413.686756021136,1314545.0,10.093316444836075,19.975822584086004,WB hist + TIAM interp
EST,2015,23311847750.9394,17722.15576695228,1315407.0,9.858316628346824,22.151317236780866,WB hist + TIAM interp
EST,2016,24032887679.5037,18264.98733042788,1315790.0,9.627127988744848,24.326811889475728,WB hist + TIAM interp
EST,2017,25387062190.0468,19270.814121051113,1317384.0,9.38743659515931,26.50230654217059,WB hist + TIAM interp
EST,2018,26326306710.8582,19914.345492287837,1321977.0,9.127570908301829,28.677801194865452,WB hist + TIAM interp
EST,2019,27307395871.0676,20579.87567323758,1326898.0,8.867312213757877,30.85329584756031,WB hist + TIAM interp
EST,2020,26519903136.8312,19946.945696897983,1329522.0,8.623850434199412,33.02879050025518,WB hist + TIAM interp
EST,2021,28709089435.118702,21570.66584552682,1330932.0,8.049623035278357,36.03026624564535,WB hist + TIAM interp
EST,2022,28357067289.1155,21023.299493724608,1348840.0,7.385162728122331,39.03174199103553,WB hist + TIAM interp
EST,2023,27578887219.405098,20126.373048695747,1370286.0,6.720717355947553,42.033217736425705,WB hist + TIAM interp
EST,2024,27554054399.2591,20078.13976209929,1372341.0,6.162613309245569,45.03469348181588,WB hist + TIAM interp
EST,2025,27554054399.259117,20078.1397620993,1372341.0,5.614573141831951,48.03616922720606,SSP corrected + TIAM Scenario_1
EST,2026,,,,,45.32300225972651,SSP corrected + TIAM Scenario_1
EST,2027,,,,,42.60983529224696,SSP corrected + TIAM Scenario_1
EST,2028,,,,,39.8966683247674,SSP corrected + TIAM Scenario_1
EST,2029,,,,,37.183501357287845,SSP corrected + TIAM Scenario_1
EST,2030,31302449187.96932,23075.655266802245,1356513.9895724885,3.6922552232300023,34.47033438980829,SSP corrected + TIAM Scenario_1
EST,2031,,,,,39.361478929690215,SSP corrected + TIAM Scenario_1
EST,2032,,,,,44.25262346957214,SSP corrected + TIAM Scenario_1
EST,2033,,,,,49.143768009454064,SSP corrected + TIAM Scenario_1
EST,2034,,,,,54.034912549335985,SSP corrected + TIAM Scenario_1
EST,2035,35406009356.69895,26389.296645763938,1341680.675766794,2.496833941104208,58.926057089217906,SSP corrected + TIAM Scenario_1
EST,2036,,,,,58.70964254691437,SSP corrected + TIAM Scenario_1
EST,2037,,,,,58.49322800461083,SSP corrected + TIAM Scenario_1
EST,2038,,,,,58.27681346230728,SSP corrected + TIAM Scenario_1
EST,2039,,,,,58.06039892000374,SSP corrected + TIAM Scenario_1
EST,2040,39675362493.27988,29800.441622512375,1331368.2728549773,2.446809201257748,57.8439843777002,SSP corrected + TIAM Scenario_1
EST,2041,,,,,60.74191142552966,SSP corrected + TIAM Scenario_1
EST,2042,,,,,63.63983847335911,SSP corrected + TIAM Scenario_1
EST,2043,,,,,66.53776552118858,SSP corrected + TIAM Scenario_1
EST,2044,,,,,69.43569256901803,SSP corrected + TIAM Scenario_1
EST,2045,43894609310.687965,33148.10891721335,1324196.484943191,1.4223213619679684,72.33361961684749,SSP corrected + TIAM Scenario_1
EST,2046,,,,,73.34213396669794,SSP corrected + TIAM Scenario_1
EST,2047,,,,,74.3506483165484,SSP corrected + TIAM Scenario_1
EST,2048,,,,,75.35916266639887,SSP corrected + TIAM Scenario_1
EST,2049,,,,,76.36767701624933,SSP corrected + TIAM Scenario_1
EST,2050,47777849046.58397,36271.38937760338,1317232.393531788,0.7433101930516871,77.37619136609979,SSP corrected + TIAM Scenario_1
EST,2051,,,,,76.98769399779452,SSP corrected + TIAM Scenario_1
EST,2052,,,,,76.59919662948927,SSP corrected + TIAM Scenario_1
EST,2053,,,,,76.210699261184,SSP corrected + TIAM Scenario_1
EST,2054,,,,,75.82220189287875,SSP corrected + TIAM Scenario_1
EST,2055,51271291093.62063,39188.797125263365,1308314.99955808,0.3924845072616525,75.43370452457349,SSP corrected + TIAM Scenario_1
EST,2056,,,,,75.04520715626822,SSP corrected + TIAM Scenario_1
EST,2057,,,,,74.65670978796297,SSP corrected + TIAM Scenario_1
EST,2058,,,,,74.2682124196577,SSP corrected + TIAM Scenario_1
EST,2059,,,,,73.87971505135245,SSP corrected + TIAM Scenario_1
EST,2060,55282007200.3535,42601.2615655236,1297661.2703200364,0.03689288742300826,73.49121768304718,SSP corrected + TIAM Scenario_1
EST,2061,,,,,74.7859529841635,SSP corrected + TIAM Scenario_1
EST,2062,,,,,76.08068828527982,SSP corrected + TIAM Scenario_1
EST,2063,,,,,77.37542358639612,SSP corrected + TIAM Scenario_1
EST,2064,,,,,78.67015888751244,SSP corrected + TIAM Scenario_1
EST,2065,59719363877.69038,46479.3466233229,1284858.076032501,0.03782120480411245,79.96489418862876,SSP corrected + TIAM Scenario_1
EST,2066,,,,,81.25962948974508,SSP corrected + TIAM Scenario_1
EST,2067,,,,,82.5543647908614,SSP corrected + TIAM Scenario_1
EST,2068,,,,,83.8491000919777,SSP corrected + TIAM Scenario_1
EST,2069,,,,,85.14383539309402,SSP corrected + TIAM Scenario_1
EST,2070,64195037152.041885,50484.688594644205,1271574.390950134,0.038782858531558106,86.43857069421034,SSP corrected + TIAM Scenario_1
ETH,2012,46140518129.2398,481.63999990980886,95798767.0,0.09236903852843951,97.30733331001385,WB hist + TIAM interp
ETH,2013,51023232360.2629,518.3246622081065,98438751.0,0.09902817641398153,96.87819300819804,WB hist + TIAM interp
ETH,2014,56256936828.98331,556.3625322438672,101115610.0,0.10530105094554638,96.44905270638225,WB hist + TIAM interp
ETH,2015,62103418181.8182,597.9121132186634,103867135.0,0.11117039090372523,96.01991240456644,WB hist + TIAM interp
ETH,2016,67961933367.15491,636.8356809514289,106718162.0,0.11662794567245265,95.59077210275066,WB hist + TIAM interp
ETH,2017,74461941569.3207,678.98541915757,109666481.0,0.1216934279125816,95.16163180093488,WB hist + TIAM interp
ETH,2018,79537377550.6924,705.9688120733593,112664152.0,0.12643826582922313,94.73249149911908,WB hist + TIAM interp
ETH,2019,86189951998.924,744.7027897539725,115737383.0,0.13085167132213452,94.30335119730329,WB hist + TIAM interp
ETH,2020,91412658764.8474,768.7054244852087,118917671.0,0.13491518850886344,93.8742108954875,WB hist + TIAM interp
ETH,2021,96569731965.9612,790.6570195977802,122138588.0,0.15171257751890826,93.19993528862796,WB hist + TIAM interp
ETH,2022,101708941221.845,811.1777293262033,125384287.0,0.16761366597714114,92.52565968176842,WB hist + TIAM interp
ETH,2023,108415879003.469,842.4466048940361,128691692.0,0.18262468722534164,91.85138407490886,WB hist + TIAM interp
ETH,2024,116669335367.212,883.4585886192879,132059767.0,0.19679301721015452,91.17710846804933,WB hist + TIAM interp
ETH,2025,116669335367.21243,883.458588619291,132059767.0,0.21561903861302437,90.5028328611898,SSP corrected + TIAM Scenario_1
ETH,2026,,,,,90.15666942006727,SSP corrected + TIAM Scenario_1
ETH,2027,,,,,89.81050597894479,SSP corrected + TIAM Scenario_1
ETH,2028,,,,,89.46434253782229,SSP corrected + TIAM Scenario_1
ETH,2029,,,,,89.11817909669979,SSP corrected + TIAM Scenario_1
ETH,2030,157969990117.29684,1097.0097988648968,144000527.8719956,0.24594770952147058,88.77201565557729,SSP corrected + TIAM Scenario_1
ETH,2031,,,,,88.77016166773946,SSP corrected + TIAM Scenario_1
ETH,2032,,,,,88.76830767990161,SSP corrected + TIAM Scenario_1
ETH,2033,,,,,88.76645369206378,SSP corrected + TIAM Scenario_1
ETH,2034,,,,,88.76459970422593,SSP corrected + TIAM Scenario_1
ETH,2035,211612130932.28848,1363.6540130780495,155180220.864555,0.25728472209643216,88.7627457163881,SSP corrected + TIAM Scenario_1
ETH,2036,,,,,89.02144711400186,SSP corrected + TIAM Scenario_1
ETH,2037,,,,,89.28014851161562,SSP corrected + TIAM Scenario_1
ETH,2038,,,,,89.5388499092294,SSP corrected + TIAM Scenario_1
ETH,2039,,,,,89.79755130684316,SSP corrected + TIAM Scenario_1
ETH,2040,285172797594.42004,1721.533848009958,165650415.71739718,0.2257090622928832,90.05625270445692,SSP corrected + TIAM Scenario_1
ETH,2041,,,,,89.91844011764866,SSP corrected + TIAM Scenario_1
ETH,2042,,,,,89.78062753084039,SSP corrected + TIAM Scenario_1
ETH,2043,,,,,89.64281494403211,SSP corrected + TIAM Scenario_1
ETH,2044,,,,,89.50500235722384,SSP corrected + TIAM Scenario_1
ETH,2045,384078897283.9799,2188.7990520449457,175474718.3964392,0.21996046127168617,89.36718977041558,SSP corrected + TIAM Scenario_1
ETH,2046,,,,,89.09721571724879,SSP corrected + TIAM Scenario_1
ETH,2047,,,,,88.827241664082,SSP corrected + TIAM Scenario_1
ETH,2048,,,,,88.55726761091519,SSP corrected + TIAM Scenario_1
ETH,2049,,,,,88.2872935577484,SSP corrected + TIAM Scenario_1
ETH,2050,513275391147.61084,2782.1368601582017,184489626.83971784,0.2435725019870105,88.01731950458161,SSP corrected + TIAM Scenario_1
ETH,2051,,,,,87.25564952844837,SSP corrected + TIAM Scenario_1
ETH,2052,,,,,86.49397955231514,SSP corrected + TIAM Scenario_1
ETH,2053,,,,,85.73230957618189,SSP corrected + TIAM Scenario_1
ETH,2054,,,,,84.97063960004866,SSP corrected + TIAM Scenario_1
ETH,2055,678299214473.1614,3519.8400558364347,192707396.8456144,0.1834727186332424,84.20896962391542,SSP corrected + TIAM Scenario_1
ETH,2056,,,,,83.44729964778219,SSP corrected + TIAM Scenario_1
ETH,2057,,,,,82.68562967164895,SSP corrected + TIAM Scenario_1
ETH,2058,,,,,81.9239596955157,SSP corrected + TIAM Scenario_1
ETH,2059,,,,,81.16228971938247,SSP corrected + TIAM Scenario_1
ETH,2060,884728563088.8167,4424.977973003986,199939653.59520212,0.12892139971487152,80.40061974324924,SSP corrected + TIAM Scenario_1
ETH,2061,,,,,78.81572455460217,SSP corrected + TIAM Scenario_1
ETH,2062,,,,,77.2308293659551,SSP corrected + TIAM Scenario_1
ETH,2063,,,,,75.64593417730802,SSP corrected + TIAM Scenario_1
ETH,2064,,,,,74.06103898866095,SSP corrected + TIAM Scenario_1
ETH,2065,1139297501015.2256,5530.142404346296,206015942.7576077,0.0978594167526169,72.47614380001389,SSP corrected + TIAM Scenario_1
ETH,2066,,,,,70.89124861136682,SSP corrected + TIAM Scenario_1
ETH,2067,,,,,69.30635342271975,SSP corrected + TIAM Scenario_1
ETH,2068,,,,,67.72145823407267,SSP corrected + TIAM Scenario_1
ETH,2069,,,,,66.1365630454256,SSP corrected + TIAM Scenario_1
ETH,2070,1449605990557.0327,6867.272663190606,211089039.514492,0.06890315117001353,64.55166785677854,SSP corrected + TIAM Scenario_1
FIN,2012,235550695854.07098,43507.934537157846,5413971.0,9.408028906279212,15.096854262136018,WB hist + TIAM interp
FIN,2013,233242909052.23404,42883.63849864166,5438972.0,9.194656562117132,16.42103853448346,WB hist + TIAM interp
FIN,2014,232127848351.009,42502.48801998586,5461512.0,8.987284751216388,17.745222806830903,WB hist + TIAM interp
FIN,2015,233210733506.25003,42560.34567671029,5479531.0,8.78886303251123,19.069407079178344,WB hist + TIAM interp
FIN,2016,239208760000.401,43529.676161696814,5495303.0,8.595255141820799,20.393591351525785,WB hist + TIAM interp
FIN,2017,247110710501.527,44862.22040420488,5508214.0,8.407119856241469,21.717775623873223,WB hist + TIAM interp
FIN,2018,250058685918.643,45337.24095505741,5515525.0,8.228210227864297,23.041959896220668,WB hist + TIAM interp
FIN,2019,253433824168.6,45898.57084489549,5521606.0,8.051567450168518,24.36614416856811,WB hist + TIAM interp
FIN,2020,247120696232.09,44690.980110307486,5529543.0,7.872669959790379,25.69032844091555,WB hist + TIAM interp
FIN,2021,253734502126.39304,45792.04541808715,5541017.0,7.294478911910839,26.64944492330824,WB hist + TIAM interp
FIN,2022,255670602724.759,46016.149210392854,5556106.0,6.714306070944246,27.608561405700936,WB hist + TIAM interp
FIN,2023,253269616816.41595,45357.029654737686,5583911.0,6.123299751049047,28.567677888093627,WB hist + TIAM interp
FIN,2024,254323653957.12,45254.03586589183,5619911.0,5.530074306470392,29.52679437048632,WB hist + TIAM interp
FIN,2025,254323653957.1193,45254.0358658917,5619911.0,4.976073467234733,30.485910852879012,SSP corrected + TIAM Scenario_1
FIN,2026,,,,,31.3335577234195,SSP corrected + TIAM Scenario_1
FIN,2027,,,,,32.18120459395999,SSP corrected + TIAM Scenario_1
FIN,2028,,,,,33.02885146450048,SSP corrected + TIAM Scenario_1
FIN,2029,,,,,33.876498335040964,SSP corrected + TIAM Scenario_1
FIN,2030,274849386483.82886,48012.437654800815,5724545.553382174,3.900636948603134,34.72414520558145,SSP corrected + TIAM Scenario_1
FIN,2031,,,,,39.28947030971113,SSP corrected + TIAM Scenario_1
FIN,2032,,,,,43.8547954138408,SSP corrected + TIAM Scenario_1
FIN,2033,,,,,48.42012051797048,SSP corrected + TIAM Scenario_1
FIN,2034,,,,,52.98544562210016,SSP corrected + TIAM Scenario_1
FIN,2035,297936034565.7425,51263.283682185545,5811879.637146185,2.321463666028635,57.550770726229835,SSP corrected + TIAM Scenario_1
FIN,2036,,,,,60.501386688387505,SSP corrected + TIAM Scenario_1
FIN,2037,,,,,63.452002650545175,SSP corrected + TIAM Scenario_1
FIN,2038,,,,,66.40261861270285,SSP corrected + TIAM Scenario_1
FIN,2039,,,,,69.35323457486052,SSP corrected + TIAM Scenario_1
FIN,2040,323908937276.4805,55008.54439931387,5888338.635634226,0.9029233195559819,72.30385053701819,SSP corrected + TIAM Scenario_1
FIN,2041,,,,,74.60795847005839,SSP corrected + TIAM Scenario_1
FIN,2042,,,,,76.91206640309858,SSP corrected + TIAM Scenario_1
FIN,2043,,,,,79.21617433613878,SSP corrected + TIAM Scenario_1
FIN,2044,,,,,81.52028226917896,SSP corrected + TIAM Scenario_1
FIN,2045,350791207883.97284,58808.97108837713,5964926.802694945,0.125529288569881,83.82439020221916,SSP corrected + TIAM Scenario_1
FIN,2046,,,,,84.24126685670011,SSP corrected + TIAM Scenario_1
FIN,2047,,,,,84.65814351118105,SSP corrected + TIAM Scenario_1
FIN,2048,,,,,85.075020165662,SSP corrected + TIAM Scenario_1
FIN,2049,,,,,85.49189682014294,SSP corrected + TIAM Scenario_1
FIN,2050,379157838014.85944,62684.99575171279,6048621.898558546,0.057112676940994714,85.90877347462389,SSP corrected + TIAM Scenario_1
FIN,2051,,,,,86.41930556067057,SSP corrected + TIAM Scenario_1
FIN,2052,,,,,86.92983764671725,SSP corrected + TIAM Scenario_1
FIN,2053,,,,,87.44036973276393,SSP corrected + TIAM Scenario_1
FIN,2054,,,,,87.9509018188106,SSP corrected + TIAM Scenario_1
FIN,2055,409522818219.48004,66697.78551495686,6139976.238456151,0.03593322151350914,88.46143390485727,SSP corrected + TIAM Scenario_1
FIN,2056,,,,,88.97196599090395,SSP corrected + TIAM Scenario_1
FIN,2057,,,,,89.48249807695063,SSP corrected + TIAM Scenario_1
FIN,2058,,,,,89.99303016299731,SSP corrected + TIAM Scenario_1
FIN,2059,,,,,90.503562249044,SSP corrected + TIAM Scenario_1
FIN,2060,442130152803.05084,70910.28976838719,6235063.405426369,0.015365563726950327,91.01409433509068,SSP corrected + TIAM Scenario_1
FIN,2061,,,,,91.1468228885892,SSP corrected + TIAM Scenario_1
FIN,2062,,,,,91.27955144208777,SSP corrected + TIAM Scenario_1
FIN,2063,,,,,91.4122799955863,SSP corrected + TIAM Scenario_1
FIN,2064,,,,,91.54500854908484,SSP corrected + TIAM Scenario_1
FIN,2065,478320735794.69714,75629.76900275097,6324503.460764222,0.015573326195521826,91.6777371025834,SSP corrected + TIAM Scenario_1
FIN,2066,,,,,91.81046565608192,SSP corrected + TIAM Scenario_1
FIN,2067,,,,,91.94319420958048,SSP corrected + TIAM Scenario_1
FIN,2068,,,,,92.075922763079,SSP corrected + TIAM Scenario_1
FIN,2069,,,,,92.20865131657756,SSP corrected + TIAM Scenario_1
FIN,2070,517095956982.33124,80712.65555817902,6406627.974340404,0.015793307672299826,92.3413798700761,SSP corrected + TIAM Scenario_1
FJI,2012,4051237182.53114,4427.978444550375,914918.0,1.7074316273493275,18.391478976392087,WB hist + TIAM interp
FJI,2013,4243031642.7950497,4630.351265447175,916352.0,1.6898848876573973,17.982373813291613,WB hist + TIAM interp
FJI,2014,4480790532.15798,4883.243004362517,917585.0,1.6727593231341735,17.573268650191135,WB hist + TIAM interp
FJI,2015,4682479893.97558,5097.531068646952,918578.0,1.6561123066974277,17.16416348709066,WB hist + TIAM interp
FJI,2016,4796997047.63002,5218.8582341274805,919166.0,1.6402236346916108,16.755058323990184,WB hist + TIAM interp
FJI,2017,5053797787.50532,5500.67840152349,918759.0,1.62611442646917,16.34595316088971,WB hist + TIAM interp
FJI,2018,5246466309.21901,5720.214471771093,917180.0,1.6140525647003072,15.936847997789236,WB hist + TIAM interp
FJI,2019,5215934671.17568,5701.1043526943195,914899.0,1.6031782723942936,15.52774283468876,WB hist + TIAM interp
FJI,2020,4319652697.81901,4721.122818976297,914963.0,1.5881687731402319,15.118637671588283,WB hist + TIAM interp
FJI,2021,4131922233.08409,4507.333535960723,916711.0,1.4503755465647001,23.668973380534943,WB hist + TIAM interp
FJI,2022,4865137079.9506,5291.516931235711,919422.0,1.3117314684171573,32.219309089481605,WB hist + TIAM interp
FJI,2023,5324525632.97133,5761.569486359099,924145.0,1.1713468369608733,40.76964479842827,WB hist + TIAM interp
FJI,2024,5512527123.40125,5935.2089650567295,928784.0,1.0324831986030905,49.31998050737493,WB hist + TIAM interp
FJI,2025,5512527123.40125,5935.20896505673,928784.0,0.899470089514397,57.87031621632159,SSP corrected + TIAM Scenario_1
FJI,2026,,,,,60.24886322005211,SSP corrected + TIAM Scenario_1
FJI,2027,,,,,62.627410223782626,SSP corrected + TIAM Scenario_1
FJI,2028,,,,,65.00595722751315,SSP corrected + TIAM Scenario_1
FJI,2029,,,,,67.38450423124367,SSP corrected + TIAM Scenario_1
FJI,2030,6463708274.10578,6848.79379828302,943773.2343067796,0.7874020543706635,69.76305123497418,SSP corrected + TIAM Scenario_1
FJI,2031,,,,,70.94238426384406,SSP corrected + TIAM Scenario_1
FJI,2032,,,,,72.12171729271392,SSP corrected + TIAM Scenario_1
FJI,2033,,,,,73.3010503215838,SSP corrected + TIAM Scenario_1
FJI,2034,,,,,74.48038335045366,SSP corrected + TIAM Scenario_1
FJI,2035,7581346126.183602,7946.67139650531,954027.8876408094,0.6112744414628419,75.65971637932354,SSP corrected + TIAM Scenario_1
FJI,2036,,,,,76.44972180152693,SSP corrected + TIAM Scenario_1
FJI,2037,,,,,77.23972722373033,SSP corrected + TIAM Scenario_1
FJI,2038,,,,,78.0297326459337,SSP corrected + TIAM Scenario_1
FJI,2039,,,,,78.8197380681371,SSP corrected + TIAM Scenario_1
FJI,2040,8910837961.82743,9295.476614942752,958620.8788372396,0.4388130091636652,79.60974349034049,SSP corrected + TIAM Scenario_1
FJI,2041,,,,,79.96913150929917,SSP corrected + TIAM Scenario_1
FJI,2042,,,,,80.32851952825784,SSP corrected + TIAM Scenario_1
FJI,2043,,,,,80.68790754721653,SSP corrected + TIAM Scenario_1
FJI,2044,,,,,81.0472955661752,SSP corrected + TIAM Scenario_1
FJI,2045,10458669107.064802,10918.205913673395,957910.9598919458,0.2568350659405382,81.40668358513388,SSP corrected + TIAM Scenario_1
FJI,2046,,,,,82.12425968529847,SSP corrected + TIAM Scenario_1
FJI,2047,,,,,82.84183578546306,SSP corrected + TIAM Scenario_1
FJI,2048,,,,,83.55941188562765,SSP corrected + TIAM Scenario_1
FJI,2049,,,,,84.27698798579225,SSP corrected + TIAM Scenario_1
FJI,2050,12246457315.320803,12849.75089304698,953050.1732875912,0.09899019863787957,84.99456408595684,SSP corrected + TIAM Scenario_1
FJI,2051,,,,,85.15826137184993,SSP corrected + TIAM Scenario_1
FJI,2052,,,,,85.32195865774304,SSP corrected + TIAM Scenario_1
FJI,2053,,,,,85.48565594363613,SSP corrected + TIAM Scenario_1
FJI,2054,,,,,85.64935322952923,SSP corrected + TIAM Scenario_1
FJI,2055,14296901227.69181,15145.42038167421,943975.199591746,0.05128171009666998,85.81305051542233,SSP corrected + TIAM Scenario_1
FJI,2056,,,,,85.97674780131543,SSP corrected + TIAM Scenario_1
FJI,2057,,,,,86.14044508720852,SSP corrected + TIAM Scenario_1
FJI,2058,,,,,86.30414237310161,SSP corrected + TIAM Scenario_1
FJI,2059,,,,,86.46783965899472,SSP corrected + TIAM Scenario_1
FJI,2060,16598111079.79403,17823.480163154134,931249.7294499608,0.002657395759650606,86.63153694488781,SSP corrected + TIAM Scenario_1
FJI,2061,,,,,86.61062143944265,SSP corrected + TIAM Scenario_1
FJI,2062,,,,,86.5897059339975,SSP corrected + TIAM Scenario_1
FJI,2063,,,,,86.56879042855233,SSP corrected + TIAM Scenario_1
FJI,2064,,,,,86.54787492310717,SSP corrected + TIAM Scenario_1
FJI,2065,19208454805.875233,20928.38751562193,917818.1927077344,0.0018702240774174784,86.52695941766201,SSP corrected + TIAM Scenario_1
FJI,2066,,,,,86.50604391221685,SSP corrected + TIAM Scenario_1
FJI,2067,,,,,86.4851284067717,SSP corrected + TIAM Scenario_1
FJI,2068,,,,,86.46421290132653,SSP corrected + TIAM Scenario_1
FJI,2069,,,,,86.44329739588137,SSP corrected + TIAM Scenario_1
FJI,2070,22098748438.81147,24438.467418225835,904260.813930196,0.001059818437787109,86.42238189043621,SSP corrected + TIAM Scenario_1
FRA,2012,2374265767668.09,36161.291825346525,65657659.0,5.961031321647899,15.096854262136018,WB hist + TIAM interp
FRA,2013,2392826743357.49,36256.08668098101,65997932.0,5.822563550930865,16.42103853448346,WB hist + TIAM interp
FRA,2014,2416703156974.4,36444.39490891454,66312067.0,5.687757324695524,17.745222806830903,WB hist + TIAM interp
FRA,2015,2442483452642.5,36702.43237333796,66548272.0,5.560726449664795,19.069407079178344,WB hist + TIAM interp
FRA,2016,2463489569347.31,36920.53428469133,66724104.0,5.4395114512863865,20.393591351525785,WB hist + TIAM interp
FRA,2017,2514819204088.14,37580.597932935554,66918020.0,5.3174962331485665,21.717775623873223,WB hist + TIAM interp
FRA,2018,2556210832760.02,38062.443596141165,67158348.0,5.1925951301645625,23.041959896220668,WB hist + TIAM interp
FRA,2019,2608036638906.12,38705.207294061845,67382061.0,5.069834570207546,24.36614416856811,WB hist + TIAM interp
FRA,2020,2413981867676.36,35709.204592592636,67601110.0,4.94822782887101,25.69032844091555,WB hist + TIAM interp
FRA,2021,2580120255051.75,38030.857168517825,67842811.0,4.5779616592154175,26.64944492330824,WB hist + TIAM interp
FRA,2022,2650215998256.03,38868.33033305567,68184457.0,4.204152882793002,27.608561405700936,WB hist + TIAM interp
FRA,2023,2688358302961.22,39319.41522272958,68372286.0,3.8426969562646054,28.567677888093627,WB hist + TIAM interp
FRA,2024,2720362347819.81,39683.395348902966,68551653.0,3.4836515051195147,29.52679437048632,WB hist + TIAM interp
FRA,2025,2720362347819.8057,39683.3953489029,68551653.0,3.1346605602451096,30.485910852879012,SSP corrected + TIAM Scenario_1
FRA,2026,,,,,31.3335577234195,SSP corrected + TIAM Scenario_1
FRA,2027,,,,,32.18120459395999,SSP corrected + TIAM Scenario_1
FRA,2028,,,,,33.02885146450048,SSP corrected + TIAM Scenario_1
FRA,2029,,,,,33.876498335040964,SSP corrected + TIAM Scenario_1
FRA,2030,2977138695993.185,42301.96141330125,70378266.07862836,2.4379804160994576,34.72414520558145,SSP corrected + TIAM Scenario_1
FRA,2031,,,,,39.28947030971113,SSP corrected + TIAM Scenario_1
FRA,2032,,,,,43.8547954138408,SSP corrected + TIAM Scenario_1
FRA,2033,,,,,48.42012051797048,SSP corrected + TIAM Scenario_1
FRA,2034,,,,,52.98544562210016,SSP corrected + TIAM Scenario_1
FRA,2035,3261611817007.165,45220.843693502,72126292.89081225,1.4373982799304725,57.550770726229835,SSP corrected + TIAM Scenario_1
FRA,2036,,,,,60.501386688387505,SSP corrected + TIAM Scenario_1
FRA,2037,,,,,63.452002650545175,SSP corrected + TIAM Scenario_1
FRA,2038,,,,,66.40261861270285,SSP corrected + TIAM Scenario_1
FRA,2039,,,,,69.35323457486052,SSP corrected + TIAM Scenario_1
FRA,2040,3571140098243.46,48413.067640131696,73763970.60373813,0.5538492745641258,72.30385053701819,SSP corrected + TIAM Scenario_1
FRA,2041,,,,,74.60795847005839,SSP corrected + TIAM Scenario_1
FRA,2042,,,,,76.91206640309858,SSP corrected + TIAM Scenario_1
FRA,2043,,,,,79.21617433613878,SSP corrected + TIAM Scenario_1
FRA,2044,,,,,81.52028226917896,SSP corrected + TIAM Scenario_1
FRA,2045,3897752964466.6157,51802.31909930615,75242827.58450525,0.0764675732975768,83.82439020221916,SSP corrected + TIAM Scenario_1
FRA,2046,,,,,84.24126685670011,SSP corrected + TIAM Scenario_1
FRA,2047,,,,,84.65814351118105,SSP corrected + TIAM Scenario_1
FRA,2048,,,,,85.075020165662,SSP corrected + TIAM Scenario_1
FRA,2049,,,,,85.49189682014294,SSP corrected + TIAM Scenario_1
FRA,2050,4227762667861.498,55219.71194564048,76562562.87652138,0.03467086850854153,85.90877347462389,SSP corrected + TIAM Scenario_1
FRA,2051,,,,,86.41930556067057,SSP corrected + TIAM Scenario_1
FRA,2052,,,,,86.92983764671725,SSP corrected + TIAM Scenario_1
FRA,2053,,,,,87.44036973276393,SSP corrected + TIAM Scenario_1
FRA,2054,,,,,87.9509018188106,SSP corrected + TIAM Scenario_1
FRA,2055,4571784742919.444,58782.84271046266,77774134.97060631,0.02179816247195862,88.46143390485727,SSP corrected + TIAM Scenario_1
FRA,2056,,,,,88.97196599090395,SSP corrected + TIAM Scenario_1
FRA,2057,,,,,89.48249807695063,SSP corrected + TIAM Scenario_1
FRA,2058,,,,,89.99303016299731,SSP corrected + TIAM Scenario_1
FRA,2059,,,,,90.503562249044,SSP corrected + TIAM Scenario_1
FRA,2060,4944177380523.003,62642.6099120522,78926746.30677803,0.009327331287424351,91.01409433509068,SSP corrected + TIAM Scenario_1
FRA,2061,,,,,91.1468228885892,SSP corrected + TIAM Scenario_1
FRA,2062,,,,,91.27955144208777,SSP corrected + TIAM Scenario_1
FRA,2063,,,,,91.4122799955863,SSP corrected + TIAM Scenario_1
FRA,2064,,,,,91.54500854908484,SSP corrected + TIAM Scenario_1
FRA,2065,5335672625590.801,66719.81792850516,79971330.72677654,0.009463803661628661,91.6777371025834,SSP corrected + TIAM Scenario_1
FRA,2066,,,,,91.81046565608192,SSP corrected + TIAM Scenario_1
FRA,2067,,,,,91.94319420958048,SSP corrected + TIAM Scenario_1
FRA,2068,,,,,92.075922763079,SSP corrected + TIAM Scenario_1
FRA,2069,,,,,92.20865131657756,SSP corrected + TIAM Scenario_1
FRA,2070,5736137974992.871,70880.17364411216,80927256.2422589,0.00960727041758968,92.3413798700761,SSP corrected + TIAM Scenario_1
FSM,2012,316527680.318535,2933.799984415006,107890.0,,,WB hist + TIAM interp
FSM,2013,304890763.528582,2819.9032891721495,108121.0,,,WB hist + TIAM interp
FSM,2014,297006847.858934,2740.0166782808774,108396.0,,,WB hist + TIAM interp
FSM,2015,310175057.802073,2853.076435870277,108716.0,,,WB hist + TIAM interp
FSM,2016,313099160.149974,2870.494248452661,109075.0,,,WB hist + TIAM interp
FSM,2017,319911415.240516,2922.0724622584376,109481.0,,,WB hist + TIAM interp
FSM,2018,319911415.240516,2910.6935304708077,109909.0,,,WB hist + TIAM interp
FSM,2019,332969024.0258431,3019.2508661961433,110282.0,,,WB hist + TIAM interp
FSM,2020,327398648.118022,2951.771143189639,110916.0,,,WB hist + TIAM interp
FSM,2021,337547021.665978,3023.9645745178277,111624.0,,,WB hist + TIAM interp
FSM,2022,327738276.522529,2923.259151600416,112114.0,,,WB hist + TIAM interp
FSM,2023,329223318.369684,2923.051747932913,112630.0,,,WB hist + TIAM interp
FSM,2024,331590401.690288,2930.279265555744,113160.0,,,WB hist + TIAM interp
GAB,2012,12564804521.2615,6803.226680792131,1846889.0,0.8907038003835026,78.5583003157987,WB hist + TIAM interp
GAB,2013,13273296028.5793,6938.257538622332,1913059.0,0.9132895676562198,76.07160936723295,WB hist + TIAM interp
GAB,2014,13846034032.3711,6998.605454395751,1978399.0,0.9347571459726746,73.5849184186672,WB hist + TIAM interp
GAB,2015,14383107762.695198,7047.126546343561,2040989.0,0.9561386066556689,71.09822747010146,WB hist + TIAM interp
GAB,2016,14683922149.3088,6991.325144673586,2100306.0,0.9777690272197955,68.61153652153571,WB hist + TIAM interp
GAB,2017,14753324537.172699,6840.059593478,2156900.0,0.9994714313636486,66.12484557296996,WB hist + TIAM interp
GAB,2018,14876945089.6921,6724.596142910785,2212318.0,1.02060630801386,63.63815462440422,WB hist + TIAM interp
GAB,2019,15460241661.1259,6817.568794687627,2267706.0,1.0407219815782822,61.15146367583847,WB hist + TIAM interp
GAB,2020,15176119359.5429,6534.27966528997,2322539.0,1.0601317169620461,58.66477272727273,WB hist + TIAM interp
GAB,2021,15398898313.7955,6479.049006907623,2376722.0,1.03121370619111,59.64548223751879,WB hist + TIAM interp
GAB,2022,15866657481.092798,6527.482079004026,2430747.0,1.0036500494006908,60.62619174776486,WB hist + TIAM interp
GAB,2023,16253635205.631205,6541.253686180679,2484789.0,0.9772783085627048,61.60690125801092,WB hist + TIAM interp
GAB,2024,16805289922.765602,6618.986858658849,2538952.0,0.9519839033900004,62.58761076825699,WB hist + TIAM interp
GAB,2025,16805289922.765604,6618.98685865885,2538952.0,0.9475375981524984,63.56832027850305,SSP corrected + TIAM Scenario_1
GAB,2026,,,,,63.10410596601594,SSP corrected + TIAM Scenario_1
GAB,2027,,,,,62.639891653528835,SSP corrected + TIAM Scenario_1
GAB,2028,,,,,62.17567734104172,SSP corrected + TIAM Scenario_1
GAB,2029,,,,,61.71146302855461,SSP corrected + TIAM Scenario_1
GAB,2030,19652363028.121685,7330.273885675741,2680986.186140306,1.2184226925699937,61.2472487160675,SSP corrected + TIAM Scenario_1
GAB,2031,,,,,60.521717257335666,SSP corrected + TIAM Scenario_1
GAB,2032,,,,,59.79618579860383,SSP corrected + TIAM Scenario_1
GAB,2033,,,,,59.070654339872,SSP corrected + TIAM Scenario_1
GAB,2034,,,,,58.34512288114016,SSP corrected + TIAM Scenario_1
GAB,2035,22782240938.958332,8114.501534441266,2807595.8630682584,1.2744314498306009,57.61959142240833,SSP corrected + TIAM Scenario_1
GAB,2036,,,,,57.68094544679907,SSP corrected + TIAM Scenario_1
GAB,2037,,,,,57.74229947118982,SSP corrected + TIAM Scenario_1
GAB,2038,,,,,57.80365349558057,SSP corrected + TIAM Scenario_1
GAB,2039,,,,,57.865007519971314,SSP corrected + TIAM Scenario_1
GAB,2040,26368720063.00723,9032.181130106785,2919418.873821398,1.0815524220243435,57.92636154436206,SSP corrected + TIAM Scenario_1
GAB,2041,,,,,57.8565379848766,SSP corrected + TIAM Scenario_1
GAB,2042,,,,,57.78671442539114,SSP corrected + TIAM Scenario_1
GAB,2043,,,,,57.71689086590568,SSP corrected + TIAM Scenario_1
GAB,2044,,,,,57.64706730642022,SSP corrected + TIAM Scenario_1
GAB,2045,30405115923.047905,10083.37154668495,3015371.9698094446,1.2889112196726888,57.57724374693476,SSP corrected + TIAM Scenario_1
GAB,2046,,,,,58.38797842950047,SSP corrected + TIAM Scenario_1
GAB,2047,,,,,59.19871311206618,SSP corrected + TIAM Scenario_1
GAB,2048,,,,,60.009447794631896,SSP corrected + TIAM Scenario_1
GAB,2049,,,,,60.820182477197605,SSP corrected + TIAM Scenario_1
GAB,2050,34828183080.76385,11254.823414449746,3094511.7305038245,1.1827346825385092,61.630917159763314,SSP corrected + TIAM Scenario_1
GAB,2051,,,,,61.27283330637317,SSP corrected + TIAM Scenario_1
GAB,2052,,,,,60.914749452983024,SSP corrected + TIAM Scenario_1
GAB,2053,,,,,60.55666559959288,SSP corrected + TIAM Scenario_1
GAB,2054,,,,,60.198581746202734,SSP corrected + TIAM Scenario_1
GAB,2055,39616325532.82745,12534.6666238196,3160540.820251624,0.8375427961166435,59.84049789281259,SSP corrected + TIAM Scenario_1
GAB,2056,,,,,59.48241403942245,SSP corrected + TIAM Scenario_1
GAB,2057,,,,,59.124330186032296,SSP corrected + TIAM Scenario_1
GAB,2058,,,,,58.766246332642154,SSP corrected + TIAM Scenario_1
GAB,2059,,,,,58.40816247925201,SSP corrected + TIAM Scenario_1
GAB,2060,44733035749.803856,13920.681798355548,3213422.7617420414,0.5085512127242229,58.050078625861865,SSP corrected + TIAM Scenario_1
GAB,2061,,,,,57.261940734726494,SSP corrected + TIAM Scenario_1
GAB,2062,,,,,56.47380284359112,SSP corrected + TIAM Scenario_1
GAB,2063,,,,,55.68566495245576,SSP corrected + TIAM Scenario_1
GAB,2064,,,,,54.89752706132039,SSP corrected + TIAM Scenario_1
GAB,2065,50199909735.02066,15451.105544115006,3248952.6132413694,0.30456045271395543,54.10938917018502,SSP corrected + TIAM Scenario_1
GAB,2066,,,,,53.32125127904965,SSP corrected + TIAM Scenario_1
GAB,2067,,,,,52.53311338791428,SSP corrected + TIAM Scenario_1
GAB,2068,,,,,51.74497549677891,SSP corrected + TIAM Scenario_1
GAB,2069,,,,,50.95683760564354,SSP corrected + TIAM Scenario_1
GAB,2070,55936219571.27725,17119.641344618452,3267370.994828742,0.10553283221775571,50.16869971450817,SSP corrected + TIAM Scenario_1
GBR,2012,2748282336997.97,43136.7006795996,63711000.0,6.719236950029793,15.096854262136018,WB hist + TIAM interp
GBR,2013,2795510733841.06,43585.19362386473,64139000.0,6.553147763411965,16.42103853448346,WB hist + TIAM interp
GBR,2014,2883853723651.98,44627.88182686444,64620000.0,6.384020171334135,17.745222806830903,WB hist + TIAM interp
GBR,2015,2945579890258.46,45255.34492162088,65088000.0,6.2186335813935525,19.069407079178344,WB hist + TIAM interp
GBR,2016,3010574705731.3,45888.01051307482,65607000.0,6.050900995623567,20.393591351525785,WB hist + TIAM interp
GBR,2017,3101591068534.48,47018.025475767514,65966000.0,5.900077323075633,21.717775623873223,WB hist + TIAM interp
GBR,2018,3149707010747.53,47514.77636934529,66289000.0,5.754009560683356,23.041959896220668,WB hist + TIAM interp
GBR,2019,3189276748351.15,47864.75887126337,66631000.0,5.607758833610043,24.36614416856811,WB hist + TIAM interp
GBR,2020,2868821517197.41,42982.46310076427,66744000.0,5.481745444030961,25.69032844091555,WB hist + TIAM interp
GBR,2021,3113908148054.35,46487.342470654934,66984000.0,5.07145396365267,26.64944492330824,WB hist + TIAM interp
GBR,2022,3274265196937.19,48433.00983576696,67604000.0,4.63787537255515,27.608561405700936,WB hist + TIAM interp
GBR,2023,3283159739927.95,47934.93750989824,68492000.0,4.19569557132404,28.567677888093627,WB hist + TIAM interp
GBR,2024,3320141995547.62,47960.910576194205,69226000.0,3.773209999942711,29.52679437048632,WB hist + TIAM interp
GBR,2025,3320141995547.6196,47960.9105761942,69226000.0,3.39521119002892,30.485910852879012,SSP corrected + TIAM Scenario_1
GBR,2026,,,,,31.3335577234195,SSP corrected + TIAM Scenario_1
GBR,2027,,,,,32.18120459395999,SSP corrected + TIAM Scenario_1
GBR,2028,,,,,33.02885146450048,SSP corrected + TIAM Scenario_1
GBR,2029,,,,,33.876498335040964,SSP corrected + TIAM Scenario_1
GBR,2030,3631718275010.768,51079.07615937768,71099920.90849544,2.639533864940989,34.72414520558145,SSP corrected + TIAM Scenario_1
GBR,2031,,,,,39.28947030971113,SSP corrected + TIAM Scenario_1
GBR,2032,,,,,43.8547954138408,SSP corrected + TIAM Scenario_1
GBR,2033,,,,,48.42012051797048,SSP corrected + TIAM Scenario_1
GBR,2034,,,,,52.98544562210016,SSP corrected + TIAM Scenario_1
GBR,2035,3954043171480.477,54284.68286665331,72839021.29802102,1.5568049743851742,57.550770726229835,SSP corrected + TIAM Scenario_1
GBR,2036,,,,,60.501386688387505,SSP corrected + TIAM Scenario_1
GBR,2037,,,,,63.452002650545175,SSP corrected + TIAM Scenario_1
GBR,2038,,,,,66.40261861270285,SSP corrected + TIAM Scenario_1
GBR,2039,,,,,69.35323457486052,SSP corrected + TIAM Scenario_1
GBR,2040,4312454706287.605,57877.52640090456,74510003.7001617,0.5997204701136071,72.30385053701819,SSP corrected + TIAM Scenario_1
GBR,2041,,,,,74.60795847005839,SSP corrected + TIAM Scenario_1
GBR,2042,,,,,76.91206640309858,SSP corrected + TIAM Scenario_1
GBR,2043,,,,,79.21617433613878,SSP corrected + TIAM Scenario_1
GBR,2044,,,,,81.52028226917896,SSP corrected + TIAM Scenario_1
GBR,2045,4703370816876.8125,61752.79660569904,76164499.02517852,0.08262612893342992,83.82439020221916,SSP corrected + TIAM Scenario_1
GBR,2046,,,,,84.24126685670011,SSP corrected + TIAM Scenario_1
GBR,2047,,,,,84.65814351118105,SSP corrected + TIAM Scenario_1
GBR,2048,,,,,85.075020165662,SSP corrected + TIAM Scenario_1
GBR,2049,,,,,85.49189682014294,SSP corrected + TIAM Scenario_1
GBR,2050,5097566537130.121,65559.98728145995,77754233.16123322,0.037340894863190234,85.90877347462389,SSP corrected + TIAM Scenario_1
GBR,2051,,,,,86.41930556067057,SSP corrected + TIAM Scenario_1
GBR,2052,,,,,86.92983764671725,SSP corrected + TIAM Scenario_1
GBR,2053,,,,,87.44036973276393,SSP corrected + TIAM Scenario_1
GBR,2054,,,,,87.9509018188106,SSP corrected + TIAM Scenario_1
GBR,2055,5501077563499.758,69433.52572722515,79227973.8913325,0.023404755324561818,88.46143390485727,SSP corrected + TIAM Scenario_1
GBR,2056,,,,,88.97196599090395,SSP corrected + TIAM Scenario_1
GBR,2057,,,,,89.48249807695063,SSP corrected + TIAM Scenario_1
GBR,2058,,,,,89.99303016299731,SSP corrected + TIAM Scenario_1
GBR,2059,,,,,90.503562249044,SSP corrected + TIAM Scenario_1
GBR,2060,5945499898423.786,73791.10068050235,80572045.18694423,0.009993665173385773,91.01409433509068,SSP corrected + TIAM Scenario_1
GBR,2061,,,,,91.1468228885892,SSP corrected + TIAM Scenario_1
GBR,2062,,,,,91.27955144208777,SSP corrected + TIAM Scenario_1
GBR,2063,,,,,91.4122799955863,SSP corrected + TIAM Scenario_1
GBR,2064,,,,,91.54500854908484,SSP corrected + TIAM Scenario_1
GBR,2065,6434169026397.644,78723.38028729912,81731361.16508584,0.010128354489892914,91.6777371025834,SSP corrected + TIAM Scenario_1
GBR,2066,,,,,91.81046565608192,SSP corrected + TIAM Scenario_1
GBR,2067,,,,,91.94319420958048,SSP corrected + TIAM Scenario_1
GBR,2068,,,,,92.075922763079,SSP corrected + TIAM Scenario_1
GBR,2069,,,,,92.20865131657756,SSP corrected + TIAM Scenario_1
GBR,2070,6956670364732.403,84052.40432811088,82765869.93961555,0.010274746780649057,92.3413798700761,SSP corrected + TIAM Scenario_1
GEO,2012,13460417765.6957,3609.7807986259927,3728874.0,3.0869724541294206,5.768678807715448,WB hist + TIAM interp
GEO,2013,14151325572.1376,3806.5060064905206,3717668.0,3.1366487050448213,5.895922002931266,WB hist + TIAM interp
GEO,2014,14730184213.849398,3960.350800919015,3719414.0,3.1755286486134,6.023165198147083,WB hist + TIAM interp
GEO,2015,15223796148.839598,4086.622346596493,3725276.0,3.2108205964124394,6.150408393362901,WB hist + TIAM interp
GEO,2016,15749049874.534399,4225.091549048063,3727505.0,3.249165354087556,6.277651588578719,WB hist + TIAM interp
GEO,2017,16561685511.098299,4442.507441273749,3728004.0,3.2889898450364647,6.4048947837945365,WB hist + TIAM interp
GEO,2018,17565660917.3341,4713.653548453032,3726549.0,3.3305491201974013,6.532137979010354,WB hist + TIAM interp
GEO,2019,18510819818.4957,4975.811481948147,3720161.0,3.3766123800528245,6.659381174226172,WB hist + TIAM interp
GEO,2020,17346401920.57,4659.609253182354,3722716.0,3.414611505002499,6.78662436944199,WB hist + TIAM interp
GEO,2021,19192793472.268,5175.1986518582435,3708610.0,3.423565753272243,7.555521212509997,WB hist + TIAM interp
GEO,2022,21296041913.2144,5736.304495785969,3712502.0,3.4159473834705185,8.324418055578004,WB hist + TIAM interp
GEO,2023,22963990777.4548,6180.620602342899,3715483.0,3.409180663137244,9.093314898646012,WB hist + TIAM interp
GEO,2024,25186857750.188,6808.073980259799,3699557.0,3.419813264831775,9.86221174171402,WB hist + TIAM interp
GEO,2025,25186857750.18804,6808.07398025981,3699557.0,3.41576989012126,10.631108584782028,SSP corrected + TIAM Scenario_1
GEO,2026,,,,,11.36865758846334,SSP corrected + TIAM Scenario_1
GEO,2027,,,,,12.10620659214465,SSP corrected + TIAM Scenario_1
GEO,2028,,,,,12.843755595825964,SSP corrected + TIAM Scenario_1
GEO,2029,,,,,13.581304599507272,SSP corrected + TIAM Scenario_1
GEO,2030,29187961657.98666,8197.174170144215,3560734.5961118145,3.381817165218105,14.318853603188586,SSP corrected + TIAM Scenario_1
GEO,2031,,,,,15.140987670864307,SSP corrected + TIAM Scenario_1
GEO,2032,,,,,15.963121738540032,SSP corrected + TIAM Scenario_1
GEO,2033,,,,,16.785255806215755,SSP corrected + TIAM Scenario_1
GEO,2034,,,,,17.607389873891478,SSP corrected + TIAM Scenario_1
GEO,2035,33315127743.702198,9732.556595733568,3423060.263354282,2.6080248231133507,18.4295239415672,SSP corrected + TIAM Scenario_1
GEO,2036,,,,,19.81444105487761,SSP corrected + TIAM Scenario_1
GEO,2037,,,,,21.19935816818802,SSP corrected + TIAM Scenario_1
GEO,2038,,,,,22.584275281498428,SSP corrected + TIAM Scenario_1
GEO,2039,,,,,23.969192394808836,SSP corrected + TIAM Scenario_1
GEO,2040,37706598105.82332,11481.709593614774,3284057.8137242533,1.9959415674661627,25.354109508119247,SSP corrected + TIAM Scenario_1
GEO,2041,,,,,25.21252981982985,SSP corrected + TIAM Scenario_1
GEO,2042,,,,,25.07095013154045,SSP corrected + TIAM Scenario_1
GEO,2043,,,,,24.929370443251052,SSP corrected + TIAM Scenario_1
GEO,2044,,,,,24.78779075496165,SSP corrected + TIAM Scenario_1
GEO,2045,42024988944.51434,13386.373411601624,3139385.676190115,1.8423206052311738,24.646211066672254,SSP corrected + TIAM Scenario_1
GEO,2046,,,,,25.413577469286473,SSP corrected + TIAM Scenario_1
GEO,2047,,,,,26.180943871900695,SSP corrected + TIAM Scenario_1
GEO,2048,,,,,26.948310274514913,SSP corrected + TIAM Scenario_1
GEO,2049,,,,,27.715676677129135,SSP corrected + TIAM Scenario_1
GEO,2050,46069331570.3425,15407.794499175425,2990001.688613382,1.66091205228506,28.483043079743354,SSP corrected + TIAM Scenario_1
GEO,2051,,,,,28.64920050842412,SSP corrected + TIAM Scenario_1
GEO,2052,,,,,28.815357937104885,SSP corrected + TIAM Scenario_1
GEO,2053,,,,,28.981515365785647,SSP corrected + TIAM Scenario_1
GEO,2054,,,,,29.147672794466413,SSP corrected + TIAM Scenario_1
GEO,2055,49806740197.76415,17531.621079326418,2840966.0448626224,1.3960225744225763,29.31383022314718,SSP corrected + TIAM Scenario_1
GEO,2056,,,,,29.479987651827944,SSP corrected + TIAM Scenario_1
GEO,2057,,,,,29.64614508050871,SSP corrected + TIAM Scenario_1
GEO,2058,,,,,29.812302509189472,SSP corrected + TIAM Scenario_1
GEO,2059,,,,,29.978459937870237,SSP corrected + TIAM Scenario_1
GEO,2060,53544757821.214424,19842.890476310367,2698435.3859705757,1.0991464305731495,30.144617366551003,SSP corrected + TIAM Scenario_1
GEO,2061,,,,,30.377975575544003,SSP corrected + TIAM Scenario_1
GEO,2062,,,,,30.611333784537,SSP corrected + TIAM Scenario_1
GEO,2063,,,,,30.84469199353,SSP corrected + TIAM Scenario_1
GEO,2064,,,,,31.078050202522995,SSP corrected + TIAM Scenario_1
GEO,2065,57743176442.27429,22476.923966797134,2568998.165744227,0.8917119868014248,31.311408411515995,SSP corrected + TIAM Scenario_1
GEO,2066,,,,,31.54476662050899,SSP corrected + TIAM Scenario_1
GEO,2067,,,,,31.77812482950199,SSP corrected + TIAM Scenario_1
GEO,2068,,,,,32.01148303849499,SSP corrected + TIAM Scenario_1
GEO,2069,,,,,32.24484124748799,SSP corrected + TIAM Scenario_1
GEO,2070,61978134825.04934,25284.653252834218,2451215.5339959846,0.6591167818173633,32.478199456480986,SSP corrected + TIAM Scenario_1
GHA,2012,43858655296.9198,1640.5407208800257,26734268.0,0.49047373794412685,77.26144526337592,WB hist + TIAM interp
GHA,2013,47065830437.53099,1718.5970476995833,27386193.0,0.5291282750956081,74.83188674185922,WB hist + TIAM interp
GHA,2014,48410143589.6826,1726.3693013464642,28041592.0,0.5659151509618562,72.40232822034253,WB hist + TIAM interp
GHA,2015,49436806230.4839,1722.77282833606,28696068.0,0.6010410372688042,69.97276969882581,WB hist + TIAM interp
GHA,2016,51104539956.3997,1740.8110190292812,29356742.0,0.6344664262342702,67.54321117730912,WB hist + TIAM interp
GHA,2017,55258774288.879,1841.446361532492,30008354.0,0.6666216977108061,65.11365265579242,WB hist + TIAM interp
GHA,2018,58684861220.508705,1915.4532323780973,30637585.0,0.6979196498468212,62.68409413427572,WB hist + TIAM interp
GHA,2019,62503939826.8611,1999.553722202112,31258945.0,0.7281411865217327,60.254535612759014,WB hist + TIAM interp
GHA,2020,62825173619.415695,1970.194114603976,31887809.0,0.7570064788108504,57.82497709124232,WB hist + TIAM interp
GHA,2021,66014472471.14649,2030.0486650096643,32518665.0,0.7655791288616361,57.25057203133363,WB hist + TIAM interp
GHA,2022,68526224001.2217,2067.208959107663,33149152.0,0.7738341070324758,56.67616697142495,WB hist + TIAM interp
GHA,2023,70678009792.105,2091.813356459502,33787914.0,0.7815894657232831,56.101761911516256,WB hist + TIAM interp
GHA,2024,74629231909.5195,2167.7269140667813,34427414.0,0.7890401197581866,55.52735685160757,WB hist + TIAM interp
GHA,2025,74629231909.51945,2167.72691406678,34427414.0,0.8110090429645718,54.95295179169889,SSP corrected + TIAM Scenario_1
GHA,2026,,,,,54.3463374971889,SSP corrected + TIAM Scenario_1
GHA,2027,,,,,53.73972320267891,SSP corrected + TIAM Scenario_1
GHA,2028,,,,,53.133108908168914,SSP corrected + TIAM Scenario_1
GHA,2029,,,,,52.526494613658926,SSP corrected + TIAM Scenario_1
GHA,2030,100302258396.25685,2680.701061178691,37416428.05638106,0.8685355610598093,51.91988031914894,SSP corrected + TIAM Scenario_1
GHA,2031,,,,,50.93880472298413,SSP corrected + TIAM Scenario_1
GHA,2032,,,,,49.95772912681932,SSP corrected + TIAM Scenario_1
GHA,2033,,,,,48.97665353065453,SSP corrected + TIAM Scenario_1
GHA,2034,,,,,47.99557793448972,SSP corrected + TIAM Scenario_1
GHA,2035,132021242492.58397,3270.63488995212,40365631.42470381,1.001486479602573,47.01450233832491,SSP corrected + TIAM Scenario_1
GHA,2036,,,,,46.43217624604892,SSP corrected + TIAM Scenario_1
GHA,2037,,,,,45.84985015377293,SSP corrected + TIAM Scenario_1
GHA,2038,,,,,45.267524061496935,SSP corrected + TIAM Scenario_1
GHA,2039,,,,,44.685197969220944,SSP corrected + TIAM Scenario_1
GHA,2040,172154081369.8529,3983.655282683178,43215105.01126972,1.101166965436946,44.10287187694495,SSP corrected + TIAM Scenario_1
GHA,2041,,,,,44.195978736700184,SSP corrected + TIAM Scenario_1
GHA,2042,,,,,44.289085596455415,SSP corrected + TIAM Scenario_1
GHA,2043,,,,,44.382192456210646,SSP corrected + TIAM Scenario_1
GHA,2044,,,,,44.47529931596588,SSP corrected + TIAM Scenario_1
GHA,2045,222339508035.7012,4846.3888783972425,45877356.03033809,1.2483681898022598,44.56840617572111,SSP corrected + TIAM Scenario_1
GHA,2046,,,,,45.1948165271801,SSP corrected + TIAM Scenario_1
GHA,2047,,,,,45.821226878639095,SSP corrected + TIAM Scenario_1
GHA,2048,,,,,46.44763723009808,SSP corrected + TIAM Scenario_1
GHA,2049,,,,,47.074047581557075,SSP corrected + TIAM Scenario_1
GHA,2050,284219685244.5371,5885.326499609655,48292934.17508579,1.3861063097476387,47.70045793301607,SSP corrected + TIAM Scenario_1
GHA,2051,,,,,49.03421089844681,SSP corrected + TIAM Scenario_1
GHA,2052,,,,,50.36796386387755,SSP corrected + TIAM Scenario_1
GHA,2053,,,,,51.70171682930829,SSP corrected + TIAM Scenario_1
GHA,2054,,,,,53.03546979473903,SSP corrected + TIAM Scenario_1
GHA,2055,360319592569.8671,7146.503572683942,50419004.049352966,0.983430191247183,54.36922276016977,SSP corrected + TIAM Scenario_1
GHA,2056,,,,,55.70297572560052,SSP corrected + TIAM Scenario_1
GHA,2057,,,,,57.03672869103126,SSP corrected + TIAM Scenario_1
GHA,2058,,,,,58.370481656462,SSP corrected + TIAM Scenario_1
GHA,2059,,,,,59.70423462189274,SSP corrected + TIAM Scenario_1
GHA,2060,452864449717.3328,8652.846245176514,52337050.363027066,0.6157779353180494,61.03798758732348,SSP corrected + TIAM Scenario_1
GHA,2061,,,,,60.93244868938,SSP corrected + TIAM Scenario_1
GHA,2062,,,,,60.826909791436506,SSP corrected + TIAM Scenario_1
GHA,2063,,,,,60.721370893493024,SSP corrected + TIAM Scenario_1
GHA,2064,,,,,60.61583199554954,SSP corrected + TIAM Scenario_1
GHA,2065,563326989950.8082,10418.427254784126,54070252.27268629,0.3891216472033515,60.51029309760605,SSP corrected + TIAM Scenario_1
GHA,2066,,,,,60.40475419966257,SSP corrected + TIAM Scenario_1
GHA,2067,,,,,60.29921530171909,SSP corrected + TIAM Scenario_1
GHA,2068,,,,,60.193676403775605,SSP corrected + TIAM Scenario_1
GHA,2069,,,,,60.088137505832115,SSP corrected + TIAM Scenario_1
GHA,2070,691941122000.1381,12446.087233555898,55595072.492710434,0.1772065401336977,59.98259860788863,SSP corrected + TIAM Scenario_1
GIN,2012,7858142150.250901,719.5059167945466,10921581.0,0.2627102635777349,77.26144526337592,WB hist + TIAM interp
GIN,2013,8168199850.291768,729.8331432363259,11191873.0,0.2833142090425988,74.83188674185922,WB hist + TIAM interp
GIN,2014,8470141696.431181,738.2722744813076,11472924.0,0.30266232655292175,72.40232822034253,WB hist + TIAM interp
GIN,2015,8794201742.84609,747.3569667594473,11767070.0,0.32072785270330584,69.97276969882581,WB hist + TIAM interp
GIN,2016,9745789528.35549,807.2364210438878,12073030.0,0.3375815613159351,67.54321117730912,WB hist + TIAM interp
GIN,2017,10749606370.467901,867.9075025776102,12385659.0,0.3534117595776502,65.11365265579242,WB hist + TIAM interp
GIN,2018,11433119223.7578,899.9073280451742,12704774.0,0.36827437971139004,62.68409413427572,WB hist + TIAM interp
GIN,2019,12075307751.683498,926.4222195485296,13034346.0,0.3821018705294482,60.254535612759014,WB hist + TIAM interp
GIN,2020,12643401588.698502,945.5709033896628,13371183.0,0.3950326019195659,57.82497709124232,WB hist + TIAM interp
GIN,2021,13349198344.073,973.646890096162,13710513.0,0.39732654781916554,57.25057203133363,WB hist + TIAM interp
GIN,2022,13879482945.937998,987.502501465336,14055137.0,0.39935920845217776,56.67616697142495,WB hist + TIAM interp
GIN,2023,14648645956.270302,1016.8809480032374,14405468.0,0.40113559482371836,56.101761911516256,WB hist + TIAM interp
GIN,2024,15432355339.810703,1045.9220747581685,14754785.0,0.4028553152608571,55.52735685160757,WB hist + TIAM interp
GIN,2025,15432355339.810726,1045.92207475817,14754785.0,0.4140718519902723,54.95295179169889,SSP corrected + TIAM Scenario_1
GIN,2026,,,,,54.3463374971889,SSP corrected + TIAM Scenario_1
GIN,2027,,,,,53.73972320267891,SSP corrected + TIAM Scenario_1
GIN,2028,,,,,53.133108908168914,SSP corrected + TIAM Scenario_1
GIN,2029,,,,,52.526494613658926,SSP corrected + TIAM Scenario_1
GIN,2030,23334276105.20519,1492.5311447143852,15634029.606578495,0.4548387901088037,51.91988031914894,SSP corrected + TIAM Scenario_1
GIN,2031,,,,,50.93880472298413,SSP corrected + TIAM Scenario_1
GIN,2032,,,,,49.95772912681932,SSP corrected + TIAM Scenario_1
GIN,2033,,,,,48.97665353065453,SSP corrected + TIAM Scenario_1
GIN,2034,,,,,47.99557793448972,SSP corrected + TIAM Scenario_1
GIN,2035,33153390251.447178,2018.6942555727,16423185.512083214,0.5386143722641785,47.01450233832491,SSP corrected + TIAM Scenario_1
GIN,2036,,,,,46.43217624604892,SSP corrected + TIAM Scenario_1
GIN,2037,,,,,45.84985015377293,SSP corrected + TIAM Scenario_1
GIN,2038,,,,,45.267524061496935,SSP corrected + TIAM Scenario_1
GIN,2039,,,,,44.685197969220944,SSP corrected + TIAM Scenario_1
GIN,2040,45625660987.0785,2667.29249978844,17105608.39904036,0.6087356225990697,44.10287187694495,SSP corrected + TIAM Scenario_1
GIN,2041,,,,,44.195978736700184,SSP corrected + TIAM Scenario_1
GIN,2042,,,,,44.289085596455415,SSP corrected + TIAM Scenario_1
GIN,2043,,,,,44.382192456210646,SSP corrected + TIAM Scenario_1
GIN,2044,,,,,44.47529931596588,SSP corrected + TIAM Scenario_1
GIN,2045,61072772481.44642,3455.298773155381,17675106.116995703,0.7090184562745229,44.56840617572111,SSP corrected + TIAM Scenario_1
GIN,2046,,,,,45.1948165271801,SSP corrected + TIAM Scenario_1
GIN,2047,,,,,45.821226878639095,SSP corrected + TIAM Scenario_1
GIN,2048,,,,,46.44763723009808,SSP corrected + TIAM Scenario_1
GIN,2049,,,,,47.074047581557075,SSP corrected + TIAM Scenario_1
GIN,2050,79781363036.82512,4402.786377511296,18120652.740349863,0.8083227299188267,47.70045793301607,SSP corrected + TIAM Scenario_1
GIN,2051,,,,,49.03421089844681,SSP corrected + TIAM Scenario_1
GIN,2052,,,,,50.36796386387755,SSP corrected + TIAM Scenario_1
GIN,2053,,,,,51.70171682930829,SSP corrected + TIAM Scenario_1
GIN,2054,,,,,53.03546979473903,SSP corrected + TIAM Scenario_1
GIN,2055,101879811197.86264,5525.689305398398,18437484.55026774,0.5884568540675046,54.36922276016977,SSP corrected + TIAM Scenario_1
GIN,2056,,,,,55.70297572560052,SSP corrected + TIAM Scenario_1
GIN,2057,,,,,57.03672869103126,SSP corrected + TIAM Scenario_1
GIN,2058,,,,,58.370481656462,SSP corrected + TIAM Scenario_1
GIN,2059,,,,,59.70423462189274,SSP corrected + TIAM Scenario_1
GIN,2060,127312781384.96907,6824.12118825818,18656289.633898627,0.3779954620201305,61.03798758732348,SSP corrected + TIAM Scenario_1
GIN,2061,,,,,60.93244868938,SSP corrected + TIAM Scenario_1
GIN,2062,,,,,60.826909791436506,SSP corrected + TIAM Scenario_1
GIN,2063,,,,,60.721370893493024,SSP corrected + TIAM Scenario_1
GIN,2064,,,,,60.61583199554954,SSP corrected + TIAM Scenario_1
GIN,2065,156413393787.27438,8294.945838406918,18856469.57006705,0.24415290636615272,60.51029309760605,SSP corrected + TIAM Scenario_1
GIN,2066,,,,,60.40475419966257,SSP corrected + TIAM Scenario_1
GIN,2067,,,,,60.29921530171909,SSP corrected + TIAM Scenario_1
GIN,2068,,,,,60.193676403775605,SSP corrected + TIAM Scenario_1
GIN,2069,,,,,60.088137505832115,SSP corrected + TIAM Scenario_1
GIN,2070,189102702977.89667,9938.273409756155,19027721.93731954,0.1132942180902175,59.98259860788863,SSP corrected + TIAM Scenario_1
GMB,2012,1305822857.84822,639.1398818890468,2043094.0,0.13401682458073205,77.26144526337592,WB hist + TIAM interp
GMB,2013,1343336129.36544,638.5223685322128,2103820.0,0.14382940067233566,74.83188674185922,WB hist + TIAM interp
GMB,2014,1324430251.83027,611.8794729521956,2164528.0,0.15309266927708962,72.40232822034253,WB hist + TIAM interp
GMB,2015,1378176608.93204,619.5363642964601,2224529.0,0.1619019436327992,69.97276969882581,WB hist + TIAM interp
GMB,2016,1404959537.12175,615.1933654943867,2283769.0,0.1703052140080955,67.54321117730912,WB hist + TIAM interp
GMB,2017,1472715273.80675,628.7772992729238,2342189.0,0.17834596943823972,65.11365265579242,WB hist + TIAM interp
GMB,2018,1579264608.77791,658.1278332585622,2399632.0,0.18607110062505763,62.68409413427572,WB hist + TIAM interp
GMB,2019,1677527292.27233,682.7976429404268,2456844.0,0.1934532134957023,60.254535612759014,WB hist + TIAM interp
GMB,2020,1687449652.95674,670.7586428912527,2515733.0,0.2003656852218269,57.82497709124232,WB hist + TIAM interp
GMB,2021,1776141480.03218,689.4932395573697,2576010.0,0.20180822603541212,57.25057203133363,WB hist + TIAM interp
GMB,2022,1873704900.09444,710.6869792163158,2636470.0,0.2031706980617271,56.67616697142495,WB hist + TIAM interp
GMB,2023,1984568191.3287897,735.6123837095125,2697845.0,0.20440273339948048,56.101761911516256,WB hist + TIAM interp
GMB,2024,2094736745.30154,758.9658887290597,2759988.0,0.2055227538153938,55.52735685160757,WB hist + TIAM interp
GMB,2025,2094736745.3015409,758.96588872906,2759988.0,0.21124504027798705,54.95295179169889,SSP corrected + TIAM Scenario_1
GMB,2026,,,,,54.3463374971889,SSP corrected + TIAM Scenario_1
GMB,2027,,,,,53.73972320267891,SSP corrected + TIAM Scenario_1
GMB,2028,,,,,53.133108908168914,SSP corrected + TIAM Scenario_1
GMB,2029,,,,,52.526494613658926,SSP corrected + TIAM Scenario_1
GMB,2030,2808290055.9322205,938.5462909656168,2992170.000525953,0.22679176553117938,51.91988031914894,SSP corrected + TIAM Scenario_1
GMB,2031,,,,,50.93880472298413,SSP corrected + TIAM Scenario_1
GMB,2032,,,,,49.95772912681932,SSP corrected + TIAM Scenario_1
GMB,2033,,,,,48.97665353065453,SSP corrected + TIAM Scenario_1
GMB,2034,,,,,47.99557793448972,SSP corrected + TIAM Scenario_1
GMB,2035,3706117419.0842175,1153.299882125547,3213489.8099996285,0.2626899936263964,47.01450233832491,SSP corrected + TIAM Scenario_1
GMB,2036,,,,,46.43217624604892,SSP corrected + TIAM Scenario_1
GMB,2037,,,,,45.84985015377293,SSP corrected + TIAM Scenario_1
GMB,2038,,,,,45.267524061496935,SSP corrected + TIAM Scenario_1
GMB,2039,,,,,44.685197969220944,SSP corrected + TIAM Scenario_1
GMB,2040,4852162512.288598,1417.5421271910436,3422940.6091115535,0.290303986204525,44.10287187694495,SSP corrected + TIAM Scenario_1
GMB,2041,,,,,44.195978736700184,SSP corrected + TIAM Scenario_1
GMB,2042,,,,,44.289085596455415,SSP corrected + TIAM Scenario_1
GMB,2043,,,,,44.382192456210646,SSP corrected + TIAM Scenario_1
GMB,2044,,,,,44.47529931596588,SSP corrected + TIAM Scenario_1
GMB,2045,6282175664.346816,1741.1296284990303,3608103.3608982177,0.33145587454408104,44.56840617572111,SSP corrected + TIAM Scenario_1
GMB,2046,,,,,45.1948165271801,SSP corrected + TIAM Scenario_1
GMB,2047,,,,,45.821226878639095,SSP corrected + TIAM Scenario_1
GMB,2048,,,,,46.44763723009808,SSP corrected + TIAM Scenario_1
GMB,2049,,,,,47.074047581557075,SSP corrected + TIAM Scenario_1
GMB,2050,8045277245.725922,2136.9971954953635,3764757.9803496175,0.37128438711131584,47.70045793301607,SSP corrected + TIAM Scenario_1
GMB,2051,,,,,49.03421089844681,SSP corrected + TIAM Scenario_1
GMB,2052,,,,,50.36796386387755,SSP corrected + TIAM Scenario_1
GMB,2053,,,,,51.70171682930829,SSP corrected + TIAM Scenario_1
GMB,2054,,,,,53.03546979473903,SSP corrected + TIAM Scenario_1
GMB,2055,10190296973.813255,2616.222787992764,3895041.745138044,0.26582100714406615,54.36922276016977,SSP corrected + TIAM Scenario_1
GMB,2056,,,,,55.70297572560052,SSP corrected + TIAM Scenario_1
GMB,2057,,,,,57.03672869103126,SSP corrected + TIAM Scenario_1
GMB,2058,,,,,58.370481656462,SSP corrected + TIAM Scenario_1
GMB,2059,,,,,59.70423462189274,SSP corrected + TIAM Scenario_1
GMB,2060,12755019748.96806,3185.024081780988,4004685.4973340617,0.16804614999430276,61.03798758732348,SSP corrected + TIAM Scenario_1
GMB,2061,,,,,60.93244868938,SSP corrected + TIAM Scenario_1
GMB,2062,,,,,60.826909791436506,SSP corrected + TIAM Scenario_1
GMB,2063,,,,,60.721370893493024,SSP corrected + TIAM Scenario_1
GMB,2064,,,,,60.61583199554954,SSP corrected + TIAM Scenario_1
GMB,2065,15778683736.948084,3846.8763978642182,4101687.214517314,0.10711366138056247,60.51029309760605,SSP corrected + TIAM Scenario_1
GMB,2066,,,,,60.40475419966257,SSP corrected + TIAM Scenario_1
GMB,2067,,,,,60.29921530171909,SSP corrected + TIAM Scenario_1
GMB,2068,,,,,60.193676403775605,SSP corrected + TIAM Scenario_1
GMB,2069,,,,,60.088137505832115,SSP corrected + TIAM Scenario_1
GMB,2070,19279890734.85323,4604.7270688147655,4186977.956940188,0.04913364558406014,59.98259860788863,SSP corrected + TIAM Scenario_1
GNB,2012,1041496885.43544,630.6686230282478,1651417.0,0.12194812290008067,77.26144526337592,WB hist + TIAM interp
GNB,2013,1075408772.95023,634.095456089354,1695973.0,0.13122649075488094,74.83188674185922,WB hist + TIAM interp
GNB,2014,1085781367.43837,623.6101591033655,1741122.0,0.13998213056567715,72.40232822034253,WB hist + TIAM interp
GNB,2015,1152384166.79638,645.0668372070417,1786457.0,0.14827972297375092,69.97276969882581,WB hist + TIAM interp
GNB,2016,1214989490.95557,663.242608032003,1831893.0,0.15615799121142082,67.54321117730912,WB hist + TIAM interp
GNB,2017,1271652706.03289,677.4661313113669,1877072.0,0.16367731920992293,65.11365265579242,WB hist + TIAM interp
GNB,2018,1319485332.4773,686.4568198395249,1922168.0,0.17085056813647595,62.68409413427572,WB hist + TIAM interp
GNB,2019,1389780856.97486,706.2985628749867,1967696.0,0.17765593708758817,60.254535612759014,WB hist + TIAM interp
GNB,2020,1429964954.95595,710.275129060129,2013255.0,0.18415067078598796,57.82497709124232,WB hist + TIAM interp
GNB,2021,1502186168.85351,729.6270906075359,2058841.0,0.18571534955172647,57.25057203133363,WB hist + TIAM interp
GNB,2022,1585255149.16317,752.9011232631657,2105529.0,0.1871142564455812,56.67616697142495,WB hist + TIAM interp
GNB,2023,1677635814.13438,779.0857891555302,2153339.0,0.18835427702409613,56.101761911516256,WB hist + TIAM interp
GNB,2024,1747195818.6794899,793.6921576737795,2201352.0,0.18952295126175736,55.52735685160757,WB hist + TIAM interp
GNB,2025,1747195818.6794887,793.692157673779,2201352.0,0.19479976172786273,54.95295179169889,SSP corrected + TIAM Scenario_1
GNB,2026,,,,,54.3463374971889,SSP corrected + TIAM Scenario_1
GNB,2027,,,,,53.73972320267891,SSP corrected + TIAM Scenario_1
GNB,2028,,,,,53.133108908168914,SSP corrected + TIAM Scenario_1
GNB,2029,,,,,52.526494613658926,SSP corrected + TIAM Scenario_1
GNB,2030,2395661192.867625,1021.953128173518,2344198.6983779403,0.21291356155324323,51.91988031914894,SSP corrected + TIAM Scenario_1
GNB,2031,,,,,50.93880472298413,SSP corrected + TIAM Scenario_1
GNB,2032,,,,,49.95772912681932,SSP corrected + TIAM Scenario_1
GNB,2033,,,,,48.97665353065453,SSP corrected + TIAM Scenario_1
GNB,2034,,,,,47.99557793448972,SSP corrected + TIAM Scenario_1
GNB,2035,3305081584.571801,1332.4847245694466,2480389.8488515443,0.25031375239649795,47.01450233832491,SSP corrected + TIAM Scenario_1
GNB,2036,,,,,46.43217624604892,SSP corrected + TIAM Scenario_1
GNB,2037,,,,,45.84985015377293,SSP corrected + TIAM Scenario_1
GNB,2038,,,,,45.267524061496935,SSP corrected + TIAM Scenario_1
GNB,2039,,,,,44.685197969220944,SSP corrected + TIAM Scenario_1
GNB,2040,4559129945.300155,1749.119115993794,2606529.140075061,0.28039739685019444,44.10287187694495,SSP corrected + TIAM Scenario_1
GNB,2041,,,,,44.195978736700184,SSP corrected + TIAM Scenario_1
GNB,2042,,,,,44.289085596455415,SSP corrected + TIAM Scenario_1
GNB,2043,,,,,44.382192456210646,SSP corrected + TIAM Scenario_1
GNB,2044,,,,,44.47529931596588,SSP corrected + TIAM Scenario_1
GNB,2045,6245662874.136238,2297.8297164958435,2718070.372795414,0.3236146642826031,44.56840617572111,SSP corrected + TIAM Scenario_1
GNB,2046,,,,,45.1948165271801,SSP corrected + TIAM Scenario_1
GNB,2047,,,,,45.821226878639095,SSP corrected + TIAM Scenario_1
GNB,2048,,,,,46.44763723009808,SSP corrected + TIAM Scenario_1
GNB,2049,,,,,47.074047581557075,SSP corrected + TIAM Scenario_1
GNB,2050,8450968102.322832,3005.3140673174216,2812008.300305953,0.3656043465488801,47.70045793301607,SSP corrected + TIAM Scenario_1
GNB,2051,,,,,49.03421089844681,SSP corrected + TIAM Scenario_1
GNB,2052,,,,,50.36796386387755,SSP corrected + TIAM Scenario_1
GNB,2053,,,,,51.70171682930829,SSP corrected + TIAM Scenario_1
GNB,2054,,,,,53.03546979473903,SSP corrected + TIAM Scenario_1
GNB,2055,11266039964.625042,3900.111123092748,2888645.889579471,0.26362786248717734,54.36922276016977,SSP corrected + TIAM Scenario_1
GNB,2056,,,,,55.70297572560052,SSP corrected + TIAM Scenario_1
GNB,2057,,,,,57.03672869103126,SSP corrected + TIAM Scenario_1
GNB,2058,,,,,58.370481656462,SSP corrected + TIAM Scenario_1
GNB,2059,,,,,59.70423462189274,SSP corrected + TIAM Scenario_1
GNB,2060,14771413676.869473,5007.8340195631,2949661.1946731773,0.16780660317018953,61.03798758732348,SSP corrected + TIAM Scenario_1
GNB,2061,,,,,60.93244868938,SSP corrected + TIAM Scenario_1
GNB,2062,,,,,60.826909791436506,SSP corrected + TIAM Scenario_1
GNB,2063,,,,,60.721370893493024,SSP corrected + TIAM Scenario_1
GNB,2064,,,,,60.61583199554954,SSP corrected + TIAM Scenario_1
GNB,2065,19045009675.148087,6354.0500922001065,2997302.413231952,0.10781049479222266,60.51029309760605,SSP corrected + TIAM Scenario_1
GNB,2066,,,,,60.40475419966257,SSP corrected + TIAM Scenario_1
GNB,2067,,,,,60.29921530171909,SSP corrected + TIAM Scenario_1
GNB,2068,,,,,60.193676403775605,SSP corrected + TIAM Scenario_1
GNB,2069,,,,,60.088137505832115,SSP corrected + TIAM Scenario_1
GNB,2070,24140169466.0473,7959.912200280392,3032718.057517889,0.049892104697568995,59.98259860788863,SSP corrected + TIAM Scenario_1
GNQ,2012,15070007775.4052,11650.71962708841,1293483.0,1.177220596481016,78.5583003157987,WB hist + TIAM interp
GNQ,2013,14447134439.884,10731.645572919097,1346218.0,1.2013400201712718,76.07160936723295,WB hist + TIAM interp
GNQ,2014,14507099626.4903,10363.48724735489,1399828.0,1.2228761603224145,73.5849184186672,WB hist + TIAM interp
GNQ,2015,13185496881.0174,9068.910032386448,1453923.0,1.2424089998085734,71.09822747010146,WB hist + TIAM interp
GNQ,2016,12023008461.848501,7971.834019045728,1508186.0,1.2604000771161885,68.61153652153571,WB hist + TIAM interp
GNQ,2017,11341603434.732399,7259.10936454804,1562396.0,1.2771848373795323,66.12484557296996,WB hist + TIAM interp
GNQ,2018,10634279338.5817,6578.900397657109,1616422.0,1.2929910701904004,63.63815462440422,WB hist + TIAM interp
GNQ,2019,10051326714.9325,6018.1206632186295,1670177.0,1.3079870828877314,61.15146367583847,WB hist + TIAM interp
GNQ,2020,9569759527.14748,5575.262415114922,1716468.0,1.3277967737313237,58.66477272727273,WB hist + TIAM interp
GNQ,2021,9652085293.25754,5487.924792019916,1758786.0,1.2899074173367249,59.64548223751879,WB hist + TIAM interp
GNQ,2022,9963221065.40967,5524.243124185795,1803545.0,1.252101578393064,60.62619174776486,WB hist + TIAM interp
GNQ,2023,9456161986.86363,5118.219861483311,1847549.0,1.216623740695294,61.60690125801092,WB hist + TIAM interp
GNQ,2024,9541952850.62711,5041.940385511726,1892516.0,1.1821947131716615,62.58761076825699,WB hist + TIAM interp
GNQ,2025,9541952850.627117,5041.94038551173,1892516.0,1.1766731927696836,63.56832027850305,SSP corrected + TIAM Scenario_1
GNQ,2026,,,,,63.10410596601594,SSP corrected + TIAM Scenario_1
GNQ,2027,,,,,62.639891653528835,SSP corrected + TIAM Scenario_1
GNQ,2028,,,,,62.17567734104172,SSP corrected + TIAM Scenario_1
GNQ,2029,,,,,61.71146302855461,SSP corrected + TIAM Scenario_1
GNQ,2030,11179298961.636703,5390.010195367318,2074077.51681903,1.4578473393723133,61.2472487160675,SSP corrected + TIAM Scenario_1
GNQ,2031,,,,,60.521717257335666,SSP corrected + TIAM Scenario_1
GNQ,2032,,,,,59.79618579860383,SSP corrected + TIAM Scenario_1
GNQ,2033,,,,,59.070654339872,SSP corrected + TIAM Scenario_1
GNQ,2034,,,,,58.34512288114016,SSP corrected + TIAM Scenario_1
GNQ,2035,12943429459.337616,5750.516364888276,2250829.080040204,1.4714754937929018,57.61959142240833,SSP corrected + TIAM Scenario_1
GNQ,2036,,,,,57.68094544679907,SSP corrected + TIAM Scenario_1
GNQ,2037,,,,,57.74229947118982,SSP corrected + TIAM Scenario_1
GNQ,2038,,,,,57.80365349558057,SSP corrected + TIAM Scenario_1
GNQ,2039,,,,,57.865007519971314,SSP corrected + TIAM Scenario_1
GNQ,2040,14899164289.177996,6157.327015575676,2419745.4920761595,1.2078660463455921,57.92636154436206,SSP corrected + TIAM Scenario_1
GNQ,2041,,,,,57.8565379848766,SSP corrected + TIAM Scenario_1
GNQ,2042,,,,,57.78671442539114,SSP corrected + TIAM Scenario_1
GNQ,2043,,,,,57.71689086590568,SSP corrected + TIAM Scenario_1
GNQ,2044,,,,,57.64706730642022,SSP corrected + TIAM Scenario_1
GNQ,2045,17041363543.589176,6606.92135190836,2579319.873191302,1.3947718393875972,57.57724374693476,SSP corrected + TIAM Scenario_1
GNQ,2046,,,,,58.38797842950047,SSP corrected + TIAM Scenario_1
GNQ,2047,,,,,59.19871311206618,SSP corrected + TIAM Scenario_1
GNQ,2048,,,,,60.009447794631896,SSP corrected + TIAM Scenario_1
GNQ,2049,,,,,60.820182477197605,SSP corrected + TIAM Scenario_1
GNQ,2050,19339187777.159798,7090.40493363559,2727515.27707793,1.2421005408563919,61.630917159763314,SSP corrected + TIAM Scenario_1
GNQ,2051,,,,,61.27283330637317,SSP corrected + TIAM Scenario_1
GNQ,2052,,,,,60.914749452983024,SSP corrected + TIAM Scenario_1
GNQ,2053,,,,,60.55666559959288,SSP corrected + TIAM Scenario_1
GNQ,2054,,,,,60.198581746202734,SSP corrected + TIAM Scenario_1
GNQ,2055,21767794103.308495,7595.839065193554,2865752.4095073515,0.8550159615121354,59.84049789281259,SSP corrected + TIAM Scenario_1
GNQ,2056,,,,,59.48241403942245,SSP corrected + TIAM Scenario_1
GNQ,2057,,,,,59.124330186032296,SSP corrected + TIAM Scenario_1
GNQ,2058,,,,,58.766246332642154,SSP corrected + TIAM Scenario_1
GNQ,2059,,,,,58.40816247925201,SSP corrected + TIAM Scenario_1
GNQ,2060,24352310959.037064,8139.0427818957505,2992036.239593879,0.5055687103221878,58.050078625861865,SSP corrected + TIAM Scenario_1
GNQ,2061,,,,,57.261940734726494,SSP corrected + TIAM Scenario_1
GNQ,2062,,,,,56.47380284359112,SSP corrected + TIAM Scenario_1
GNQ,2063,,,,,55.68566495245576,SSP corrected + TIAM Scenario_1
GNQ,2064,,,,,54.89752706132039,SSP corrected + TIAM Scenario_1
GNQ,2065,27033343856.88655,8713.074717634443,3102618.160977503,0.29521133808690675,54.10938917018502,SSP corrected + TIAM Scenario_1
GNQ,2066,,,,,53.32125127904965,SSP corrected + TIAM Scenario_1
GNQ,2067,,,,,52.53311338791428,SSP corrected + TIAM Scenario_1
GNQ,2068,,,,,51.74497549677891,SSP corrected + TIAM Scenario_1
GNQ,2069,,,,,50.95683760564354,SSP corrected + TIAM Scenario_1
GNQ,2070,29766346931.262672,9321.12271096816,3193429.3597740782,0.09994779245208273,50.16869971450817,SSP corrected + TIAM Scenario_1
GRC,2012,197978089510.093,17924.662049688588,11045011.0,6.531591521526544,15.096854262136018,WB hist + TIAM interp
GRC,2013,193479795684.276,17644.87666350205,10965211.0,6.459604720542297,16.42103853448346,WB hist + TIAM interp
GRC,2014,195012591113.587,17903.525244001215,10892413.0,6.382456969995281,17.745222806830903,WB hist + TIAM interp
GRC,2015,194567373678.099,17980.72982381373,10820883.0,6.30353232786013,19.069407079178344,WB hist + TIAM interp
GRC,2016,194505511433.34302,18049.928997891977,10775971.0,6.208184333557227,20.393591351525785,WB hist + TIAM interp
GRC,2017,197370820217.692,18352.08844612582,10754679.0,6.098614647228606,21.717775623873223,WB hist + TIAM interp
GRC,2018,201445880434.66998,18769.038962197665,10732882.0,5.9888920245481865,23.041959896220668,WB hist + TIAM interp
GRC,2019,206033167050.895,19216.675957978496,10721582.0,5.872967249123467,24.36614416856811,WB hist + TIAM interp
GRC,2020,187085880047.73804,17486.95133332299,10698599.0,5.763084351452614,25.69032844091555,WB hist + TIAM interp
GRC,2021,203277223532.87097,19232.968332711334,10569207.0,5.416415260998413,26.64944492330824,WB hist + TIAM interp
GRC,2022,214502162962.972,20552.322327968446,10436882.0,5.062575173652045,27.608561405700936,WB hist + TIAM interp
GRC,2023,219083738943.27103,21050.864811158095,10407351.0,4.6532287914206565,28.567677888093627,WB hist + TIAM interp
GRC,2024,223655084018.924,21494.685606059855,10405134.0,4.230418457629207,29.52679437048632,WB hist + TIAM interp
GRC,2025,223655084018.92447,21494.6856060599,10405134.0,3.8066166701735766,30.485910852879012,SSP corrected + TIAM Scenario_1
GRC,2026,,,,,31.3335577234195,SSP corrected + TIAM Scenario_1
GRC,2027,,,,,32.18120459395999,SSP corrected + TIAM Scenario_1
GRC,2028,,,,,33.02885146450048,SSP corrected + TIAM Scenario_1
GRC,2029,,,,,33.876498335040964,SSP corrected + TIAM Scenario_1
GRC,2030,247008100256.77914,23787.12828273589,10384107.628328197,3.045635782082027,34.72414520558145,SSP corrected + TIAM Scenario_1
GRC,2031,,,,,39.28947030971113,SSP corrected + TIAM Scenario_1
GRC,2032,,,,,43.8547954138408,SSP corrected + TIAM Scenario_1
GRC,2033,,,,,48.42012051797048,SSP corrected + TIAM Scenario_1
GRC,2034,,,,,52.98544562210016,SSP corrected + TIAM Scenario_1
GRC,2035,271564654889.59854,26182.634605764943,10371937.697583914,1.8424223956431676,57.550770726229835,SSP corrected + TIAM Scenario_1
GRC,2036,,,,,60.501386688387505,SSP corrected + TIAM Scenario_1
GRC,2037,,,,,63.452002650545175,SSP corrected + TIAM Scenario_1
GRC,2038,,,,,66.40261861270285,SSP corrected + TIAM Scenario_1
GRC,2039,,,,,69.35323457486052,SSP corrected + TIAM Scenario_1
GRC,2040,297100538655.75476,28683.613802785934,10357848.9341848,0.7270171840321421,72.30385053701819,SSP corrected + TIAM Scenario_1
GRC,2041,,,,,74.60795847005839,SSP corrected + TIAM Scenario_1
GRC,2042,,,,,76.91206640309858,SSP corrected + TIAM Scenario_1
GRC,2043,,,,,79.21617433613878,SSP corrected + TIAM Scenario_1
GRC,2044,,,,,81.52028226917896,SSP corrected + TIAM Scenario_1
GRC,2045,323070034673.1716,31283.996428328646,10327006.506771669,0.1026942994509825,83.82439020221916,SSP corrected + TIAM Scenario_1
GRC,2046,,,,,84.24126685670011,SSP corrected + TIAM Scenario_1
GRC,2047,,,,,84.65814351118105,SSP corrected + TIAM Scenario_1
GRC,2048,,,,,85.075020165662,SSP corrected + TIAM Scenario_1
GRC,2049,,,,,85.49189682014294,SSP corrected + TIAM Scenario_1
GRC,2050,350381966018.0719,34134.75999398656,10264667.631464168,0.04766665358756308,85.90877347462389,SSP corrected + TIAM Scenario_1
GRC,2051,,,,,86.41930556067057,SSP corrected + TIAM Scenario_1
GRC,2052,,,,,86.92983764671725,SSP corrected + TIAM Scenario_1
GRC,2053,,,,,87.44036973276393,SSP corrected + TIAM Scenario_1
GRC,2054,,,,,87.9509018188106,SSP corrected + TIAM Scenario_1
GRC,2055,380120010788.32184,37370.824330032934,10171571.475955902,0.03072171040160868,88.46143390485727,SSP corrected + TIAM Scenario_1
GRC,2056,,,,,88.97196599090395,SSP corrected + TIAM Scenario_1
GRC,2057,,,,,89.48249807695063,SSP corrected + TIAM Scenario_1
GRC,2058,,,,,89.99303016299731,SSP corrected + TIAM Scenario_1
GRC,2059,,,,,90.503562249044,SSP corrected + TIAM Scenario_1
GRC,2060,412399093857.02167,41001.36487368788,10058179.651518716,0.013490889499691754,91.01409433509068,SSP corrected + TIAM Scenario_1
GRC,2061,,,,,91.1468228885892,SSP corrected + TIAM Scenario_1
GRC,2062,,,,,91.27955144208777,SSP corrected + TIAM Scenario_1
GRC,2063,,,,,91.4122799955863,SSP corrected + TIAM Scenario_1
GRC,2064,,,,,91.54500854908484,SSP corrected + TIAM Scenario_1
GRC,2065,445695579329.8996,44955.27453421376,9914199.923096845,0.014070863293727781,91.6777371025834,SSP corrected + TIAM Scenario_1
GRC,2066,,,,,91.81046565608192,SSP corrected + TIAM Scenario_1
GRC,2067,,,,,91.94319420958048,SSP corrected + TIAM Scenario_1
GRC,2068,,,,,92.075922763079,SSP corrected + TIAM Scenario_1
GRC,2069,,,,,92.20865131657756,SSP corrected + TIAM Scenario_1
GRC,2070,478641649698.9132,49084.90710415261,9751299.899239697,0.01469639071747254,92.3413798700761,SSP corrected + TIAM Scenario_1
GRD,2012,852529700.227814,7559.562848395602,112775.0,,,WB hist + TIAM interp
GRD,2013,872573509.102323,7688.75297701343,113487.0,,,WB hist + TIAM interp
GRD,2014,936638937.786048,8206.628621123331,114132.0,,,WB hist + TIAM interp
GRD,2015,997007407.407407,8694.124380056917,114676.0,,,WB hist + TIAM interp
GRD,2016,1034291535.85512,8983.683973378962,115130.0,,,WB hist + TIAM interp
GRD,2017,1080200382.60863,9357.407288835824,115438.0,,,WB hist + TIAM interp
GRD,2018,1127312678.42806,9744.169195772014,115691.0,,,WB hist + TIAM interp
GRD,2019,1134939081.03144,9785.560402405912,115981.0,,,WB hist + TIAM interp
GRD,2020,978809798.804488,8413.283355003721,116341.0,,,WB hist + TIAM interp
GRD,2021,1024791581.86502,8782.321934260764,116688.0,,,WB hist + TIAM interp
GRD,2022,1099706286.21882,9406.19337643222,116913.0,,,WB hist + TIAM interp
GRD,2023,1149485315.7638898,9817.863835839204,117081.0,,,WB hist + TIAM interp
GRD,2024,1195043156.53983,10196.00498724334,117207.0,,,WB hist + TIAM interp
GRL,2012,2480080343.49763,43655.70046642546,56810.0,,,WB hist + TIAM interp
GRL,2013,2447881939.21831,43338.38392469079,56483.0,,,WB hist + TIAM interp
GRL,2014,2563963821.89127,45545.14294149161,56295.0,,,WB hist + TIAM interp
GRL,2015,2499113022.81675,44536.35497053766,56114.0,,,WB hist + TIAM interp
GRL,2016,2616120347.69515,46561.78314340138,56186.0,,,WB hist + TIAM interp
GRL,2017,2617499780.4164395,46597.94524703481,56172.0,,,WB hist + TIAM interp
GRL,2018,2633808516.64035,47012.98603502758,56023.0,,,WB hist + TIAM interp
GRL,2019,2708402650.63237,48170.78969555127,56225.0,,,WB hist + TIAM interp
GRL,2020,2715195047.19671,48169.94069573882,56367.0,,,WB hist + TIAM interp
GRL,2021,2759563889.53607,48709.93397588954,56653.0,,,WB hist + TIAM interp
GRL,2022,2814880887.77734,49679.33654148956,56661.0,,,WB hist + TIAM interp
GRL,2023,2839256686.24476,49929.77554286046,56865.0,,,WB hist + TIAM interp
GTM,2012,55161308535.5737,3655.5731579124217,15089647.0,1.2673948223869937,38.879500250197985,WB hist + TIAM interp
GTM,2013,57199419016.293,3717.304626284132,15387337.0,1.255797103377006,38.85667685180975,WB hist + TIAM interp
GTM,2014,59741348518.3759,3809.615875700913,15681725.0,1.2449016920730485,38.83385345342151,WB hist + TIAM interp
GTM,2015,62186066547.6566,3893.5053329906823,15971743.0,1.2347455591392014,38.81103005503327,WB hist + TIAM interp
GTM,2016,63851286764.0999,3924.778948370982,16268760.0,1.2244246946172312,38.78820665664504,WB hist + TIAM interp
GTM,2017,65817811430.0879,3972.7405783606823,16567357.0,1.214358104834671,38.7653832582568,WB hist + TIAM interp
GTM,2018,68060140995.09699,4040.2121371198023,16845685.0,1.2060974072872561,38.74255985986856,WB hist + TIAM interp
GTM,2019,70794727937.1204,4139.122038363071,17103803.0,1.1995209343978188,38.71973646148032,WB hist + TIAM interp
GTM,2020,69530651433.08311,4005.839115939991,17357325.0,1.1934559334548736,38.69691306309209,WB hist + TIAM interp
GTM,2021,75122100458.9218,4268.628585654115,17598650.0,1.1491549083347186,39.00786664522744,WB hist + TIAM interp
GTM,2022,78265598404.1417,4385.14891178047,17847877.0,1.105562725750238,39.318820227362785,WB hist + TIAM interp
GTM,2023,81030845277.9723,4470.707284554615,18124838.0,1.0615443880041944,39.62977380949813,WB hist + TIAM interp
GTM,2024,83989981406.9695,4563.095906527168,18406359.0,1.0185986582026,39.94072739163348,WB hist + TIAM interp
GTM,2025,83989981406.96953,4563.09590652717,18406359.0,0.9918890040776418,40.25168097376883,SSP corrected + TIAM Scenario_1
GTM,2026,,,,,41.03311574715632,SSP corrected + TIAM Scenario_1
GTM,2027,,,,,41.81455052054381,SSP corrected + TIAM Scenario_1
GTM,2028,,,,,42.59598529393129,SSP corrected + TIAM Scenario_1
GTM,2029,,,,,43.37742006731878,SSP corrected + TIAM Scenario_1
GTM,2030,106238020651.78358,5369.6221178012765,19785008.76245745,0.8597275479754221,44.15885484070627,SSP corrected + TIAM Scenario_1
GTM,2031,,,,,43.75068382553754,SSP corrected + TIAM Scenario_1
GTM,2032,,,,,43.34251281036882,SSP corrected + TIAM Scenario_1
GTM,2033,,,,,42.93434179520009,SSP corrected + TIAM Scenario_1
GTM,2034,,,,,42.52617078003136,SSP corrected + TIAM Scenario_1
GTM,2035,133102250662.1509,6317.916983481201,21067426.338484578,0.7500487017233141,42.11799976486264,SSP corrected + TIAM Scenario_1
GTM,2036,,,,,42.63433136242324,SSP corrected + TIAM Scenario_1
GTM,2037,,,,,43.15066295998385,SSP corrected + TIAM Scenario_1
GTM,2038,,,,,43.66699455754445,SSP corrected + TIAM Scenario_1
GTM,2039,,,,,44.18332615510506,SSP corrected + TIAM Scenario_1
GTM,2040,165911740580.28668,7467.190591163381,22218763.342752416,0.6391357796178958,44.69965775266566,SSP corrected + TIAM Scenario_1
GTM,2041,,,,,45.21361097692995,SSP corrected + TIAM Scenario_1
GTM,2042,,,,,45.72756420119425,SSP corrected + TIAM Scenario_1
GTM,2043,,,,,46.24151742545854,SSP corrected + TIAM Scenario_1
GTM,2044,,,,,46.75547064972284,SSP corrected + TIAM Scenario_1
GTM,2045,205753342361.9933,8840.633442825269,23273597.270224467,0.5735423642765219,47.26942387398713,SSP corrected + TIAM Scenario_1
GTM,2046,,,,,46.98986888073011,SSP corrected + TIAM Scenario_1
GTM,2047,,,,,46.71031388747309,SSP corrected + TIAM Scenario_1
GTM,2048,,,,,46.43075889421607,SSP corrected + TIAM Scenario_1
GTM,2049,,,,,46.151203900959054,SSP corrected + TIAM Scenario_1
GTM,2050,253538105166.4848,10471.927114858485,24211217.513798658,0.5619331691142959,45.87164890770203,SSP corrected + TIAM Scenario_1
GTM,2051,,,,,45.7537597769145,SSP corrected + TIAM Scenario_1
GTM,2052,,,,,45.63587064612697,SSP corrected + TIAM Scenario_1
GTM,2053,,,,,45.51798151533943,SSP corrected + TIAM Scenario_1
GTM,2054,,,,,45.4000923845519,SSP corrected + TIAM Scenario_1
GTM,2055,309837192746.23584,12377.771691978109,25031742.421540845,0.39816956329544295,45.282203253764365,SSP corrected + TIAM Scenario_1
GTM,2056,,,,,45.16431412297683,SSP corrected + TIAM Scenario_1
GTM,2057,,,,,45.0464249921893,SSP corrected + TIAM Scenario_1
GTM,2058,,,,,44.92853586140176,SSP corrected + TIAM Scenario_1
GTM,2059,,,,,44.81064673061423,SSP corrected + TIAM Scenario_1
GTM,2060,374772495040.2155,14576.193117553888,25711273.994365696,0.2461437621784236,44.6927575998267,SSP corrected + TIAM Scenario_1
GTM,2061,,,,,44.73681582547181,SSP corrected + TIAM Scenario_1
GTM,2062,,,,,44.78087405111692,SSP corrected + TIAM Scenario_1
GTM,2063,,,,,44.82493227676203,SSP corrected + TIAM Scenario_1
GTM,2064,,,,,44.86899050240714,SSP corrected + TIAM Scenario_1
GTM,2065,449374607109.31824,17071.311711033428,26323378.936305236,0.140408064638094,44.913048728052246,SSP corrected + TIAM Scenario_1
GTM,2066,,,,,44.957106953697355,SSP corrected + TIAM Scenario_1
GTM,2067,,,,,45.001165179342465,SSP corrected + TIAM Scenario_1
GTM,2068,,,,,45.045223404987574,SSP corrected + TIAM Scenario_1
GTM,2069,,,,,45.08928163063269,SSP corrected + TIAM Scenario_1
GTM,2070,534080301234.84546,19882.232679808538,26862189.465131465,0.03958574085595047,45.13333985627779,SSP corrected + TIAM Scenario_1
GUM,2012,5556275705.18653,33404.93176369125,166331.0,,,WB hist + TIAM interp
GUM,2013,5650199454.04914,34044.319041545496,165966.0,,,WB hist + TIAM interp
GUM,2014,5751510464.05824,34755.26911072985,165486.0,,,WB hist + TIAM interp
GUM,2015,5799000000.0,35165.70146447955,164905.0,,,WB hist + TIAM interp
GUM,2016,5809553230.20928,35373.848314341696,164233.0,,,WB hist + TIAM interp
GUM,2017,5861264058.23476,35850.90255205065,163490.0,,,WB hist + TIAM interp
GUM,2018,5812719199.272071,35731.22037430812,162679.0,,,WB hist + TIAM interp
GUM,2019,5959409099.181069,36830.12644109729,161808.0,,,WB hist + TIAM interp
GUM,2020,5332547224.749771,32884.88526467871,162158.0,,,WB hist + TIAM interp
GUM,2021,5442300818.926299,33239.48463278751,163730.0,,,WB hist + TIAM interp
GUM,2022,5719850773.43039,34627.986278183744,165180.0,,,WB hist + TIAM interp
GUY,2012,4032790343.85011,5403.798994289215,746288.0,4.322590266255245,38.879500250197985,WB hist + TIAM interp
GUY,2013,4180123674.47048,5573.3421790462935,750021.0,4.345793036604922,38.85667685180975,WB hist + TIAM interp
GUY,2014,4250621228.25175,5635.71704117947,754229.0,4.366014610405891,38.83385345342151,WB hist + TIAM interp
GUY,2015,4279840193.704601,5640.415605694661,758781.0,4.384023358618878,38.81103005503327,WB hist + TIAM interp
GUY,2016,4442793237.239929,5818.616822046459,763548.0,4.400577858314808,38.78820665664504,WB hist + TIAM interp
GUY,2017,4608708975.07815,5997.182714268249,768479.0,4.415984323637888,38.7653832582568,WB hist + TIAM interp
GUY,2018,4813377725.77348,6080.906121327462,791556.0,4.329611564474637,38.74255985986856,WB hist + TIAM interp
GUY,2019,5071030135.73162,6278.630540795528,807665.0,4.284782435804016,38.71973646148032,WB hist + TIAM interp
GUY,2020,7275896377.20418,9010.610004698785,807481.0,4.327293893599992,38.69691306309209,WB hist + TIAM interp
GUY,2021,8735441012.709679,10711.99733741478,815482.0,4.183146475571431,39.00786664522744,WB hist + TIAM interp
GUY,2022,14268000638.322,17365.333642864185,821637.0,4.050880994752997,39.318820227362785,WB hist + TIAM interp
GUY,2023,19089873040.0558,23101.353828274117,826353.0,3.927409668240805,39.62977380949813,WB hist + TIAM interp
GUY,2024,27454923839.268196,33034.957638933345,831087.0,3.805257229716889,39.94072739163348,WB hist + TIAM interp
GUY,2025,27454923839.26816,33034.9576389333,831087.0,3.705475923660996,40.25168097376883,SSP corrected + TIAM Scenario_1
GUY,2026,,,,,41.03311574715632,SSP corrected + TIAM Scenario_1
GUY,2027,,,,,41.81455052054381,SSP corrected + TIAM Scenario_1
GUY,2028,,,,,42.59598529393129,SSP corrected + TIAM Scenario_1
GUY,2029,,,,,43.37742006731878,SSP corrected + TIAM Scenario_1
GUY,2030,31977418017.184372,38445.86077283377,831751.9070812414,3.449552867705623,44.15885484070627,SSP corrected + TIAM Scenario_1
GUY,2031,,,,,43.75068382553754,SSP corrected + TIAM Scenario_1
GUY,2032,,,,,43.34251281036882,SSP corrected + TIAM Scenario_1
GUY,2033,,,,,42.93434179520009,SSP corrected + TIAM Scenario_1
GUY,2034,,,,,42.52617078003136,SSP corrected + TIAM Scenario_1
GUY,2035,36456840821.97758,44131.87889309235,826088.5721700806,3.2265162312629023,42.11799976486264,SSP corrected + TIAM Scenario_1
GUY,2036,,,,,42.63433136242324,SSP corrected + TIAM Scenario_1
GUY,2037,,,,,43.15066295998385,SSP corrected + TIAM Scenario_1
GUY,2038,,,,,43.66699455754445,SSP corrected + TIAM Scenario_1
GUY,2039,,,,,44.18332615510506,SSP corrected + TIAM Scenario_1
GUY,2040,41434660944.33698,50880.8775130547,814346.4297310112,2.94146264785859,44.69965775266566,SSP corrected + TIAM Scenario_1
GUY,2041,,,,,45.21361097692995,SSP corrected + TIAM Scenario_1
GUY,2042,,,,,45.72756420119425,SSP corrected + TIAM Scenario_1
GUY,2043,,,,,46.24151742545854,SSP corrected + TIAM Scenario_1
GUY,2044,,,,,46.75547064972284,SSP corrected + TIAM Scenario_1
GUY,2045,47446194021.648766,59470.153017754914,797815.2335926162,2.8221897710624098,47.26942387398713,SSP corrected + TIAM Scenario_1
GUY,2046,,,,,46.98986888073011,SSP corrected + TIAM Scenario_1
GUY,2047,,,,,46.71031388747309,SSP corrected + TIAM Scenario_1
GUY,2048,,,,,46.43075889421607,SSP corrected + TIAM Scenario_1
GUY,2049,,,,,46.151203900959054,SSP corrected + TIAM Scenario_1
GUY,2050,54497593107.21607,69996.83710798564,778572.2235297782,2.9475549646208323,45.87164890770203,SSP corrected + TIAM Scenario_1
GUY,2051,,,,,45.7537597769145,SSP corrected + TIAM Scenario_1
GUY,2052,,,,,45.63587064612697,SSP corrected + TIAM Scenario_1
GUY,2053,,,,,45.51798151533943,SSP corrected + TIAM Scenario_1
GUY,2054,,,,,45.4000923845519,SSP corrected + TIAM Scenario_1
GUY,2055,62201215842.93188,82213.72288651716,756579.4816127067,2.222102570375402,45.282203253764365,SSP corrected + TIAM Scenario_1
GUY,2056,,,,,45.16431412297683,SSP corrected + TIAM Scenario_1
GUY,2057,,,,,45.0464249921893,SSP corrected + TIAM Scenario_1
GUY,2058,,,,,44.92853586140176,SSP corrected + TIAM Scenario_1
GUY,2059,,,,,44.81064673061423,SSP corrected + TIAM Scenario_1
GUY,2060,69775624459.27861,95311.82731134066,732077.2922688092,1.458193021505051,44.6927575998267,SSP corrected + TIAM Scenario_1
GUY,2061,,,,,44.73681582547181,SSP corrected + TIAM Scenario_1
GUY,2062,,,,,44.78087405111692,SSP corrected + TIAM Scenario_1
GUY,2063,,,,,44.82493227676203,SSP corrected + TIAM Scenario_1
GUY,2064,,,,,44.86899050240714,SSP corrected + TIAM Scenario_1
GUY,2065,77393104448.74841,109218.95959064808,708605.0328515968,0.879810168354335,44.913048728052246,SSP corrected + TIAM Scenario_1
GUY,2066,,,,,44.957106953697355,SSP corrected + TIAM Scenario_1
GUY,2067,,,,,45.001165179342465,SSP corrected + TIAM Scenario_1
GUY,2068,,,,,45.045223404987574,SSP corrected + TIAM Scenario_1
GUY,2069,,,,,45.08928163063269,SSP corrected + TIAM Scenario_1
GUY,2070,86105827926.20311,125451.23046892918,686368.9387847746,0.26132567716229005,45.13333985627779,SSP corrected + TIAM Scenario_1
HKG,2012,285202001494.798,39887.833945650826,7150100.0,,,WB hist + TIAM interp
HKG,2013,294047609778.975,40959.981303399545,7178900.0,,,WB hist + TIAM interp
HKG,2014,302170458556.299,41796.868186776264,7229500.0,,,WB hist + TIAM interp
HKG,2015,309385622601.348,42432.16197404414,7291300.0,,,WB hist + TIAM interp
HKG,2016,316116086739.67,43087.54555784287,7336600.0,,,WB hist + TIAM interp
HKG,2017,328116204743.636,44380.81003403614,7393200.0,,,WB hist + TIAM interp
HKG,2018,337457513840.276,45280.50798919518,7452600.0,,,WB hist + TIAM interp
HKG,2019,331813719170.552,44195.276864443054,7507900.0,,,WB hist + TIAM interp
HKG,2020,310097161184.35,41451.29811313327,7481000.0,,,WB hist + TIAM interp
HKG,2021,330112209080.37,44530.926209058285,7413100.0,,,WB hist + TIAM interp
HKG,2022,317951587861.717,43281.68522913069,7346100.0,,,WB hist + TIAM interp
HKG,2023,328201901799.319,43550.6298747786,7536100.0,,,WB hist + TIAM interp
HKG,2024,336423318692.037,44712.765472553125,7524100.0,,,WB hist + TIAM interp
HKG,2025,336423318692.03754,44712.7654725532,7524100.0,,,SSP corrected + TIAM Scenario_1
HKG,2030,375877077929.5792,48078.38665099243,7818005.222557118,,,SSP corrected + TIAM Scenario_1
HKG,2035,416767609171.4008,51450.569308083665,8100349.807128768,,,SSP corrected + TIAM Scenario_1
HKG,2040,456599835180.8018,54661.42501872438,8353236.949537862,,,SSP corrected + TIAM Scenario_1
HKG,2045,493257145492.9401,57488.698164220834,8580071.583529577,,,SSP corrected + TIAM Scenario_1
HKG,2050,525935648649.8077,59915.29340415397,8777986.700359615,,,SSP corrected + TIAM Scenario_1
HKG,2055,556069313198.1189,62195.20031244731,8940711.026005508,,,SSP corrected + TIAM Scenario_1
HKG,2060,585431326050.4728,64532.489261430754,9071885.072940594,,,SSP corrected + TIAM Scenario_1
HKG,2065,612761533029.4558,67052.44380621536,9138541.390085122,,,SSP corrected + TIAM Scenario_1
HKG,2070,637528678925.6823,69703.98895090279,9146229.484437922,,,SSP corrected + TIAM Scenario_1
HND,2012,19072018181.9071,2188.3937881789097,8715076.0,1.1641642459383068,38.879500250197985,WB hist + TIAM interp
HND,2013,19604424966.4102,2205.401267280672,8889278.0,1.153216588689619,38.85667685180975,WB hist + TIAM interp
HND,2014,20203944075.628,2229.2477223221754,9063122.0,1.1427349010983547,38.83385345342151,WB hist + TIAM interp
HND,2015,20979791685.416,2271.2026598034818,9237305.0,1.132606186929084,38.81103005503327,WB hist + TIAM interp
HND,2016,21796529142.773205,2315.7298305819786,9412380.0,1.1227459754907483,38.78820665664504,WB hist + TIAM interp
HND,2017,22852116284.6356,2383.3739843971357,9588137.0,1.1131666908835627,38.7653832582568,WB hist + TIAM interp
HND,2018,23730778960.5382,2430.135036577626,9765210.0,1.103783503607899,38.74255985986856,WB hist + TIAM interp
HND,2019,24338200129.3672,2447.6164928218086,9943633.0,1.094585920307551,38.71973646148032,WB hist + TIAM interp
HND,2020,22156260473.8169,2189.4316866822237,10119640.0,1.085971798378616,38.69691306309209,WB hist + TIAM interp
HND,2021,24940257609.6892,2423.7663491691105,10289877.0,1.0426587064290769,39.00786664522744,WB hist + TIAM interp
HND,2022,25973672631.7766,2482.2238490471404,10463872.0,1.0003960326086219,39.318820227362785,WB hist + TIAM interp
HND,2023,26902451582.392097,2527.273663331887,10644851.0,0.9588863410971726,39.62977380949813,WB hist + TIAM interp
HND,2024,27858556649.7637,2573.371599956483,10825703.0,0.9187752905566238,39.94072739163348,WB hist + TIAM interp
HND,2025,27858556649.763668,2573.37159995648,10825703.0,0.8946832008687887,40.25168097376883,SSP corrected + TIAM Scenario_1
HND,2026,,,,,41.03311574715632,SSP corrected + TIAM Scenario_1
HND,2027,,,,,41.81455052054381,SSP corrected + TIAM Scenario_1
HND,2028,,,,,42.59598529393129,SSP corrected + TIAM Scenario_1
HND,2029,,,,,43.37742006731878,SSP corrected + TIAM Scenario_1
HND,2030,34994432173.78822,3059.362232673931,11438472.960164163,0.7889027445041072,44.15885484070627,SSP corrected + TIAM Scenario_1
HND,2031,,,,,43.75068382553754,SSP corrected + TIAM Scenario_1
HND,2032,,,,,43.34251281036882,SSP corrected + TIAM Scenario_1
HND,2033,,,,,42.93434179520009,SSP corrected + TIAM Scenario_1
HND,2034,,,,,42.52617078003136,SSP corrected + TIAM Scenario_1
HND,2035,43631083624.35756,3637.553313951666,11994623.819536218,0.6988898652219675,42.11799976486264,SSP corrected + TIAM Scenario_1
HND,2036,,,,,42.63433136242324,SSP corrected + TIAM Scenario_1
HND,2037,,,,,43.15066295998385,SSP corrected + TIAM Scenario_1
HND,2038,,,,,43.66699455754445,SSP corrected + TIAM Scenario_1
HND,2039,,,,,44.18332615510506,SSP corrected + TIAM Scenario_1
HND,2040,54299094277.80958,4346.985963956168,12491205.338144748,0.6031191150966754,44.69965775266566,SSP corrected + TIAM Scenario_1
HND,2041,,,,,45.21361097692995,SSP corrected + TIAM Scenario_1
HND,2042,,,,,45.72756420119425,SSP corrected + TIAM Scenario_1
HND,2043,,,,,46.24151742545854,SSP corrected + TIAM Scenario_1
HND,2044,,,,,46.75547064972284,SSP corrected + TIAM Scenario_1
HND,2045,67232061638.55,5207.647771730394,12910255.18344728,0.5485151376869611,47.26942387398713,SSP corrected + TIAM Scenario_1
HND,2046,,,,,46.98986888073011,SSP corrected + TIAM Scenario_1
HND,2047,,,,,46.71031388747309,SSP corrected + TIAM Scenario_1
HND,2048,,,,,46.43075889421607,SSP corrected + TIAM Scenario_1
HND,2049,,,,,46.151203900959054,SSP corrected + TIAM Scenario_1
HND,2050,82608411941.09947,6232.581149490708,13254285.81830014,0.5445520441620215,45.87164890770203,SSP corrected + TIAM Scenario_1
HND,2051,,,,,45.7537597769145,SSP corrected + TIAM Scenario_1
HND,2052,,,,,45.63587064612697,SSP corrected + TIAM Scenario_1
HND,2053,,,,,45.51798151533943,SSP corrected + TIAM Scenario_1
HND,2054,,,,,45.4000923845519,SSP corrected + TIAM Scenario_1
HND,2055,100613027632.41199,7433.308884595316,13535429.402230412,0.3906443334454455,45.282203253764365,SSP corrected + TIAM Scenario_1
HND,2056,,,,,45.16431412297683,SSP corrected + TIAM Scenario_1
HND,2057,,,,,45.0464249921893,SSP corrected + TIAM Scenario_1
HND,2058,,,,,44.92853586140176,SSP corrected + TIAM Scenario_1
HND,2059,,,,,44.81064673061423,SSP corrected + TIAM Scenario_1
HND,2060,121344512684.19649,8823.827916438699,13751912.8697119,0.24414270138345298,44.6927575998267,SSP corrected + TIAM Scenario_1
HND,2061,,,,,44.73681582547181,SSP corrected + TIAM Scenario_1
HND,2062,,,,,44.78087405111692,SSP corrected + TIAM Scenario_1
HND,2063,,,,,44.82493227676203,SSP corrected + TIAM Scenario_1
HND,2064,,,,,44.86899050240714,SSP corrected + TIAM Scenario_1
HND,2065,145160306493.8975,10433.711018864877,13912624.782441985,0.14093505950957205,44.913048728052246,SSP corrected + TIAM Scenario_1
HND,2066,,,,,44.957106953697355,SSP corrected + TIAM Scenario_1
HND,2067,,,,,45.001165179342465,SSP corrected + TIAM Scenario_1
HND,2068,,,,,45.045223404987574,SSP corrected + TIAM Scenario_1
HND,2069,,,,,45.08928163063269,SSP corrected + TIAM Scenario_1
HND,2070,172204793448.6601,12284.077255831184,14018537.156864218,0.040241291925245955,45.13333985627779,SSP corrected + TIAM Scenario_1
HRV,2012,50189155633.3966,11780.474276728348,4260368.0,3.8324626938672686,15.624833278696284,WB hist + TIAM interp
HRV,2013,50122079966.6919,11838.215245035668,4233922.0,3.7728663493463297,17.800327931391145,WB hist + TIAM interp
HRV,2014,49842552678.5614,11862.76094918205,4201598.0,3.717714606911064,19.975822584086004,WB hist + TIAM interp
HRV,2015,50998893384.8289,12283.784062005288,4151725.0,3.6771854287987558,22.151317236780866,WB hist + TIAM interp
HRV,2016,52766750207.3137,12848.419539106988,4106867.0,3.6312310799913203,24.326811889475728,WB hist + TIAM interp
HRV,2017,54499590874.6275,13485.301251427412,4041407.0,3.6025333526670082,26.50230654217059,WB hist + TIAM interp
HRV,2018,56086115348.74999,14060.987483312543,3988775.0,3.5614001608546784,28.677801194865452,WB hist + TIAM interp
HRV,2019,57825641269.21511,14641.66397069297,3949390.0,3.507362996316981,30.85329584756031,WB hist + TIAM interp
HRV,2020,53019830857.522,13545.488116241711,3914206.0,3.448532029595663,33.02879050025518,WB hist + TIAM interp
HRV,2021,59717412023.485,15395.12877827579,3878981.0,3.2515838355716467,36.03026624564535,WB hist + TIAM interp
HRV,2022,64073470836.9772,16618.111187472383,3855641.0,3.0416211142955376,39.03174199103553,WB hist + TIAM interp
HRV,2023,66483687609.844,17225.15448402901,3859686.0,2.809028048239566,42.033217736425705,WB hist + TIAM interp
HRV,2024,69027943227.3244,17854.209101268534,3866200.0,2.575276340606176,45.03469348181588,WB hist + TIAM interp
HRV,2025,69027943227.32428,17854.2091012685,3866200.0,2.3462574478054976,48.03616922720606,SSP corrected + TIAM Scenario_1
HRV,2026,,,,,45.32300225972651,SSP corrected + TIAM Scenario_1
HRV,2027,,,,,42.60983529224696,SSP corrected + TIAM Scenario_1
HRV,2028,,,,,39.8966683247674,SSP corrected + TIAM Scenario_1
HRV,2029,,,,,37.183501357287845,SSP corrected + TIAM Scenario_1
HRV,2030,74526915300.89192,19466.18840246416,3828531.490605414,1.5401568978977707,34.47033438980829,SSP corrected + TIAM Scenario_1
HRV,2031,,,,,39.361478929690215,SSP corrected + TIAM Scenario_1
HRV,2032,,,,,44.25262346957214,SSP corrected + TIAM Scenario_1
HRV,2033,,,,,49.143768009454064,SSP corrected + TIAM Scenario_1
HRV,2034,,,,,54.034912549335985,SSP corrected + TIAM Scenario_1
HRV,2035,80122428863.50456,21152.072385918513,3787923.348675951,1.041163273664279,58.926057089217906,SSP corrected + TIAM Scenario_1
HRV,2036,,,,,58.70964254691437,SSP corrected + TIAM Scenario_1
HRV,2037,,,,,58.49322800461083,SSP corrected + TIAM Scenario_1
HRV,2038,,,,,58.27681346230728,SSP corrected + TIAM Scenario_1
HRV,2039,,,,,58.06039892000374,SSP corrected + TIAM Scenario_1
HRV,2040,85587922840.06477,22851.706392772252,3745362.441166989,1.0239662810387629,57.8439843777002,SSP corrected + TIAM Scenario_1
HRV,2041,,,,,60.74191142552966,SSP corrected + TIAM Scenario_1
HRV,2042,,,,,63.63983847335911,SSP corrected + TIAM Scenario_1
HRV,2043,,,,,66.53776552118858,SSP corrected + TIAM Scenario_1
HRV,2044,,,,,69.43569256901803,SSP corrected + TIAM Scenario_1
HRV,2045,90528667110.04366,24466.396041729633,3700122.68891744,0.5992599272785983,72.33361961684749,SSP corrected + TIAM Scenario_1
HRV,2046,,,,,73.34213396669794,SSP corrected + TIAM Scenario_1
HRV,2047,,,,,74.3506483165484,SSP corrected + TIAM Scenario_1
HRV,2048,,,,,75.35916266639887,SSP corrected + TIAM Scenario_1
HRV,2049,,,,,76.36767701624933,SSP corrected + TIAM Scenario_1
HRV,2050,95072345578.30673,26030.72197664603,3652313.0500799306,0.3156063219800511,77.37619136609979,SSP corrected + TIAM Scenario_1
HRV,2051,,,,,76.98769399779452,SSP corrected + TIAM Scenario_1
HRV,2052,,,,,76.59919662948927,SSP corrected + TIAM Scenario_1
HRV,2053,,,,,76.210699261184,SSP corrected + TIAM Scenario_1
HRV,2054,,,,,75.82220189287875,SSP corrected + TIAM Scenario_1
HRV,2055,99725801062.33827,27683.735060426665,3602324.6445850534,0.16781593151983631,75.43370452457349,SSP corrected + TIAM Scenario_1
HRV,2056,,,,,75.04520715626822,SSP corrected + TIAM Scenario_1
HRV,2057,,,,,74.65670978796297,SSP corrected + TIAM Scenario_1
HRV,2058,,,,,74.2682124196577,SSP corrected + TIAM Scenario_1
HRV,2059,,,,,73.87971505135245,SSP corrected + TIAM Scenario_1
HRV,2060,104601924819.4889,29462.297488025753,3550365.509071445,0.015874941083201165,73.49121768304718,SSP corrected + TIAM Scenario_1
HRV,2061,,,,,74.7859529841635,SSP corrected + TIAM Scenario_1
HRV,2062,,,,,76.08068828527982,SSP corrected + TIAM Scenario_1
HRV,2063,,,,,77.37542358639612,SSP corrected + TIAM Scenario_1
HRV,2064,,,,,78.67015888751244,SSP corrected + TIAM Scenario_1
HRV,2065,109465591610.31102,31379.134838163976,3488483.4197906763,0.016399667886752987,79.96489418862876,SSP corrected + TIAM Scenario_1
HRV,2066,,,,,81.25962948974508,SSP corrected + TIAM Scenario_1
HRV,2067,,,,,82.5543647908614,SSP corrected + TIAM Scenario_1
HRV,2068,,,,,83.8491000919777,SSP corrected + TIAM Scenario_1
HRV,2069,,,,,85.14383539309402,SSP corrected + TIAM Scenario_1
HRV,2070,114249845240.7903,33428.809287321936,3417706.0947283036,0.016987445419966524,86.43857069421034,SSP corrected + TIAM Scenario_1
HTI,2012,13643386325.966402,1354.8854612449877,10069771.0,0.3421885509176,38.879500250197985,WB hist + TIAM interp
HTI,2013,14233433330.502895,1392.382047368592,10222362.0,0.34058517974223085,38.85667685180975,WB hist + TIAM interp
HTI,2014,14644604839.5892,1411.768348021538,10373235.0,0.33908512163835375,38.83385345342151,WB hist + TIAM interp
HTI,2015,14849629308.6025,1411.1268474679666,10523242.0,0.33765585780088564,38.81103005503327,WB hist + TIAM interp
HTI,2016,15118774099.5928,1416.7488187969834,10671457.0,0.33632323655095875,38.78820665664504,WB hist + TIAM interp
HTI,2017,15498296353.5977,1432.672286095404,10817754.0,0.3350865262375594,38.7653832582568,WB hist + TIAM interp
HTI,2018,15756778637.9976,1437.3525192834902,10962362.0,0.3339342618087728,38.74255985986856,WB hist + TIAM interp
HTI,2019,15485274058.242998,1394.4211407111268,11105163.0,0.33286615556643506,38.71973646148032,WB hist + TIAM interp
HTI,2020,14973407477.2561,1331.6977850693197,11243848.0,0.3319466402735699,38.69691306309209,WB hist + TIAM interp
HTI,2021,14704149691.210402,1292.719549635512,11374586.0,0.3203438509030501,39.00786664522744,WB hist + TIAM interp
HTI,2022,14456828250.6294,1256.7214359244745,11503606.0,0.3090509007340084,39.318820227362785,WB hist + TIAM interp
HTI,2023,14187369712.6764,1219.1187164584728,11637398.0,0.2978862551843948,39.62977380949813,WB hist + TIAM interp
HTI,2024,13595808327.3781,1154.8730090988813,11772557.0,0.286942082729486,39.94072739163348,WB hist + TIAM interp
HTI,2025,13595808327.378082,1154.87300909888,11772557.0,0.27941789867339883,40.25168097376883,SSP corrected + TIAM Scenario_1
HTI,2026,,,,,41.03311574715632,SSP corrected + TIAM Scenario_1
HTI,2027,,,,,41.81455052054381,SSP corrected + TIAM Scenario_1
HTI,2028,,,,,42.59598529393129,SSP corrected + TIAM Scenario_1
HTI,2029,,,,,43.37742006731878,SSP corrected + TIAM Scenario_1
HTI,2030,18348267431.30259,1508.265018037681,12165148.174804512,0.2519264383530828,44.15885484070627,SSP corrected + TIAM Scenario_1
HTI,2031,,,,,43.75068382553754,SSP corrected + TIAM Scenario_1
HTI,2032,,,,,43.34251281036882,SSP corrected + TIAM Scenario_1
HTI,2033,,,,,42.93434179520009,SSP corrected + TIAM Scenario_1
HTI,2034,,,,,42.52617078003136,SSP corrected + TIAM Scenario_1
HTI,2035,24485198082.22926,1961.52544395754,12482732.843285656,0.22807901673619513,42.11799976486264,SSP corrected + TIAM Scenario_1
HTI,2036,,,,,42.63433136242324,SSP corrected + TIAM Scenario_1
HTI,2037,,,,,43.15066295998385,SSP corrected + TIAM Scenario_1
HTI,2038,,,,,43.66699455754445,SSP corrected + TIAM Scenario_1
HTI,2039,,,,,44.18332615510506,SSP corrected + TIAM Scenario_1
HTI,2040,32493696076.04973,2550.742652820471,12738915.87617433,0.20085128018367857,44.69965775266566,SSP corrected + TIAM Scenario_1
HTI,2041,,,,,45.21361097692995,SSP corrected + TIAM Scenario_1
HTI,2042,,,,,45.72756420119425,SSP corrected + TIAM Scenario_1
HTI,2043,,,,,46.24151742545854,SSP corrected + TIAM Scenario_1
HTI,2044,,,,,46.75547064972284,SSP corrected + TIAM Scenario_1
HTI,2045,42622073083.77456,3297.6825316689124,12924856.372455023,0.18607899491005692,47.26942387398713,SSP corrected + TIAM Scenario_1
HTI,2046,,,,,46.98986888073011,SSP corrected + TIAM Scenario_1
HTI,2047,,,,,46.71031388747309,SSP corrected + TIAM Scenario_1
HTI,2048,,,,,46.43075889421607,SSP corrected + TIAM Scenario_1
HTI,2049,,,,,46.151203900959054,SSP corrected + TIAM Scenario_1
HTI,2050,55057307198.203224,4225.263393662547,13030502.969538758,0.188119656827811,45.87164890770203,SSP corrected + TIAM Scenario_1
HTI,2051,,,,,45.7537597769145,SSP corrected + TIAM Scenario_1
HTI,2052,,,,,45.63587064612697,SSP corrected + TIAM Scenario_1
HTI,2053,,,,,45.51798151533943,SSP corrected + TIAM Scenario_1
HTI,2054,,,,,45.4000923845519,SSP corrected + TIAM Scenario_1
HTI,2055,70082842916.70058,5364.559055114365,13064045.375711966,0.13745974057507265,45.282203253764365,SSP corrected + TIAM Scenario_1
HTI,2056,,,,,45.16431412297683,SSP corrected + TIAM Scenario_1
HTI,2057,,,,,45.0464249921893,SSP corrected + TIAM Scenario_1
HTI,2058,,,,,44.92853586140176,SSP corrected + TIAM Scenario_1
HTI,2059,,,,,44.81064673061423,SSP corrected + TIAM Scenario_1
HTI,2060,87760013817.47783,6743.773627069174,13013487.502785306,0.08762192527139491,44.6927575998267,SSP corrected + TIAM Scenario_1
HTI,2061,,,,,44.73681582547181,SSP corrected + TIAM Scenario_1
HTI,2062,,,,,44.78087405111692,SSP corrected + TIAM Scenario_1
HTI,2063,,,,,44.82493227676203,SSP corrected + TIAM Scenario_1
HTI,2064,,,,,44.86899050240714,SSP corrected + TIAM Scenario_1
HTI,2065,108290089312.5292,8382.921023285253,12917942.207940605,0.05155068156892842,44.913048728052246,SSP corrected + TIAM Scenario_1
HTI,2066,,,,,44.957106953697355,SSP corrected + TIAM Scenario_1
HTI,2067,,,,,45.001165179342465,SSP corrected + TIAM Scenario_1
HTI,2068,,,,,45.045223404987574,SSP corrected + TIAM Scenario_1
HTI,2069,,,,,45.08928163063269,SSP corrected + TIAM Scenario_1
HTI,2070,131727852792.10172,10314.64838003092,12770949.42442496,0.015002065603597335,45.13333985627779,SSP corrected + TIAM Scenario_1
HUN,2012,113496503293.01703,11440.76227188252,9920362.0,4.532773584234081,15.624833278696284,WB hist + TIAM interp
HUN,2013,115802945078.187,11729.57207985012,9872734.0,4.4559810389612196,17.800327931391145,WB hist + TIAM interp
HUN,2014,120822254244.73,12287.377944103338,9833038.0,4.3749120255383875,19.975822584086004,WB hist + TIAM interp
HUN,2015,125244126623.289,12782.94125779722,9797755.0,4.291252116514865,22.151317236780866,WB hist + TIAM interp
HUN,2016,128298381762.592,13145.65598855627,9759755.0,4.208158664629623,24.326811889475728,WB hist + TIAM interp
HUN,2017,133589642960.172,13734.244280433477,9726756.0,4.122295064765731,26.50230654217059,WB hist + TIAM interp
HUN,2018,141078862882.165,14533.778314431269,9706964.0,4.0303558292838675,28.677801194865452,WB hist + TIAM interp
HUN,2019,148241697677.30402,15290.808546633132,9694824.0,3.9349326639778934,30.85329584756031,WB hist + TIAM interp
HUN,2020,141809897486.431,14664.297119538563,9670419.0,3.8441395679116894,33.02879050025518,WB hist + TIAM interp
HUN,2021,152052706989.44504,15787.9535427563,9630932.0,3.6067063799610053,36.03026624564535,WB hist + TIAM interp
HUN,2022,158366514062.482,16487.79739359447,9605074.0,3.3625402014139825,39.03174199103553,WB hist + TIAM interp
HUN,2023,157072489603.652,16375.046272419238,9592186.0,3.1128411225284642,42.033217736425705,WB hist + TIAM interp
HUN,2024,157952280644.587,16518.63699363966,9562065.0,2.867628970199159,45.03469348181588,WB hist + TIAM interp
HUN,2025,157952280644.58737,16518.6369936397,9562065.0,2.612611207109869,48.03616922720606,SSP corrected + TIAM Scenario_1
HUN,2026,,,,,45.32300225972651,SSP corrected + TIAM Scenario_1
HUN,2027,,,,,42.60983529224696,SSP corrected + TIAM Scenario_1
HUN,2028,,,,,39.8966683247674,SSP corrected + TIAM Scenario_1
HUN,2029,,,,,37.183501357287845,SSP corrected + TIAM Scenario_1
HUN,2030,175727147641.16638,18617.190000919534,9438972.67162697,1.720437723091381,34.47033438980829,SSP corrected + TIAM Scenario_1
HUN,2031,,,,,39.361478929690215,SSP corrected + TIAM Scenario_1
HUN,2032,,,,,44.25262346957214,SSP corrected + TIAM Scenario_1
HUN,2033,,,,,49.143768009454064,SSP corrected + TIAM Scenario_1
HUN,2034,,,,,54.034912549335985,SSP corrected + TIAM Scenario_1
HUN,2035,195038727427.96497,20971.057947596433,9300376.162010416,1.167847147805777,58.926057089217906,SSP corrected + TIAM Scenario_1
HUN,2036,,,,,58.70964254691437,SSP corrected + TIAM Scenario_1
HUN,2037,,,,,58.49322800461083,SSP corrected + TIAM Scenario_1
HUN,2038,,,,,58.27681346230728,SSP corrected + TIAM Scenario_1
HUN,2039,,,,,58.06039892000374,SSP corrected + TIAM Scenario_1
HUN,2040,214124211025.17514,23391.33255663176,9153997.98223415,1.1538123698602465,57.8439843777002,SSP corrected + TIAM Scenario_1
HUN,2041,,,,,60.74191142552966,SSP corrected + TIAM Scenario_1
HUN,2042,,,,,63.63983847335911,SSP corrected + TIAM Scenario_1
HUN,2043,,,,,66.53776552118858,SSP corrected + TIAM Scenario_1
HUN,2044,,,,,69.43569256901803,SSP corrected + TIAM Scenario_1
HUN,2045,233559587742.01077,25936.74937986395,9004967.59718607,0.678134287960752,72.33361961684749,SSP corrected + TIAM Scenario_1
HUN,2046,,,,,73.34213396669794,SSP corrected + TIAM Scenario_1
HUN,2047,,,,,74.3506483165484,SSP corrected + TIAM Scenario_1
HUN,2048,,,,,75.35916266639887,SSP corrected + TIAM Scenario_1
HUN,2049,,,,,76.36767701624933,SSP corrected + TIAM Scenario_1
HUN,2050,254037230827.9012,28694.338842602578,8853217.780042777,0.3585741998062705,77.37619136609979,SSP corrected + TIAM Scenario_1
HUN,2051,,,,,76.98769399779452,SSP corrected + TIAM Scenario_1
HUN,2052,,,,,76.59919662948927,SSP corrected + TIAM Scenario_1
HUN,2053,,,,,76.210699261184,SSP corrected + TIAM Scenario_1
HUN,2054,,,,,75.82220189287875,SSP corrected + TIAM Scenario_1
HUN,2055,274922588354.03345,31614.96816504028,8695962.840096796,0.19145418247094093,75.43370452457349,SSP corrected + TIAM Scenario_1
HUN,2056,,,,,75.04520715626822,SSP corrected + TIAM Scenario_1
HUN,2057,,,,,74.65670978796297,SSP corrected + TIAM Scenario_1
HUN,2058,,,,,74.2682124196577,SSP corrected + TIAM Scenario_1
HUN,2059,,,,,73.87971505135245,SSP corrected + TIAM Scenario_1
HUN,2060,296977715674.1684,34819.83768195158,8528980.473338133,0.0181992949793435,73.49121768304718,SSP corrected + TIAM Scenario_1
HUN,2061,,,,,74.7859529841635,SSP corrected + TIAM Scenario_1
HUN,2062,,,,,76.08068828527982,SSP corrected + TIAM Scenario_1
HUN,2063,,,,,77.37542358639612,SSP corrected + TIAM Scenario_1
HUN,2064,,,,,78.67015888751244,SSP corrected + TIAM Scenario_1
HUN,2065,320112174312.4711,38402.74544830133,8335658.572729223,0.018901588104639686,79.96489418862876,SSP corrected + TIAM Scenario_1
HUN,2066,,,,,81.25962948974508,SSP corrected + TIAM Scenario_1
HUN,2067,,,,,82.5543647908614,SSP corrected + TIAM Scenario_1
HUN,2068,,,,,83.8491000919777,SSP corrected + TIAM Scenario_1
HUN,2069,,,,,85.14383539309402,SSP corrected + TIAM Scenario_1
HUN,2070,342579463866.74146,42183.03885848746,8121260.8938868,0.019688191332246148,86.43857069421034,SSP corrected + TIAM Scenario_1
IDN,2012,740537688618.414,2930.518445322995,252698525.0,0.01676959689045137,87.04270501721462,WB hist + TIAM interp
IDN,2013,781691320690.699,3055.2424600646864,255852467.0,0.017373107115995424,86.72866523260423,WB hist + TIAM interp
IDN,2014,820828013230.588,3170.72103011429,258877399.0,0.017970870570681686,86.41462544799384,WB hist + TIAM interp
IDN,2015,860854232686.214,3288.2226972553844,261799249.0,0.018562131731419733,86.10058566338344,WB hist + TIAM interp
IDN,2016,904181621780.3881,3416.8100517097137,264627418.0,0.019147116732801252,85.78654587877305,WB hist + TIAM interp
IDN,2017,950021694164.0009,3553.519992623214,267346658.0,0.01972776476288261,85.47250609416267,WB hist + TIAM interp
IDN,2018,999178586309.021,3701.321554619119,269951846.0,0.020305295097659243,85.15846630955228,WB hist + TIAM interp
IDN,2019,1049330233997.4501,3850.9032173897817,272489381.0,0.020876966986133304,84.84442652494188,WB hist + TIAM interp
IDN,2020,1027656193885.3799,3739.449065631624,274814866.0,0.021454631669124972,84.5303867403315,WB hist + TIAM interp
IDN,2021,1065709127396.86,3850.6887725390234,276758053.0,0.023041864277933984,84.05247289067427,WB hist + TIAM interp
IDN,2022,1122268412650.2,4024.912252883901,278830529.0,0.024595553748967658,83.57455904101704,WB hist + TIAM interp
IDN,2023,1178932006499.5,4192.651678906923,281190067.0,0.02609964537151986,83.09664519135981,WB hist + TIAM interp
IDN,2024,1238236350136.56,4367.862666211918,283487931.0,0.02758470447376906,82.61873134170258,WB hist + TIAM interp
IDN,2025,1238236350136.558,4367.86266621191,283487931.0,0.02928131909198124,82.14081749204536,SSP corrected + TIAM Scenario_1
IDN,2026,,,,,82.01079626821716,SSP corrected + TIAM Scenario_1
IDN,2027,,,,,81.88077504438897,SSP corrected + TIAM Scenario_1
IDN,2028,,,,,81.75075382056077,SSP corrected + TIAM Scenario_1
IDN,2029,,,,,81.62073259673258,SSP corrected + TIAM Scenario_1
IDN,2030,1594553901256.4587,5483.446519620659,290794101.0367999,0.036820733775213846,81.49071137290439,SSP corrected + TIAM Scenario_1
IDN,2031,,,,,81.5880391184722,SSP corrected + TIAM Scenario_1
IDN,2032,,,,,81.68536686403999,SSP corrected + TIAM Scenario_1
IDN,2033,,,,,81.7826946096078,SSP corrected + TIAM Scenario_1
IDN,2034,,,,,81.8800223551756,SSP corrected + TIAM Scenario_1
IDN,2035,1981081177412.8193,6683.5171317012955,296412972.14847314,0.048387122936032416,81.97735010074341,SSP corrected + TIAM Scenario_1
IDN,2036,,,,,82.03792403663869,SSP corrected + TIAM Scenario_1
IDN,2037,,,,,82.09849797253396,SSP corrected + TIAM Scenario_1
IDN,2038,,,,,82.15907190842923,SSP corrected + TIAM Scenario_1
IDN,2039,,,,,82.2196458443245,SSP corrected + TIAM Scenario_1
IDN,2040,2408359036572.6416,8023.11392858289,300177594.1374456,0.06000010668510937,82.28021978021978,SSP corrected + TIAM Scenario_1
IDN,2041,,,,,82.25375238807501,SSP corrected + TIAM Scenario_1
IDN,2042,,,,,82.22728499593026,SSP corrected + TIAM Scenario_1
IDN,2043,,,,,82.2008176037855,SSP corrected + TIAM Scenario_1
IDN,2044,,,,,82.17435021164074,SSP corrected + TIAM Scenario_1
IDN,2045,2857354864954.275,9464.550312337027,301900752.878847,0.07181593218867757,82.14788281949598,SSP corrected + TIAM Scenario_1
IDN,2046,,,,,82.59189796357335,SSP corrected + TIAM Scenario_1
IDN,2047,,,,,83.03591310765071,SSP corrected + TIAM Scenario_1
IDN,2048,,,,,83.4799282517281,SSP corrected + TIAM Scenario_1
IDN,2049,,,,,83.92394339580547,SSP corrected + TIAM Scenario_1
IDN,2050,3317400030267.89,11005.017273301337,301444327.4265503,0.07006293296486121,84.36795853988284,SSP corrected + TIAM Scenario_1
IDN,2051,,,,,84.49889956921484,SSP corrected + TIAM Scenario_1
IDN,2052,,,,,84.62984059854683,SSP corrected + TIAM Scenario_1
IDN,2053,,,,,84.76078162787883,SSP corrected + TIAM Scenario_1
IDN,2054,,,,,84.89172265721083,SSP corrected + TIAM Scenario_1
IDN,2055,3790206394240.06,12661.99493120663,299337222.5176583,0.05123179771209277,85.02266368654284,SSP corrected + TIAM Scenario_1
IDN,2056,,,,,85.15360471587483,SSP corrected + TIAM Scenario_1
IDN,2057,,,,,85.28454574520683,SSP corrected + TIAM Scenario_1
IDN,2058,,,,,85.41548677453883,SSP corrected + TIAM Scenario_1
IDN,2059,,,,,85.54642780387084,SSP corrected + TIAM Scenario_1
IDN,2060,4269803125605.45,14441.335175059072,295665398.9292915,0.03230372709458918,85.67736883320283,SSP corrected + TIAM Scenario_1
IDN,2061,,,,,85.79652825022882,SSP corrected + TIAM Scenario_1
IDN,2062,,,,,85.91568766725482,SSP corrected + TIAM Scenario_1
IDN,2063,,,,,86.03484708428081,SSP corrected + TIAM Scenario_1
IDN,2064,,,,,86.1540065013068,SSP corrected + TIAM Scenario_1
IDN,2065,4747417260306.192,16332.916077155509,290665625.04085237,0.020292732613355433,86.27316591833278,SSP corrected + TIAM Scenario_1
IDN,2066,,,,,86.39232533535878,SSP corrected + TIAM Scenario_1
IDN,2067,,,,,86.51148475238477,SSP corrected + TIAM Scenario_1
IDN,2068,,,,,86.63064416941076,SSP corrected + TIAM Scenario_1
IDN,2069,,,,,86.74980358643674,SSP corrected + TIAM Scenario_1
IDN,2070,5211653318675.09,18312.16187877793,284600657.9220395,0.007890724061453809,86.86896300346274,SSP corrected + TIAM Scenario_1
IND,2012,1704596203504.3198,1333.0962655766791,1278674502.0,1.5255603806511189,25.193726128079746,WB hist + TIAM interp
IND,2013,1813453530766.63,1399.4537980287053,1295829511.0,1.455973547433741,25.795839327898996,WB hist + TIAM interp
IND,2014,1947834564908.95,1484.3164068291346,1312277191.0,1.3889533648078167,26.397952527718243,WB hist + TIAM interp
IND,2015,2103588360044.9397,1583.9981590798484,1328024498.0,1.3242904424192332,27.000065727537493,WB hist + TIAM interp
IND,2016,2277267041550.3594,1694.465349738245,1343944296.0,1.2609811917383218,27.602178927356743,WB hist + TIAM interp
IND,2017,2432016068497.75,1788.6977031844567,1359657400.0,1.1993365461034524,28.20429212717599,WB hist + TIAM interp
IND,2018,2588974770244.5693,1883.3577270506175,1374659064.0,1.1396899646092902,28.80640532699524,WB hist + TIAM interp
IND,2019,2689205295885.31,1936.0306774106668,1389030312.0,1.0818219422701842,29.40851852681449,WB hist + TIAM interp
IND,2020,2533830417086.54,1806.5011058387795,1402617695.0,1.0257119991631076,30.010631726633736,WB hist + TIAM interp
IND,2021,2779348258938.7705,1965.309434375063,1414203896.0,1.1422834462336964,29.108445445969625,WB hist + TIAM interp
IND,2022,2990839011962.46,2098.211244761503,1425423212.0,1.2572838613210404,28.206259165305507,WB hist + TIAM interp
IND,2023,3265719695911.24,2270.905180802696,1438069596.0,1.3691281044231187,27.30407288464139,WB hist + TIAM interp
IND,2024,3477820532826.4795,2396.949992135441,1450935791.0,1.4787983129985385,26.401886603977275,WB hist + TIAM interp
IND,2025,3477820532826.4785,2396.94999213544,1450935791.0,1.6006092856799616,25.49970032331316,SSP corrected + TIAM Scenario_1
IND,2026,,,,,25.24111672188195,SSP corrected + TIAM Scenario_1
IND,2027,,,,,24.982533120450743,SSP corrected + TIAM Scenario_1
IND,2028,,,,,24.72394951901953,SSP corrected + TIAM Scenario_1
IND,2029,,,,,24.46536591758832,SSP corrected + TIAM Scenario_1
IND,2030,4514808737962.315,2975.6244297449357,1517264306.890139,1.6592333244561621,24.206782316157113,SSP corrected + TIAM Scenario_1
IND,2031,,,,,26.66927898102149,SSP corrected + TIAM Scenario_1
IND,2032,,,,,29.13177564588586,SSP corrected + TIAM Scenario_1
IND,2033,,,,,31.594272310750235,SSP corrected + TIAM Scenario_1
IND,2034,,,,,34.05676897561461,SSP corrected + TIAM Scenario_1
IND,2035,5694827069863.176,3607.4062232746487,1578648679.2423549,0.7940272693235273,36.519265640478984,SSP corrected + TIAM Scenario_1
IND,2036,,,,,36.178663018396186,SSP corrected + TIAM Scenario_1
IND,2037,,,,,35.838060396313395,SSP corrected + TIAM Scenario_1
IND,2038,,,,,35.4974577742306,SSP corrected + TIAM Scenario_1
IND,2039,,,,,35.156855152147806,SSP corrected + TIAM Scenario_1
IND,2040,7045715850714.448,4312.777003488391,1633684246.835744,0.8455895946084209,34.81625253006501,SSP corrected + TIAM Scenario_1
IND,2041,,,,,35.00786416979083,SSP corrected + TIAM Scenario_1
IND,2042,,,,,35.19947580951665,SSP corrected + TIAM Scenario_1
IND,2043,,,,,35.39108744924247,SSP corrected + TIAM Scenario_1
IND,2044,,,,,35.58269908896829,SSP corrected + TIAM Scenario_1
IND,2045,8547843581509.184,5081.918496205209,1682011151.475976,0.873533507022641,35.77431072869411,SSP corrected + TIAM Scenario_1
IND,2046,,,,,35.36145340286019,SSP corrected + TIAM Scenario_1
IND,2047,,,,,34.948596077026274,SSP corrected + TIAM Scenario_1
IND,2048,,,,,34.535738751192355,SSP corrected + TIAM Scenario_1
IND,2049,,,,,34.122881425358436,SSP corrected + TIAM Scenario_1
IND,2050,10184651339513.96,5918.062514810236,1720943520.624593,0.8837769408306898,33.71002409952452,SSP corrected + TIAM Scenario_1
IND,2051,,,,,33.58062943809782,SSP corrected + TIAM Scenario_1
IND,2052,,,,,33.451234776671136,SSP corrected + TIAM Scenario_1
IND,2053,,,,,33.32184011524444,SSP corrected + TIAM Scenario_1
IND,2054,,,,,33.19244545381775,SSP corrected + TIAM Scenario_1
IND,2055,11957762323725.418,6834.665786139236,1749575282.521622,0.8412593986116801,33.06305079239106,SSP corrected + TIAM Scenario_1
IND,2056,,,,,32.933656130964366,SSP corrected + TIAM Scenario_1
IND,2057,,,,,32.80426146953767,SSP corrected + TIAM Scenario_1
IND,2058,,,,,32.67486680811098,SSP corrected + TIAM Scenario_1
IND,2059,,,,,32.54547214668429,SSP corrected + TIAM Scenario_1
IND,2060,13860380104897.342,7847.99051266177,1766105614.237851,0.8055934415983284,32.416077485257595,SSP corrected + TIAM Scenario_1
IND,2061,,,,,32.40791062249698,SSP corrected + TIAM Scenario_1
IND,2062,,,,,32.39974375973637,SSP corrected + TIAM Scenario_1
IND,2063,,,,,32.39157689697575,SSP corrected + TIAM Scenario_1
IND,2064,,,,,32.38341003421513,SSP corrected + TIAM Scenario_1
IND,2065,15867431084857.502,8956.589655068863,1771592949.5416305,0.7642869093322627,32.37524317145452,SSP corrected + TIAM Scenario_1
IND,2066,,,,,32.3670763086939,SSP corrected + TIAM Scenario_1
IND,2067,,,,,32.358909445933286,SSP corrected + TIAM Scenario_1
IND,2068,,,,,32.35074258317267,SSP corrected + TIAM Scenario_1
IND,2069,,,,,32.34257572041206,SSP corrected + TIAM Scenario_1
IND,2070,17938209545317.32,10145.767636293407,1768048529.038731,0.7269299902637714,32.33440885765144,SSP corrected + TIAM Scenario_1
IRL,2012,216854920423.995,47147.16046694197,4599533.0,9.841186391941894,15.096854262136018,WB hist + TIAM interp
IRL,2013,221610413457.216,47928.03464870055,4623816.0,9.611660447971895,16.42103853448346,WB hist + TIAM interp
IRL,2014,242410308909.292,52044.62011818865,4657740.0,9.365107791098591,17.745222806830903,WB hist + TIAM interp
IRL,2015,302101388556.271,64250.13851812575,4701957.0,9.10215149988047,19.069407079178344,WB hist + TIAM interp
IRL,2016,305795232417.145,64205.979777351065,4762722.0,8.813366129061368,20.393591351525785,WB hist + TIAM interp
IRL,2017,336707637029.955,69748.62210340149,4827445.0,8.524861609805466,21.717775623873223,WB hist + TIAM interp
IRL,2018,362595940328.693,74029.05506114366,4898022.0,8.234137852169567,23.041959896220668,WB hist + TIAM interp
IRL,2019,380627401462.69293,76485.63585465097,4976456.0,7.939118952919751,24.36614416856811,WB hist + TIAM interp
IRL,2020,407856325068.063,80927.9364753951,5039747.0,7.676251197725432,25.69032844091555,WB hist + TIAM interp
IRL,2021,474166373639.897,92781.2322150785,5110585.0,7.028453372686813,26.64944492330824,WB hist + TIAM interp
IRL,2022,509781668505.9419,97793.53666716964,5212836.0,6.359811207243449,27.608561405700936,WB hist + TIAM interp
IRL,2023,496851698334.418,93541.9643678381,5311538.0,5.720715402768761,28.567677888093627,WB hist + TIAM interp
IRL,2024,509767195342.461,94474.98797070698,5395790.0,5.118609449897245,29.52679437048632,WB hist + TIAM interp
IRL,2025,509767195342.46063,94474.9879707069,5395790.0,4.605829010827058,30.485910852879012,SSP corrected + TIAM Scenario_1
IRL,2026,,,,,31.3335577234195,SSP corrected + TIAM Scenario_1
IRL,2027,,,,,32.18120459395999,SSP corrected + TIAM Scenario_1
IRL,2028,,,,,33.02885146450048,SSP corrected + TIAM Scenario_1
IRL,2029,,,,,33.876498335040964,SSP corrected + TIAM Scenario_1
IRL,2030,568410884142.0264,100957.17537186731,5630217.783414922,3.5245037745251033,34.72414520558145,SSP corrected + TIAM Scenario_1
IRL,2031,,,,,39.28947030971113,SSP corrected + TIAM Scenario_1
IRL,2032,,,,,43.8547954138408,SSP corrected + TIAM Scenario_1
IRL,2033,,,,,48.42012051797048,SSP corrected + TIAM Scenario_1
IRL,2034,,,,,52.98544562210016,SSP corrected + TIAM Scenario_1
IRL,2035,630379824410.0452,107616.30086489246,5857661.147463704,2.0469200758679,57.550770726229835,SSP corrected + TIAM Scenario_1
IRL,2036,,,,,60.501386688387505,SSP corrected + TIAM Scenario_1
IRL,2037,,,,,63.452002650545175,SSP corrected + TIAM Scenario_1
IRL,2038,,,,,66.40261861270285,SSP corrected + TIAM Scenario_1
IRL,2039,,,,,69.35323457486052,SSP corrected + TIAM Scenario_1
IRL,2040,693388901516.5879,114006.76389980227,6081997.925368623,0.7768622320884725,72.30385053701819,SSP corrected + TIAM Scenario_1
IRL,2041,,,,,74.60795847005839,SSP corrected + TIAM Scenario_1
IRL,2042,,,,,76.91206640309858,SSP corrected + TIAM Scenario_1
IRL,2043,,,,,79.21617433613878,SSP corrected + TIAM Scenario_1
IRL,2044,,,,,81.52028226917896,SSP corrected + TIAM Scenario_1
IRL,2045,755530818589.2622,119974.12012965923,6297448.297789056,0.10566525461028982,83.82439020221916,SSP corrected + TIAM Scenario_1
IRL,2046,,,,,84.24126685670011,SSP corrected + TIAM Scenario_1
IRL,2047,,,,,84.65814351118105,SSP corrected + TIAM Scenario_1
IRL,2048,,,,,85.075020165662,SSP corrected + TIAM Scenario_1
IRL,2049,,,,,85.49189682014294,SSP corrected + TIAM Scenario_1
IRL,2050,820203659435.3243,126326.86960756085,6492709.4448181745,0.04728349976746384,85.90877347462389,SSP corrected + TIAM Scenario_1
IRL,2051,,,,,86.41930556067057,SSP corrected + TIAM Scenario_1
IRL,2052,,,,,86.92983764671725,SSP corrected + TIAM Scenario_1
IRL,2053,,,,,87.44036973276393,SSP corrected + TIAM Scenario_1
IRL,2054,,,,,87.9509018188106,SSP corrected + TIAM Scenario_1
IRL,2055,891356302424.2241,133800.6453736736,6661823.640199019,0.029431767362201294,88.46143390485727,SSP corrected + TIAM Scenario_1
IRL,2056,,,,,88.97196599090395,SSP corrected + TIAM Scenario_1
IRL,2057,,,,,89.48249807695063,SSP corrected + TIAM Scenario_1
IRL,2058,,,,,89.99303016299731,SSP corrected + TIAM Scenario_1
IRL,2059,,,,,90.503562249044,SSP corrected + TIAM Scenario_1
IRL,2060,970183653114.442,142538.1710498097,6806483.105324911,0.012508730328269357,91.01409433509068,SSP corrected + TIAM Scenario_1
IRL,2061,,,,,91.1468228885892,SSP corrected + TIAM Scenario_1
IRL,2062,,,,,91.27955144208777,SSP corrected + TIAM Scenario_1
IRL,2063,,,,,91.4122799955863,SSP corrected + TIAM Scenario_1
IRL,2064,,,,,91.54500854908484,SSP corrected + TIAM Scenario_1
IRL,2065,1054043263213.798,152277.9055046052,6921839.775251712,0.012645409593959187,91.6777371025834,SSP corrected + TIAM Scenario_1
IRL,2066,,,,,91.81046565608192,SSP corrected + TIAM Scenario_1
IRL,2067,,,,,91.94319420958048,SSP corrected + TIAM Scenario_1
IRL,2068,,,,,92.075922763079,SSP corrected + TIAM Scenario_1
IRL,2069,,,,,92.20865131657756,SSP corrected + TIAM Scenario_1
IRL,2070,1139457388544.4705,162424.44076436778,7015307.4450014755,0.012817476248923413,92.3413798700761,SSP corrected + TIAM Scenario_1
IRN,2012,401507697046.15295,5058.646378118353,79370580.0,9.099306194698535,5.320786333541271,WB hist + TIAM interp
IRN,2013,395396833390.87,4916.972919484757,80414686.0,9.045625954371978,6.013934125758187,WB hist + TIAM interp
IRN,2014,415106476157.82,5093.203197021866,81502045.0,8.988549076501462,6.707081917975103,WB hist + TIAM interp
IRN,2015,409191686496.677,4952.733555321778,82619362.0,8.92973600838491,7.400229710192019,WB hist + TIAM interp
IRN,2016,445262288195.34,5312.617249541917,83812228.0,8.8644947174611,8.093377502408934,WB hist + TIAM interp
IRN,2017,458739730634.758,5395.2398398597925,85026754.0,8.798842454789028,8.78652529462585,WB hist + TIAM interp
IRN,2018,441546348305.719,5127.224953670184,86117998.0,8.74754396185058,9.479673086842766,WB hist + TIAM interp
IRN,2019,431119516583.705,4952.456690810782,87051648.0,8.71327483581951,10.172820879059682,WB hist + TIAM interp
IRN,2020,450269020578.621,5132.824307621179,87723443.0,8.705642053498462,10.865968671276596,WB hist + TIAM interp
IRN,2021,468869169367.781,5300.622719618946,88455488.0,8.224958297086305,14.615636948329604,WB hist + TIAM interp
IRN,2022,489278157562.545,5465.31447539413,89524246.0,7.7230084176119265,18.36530522538261,WB hist + TIAM interp
IRN,2023,515368187132.474,5687.843963301165,90608707.0,7.2316483991798215,22.114973502435618,WB hist + TIAM interp
IRN,2024,534246745197.83594,5834.442969398632,91567738.0,6.761159879457176,25.864641779488625,WB hist + TIAM interp
IRN,2025,534246745197.8358,5834.44296939863,91567738.0,6.366411736720951,29.61431005654163,SSP corrected + TIAM Scenario_1
IRN,2026,,,,,29.999789297855635,SSP corrected + TIAM Scenario_1
IRN,2027,,,,,30.38526853916964,SSP corrected + TIAM Scenario_1
IRN,2028,,,,,30.77074778048364,SSP corrected + TIAM Scenario_1
IRN,2029,,,,,31.156227021797648,SSP corrected + TIAM Scenario_1
IRN,2030,620995282886.5039,6593.395899953129,94184437.32324924,5.526992915101215,31.541706263111653,SSP corrected + TIAM Scenario_1
IRN,2031,,,,,32.73054287229533,SSP corrected + TIAM Scenario_1
IRN,2032,,,,,33.91937948147901,SSP corrected + TIAM Scenario_1
IRN,2033,,,,,35.108216090662694,SSP corrected + TIAM Scenario_1
IRN,2034,,,,,36.297052699846375,SSP corrected + TIAM Scenario_1
IRN,2035,720406213264.0187,7478.46850495861,96330714.34162654,4.397953218700335,37.48588930903006,SSP corrected + TIAM Scenario_1
IRN,2036,,,,,37.34916053233583,SSP corrected + TIAM Scenario_1
IRN,2037,,,,,37.2124317556416,SSP corrected + TIAM Scenario_1
IRN,2038,,,,,37.07570297894738,SSP corrected + TIAM Scenario_1
IRN,2039,,,,,36.93897420225315,SSP corrected + TIAM Scenario_1
IRN,2040,829424494555.3403,8450.097445981597,98155612.980507,3.1797985927612396,36.80224542555893,SSP corrected + TIAM Scenario_1
IRN,2041,,,,,37.63671770140919,SSP corrected + TIAM Scenario_1
IRN,2042,,,,,38.471189977259456,SSP corrected + TIAM Scenario_1
IRN,2043,,,,,39.30566225310971,SSP corrected + TIAM Scenario_1
IRN,2044,,,,,40.14013452895998,SSP corrected + TIAM Scenario_1
IRN,2045,935611610775.8784,9405.234212008718,99477757.77675776,2.9026895114070874,40.97460680481024,SSP corrected + TIAM Scenario_1
IRN,2046,,,,,42.679716748621615,SSP corrected + TIAM Scenario_1
IRN,2047,,,,,44.38482669243299,SSP corrected + TIAM Scenario_1
IRN,2048,,,,,46.08993663624437,SSP corrected + TIAM Scenario_1
IRN,2049,,,,,47.79504658005574,SSP corrected + TIAM Scenario_1
IRN,2050,1035663768256.9613,10347.257838109868,100090650.53375976,2.06838108585711,49.50015652386711,SSP corrected + TIAM Scenario_1
IRN,2051,,,,,50.5759059964259,SSP corrected + TIAM Scenario_1
IRN,2052,,,,,51.651655468984686,SSP corrected + TIAM Scenario_1
IRN,2053,,,,,52.72740494154347,SSP corrected + TIAM Scenario_1
IRN,2054,,,,,53.803154414102266,SSP corrected + TIAM Scenario_1
IRN,2055,1134978422438.6125,11357.815086961047,99929292.1876837,1.397037837021762,54.87890388666105,SSP corrected + TIAM Scenario_1
IRN,2056,,,,,55.95465335921984,SSP corrected + TIAM Scenario_1
IRN,2057,,,,,57.03040283177863,SSP corrected + TIAM Scenario_1
IRN,2058,,,,,58.106152304337414,SSP corrected + TIAM Scenario_1
IRN,2059,,,,,59.18190177689621,SSP corrected + TIAM Scenario_1
IRN,2060,1235374686705.876,12475.215009259467,99026324.25885606,0.7289414863278282,60.257651249454995,SSP corrected + TIAM Scenario_1
IRN,2061,,,,,60.68564254738791,SSP corrected + TIAM Scenario_1
IRN,2062,,,,,61.11363384532082,SSP corrected + TIAM Scenario_1
IRN,2063,,,,,61.54162514325374,SSP corrected + TIAM Scenario_1
IRN,2064,,,,,61.96961644118665,SSP corrected + TIAM Scenario_1
IRN,2065,1344539455223.4443,13788.1410250604,97514193.73936628,0.48144486119029695,62.397607739119564,SSP corrected + TIAM Scenario_1
IRN,2066,,,,,62.82559903705248,SSP corrected + TIAM Scenario_1
IRN,2067,,,,,63.25359033498539,SSP corrected + TIAM Scenario_1
IRN,2068,,,,,63.68158163291831,SSP corrected + TIAM Scenario_1
IRN,2069,,,,,64.10957293085121,SSP corrected + TIAM Scenario_1
IRN,2070,1453197046269.0068,15221.228068246097,95471734.59023368,0.22740781908088206,64.53756422878413,SSP corrected + TIAM Scenario_1
IRQ,2012,147674239072.767,4387.904690587078,33654842.0,5.783554478320479,5.320786333541271,WB hist + TIAM interp
IRQ,2013,158939252263.83398,4504.826875373551,35281989.0,5.556425413073424,6.013934125758187,WB hist + TIAM interp
IRQ,2014,162537141323.775,4446.973432348632,36550059.0,5.401875505604131,6.707081917975103,WB hist + TIAM interp
IRQ,2015,166774104959.102,4440.141892523682,37560535.0,5.293747721580501,7.400229710192019,WB hist + TIAM interp
IRQ,2016,189767872908.426,4932.927291143894,38469627.0,5.204966627690554,8.093377502408934,WB hist + TIAM interp
IRQ,2017,186314571374.74203,4736.327108098555,39337353.0,5.1256690517995045,8.78652529462585,WB hist + TIAM interp
IRQ,2018,191221819559.37796,4749.0092183689485,40265624.0,5.042201282883913,9.479673086842766,WB hist + TIAM interp
IRQ,2019,201765390224.396,4898.148976522651,41192171.0,4.962702964260615,10.172820879059682,WB hist + TIAM interp
IRQ,2020,177479307669.569,4213.998437660609,42116605.0,4.8869474940617605,10.865968671276596,WB hist + TIAM interp
IRQ,2021,180145367592.772,4182.500640457311,43071211.0,4.552458109354616,14.615636948329604,WB hist + TIAM interp
IRQ,2022,194483223959.197,4412.997331465109,44070551.0,4.228177912506891,18.36530522538261,WB hist + TIAM interp
IRQ,2023,195490074355.087,4337.087053241811,45074049.0,3.9179168675027007,22.114973502435618,WB hist + TIAM interp
IRQ,2024,192469260104.189,4180.296194773166,46042015.0,3.623964402888926,25.864641779488625,WB hist + TIAM interp
IRQ,2025,192469260104.1892,4180.29619477317,46042015.0,3.412380407999362,29.61431005654163,SSP corrected + TIAM Scenario_1
IRQ,2026,,,,,29.999789297855635,SSP corrected + TIAM Scenario_1
IRQ,2027,,,,,30.38526853916964,SSP corrected + TIAM Scenario_1
IRQ,2028,,,,,30.77074778048364,SSP corrected + TIAM Scenario_1
IRQ,2029,,,,,31.156227021797648,SSP corrected + TIAM Scenario_1
IRQ,2030,243039723235.90457,4778.171726701163,50864585.27176012,2.7582085544227763,31.541706263111653,SSP corrected + TIAM Scenario_1
IRQ,2031,,,,,32.73054287229533,SSP corrected + TIAM Scenario_1
IRQ,2032,,,,,33.91937948147901,SSP corrected + TIAM Scenario_1
IRQ,2033,,,,,35.108216090662694,SSP corrected + TIAM Scenario_1
IRQ,2034,,,,,36.297052699846375,SSP corrected + TIAM Scenario_1
IRQ,2035,298662059293.4189,5364.984615271049,55668763.41887328,2.0510600014004337,37.48588930903006,SSP corrected + TIAM Scenario_1
IRQ,2036,,,,,37.34916053233583,SSP corrected + TIAM Scenario_1
IRQ,2037,,,,,37.2124317556416,SSP corrected + TIAM Scenario_1
IRQ,2038,,,,,37.07570297894738,SSP corrected + TIAM Scenario_1
IRQ,2039,,,,,36.93897420225315,SSP corrected + TIAM Scenario_1
IRQ,2040,346732452899.103,5745.034468042293,60353415.60226658,1.3937582545002145,36.80224542555893,SSP corrected + TIAM Scenario_1
IRQ,2041,,,,,37.63671770140919,SSP corrected + TIAM Scenario_1
IRQ,2042,,,,,38.471189977259456,SSP corrected + TIAM Scenario_1
IRQ,2043,,,,,39.30566225310971,SSP corrected + TIAM Scenario_1
IRQ,2044,,,,,40.14013452895998,SSP corrected + TIAM Scenario_1
IRQ,2045,398788761008.9943,6161.736320383377,64720192.53562965,1.2024342114716695,40.97460680481024,SSP corrected + TIAM Scenario_1
IRQ,2046,,,,,42.679716748621615,SSP corrected + TIAM Scenario_1
IRQ,2047,,,,,44.38482669243299,SSP corrected + TIAM Scenario_1
IRQ,2048,,,,,46.08993663624437,SSP corrected + TIAM Scenario_1
IRQ,2049,,,,,47.79504658005574,SSP corrected + TIAM Scenario_1
IRQ,2050,452980595302.0949,6594.617497323642,68689441.87982585,0.8122853778973987,49.50015652386711,SSP corrected + TIAM Scenario_1
IRQ,2051,,,,,50.5759059964259,SSP corrected + TIAM Scenario_1
IRQ,2052,,,,,51.651655468984686,SSP corrected + TIAM Scenario_1
IRQ,2053,,,,,52.72740494154347,SSP corrected + TIAM Scenario_1
IRQ,2054,,,,,53.803154414102266,SSP corrected + TIAM Scenario_1
IRQ,2055,512102186516.71356,7078.815540811899,72342920.02161402,0.5200911919659742,54.87890388666105,SSP corrected + TIAM Scenario_1
IRQ,2056,,,,,55.95465335921984,SSP corrected + TIAM Scenario_1
IRQ,2057,,,,,57.03040283177863,SSP corrected + TIAM Scenario_1
IRQ,2058,,,,,58.106152304337414,SSP corrected + TIAM Scenario_1
IRQ,2059,,,,,59.18190177689621,SSP corrected + TIAM Scenario_1
IRQ,2060,580635733410.9039,7670.464791566555,75697594.49900551,0.2570015848260618,60.257651249454995,SSP corrected + TIAM Scenario_1
IRQ,2061,,,,,60.68564254738791,SSP corrected + TIAM Scenario_1
IRQ,2062,,,,,61.11363384532082,SSP corrected + TIAM Scenario_1
IRQ,2063,,,,,61.54162514325374,SSP corrected + TIAM Scenario_1
IRQ,2064,,,,,61.96961644118665,SSP corrected + TIAM Scenario_1
IRQ,2065,662972599685.3466,8420.236931835278,78735622.88713945,0.16070066564475294,62.397607739119564,SSP corrected + TIAM Scenario_1
IRQ,2066,,,,,62.82559903705248,SSP corrected + TIAM Scenario_1
IRQ,2067,,,,,63.25359033498539,SSP corrected + TIAM Scenario_1
IRQ,2068,,,,,63.68158163291831,SSP corrected + TIAM Scenario_1
IRQ,2069,,,,,64.10957293085121,SSP corrected + TIAM Scenario_1
IRQ,2070,761783095404.061,9347.925552881448,81492208.20112815,0.07180235253447356,64.53756422878413,SSP corrected + TIAM Scenario_1
ISL,2012,16156200535.1964,50375.41168883498,320716.0,12.662997015703777,15.096854262136018,WB hist + TIAM interp
ISL,2013,16737332122.853,51696.08765289841,323764.0,12.315905310546409,16.42103853448346,WB hist + TIAM interp
ISL,2014,17057653878.2213,52102.57579194376,327386.0,11.954291823838044,17.745222806830903,WB hist + TIAM interp
ISL,2015,17700486957.1907,53505.69640793405,330815.0,11.607360002159329,19.069407079178344,WB hist + TIAM interp
ISL,2016,18801118749.2807,56049.29286481506,335439.0,11.227405922357368,20.393591351525785,WB hist + TIAM interp
ISL,2017,19456350341.8065,56657.980028557075,343400.0,10.7522738243009,21.717775623873223,WB hist + TIAM interp
ISL,2018,20363166145.0836,57731.65234018842,352721.0,10.258963450830043,23.041959896220668,WB hist + TIAM interp
ISL,2019,20594942207.763195,57118.84527187536,360563.0,9.831216357239983,24.36614416856811,WB hist + TIAM interp
ISL,2020,19226227440.8995,52464.30728586379,366463.0,9.471607991777656,25.69032844091555,WB hist + TIAM interp
ISL,2021,20222255991.4032,54285.02091539568,372520.0,8.651207413534943,26.64944492330824,WB hist + TIAM interp
ISL,2022,22005999303.4513,57606.87560948815,382003.0,7.786592492439217,27.608561405700936,WB hist + TIAM interp
ISL,2023,23147265109.0917,60019.408418986786,385663.0,7.069009985631182,28.567677888093627,WB hist + TIAM interp
ISL,2024,22922580053.4796,59307.177775971395,386506.0,6.411309279254916,29.52679437048632,WB hist + TIAM interp
ISL,2025,22922580053.479603,59307.1777759714,386506.0,5.769026639914832,30.485910852879012,SSP corrected + TIAM Scenario_1
ISL,2026,,,,,31.3335577234195,SSP corrected + TIAM Scenario_1
ISL,2027,,,,,32.18120459395999,SSP corrected + TIAM Scenario_1
ISL,2028,,,,,33.02885146450048,SSP corrected + TIAM Scenario_1
ISL,2029,,,,,33.876498335040964,SSP corrected + TIAM Scenario_1
ISL,2030,26337701546.33152,64604.0291539727,407678.9310394263,4.367177475367276,34.72414520558145,SSP corrected + TIAM Scenario_1
ISL,2031,,,,,39.28947030971113,SSP corrected + TIAM Scenario_1
ISL,2032,,,,,43.8547954138408,SSP corrected + TIAM Scenario_1
ISL,2033,,,,,48.42012051797048,SSP corrected + TIAM Scenario_1
ISL,2034,,,,,52.98544562210016,SSP corrected + TIAM Scenario_1
ISL,2035,30141293108.995335,70474.22649640213,427692.42895534466,2.5152983326320517,57.550770726229835,SSP corrected + TIAM Scenario_1
ISL,2036,,,,,60.501386688387505,SSP corrected + TIAM Scenario_1
ISL,2037,,,,,63.452002650545175,SSP corrected + TIAM Scenario_1
ISL,2038,,,,,66.40261861270285,SSP corrected + TIAM Scenario_1
ISL,2039,,,,,69.35323457486052,SSP corrected + TIAM Scenario_1
ISL,2040,34441500255.41132,76974.25134029253,447441.8348435792,0.9474354343603129,72.30385053701819,SSP corrected + TIAM Scenario_1
ISL,2041,,,,,74.60795847005839,SSP corrected + TIAM Scenario_1
ISL,2042,,,,,76.91206640309858,SSP corrected + TIAM Scenario_1
ISL,2043,,,,,79.21617433613878,SSP corrected + TIAM Scenario_1
ISL,2044,,,,,81.52028226917896,SSP corrected + TIAM Scenario_1
ISL,2045,39108832962.30896,83753.74305200651,466950.2703661197,0.12785629576986965,83.82439020221916,SSP corrected + TIAM Scenario_1
ISL,2046,,,,,84.24126685670011,SSP corrected + TIAM Scenario_1
ISL,2047,,,,,84.65814351118105,SSP corrected + TIAM Scenario_1
ISL,2048,,,,,85.075020165662,SSP corrected + TIAM Scenario_1
ISL,2049,,,,,85.49189682014294,SSP corrected + TIAM Scenario_1
ISL,2050,43955459547.58118,90504.26208848791,485672.8128958723,0.05671366634999305,85.90877347462389,SSP corrected + TIAM Scenario_1
ISL,2051,,,,,86.41930556067057,SSP corrected + TIAM Scenario_1
ISL,2052,,,,,86.92983764671725,SSP corrected + TIAM Scenario_1
ISL,2053,,,,,87.44036973276393,SSP corrected + TIAM Scenario_1
ISL,2054,,,,,87.9509018188106,SSP corrected + TIAM Scenario_1
ISL,2055,49043990571.930534,97487.78938166896,503078.29198917584,0.03496792244976155,88.46143390485727,SSP corrected + TIAM Scenario_1
ISL,2056,,,,,88.97196599090395,SSP corrected + TIAM Scenario_1
ISL,2057,,,,,89.48249807695063,SSP corrected + TIAM Scenario_1
ISL,2058,,,,,89.99303016299731,SSP corrected + TIAM Scenario_1
ISL,2059,,,,,90.503562249044,SSP corrected + TIAM Scenario_1
ISL,2060,54414269119.440216,104850.55630958053,518969.7702583216,0.014719392097213221,91.01409433509068,SSP corrected + TIAM Scenario_1
ISL,2061,,,,,91.1468228885892,SSP corrected + TIAM Scenario_1
ISL,2062,,,,,91.27955144208777,SSP corrected + TIAM Scenario_1
ISL,2063,,,,,91.4122799955863,SSP corrected + TIAM Scenario_1
ISL,2064,,,,,91.54500854908484,SSP corrected + TIAM Scenario_1
ISL,2065,60241320166.61864,113059.75461901425,532827.267931177,0.014738861428249523,91.6777371025834,SSP corrected + TIAM Scenario_1
ISL,2066,,,,,91.81046565608192,SSP corrected + TIAM Scenario_1
ISL,2067,,,,,91.94319420958048,SSP corrected + TIAM Scenario_1
ISL,2068,,,,,92.075922763079,SSP corrected + TIAM Scenario_1
ISL,2069,,,,,92.20865131657756,SSP corrected + TIAM Scenario_1
ISL,2070,66449726447.16568,121915.4424062594,545047.6587349365,0.014801668936901867,92.3413798700761,SSP corrected + TIAM Scenario_1
ISR,2012,274800159647.141,34738.65870009999,7910500.0,7.6101924554669464,5.320786333541271,WB hist + TIAM interp
ISR,2013,286027695014.037,35489.50865612469,8059500.0,7.523113907005477,6.013934125758187,WB hist + TIAM interp
ISR,2014,296827610046.146,36129.31461058047,8215700.0,7.432677148392712,6.707081917975103,WB hist + TIAM interp
ISR,2015,303469434072.296,36213.104148195845,8380100.0,7.338427317405444,7.400229710192019,WB hist + TIAM interp
ISR,2016,317003511449.31,37093.78790654224,8546000.0,7.246532164419463,8.093377502408934,WB hist + TIAM interp
ISR,2017,330783435889.189,37963.04911906958,8713300.0,7.15698678935284,8.78652529462585,WB hist + TIAM interp
ISR,2018,344027669320.131,38729.64260369827,8882800.0,7.069064045819727,9.479673086842766,WB hist + TIAM interp
ISR,2019,356792803355.853,39407.20160767098,9054000.0,6.983122511679571,10.172820879059682,WB hist + TIAM interp
ISR,2020,349579824803.208,37935.54327171794,9215100.0,6.907933753869866,10.865968671276596,WB hist + TIAM interp
ISR,2021,382399686301.549,40804.968980253645,9371400.0,6.471213873965247,14.615636948329604,WB hist + TIAM interp
ISR,2022,406350386042.279,42516.38880902736,9557500.0,6.029962548958372,18.36530522538261,WB hist + TIAM interp
ISR,2023,413772459124.137,42011.621395485534,9849000.0,5.54557827443003,22.114973502435618,WB hist + TIAM interp
ISR,2024,417380424316.47,41845.166056752285,9974400.0,5.1737882767939,25.864641779488625,WB hist + TIAM interp
ISR,2025,417380424316.47015,41845.1660567523,9974400.0,4.871718314008341,29.61431005654163,SSP corrected + TIAM Scenario_1
ISR,2026,,,,,29.999789297855635,SSP corrected + TIAM Scenario_1
ISR,2027,,,,,30.38526853916964,SSP corrected + TIAM Scenario_1
ISR,2028,,,,,30.77074778048364,SSP corrected + TIAM Scenario_1
ISR,2029,,,,,31.156227021797648,SSP corrected + TIAM Scenario_1
ISR,2030,494713298242.777,45560.895711909245,10858287.364913745,3.9961194891952405,31.541706263111653,SSP corrected + TIAM Scenario_1
ISR,2031,,,,,32.73054287229533,SSP corrected + TIAM Scenario_1
ISR,2032,,,,,33.91937948147901,SSP corrected + TIAM Scenario_1
ISR,2033,,,,,35.108216090662694,SSP corrected + TIAM Scenario_1
ISR,2034,,,,,36.297052699846375,SSP corrected + TIAM Scenario_1
ISR,2035,580283142669.279,49420.03779129786,11741859.549355878,3.007531927080449,37.48588930903006,SSP corrected + TIAM Scenario_1
ISR,2036,,,,,37.34916053233583,SSP corrected + TIAM Scenario_1
ISR,2037,,,,,37.2124317556416,SSP corrected + TIAM Scenario_1
ISR,2038,,,,,37.07570297894738,SSP corrected + TIAM Scenario_1
ISR,2039,,,,,36.93897420225315,SSP corrected + TIAM Scenario_1
ISR,2040,676782393637.3125,53559.31762898464,12636128.00905176,2.058886836307747,36.80224542555893,SSP corrected + TIAM Scenario_1
ISR,2041,,,,,37.63671770140919,SSP corrected + TIAM Scenario_1
ISR,2042,,,,,38.471189977259456,SSP corrected + TIAM Scenario_1
ISR,2043,,,,,39.30566225310971,SSP corrected + TIAM Scenario_1
ISR,2044,,,,,40.14013452895998,SSP corrected + TIAM Scenario_1
ISR,2045,782506454267.469,57846.75388953675,13527231.895530924,1.7793008147407348,40.97460680481024,SSP corrected + TIAM Scenario_1
ISR,2046,,,,,42.679716748621615,SSP corrected + TIAM Scenario_1
ISR,2047,,,,,44.38482669243299,SSP corrected + TIAM Scenario_1
ISR,2048,,,,,46.08993663624437,SSP corrected + TIAM Scenario_1
ISR,2049,,,,,47.79504658005574,SSP corrected + TIAM Scenario_1
ISR,2050,895649646463.7557,62223.084993130135,14394169.729171123,1.1988619916673429,49.50015652386711,SSP corrected + TIAM Scenario_1
ISR,2051,,,,,50.5759059964259,SSP corrected + TIAM Scenario_1
ISR,2052,,,,,51.651655468984686,SSP corrected + TIAM Scenario_1
ISR,2053,,,,,52.72740494154347,SSP corrected + TIAM Scenario_1
ISR,2054,,,,,53.803154414102266,SSP corrected + TIAM Scenario_1
ISR,2055,1017045890262.8754,66786.89150202282,15228226.189147783,0.764158419165893,54.87890388666105,SSP corrected + TIAM Scenario_1
ISR,2056,,,,,55.95465335921984,SSP corrected + TIAM Scenario_1
ISR,2057,,,,,57.03040283177863,SSP corrected + TIAM Scenario_1
ISR,2058,,,,,58.106152304337414,SSP corrected + TIAM Scenario_1
ISR,2059,,,,,59.18190177689621,SSP corrected + TIAM Scenario_1
ISR,2060,1149686270755.1191,71714.93981192664,16031335.643175414,0.3753231575217624,60.257651249454995,SSP corrected + TIAM Scenario_1
ISR,2061,,,,,60.68564254738791,SSP corrected + TIAM Scenario_1
ISR,2062,,,,,61.11363384532082,SSP corrected + TIAM Scenario_1
ISR,2063,,,,,61.54162514325374,SSP corrected + TIAM Scenario_1
ISR,2064,,,,,61.96961644118665,SSP corrected + TIAM Scenario_1
ISR,2065,1297535928390.449,77007.7674834842,16849416.244520146,0.23225296770145484,62.397607739119564,SSP corrected + TIAM Scenario_1
ISR,2066,,,,,62.82559903705248,SSP corrected + TIAM Scenario_1
ISR,2067,,,,,63.25359033498539,SSP corrected + TIAM Scenario_1
ISR,2068,,,,,63.68158163291831,SSP corrected + TIAM Scenario_1
ISR,2069,,,,,64.10957293085121,SSP corrected + TIAM Scenario_1
ISR,2070,1460357092579.8833,82589.0072787798,17682221.165952962,0.10234700288958352,64.53756422878413,SSP corrected + TIAM Scenario_1
ITA,2012,1863124632394.2502,30953.414744742706,60191247.0,6.807722873933551,15.096854262136018,WB hist + TIAM interp
ITA,2013,1829252558793.3398,30330.022159966768,60311613.0,6.6707095676479335,16.42103853448346,WB hist + TIAM interp
ITA,2014,1829227175768.29,30325.02877939229,60320707.0,6.546295598728223,17.745222806830903,WB hist + TIAM interp
ITA,2015,1845428048839.1003,30639.88297514321,60229605.0,6.432602432195429,19.069407079178344,WB hist + TIAM interp
ITA,2016,1868241619489.51,31077.67926752114,60115223.0,6.321011709131733,20.393591351525785,WB hist + TIAM interp
ITA,2017,1898202609462.08,31635.52277107999,60002252.0,6.208849516964139,21.717775623873223,WB hist + TIAM interp
ITA,2018,1913894038926.83,31819.397183006644,60148658.0,6.069975463357067,23.041959896220668,WB hist + TIAM interp
ITA,2019,1922107755078.1597,32180.43410174283,59729081.0,5.987984363609261,24.36614416856811,WB hist + TIAM interp
ITA,2020,1751650987235.43,29469.798923862607,59438851.0,5.8919834763906564,25.69032844091555,WB hist + TIAM interp
ITA,2021,1908092024820.83,32267.709105020123,59133173.0,5.498866971713914,26.64944492330824,WB hist + TIAM interp
ITA,2022,2000084512919.56,33891.88665262167,59013667.0,5.085570702411083,27.608561405700936,WB hist + TIAM interp
ITA,2023,2019599234310.29,34239.65547512389,58984216.0,4.663466238692439,28.567677888093627,WB hist + TIAM interp
ITA,2024,2033588532657.24,34495.25457996363,58952704.0,4.2410883125300085,29.52679437048632,WB hist + TIAM interp
ITA,2025,2033588532657.2383,34495.2545799636,58952704.0,3.816217622878499,30.485910852879012,SSP corrected + TIAM Scenario_1
ITA,2026,,,,,31.3335577234195,SSP corrected + TIAM Scenario_1
ITA,2027,,,,,32.18120459395999,SSP corrected + TIAM Scenario_1
ITA,2028,,,,,33.02885146450048,SSP corrected + TIAM Scenario_1
ITA,2029,,,,,33.876498335040964,SSP corrected + TIAM Scenario_1
ITA,2030,2163212997335.104,36626.29128867309,59061753.76277016,3.0415212019990494,34.72414520558145,SSP corrected + TIAM Scenario_1
ITA,2031,,,,,39.28947030971113,SSP corrected + TIAM Scenario_1
ITA,2032,,,,,43.8547954138408,SSP corrected + TIAM Scenario_1
ITA,2033,,,,,48.42012051797048,SSP corrected + TIAM Scenario_1
ITA,2034,,,,,52.98544562210016,SSP corrected + TIAM Scenario_1
ITA,2035,2301402757646.942,38919.20414063553,59132831.93897709,1.835567945097561,57.550770726229835,SSP corrected + TIAM Scenario_1
ITA,2036,,,,,60.501386688387505,SSP corrected + TIAM Scenario_1
ITA,2037,,,,,63.452002650545175,SSP corrected + TIAM Scenario_1
ITA,2038,,,,,66.40261861270285,SSP corrected + TIAM Scenario_1
ITA,2039,,,,,69.35323457486052,SSP corrected + TIAM Scenario_1
ITA,2040,2449631826309.4136,41429.92743863835,59127108.77752684,0.7233985691714263,72.30385053701819,SSP corrected + TIAM Scenario_1
ITA,2041,,,,,74.60795847005839,SSP corrected + TIAM Scenario_1
ITA,2042,,,,,76.91206640309858,SSP corrected + TIAM Scenario_1
ITA,2043,,,,,79.21617433613878,SSP corrected + TIAM Scenario_1
ITA,2044,,,,,81.52028226917896,SSP corrected + TIAM Scenario_1
ITA,2045,2611352383829.9272,44287.24140365102,58963988.29696917,0.10216072723027597,83.82439020221916,SSP corrected + TIAM Scenario_1
ITA,2046,,,,,84.24126685670011,SSP corrected + TIAM Scenario_1
ITA,2047,,,,,84.65814351118105,SSP corrected + TIAM Scenario_1
ITA,2048,,,,,85.075020165662,SSP corrected + TIAM Scenario_1
ITA,2049,,,,,85.49189682014294,SSP corrected + TIAM Scenario_1
ITA,2050,2787414657833.4595,47561.96316604801,58605963.09075923,0.047420681129832415,85.90877347462389,SSP corrected + TIAM Scenario_1
ITA,2051,,,,,86.41930556067057,SSP corrected + TIAM Scenario_1
ITA,2052,,,,,86.92983764671725,SSP corrected + TIAM Scenario_1
ITA,2053,,,,,87.44036973276393,SSP corrected + TIAM Scenario_1
ITA,2054,,,,,87.9509018188106,SSP corrected + TIAM Scenario_1
ITA,2055,2979130306012.8057,51316.67818031381,58053841.590153135,0.030574018391278924,88.46143390485727,SSP corrected + TIAM Scenario_1
ITA,2056,,,,,88.97196599090395,SSP corrected + TIAM Scenario_1
ITA,2057,,,,,89.48249807695063,SSP corrected + TIAM Scenario_1
ITA,2058,,,,,89.99303016299731,SSP corrected + TIAM Scenario_1
ITA,2059,,,,,90.503562249044,SSP corrected + TIAM Scenario_1
ITA,2060,3186722566525.775,55554.90719750901,57361675.63373523,0.013436562728940992,91.01409433509068,SSP corrected + TIAM Scenario_1
ITA,2061,,,,,91.1468228885892,SSP corrected + TIAM Scenario_1
ITA,2062,,,,,91.27955144208777,SSP corrected + TIAM Scenario_1
ITA,2063,,,,,91.4122799955863,SSP corrected + TIAM Scenario_1
ITA,2064,,,,,91.54500854908484,SSP corrected + TIAM Scenario_1
ITA,2065,3400351870426.1074,60173.97067134399,56508683.61335213,0.014022106632462233,91.6777371025834,SSP corrected + TIAM Scenario_1
ITA,2066,,,,,91.81046565608192,SSP corrected + TIAM Scenario_1
ITA,2067,,,,,91.94319420958048,SSP corrected + TIAM Scenario_1
ITA,2068,,,,,92.075922763079,SSP corrected + TIAM Scenario_1
ITA,2069,,,,,92.20865131657756,SSP corrected + TIAM Scenario_1
ITA,2070,3608310497867.929,64917.82971173724,55582734.57215624,0.014644796229419523,92.3413798700761,SSP corrected + TIAM Scenario_1
JAM,2012,14649543756.5624,5284.008525575903,2772430.0,2.6768424307817456,38.879500250197985,WB hist + TIAM interp
JAM,2013,14725382395.3111,5289.884385461117,2783687.0,2.693735375292195,38.85667685180975,WB hist + TIAM interp
JAM,2014,14826961375.6345,5307.1916538080195,2793749.0,2.7116516304470357,38.83385345342151,WB hist + TIAM interp
JAM,2015,14963589915.5912,5339.307182568062,2802534.0,2.7306829876742067,38.81103005503327,WB hist + TIAM interp
JAM,2016,15376650479.9803,5472.283140230327,2809915.0,2.750969264709899,38.78820665664504,WB hist + TIAM interp
JAM,2017,15729242259.4032,5586.136572313305,2815764.0,2.7726569722164514,38.7653832582568,WB hist + TIAM interp
JAM,2018,16124965549.2249,5717.876211075328,2820097.0,2.795756873605715,38.74255985986856,WB hist + TIAM interp
JAM,2019,16416735750.8852,5814.792753116934,2823271.0,2.819943057982611,38.71973646148032,WB hist + TIAM interp
JAM,2020,15053421189.293,5317.841450339646,2830739.0,2.8397606923571526,38.69691306309209,WB hist + TIAM interp
JAM,2021,15912170664.5422,5607.453782538776,2837682.0,2.7655823425453128,39.00786664522744,WB hist + TIAM interp
JAM,2022,16936803585.151299,5965.461274648732,2839144.0,2.6969625786486855,39.318820227362785,WB hist + TIAM interp
JAM,2023,17401946531.631,6127.907712634333,2839786.0,2.6291724143408044,39.62977380949813,WB hist + TIAM interp
JAM,2024,17308839319.813396,6096.432703096286,2839175.0,2.562543310739032,39.94072739163348,WB hist + TIAM interp
JAM,2025,17308839319.81344,6096.4327030963,2839175.0,2.495348400399329,40.25168097376883,SSP corrected + TIAM Scenario_1
JAM,2026,,,,,41.03311574715632,SSP corrected + TIAM Scenario_1
JAM,2027,,,,,41.81455052054381,SSP corrected + TIAM Scenario_1
JAM,2028,,,,,42.59598529393129,SSP corrected + TIAM Scenario_1
JAM,2029,,,,,43.37742006731878,SSP corrected + TIAM Scenario_1
JAM,2030,18978252878.467026,6657.033396119423,2850857.3938550465,2.3153357891008093,44.15885484070627,SSP corrected + TIAM Scenario_1
JAM,2031,,,,,43.75068382553754,SSP corrected + TIAM Scenario_1
JAM,2032,,,,,43.34251281036882,SSP corrected + TIAM Scenario_1
JAM,2033,,,,,42.93434179520009,SSP corrected + TIAM Scenario_1
JAM,2034,,,,,42.52617078003136,SSP corrected + TIAM Scenario_1
JAM,2035,20791918846.227043,7302.262542293377,2847325.568726683,2.1535561923793693,42.11799976486264,SSP corrected + TIAM Scenario_1
JAM,2036,,,,,42.63433136242324,SSP corrected + TIAM Scenario_1
JAM,2037,,,,,43.15066295998385,SSP corrected + TIAM Scenario_1
JAM,2038,,,,,43.66699455754445,SSP corrected + TIAM Scenario_1
JAM,2039,,,,,44.18332615510506,SSP corrected + TIAM Scenario_1
JAM,2040,23023119425.269917,8134.302234639164,2830374.230161761,1.9469802265242822,44.69965775266566,SSP corrected + TIAM Scenario_1
JAM,2041,,,,,45.21361097692995,SSP corrected + TIAM Scenario_1
JAM,2042,,,,,45.72756420119425,SSP corrected + TIAM Scenario_1
JAM,2043,,,,,46.24151742545854,SSP corrected + TIAM Scenario_1
JAM,2044,,,,,46.75547064972284,SSP corrected + TIAM Scenario_1
JAM,2045,25690701664.021576,9170.147634085306,2801558.130703328,1.8489355271787493,47.26942387398713,SSP corrected + TIAM Scenario_1
JAM,2046,,,,,46.98986888073011,SSP corrected + TIAM Scenario_1
JAM,2047,,,,,46.71031388747309,SSP corrected + TIAM Scenario_1
JAM,2048,,,,,46.43075889421607,SSP corrected + TIAM Scenario_1
JAM,2049,,,,,46.151203900959054,SSP corrected + TIAM Scenario_1
JAM,2050,28669260201.801716,10395.308812043908,2757903.658291111,1.9143202565668909,45.87164890770203,SSP corrected + TIAM Scenario_1
JAM,2051,,,,,45.7537597769145,SSP corrected + TIAM Scenario_1
JAM,2052,,,,,45.63587064612697,SSP corrected + TIAM Scenario_1
JAM,2053,,,,,45.51798151533943,SSP corrected + TIAM Scenario_1
JAM,2054,,,,,45.4000923845519,SSP corrected + TIAM Scenario_1
JAM,2055,31895005028.553085,11814.808688719722,2699578.6278795255,1.4327009449102706,45.282203253764365,SSP corrected + TIAM Scenario_1
JAM,2056,,,,,45.16431412297683,SSP corrected + TIAM Scenario_1
JAM,2057,,,,,45.0464249921893,SSP corrected + TIAM Scenario_1
JAM,2058,,,,,44.92853586140176,SSP corrected + TIAM Scenario_1
JAM,2059,,,,,44.81064673061423,SSP corrected + TIAM Scenario_1
JAM,2060,35204836686.74338,13371.053448369796,2632914.2144769127,0.932756126202328,44.6927575998267,SSP corrected + TIAM Scenario_1
JAM,2061,,,,,44.73681582547181,SSP corrected + TIAM Scenario_1
JAM,2062,,,,,44.78087405111692,SSP corrected + TIAM Scenario_1
JAM,2063,,,,,44.82493227676203,SSP corrected + TIAM Scenario_1
JAM,2064,,,,,44.86899050240714,SSP corrected + TIAM Scenario_1
JAM,2065,38776352363.46343,15095.63819017613,2568712.3575006006,0.5583552478379541,44.913048728052246,SSP corrected + TIAM Scenario_1
JAM,2066,,,,,44.957106953697355,SSP corrected + TIAM Scenario_1
JAM,2067,,,,,45.001165179342465,SSP corrected + TIAM Scenario_1
JAM,2068,,,,,45.045223404987574,SSP corrected + TIAM Scenario_1
JAM,2069,,,,,45.08928163063269,SSP corrected + TIAM Scenario_1
JAM,2070,42894432444.5364,17090.226079686265,2509880.925186909,0.16440667863319716,45.13333985627779,SSP corrected + TIAM Scenario_1
JOR,2012,35488605511.9193,4677.4761397719185,7587127.0,2.929716896878742,5.320786333541271,WB hist + TIAM interp
JOR,2013,36414839440.0743,4556.520237167118,7991809.0,2.8013287342403106,6.013934125758187,WB hist + TIAM interp
JOR,2014,37647146046.4738,4282.118728492386,8791710.0,2.5646016770179774,6.707081917975103,WB hist + TIAM interp
JOR,2015,38587017887.323906,4042.756780975542,9544729.0,2.378986792548129,7.400229710192019,WB hist + TIAM interp
JOR,2016,39356512808.3494,3933.1470461106815,10006367.0,2.2851784517844003,8.093377502408934,WB hist + TIAM interp
JOR,2017,40330034782.848495,3940.701991811447,10234226.0,2.2498901498405366,8.78652529462585,WB hist + TIAM interp
JOR,2018,41103996749.7366,3928.770268212056,10462306.0,2.216092158672984,9.479673086842766,WB hist + TIAM interp
JOR,2019,41823826702.47799,3919.064269160732,10671891.0,2.187520872152153,10.172820879059682,WB hist + TIAM interp
JOR,2020,41362613665.93589,3806.879493549136,10865228.0,2.163280358905318,10.865968671276596,WB hist + TIAM interp
JOR,2021,42874683401.0676,3874.327140846327,11066356.0,2.0234339218997737,14.615636948329604,WB hist + TIAM interp
JOR,2022,44009762839.50161,3909.802288690448,11256263.0,1.890462751004492,18.36530522538261,WB hist + TIAM interp
JOR,2023,45279041100.773796,3958.230439521827,11439213.0,1.7629754522274446,22.114973502435618,WB hist + TIAM interp
JOR,2024,46405988481.4729,4016.8342914329646,11552876.0,1.6493345472237426,25.864641779488625,WB hist + TIAM interp
JOR,2025,46405988481.47285,4016.83429143296,11552876.0,1.5530386807045298,29.61431005654163,SSP corrected + TIAM Scenario_1
JOR,2026,,,,,29.999789297855635,SSP corrected + TIAM Scenario_1
JOR,2027,,,,,30.38526853916964,SSP corrected + TIAM Scenario_1
JOR,2028,,,,,30.77074778048364,SSP corrected + TIAM Scenario_1
JOR,2029,,,,,31.156227021797648,SSP corrected + TIAM Scenario_1
JOR,2030,63232547362.38628,4960.2557593634765,12747840.117522605,1.2568013070427488,31.541706263111653,SSP corrected + TIAM Scenario_1
JOR,2031,,,,,32.73054287229533,SSP corrected + TIAM Scenario_1
JOR,2032,,,,,33.91937948147901,SSP corrected + TIAM Scenario_1
JOR,2033,,,,,35.108216090662694,SSP corrected + TIAM Scenario_1
JOR,2034,,,,,36.297052699846375,SSP corrected + TIAM Scenario_1
JOR,2035,84482529047.35117,6070.960190101655,13915843.030085254,0.9370031290061366,37.48588930903006,SSP corrected + TIAM Scenario_1
JOR,2036,,,,,37.34916053233583,SSP corrected + TIAM Scenario_1
JOR,2037,,,,,37.2124317556416,SSP corrected + TIAM Scenario_1
JOR,2038,,,,,37.07570297894738,SSP corrected + TIAM Scenario_1
JOR,2039,,,,,36.93897420225315,SSP corrected + TIAM Scenario_1
JOR,2040,110560682617.34242,7347.432227863989,15047526.69892732,0.6383881340117864,36.80224542555893,SSP corrected + TIAM Scenario_1
JOR,2041,,,,,37.63671770140919,SSP corrected + TIAM Scenario_1
JOR,2042,,,,,38.471189977259456,SSP corrected + TIAM Scenario_1
JOR,2043,,,,,39.30566225310971,SSP corrected + TIAM Scenario_1
JOR,2044,,,,,40.14013452895998,SSP corrected + TIAM Scenario_1
JOR,2045,141436881118.11243,8771.903962810895,16123851.984443065,0.5511793583250266,40.97460680481024,SSP corrected + TIAM Scenario_1
JOR,2046,,,,,42.679716748621615,SSP corrected + TIAM Scenario_1
JOR,2047,,,,,44.38482669243299,SSP corrected + TIAM Scenario_1
JOR,2048,,,,,46.08993663624437,SSP corrected + TIAM Scenario_1
JOR,2049,,,,,47.79504658005574,SSP corrected + TIAM Scenario_1
JOR,2050,176665114640.04312,10305.353229963112,17143043.10563409,0.3716818282745824,49.50015652386711,SSP corrected + TIAM Scenario_1
JOR,2051,,,,,50.5759059964259,SSP corrected + TIAM Scenario_1
JOR,2052,,,,,51.651655468984686,SSP corrected + TIAM Scenario_1
JOR,2053,,,,,52.72740494154347,SSP corrected + TIAM Scenario_1
JOR,2054,,,,,53.803154414102266,SSP corrected + TIAM Scenario_1
JOR,2055,216371130470.42847,11966.938054023138,18080742.91800041,0.23764018667736975,54.87890388666105,SSP corrected + TIAM Scenario_1
JOR,2056,,,,,55.95465335921984,SSP corrected + TIAM Scenario_1
JOR,2057,,,,,57.03040283177863,SSP corrected + TIAM Scenario_1
JOR,2058,,,,,58.106152304337414,SSP corrected + TIAM Scenario_1
JOR,2059,,,,,59.18190177689621,SSP corrected + TIAM Scenario_1
JOR,2060,260913832325.0846,13788.38167649738,18922730.632690445,0.11740719053877723,60.257651249454995,SSP corrected + TIAM Scenario_1
JOR,2061,,,,,60.68564254738791,SSP corrected + TIAM Scenario_1
JOR,2062,,,,,61.11363384532082,SSP corrected + TIAM Scenario_1
JOR,2063,,,,,61.54162514325374,SSP corrected + TIAM Scenario_1
JOR,2064,,,,,61.96961644118665,SSP corrected + TIAM Scenario_1
JOR,2065,309393996113.10626,15765.52242801595,19624722.08109647,0.07362851661909638,62.397607739119564,SSP corrected + TIAM Scenario_1
JOR,2066,,,,,62.82559903705248,SSP corrected + TIAM Scenario_1
JOR,2067,,,,,63.25359033498539,SSP corrected + TIAM Scenario_1
JOR,2068,,,,,63.68158163291831,SSP corrected + TIAM Scenario_1
JOR,2069,,,,,64.10957293085121,SSP corrected + TIAM Scenario_1
JOR,2070,360685135719.1607,17885.272365957047,20166600.11315742,0.033134673526059935,64.53756422878413,SSP corrected + TIAM Scenario_1
JPN,2012,4277925608846.4907,33518.44493685989,127629000.0,11.703336075656788,6.368766031331068,WB hist + TIAM interp
JPN,2013,4363702302793.37,34239.88624734882,127445000.0,11.666497077170543,6.794972017062742,WB hist + TIAM interp
JPN,2014,4376627829634.98,34386.905855267134,127276000.0,11.628180961061002,7.221178002794416,WB hist + TIAM interp
JPN,2015,4444930651964.18,34960.63938433849,127141000.0,11.586663625423743,7.647383988526091,WB hist + TIAM interp
JPN,2016,4478437728050.46,35242.199377148005,127076000.0,11.53869841669552,8.073589974257764,WB hist + TIAM interp
JPN,2017,4553466417290.11,35861.97285456723,126972000.0,11.494213527391867,8.499795959989438,WB hist + TIAM interp
JPN,2018,4582763011478.55,36138.52908248141,126811000.0,11.454802185930243,8.926001945721111,WB hist + TIAM interp
JPN,2019,4564332550096.38,36043.78440135178,126633000.0,11.416823102982635,9.352207931452789,WB hist + TIAM interp
JPN,2020,4374056271824.01,34642.9718743239,126261000.0,11.396220527320391,9.77841391718446,WB hist + TIAM interp
JPN,2021,4492005937826.88,35741.16010629242,125681593.0,10.871807616251333,11.091469471510196,WB hist + TIAM interp
JPN,2022,4534320578755.85,36238.32948953026,125124989.0,10.340652257719679,12.40452502583593,WB hist + TIAM interp
JPN,2023,4601203385713.7,36952.51507098609,124516650.0,9.808823960490423,13.717580580161666,WB hist + TIAM interp
JPN,2024,4606002855955.13,37152.563600355184,123975371.0,9.266758314439729,15.030636134487402,WB hist + TIAM interp
JPN,2025,4606002855955.132,37152.5636003552,123975371.0,8.68186714278919,16.343691688813138,SSP corrected + TIAM Scenario_1
JPN,2026,,,,,17.02946532804346,SSP corrected + TIAM Scenario_1
JPN,2027,,,,,17.715238967273784,SSP corrected + TIAM Scenario_1
JPN,2028,,,,,18.401012606504104,SSP corrected + TIAM Scenario_1
JPN,2029,,,,,19.086786245734427,SSP corrected + TIAM Scenario_1
JPN,2030,4821761150975.384,39681.13538515088,121512681.13108829,7.2099906926986055,19.77255988496475,SSP corrected + TIAM Scenario_1
JPN,2031,,,,,20.66346452372167,SSP corrected + TIAM Scenario_1
JPN,2032,,,,,21.554369162478597,SSP corrected + TIAM Scenario_1
JPN,2033,,,,,22.44527380123552,SSP corrected + TIAM Scenario_1
JPN,2034,,,,,23.336178439992445,SSP corrected + TIAM Scenario_1
JPN,2035,4982661199524.745,41959.94602962127,118748036.42519648,5.5136785391179295,24.227083078749367,SSP corrected + TIAM Scenario_1
JPN,2036,,,,,24.777587681797353,SSP corrected + TIAM Scenario_1
JPN,2037,,,,,25.328092284845344,SSP corrected + TIAM Scenario_1
JPN,2038,,,,,25.87859688789333,SSP corrected + TIAM Scenario_1
JPN,2039,,,,,26.42910149094132,SSP corrected + TIAM Scenario_1
JPN,2040,5110109518028.5625,44126.66479119267,115805478.21163452,4.55173544585426,26.979606093989307,SSP corrected + TIAM Scenario_1
JPN,2041,,,,,27.646837314667273,SSP corrected + TIAM Scenario_1
JPN,2042,,,,,28.31406853534524,SSP corrected + TIAM Scenario_1
JPN,2043,,,,,28.98129975602321,SSP corrected + TIAM Scenario_1
JPN,2044,,,,,29.648530976701178,SSP corrected + TIAM Scenario_1
JPN,2045,5248851109829.948,46560.812145086886,112731090.1166016,3.71321611072006,30.31576219737914,SSP corrected + TIAM Scenario_1
JPN,2046,,,,,31.824369064588556,SSP corrected + TIAM Scenario_1
JPN,2047,,,,,33.33297593179797,SSP corrected + TIAM Scenario_1
JPN,2048,,,,,34.841582799007384,SSP corrected + TIAM Scenario_1
JPN,2049,,,,,36.3501896662168,SSP corrected + TIAM Scenario_1
JPN,2050,5383232864605.987,49115.52963838606,109603477.8458083,2.472041082320109,37.858796533426215,SSP corrected + TIAM Scenario_1
JPN,2051,,,,,38.26281498506571,SSP corrected + TIAM Scenario_1
JPN,2052,,,,,38.6668334367052,SSP corrected + TIAM Scenario_1
JPN,2053,,,,,39.07085188834469,SSP corrected + TIAM Scenario_1
JPN,2054,,,,,39.474870339984186,SSP corrected + TIAM Scenario_1
JPN,2055,5533666470602.821,51964.49743687321,106489367.6172882,1.604095824983264,39.87888879162368,SSP corrected + TIAM Scenario_1
JPN,2056,,,,,40.28290724326317,SSP corrected + TIAM Scenario_1
JPN,2057,,,,,40.68692569490266,SSP corrected + TIAM Scenario_1
JPN,2058,,,,,41.09094414654216,SSP corrected + TIAM Scenario_1
JPN,2059,,,,,41.49496259818165,SSP corrected + TIAM Scenario_1
JPN,2060,5698557976261.763,55136.95478631052,103352787.58769262,0.6840067079953471,41.89898104982114,SSP corrected + TIAM Scenario_1
JPN,2061,,,,,42.36946821422478,SSP corrected + TIAM Scenario_1
JPN,2062,,,,,42.839955378628424,SSP corrected + TIAM Scenario_1
JPN,2063,,,,,43.310442543032075,SSP corrected + TIAM Scenario_1
JPN,2064,,,,,43.78092970743572,SSP corrected + TIAM Scenario_1
JPN,2065,5859692816405.804,58595.17706953475,100002988.46186814,0.368911975206294,44.25141687183936,SSP corrected + TIAM Scenario_1
JPN,2066,,,,,44.72190403624301,SSP corrected + TIAM Scenario_1
JPN,2067,,,,,45.19239120064665,SSP corrected + TIAM Scenario_1
JPN,2068,,,,,45.6628783650503,SSP corrected + TIAM Scenario_1
JPN,2069,,,,,46.13336552945394,SSP corrected + TIAM Scenario_1
JPN,2070,6015629856419.337,62341.411812025515,96494924.98754954,0.03202862741640321,46.60385269385758,SSP corrected + TIAM Scenario_1
KAZ,2012,164960327499.374,9531.91477617056,17306106.0,12.747917382082726,5.768678807715448,WB hist + TIAM interp
KAZ,2013,174857947143.911,9959.725869305345,17556502.0,12.729948056016045,5.895922002931266,WB hist + TIAM interp
KAZ,2014,182201980933.86404,10226.710053968269,17816285.0,12.705786167942279,6.023165198147083,WB hist + TIAM interp
KAZ,2015,184388404706.042,10196.122625598224,18084169.0,12.676637589976803,6.150408393362901,WB hist + TIAM interp
KAZ,2016,186416677156.152,10151.423313301968,18363600.0,12.640386718326951,6.277651588578719,WB hist + TIAM interp
KAZ,2017,194059760924.352,10404.27186463171,18651931.0,12.59920780065316,6.4048947837945365,WB hist + TIAM interp
KAZ,2018,202016211108.85693,10670.21201482792,18932727.0,12.564281076055245,6.532137979010354,WB hist + TIAM interp
KAZ,2019,211106940610.612,10989.684071838832,19209555.0,12.532963547359419,6.659381174226172,WB hist + TIAM interp
KAZ,2020,205829267103.2,10565.035981623558,19482117.0,12.505273507379691,6.78662436944199,WB hist + TIAM interp
KAZ,2021,214679925583.06897,10873.391527527623,19743603.0,12.325131610719739,7.555521212509997,WB hist + TIAM interp
KAZ,2022,221549683201.099,11058.348241340722,20034609.0,12.131796996978105,8.324418055578004,WB hist + TIAM interp
KAZ,2023,232848717043.771,11453.395272536283,20330104.0,11.941361104638718,9.093314898646012,WB hist + TIAM interp
KAZ,2024,244491152895.88794,11872.784262629855,20592571.0,11.775237633799565,9.86221174171402,WB hist + TIAM interp
KAZ,2025,244491152895.8868,11872.7842626298,20592571.0,11.761315324488576,10.631108584782028,SSP corrected + TIAM Scenario_1
KAZ,2026,,,,,11.36865758846334,SSP corrected + TIAM Scenario_1
KAZ,2027,,,,,12.10620659214465,SSP corrected + TIAM Scenario_1
KAZ,2028,,,,,12.843755595825964,SSP corrected + TIAM Scenario_1
KAZ,2029,,,,,13.581304599507272,SSP corrected + TIAM Scenario_1
KAZ,2030,297484090161.5439,14057.90962234718,21161331.81626433,10.906235420225283,14.318853603188586,SSP corrected + TIAM Scenario_1
KAZ,2031,,,,,15.140987670864307,SSP corrected + TIAM Scenario_1
KAZ,2032,,,,,15.963121738540032,SSP corrected + TIAM Scenario_1
KAZ,2033,,,,,16.785255806215755,SSP corrected + TIAM Scenario_1
KAZ,2034,,,,,17.607389873891478,SSP corrected + TIAM Scenario_1
KAZ,2035,346336818867.0051,15974.75561486687,21680257.72767926,7.89205243159504,18.4295239415672,SSP corrected + TIAM Scenario_1
KAZ,2036,,,,,19.81444105487761,SSP corrected + TIAM Scenario_1
KAZ,2037,,,,,21.19935816818802,SSP corrected + TIAM Scenario_1
KAZ,2038,,,,,22.584275281498428,SSP corrected + TIAM Scenario_1
KAZ,2039,,,,,23.969192394808836,SSP corrected + TIAM Scenario_1
KAZ,2040,388114237183.61523,17510.594573030954,22164537.906746563,5.6679769086456675,25.354109508119247,SSP corrected + TIAM Scenario_1
KAZ,2041,,,,,25.21252981982985,SSP corrected + TIAM Scenario_1
KAZ,2042,,,,,25.07095013154045,SSP corrected + TIAM Scenario_1
KAZ,2043,,,,,24.929370443251052,SSP corrected + TIAM Scenario_1
KAZ,2044,,,,,24.78779075496165,SSP corrected + TIAM Scenario_1
KAZ,2045,418130460527.55396,18529.232993144393,22565988.60202457,4.912286114891744,24.646211066672254,SSP corrected + TIAM Scenario_1
KAZ,2046,,,,,25.413577469286473,SSP corrected + TIAM Scenario_1
KAZ,2047,,,,,26.180943871900695,SSP corrected + TIAM Scenario_1
KAZ,2048,,,,,26.948310274514913,SSP corrected + TIAM Scenario_1
KAZ,2049,,,,,27.715676677129135,SSP corrected + TIAM Scenario_1
KAZ,2050,433821100305.26276,18993.591963477404,22840392.756644093,4.167183638896938,28.483043079743354,SSP corrected + TIAM Scenario_1
KAZ,2051,,,,,28.64920050842412,SSP corrected + TIAM Scenario_1
KAZ,2052,,,,,28.815357937104885,SSP corrected + TIAM Scenario_1
KAZ,2053,,,,,28.981515365785647,SSP corrected + TIAM Scenario_1
KAZ,2054,,,,,29.147672794466413,SSP corrected + TIAM Scenario_1
KAZ,2055,443658859474.028,19284.98087581767,23005408.319090035,3.304126568448228,29.31383022314718,SSP corrected + TIAM Scenario_1
KAZ,2056,,,,,29.479987651827944,SSP corrected + TIAM Scenario_1
KAZ,2057,,,,,29.64614508050871,SSP corrected + TIAM Scenario_1
KAZ,2058,,,,,29.812302509189472,SSP corrected + TIAM Scenario_1
KAZ,2059,,,,,29.978459937870237,SSP corrected + TIAM Scenario_1
KAZ,2060,457535198652.55505,19803.56835495928,23103674.572768472,2.4604506313357186,30.144617366551003,SSP corrected + TIAM Scenario_1
KAZ,2061,,,,,30.377975575544003,SSP corrected + TIAM Scenario_1
KAZ,2062,,,,,30.611333784537,SSP corrected + TIAM Scenario_1
KAZ,2063,,,,,30.84469199353,SSP corrected + TIAM Scenario_1
KAZ,2064,,,,,31.078050202522995,SSP corrected + TIAM Scenario_1
KAZ,2065,477283473793.2325,20633.50721416611,23131475.84844662,1.8980742302467788,31.311408411515995,SSP corrected + TIAM Scenario_1
KAZ,2066,,,,,31.54476662050899,SSP corrected + TIAM Scenario_1
KAZ,2067,,,,,31.77812482950199,SSP corrected + TIAM Scenario_1
KAZ,2068,,,,,32.01148303849499,SSP corrected + TIAM Scenario_1
KAZ,2069,,,,,32.24484124748799,SSP corrected + TIAM Scenario_1
KAZ,2070,498009923731.8146,21577.010828410403,23080579.960412588,1.3416069178240806,32.478199456480986,SSP corrected + TIAM Scenario_1
KEN,2012,61281315911.57941,1396.3017870975646,43888303.0,0.29544546299728197,88.56352920894176,WB hist + TIAM interp
KEN,2013,63608687382.876396,1413.9414252258268,44986791.0,0.31600942596683546,87.25020698579725,WB hist + TIAM interp
KEN,2014,66801914096.61851,1450.5933820227665,46051440.0,0.33583966103991536,85.93688476265272,WB hist + TIAM interp
KEN,2015,70120446896.8359,1489.1195977728398,47088526.0,0.3549813812392429,84.6235625395082,WB hist + TIAM interp
KEN,2016,73074983895.0953,1517.9779605774193,48139687.0,0.3731889656864616,83.31024031636368,WB hist + TIAM interp
KEN,2017,75879571212.38849,1542.3377397337206,49197766.0,0.3905634658289159,81.99691809321915,WB hist + TIAM interp
KEN,2018,80165208728.3956,1596.6904591494506,50207107.0,0.4076016568730001,80.68359587007464,WB hist + TIAM interp
KEN,2019,84264984851.3549,1645.7096177786218,51202827.0,0.42408107661711725,79.37027364693012,WB hist + TIAM interp
KEN,2020,84035138346.85901,1609.33414078281,52217334.0,0.4397735050969856,78.05695142378559,WB hist + TIAM interp
KEN,2021,90413816676.9795,1698.895782714436,53219166.0,0.45754832009205104,76.85320728261594,WB hist + TIAM interp
KEN,2022,94807911027.625,1747.5319880442844,54252461.0,0.4743910142620074,75.64946314144629,WB hist + TIAM interp
KEN,2023,100230916344.516,1811.216518384258,55339003.0,0.4901320683352391,74.44571900027663,WB hist + TIAM interp
KEN,2024,104966566488.39099,1860.0228704777655,56432944.0,0.5052006501734164,73.24197485910697,WB hist + TIAM interp
KEN,2025,104966566488.39069,1860.02287047776,56432944.0,0.5297703412389756,72.03823071793732,SSP corrected + TIAM Scenario_1
KEN,2026,,,,,71.58691829442158,SSP corrected + TIAM Scenario_1
KEN,2027,,,,,71.13560587090583,SSP corrected + TIAM Scenario_1
KEN,2028,,,,,70.68429344739008,SSP corrected + TIAM Scenario_1
KEN,2029,,,,,70.23298102387433,SSP corrected + TIAM Scenario_1
KEN,2030,138994109104.34424,2262.7383792554115,61427388.32674168,0.5871078192054561,69.78166860035859,SSP corrected + TIAM Scenario_1
KEN,2031,,,,,70.48962130297852,SSP corrected + TIAM Scenario_1
KEN,2032,,,,,71.19757400559847,SSP corrected + TIAM Scenario_1
KEN,2033,,,,,71.9055267082184,SSP corrected + TIAM Scenario_1
KEN,2034,,,,,72.61347941083835,SSP corrected + TIAM Scenario_1
KEN,2035,181628695575.1982,2737.835247552707,66340257.59495654,0.5654801678498754,73.32143211345829,SSP corrected + TIAM Scenario_1
KEN,2036,,,,,73.7563878416147,SSP corrected + TIAM Scenario_1
KEN,2037,,,,,74.1913435697711,SSP corrected + TIAM Scenario_1
KEN,2038,,,,,74.62629929792752,SSP corrected + TIAM Scenario_1
KEN,2039,,,,,75.06125502608393,SSP corrected + TIAM Scenario_1
KEN,2040,236494547506.22394,3330.9374037847447,70999397.11791322,0.5399158521914881,75.49621075424034,SSP corrected + TIAM Scenario_1
KEN,2041,,,,,75.50320456815302,SSP corrected + TIAM Scenario_1
KEN,2042,,,,,75.51019838206571,SSP corrected + TIAM Scenario_1
KEN,2043,,,,,75.51719219597838,SSP corrected + TIAM Scenario_1
KEN,2044,,,,,75.52418600989107,SSP corrected + TIAM Scenario_1
KEN,2045,306245567747.0295,4066.9498754181222,75301043.07359934,0.5183487294040519,75.53117982380375,SSP corrected + TIAM Scenario_1
KEN,2046,,,,,75.08917322213709,SSP corrected + TIAM Scenario_1
KEN,2047,,,,,74.64716662047043,SSP corrected + TIAM Scenario_1
KEN,2048,,,,,74.20516001880378,SSP corrected + TIAM Scenario_1
KEN,2049,,,,,73.76315341713712,SSP corrected + TIAM Scenario_1
KEN,2050,393585834739.2043,4973.909994040376,79130067.73560232,0.4199705744097079,73.32114681547046,SSP corrected + TIAM Scenario_1
KEN,2051,,,,,72.4958387893198,SSP corrected + TIAM Scenario_1
KEN,2052,,,,,71.67053076316914,SSP corrected + TIAM Scenario_1
KEN,2053,,,,,70.84522273701847,SSP corrected + TIAM Scenario_1
KEN,2054,,,,,70.01991471086782,SSP corrected + TIAM Scenario_1
KEN,2055,502129534969.6225,6091.826092073863,82426767.832875,0.31207580590998873,69.19460668471717,SSP corrected + TIAM Scenario_1
KEN,2056,,,,,68.3692986585665,SSP corrected + TIAM Scenario_1
KEN,2057,,,,,67.54399063241584,SSP corrected + TIAM Scenario_1
KEN,2058,,,,,66.71868260626519,SSP corrected + TIAM Scenario_1
KEN,2059,,,,,65.89337458011454,SSP corrected + TIAM Scenario_1
KEN,2060,635436047740.0736,7447.343320427501,85323855.82347472,0.21347488137061824,65.06806655396387,SSP corrected + TIAM Scenario_1
KEN,2061,,,,,65.47309299935813,SSP corrected + TIAM Scenario_1
KEN,2062,,,,,65.87811944475239,SSP corrected + TIAM Scenario_1
KEN,2063,,,,,66.28314589014664,SSP corrected + TIAM Scenario_1
KEN,2064,,,,,66.6881723355409,SSP corrected + TIAM Scenario_1
KEN,2065,796119907358.7701,9051.52239361038,87954254.84676085,0.1583738049315416,67.09319878093517,SSP corrected + TIAM Scenario_1
KEN,2066,,,,,67.49822522632942,SSP corrected + TIAM Scenario_1
KEN,2067,,,,,67.90325167172368,SSP corrected + TIAM Scenario_1
KEN,2068,,,,,68.30827811711794,SSP corrected + TIAM Scenario_1
KEN,2069,,,,,68.71330456251219,SSP corrected + TIAM Scenario_1
KEN,2070,985220134545.7693,10916.876259864292,90247439.93553488,0.10687062155878801,69.11833100790645,SSP corrected + TIAM Scenario_1
KGZ,2012,5572083788.24116,985.8472865972008,5652076.0,1.7141660891388357,5.768678807715448,WB hist + TIAM interp
KGZ,2013,6180302892.03129,1069.7840443871614,5777150.0,1.6989213363174889,5.895922002931266,WB hist + TIAM interp
KGZ,2014,6429000667.90909,1088.582142295076,5905848.0,1.6832891371023588,6.023165198147083,WB hist + TIAM interp
KGZ,2015,6678177511.66313,1105.651938442607,6040036.0,1.6668073119843658,6.150408393362901,WB hist + TIAM interp
KGZ,2016,6967733666.77765,1128.3161612818035,6175338.0,1.6507440653645047,6.277651588578719,WB hist + TIAM interp
KGZ,2017,7297999868.503009,1157.1827575806744,6306696.0,1.6363923266304607,6.4048947837945365,WB hist + TIAM interp
KGZ,2018,7572252145.25549,1175.0712778746956,6444079.0,1.6211091338982855,6.532137979010354,WB hist + TIAM interp
KGZ,2019,7920623120.268601,1201.8770142972055,6590211.0,1.6043312895646646,6.659381174226172,WB hist + TIAM interp
KGZ,2020,7354379549.419779,1093.3285646142238,6726596.0,1.5905828293841862,6.78662436944199,WB hist + TIAM interp
KGZ,2021,7759385792.10421,1132.5546781282017,6851224.0,1.5598114386590998,7.555521212509997,WB hist + TIAM interp
KGZ,2022,8455209116.531329,1212.1781272176834,6975220.0,1.5302781891076065,8.324418055578004,WB hist + TIAM interp
KGZ,2023,9217301873.9258,1298.2572448221135,7099750.0,1.5016636496268971,9.093314898646012,WB hist + TIAM interp
KGZ,2024,10050558458.413702,1391.6840432992824,7221868.0,1.4745279147514143,9.86221174171402,WB hist + TIAM interp
KGZ,2025,10050558458.413755,1391.68404329929,7221868.0,1.4727845245664102,10.631108584782028,SSP corrected + TIAM Scenario_1
KGZ,2026,,,,,11.36865758846334,SSP corrected + TIAM Scenario_1
KGZ,2027,,,,,12.10620659214465,SSP corrected + TIAM Scenario_1
KGZ,2028,,,,,12.843755595825964,SSP corrected + TIAM Scenario_1
KGZ,2029,,,,,13.581304599507272,SSP corrected + TIAM Scenario_1
KGZ,2030,12945596503.294966,1750.9414733820126,7393506.122332024,1.370849319959619,14.318853603188586,SSP corrected + TIAM Scenario_1
KGZ,2031,,,,,15.140987670864307,SSP corrected + TIAM Scenario_1
KGZ,2032,,,,,15.963121738540032,SSP corrected + TIAM Scenario_1
KGZ,2033,,,,,16.785255806215755,SSP corrected + TIAM Scenario_1
KGZ,2034,,,,,17.607389873891478,SSP corrected + TIAM Scenario_1
KGZ,2035,16563414387.92692,2197.4795073498403,7537460.227741733,0.9969001504883354,18.4295239415672,SSP corrected + TIAM Scenario_1
KGZ,2036,,,,,19.81444105487761,SSP corrected + TIAM Scenario_1
KGZ,2037,,,,,21.19935816818802,SSP corrected + TIAM Scenario_1
KGZ,2038,,,,,22.584275281498428,SSP corrected + TIAM Scenario_1
KGZ,2039,,,,,23.969192394808836,SSP corrected + TIAM Scenario_1
KGZ,2040,20816930203.90596,2724.3602137421726,7641034.4340302525,0.7220327378520297,25.354109508119247,SSP corrected + TIAM Scenario_1
KGZ,2041,,,,,25.21252981982985,SSP corrected + TIAM Scenario_1
KGZ,2042,,,,,25.07095013154045,SSP corrected + TIAM Scenario_1
KGZ,2043,,,,,24.929370443251052,SSP corrected + TIAM Scenario_1
KGZ,2044,,,,,24.78779075496165,SSP corrected + TIAM Scenario_1
KGZ,2045,25605128937.48376,3329.382129598939,7690654.884535042,0.6329902029421136,24.646211066672254,SSP corrected + TIAM Scenario_1
KGZ,2046,,,,,25.413577469286473,SSP corrected + TIAM Scenario_1
KGZ,2047,,,,,26.180943871900695,SSP corrected + TIAM Scenario_1
KGZ,2048,,,,,26.948310274514913,SSP corrected + TIAM Scenario_1
KGZ,2049,,,,,27.715676677129135,SSP corrected + TIAM Scenario_1
KGZ,2050,30748186447.806625,3997.362204326735,7692119.17161894,0.5434035803352626,28.483043079743354,SSP corrected + TIAM Scenario_1
KGZ,2051,,,,,28.64920050842412,SSP corrected + TIAM Scenario_1
KGZ,2052,,,,,28.815357937104885,SSP corrected + TIAM Scenario_1
KGZ,2053,,,,,28.981515365785647,SSP corrected + TIAM Scenario_1
KGZ,2054,,,,,29.147672794466413,SSP corrected + TIAM Scenario_1
KGZ,2055,36247844373.04267,4735.970553262592,7653730.943929046,0.4361498449918388,29.31383022314718,SSP corrected + TIAM Scenario_1
KGZ,2056,,,,,29.479987651827944,SSP corrected + TIAM Scenario_1
KGZ,2057,,,,,29.64614508050871,SSP corrected + TIAM Scenario_1
KGZ,2058,,,,,29.812302509189472,SSP corrected + TIAM Scenario_1
KGZ,2059,,,,,29.978459937870237,SSP corrected + TIAM Scenario_1
KGZ,2060,42246481633.43205,5569.900225170206,7584782.478242881,0.3291356131234594,30.144617366551003,SSP corrected + TIAM Scenario_1
KGZ,2061,,,,,30.377975575544003,SSP corrected + TIAM Scenario_1
KGZ,2062,,,,,30.611333784537,SSP corrected + TIAM Scenario_1
KGZ,2063,,,,,30.84469199353,SSP corrected + TIAM Scenario_1
KGZ,2064,,,,,31.078050202522995,SSP corrected + TIAM Scenario_1
KGZ,2065,48825519813.331985,6504.200710283739,7506767.086097812,0.2568537360612671,31.311408411515995,SSP corrected + TIAM Scenario_1
KGZ,2066,,,,,31.54476662050899,SSP corrected + TIAM Scenario_1
KGZ,2067,,,,,31.77812482950199,SSP corrected + TIAM Scenario_1
KGZ,2068,,,,,32.01148303849499,SSP corrected + TIAM Scenario_1
KGZ,2069,,,,,32.24484124748799,SSP corrected + TIAM Scenario_1
KGZ,2070,55765512503.56537,7516.999946766755,7418586.257613515,0.1833045091080279,32.478199456480986,SSP corrected + TIAM Scenario_1
KHM,2012,19357661918.8519,1295.2527147789322,14945085.0,6.114467998965798,26.006051140658496,WB hist + TIAM interp
KHM,2013,20878690156.7817,1376.295575959255,15170208.0,5.759818142993345,27.320531754469908,WB hist + TIAM interp
KHM,2014,22549052336.9265,1464.531158669265,15396772.0,5.415033395859978,28.635012368281323,WB hist + TIAM interp
KHM,2015,24174170369.073795,1547.320104443934,15623251.0,5.080276177186225,29.949492982092735,WB hist + TIAM interp
KHM,2016,26085259688.3373,1645.4667157812596,15852803.0,4.754163989961895,31.263973595904147,WB hist + TIAM interp
KHM,2017,28191654621.9478,1753.93530504662,16073372.0,4.439841276592052,32.57845420971556,WB hist + TIAM interp
KHM,2018,30665817313.849094,1884.2837481708584,16274522.0,4.138961239947814,33.89293482352697,WB hist + TIAM interp
KHM,2019,33099747942.811,2008.3209400670603,16481304.0,3.8441139762810645,35.20741543733839,WB hist + TIAM interp
KHM,2020,31922812945.0881,1908.634275183358,16725474.0,3.5486232767332067,36.5218960511498,WB hist + TIAM interp
KHM,2021,32909177695.673,1938.7643674172816,16974305.0,3.516454554522792,39.69262203560237,WB hist + TIAM interp
KHM,2022,34597385966.83139,2011.2743331326203,17201724.0,3.489553599593968,42.86334802005494,WB hist + TIAM interp
KHM,2023,36329791405.14209,2085.057484621226,17423880.0,3.4644007924603994,46.03407400450751,WB hist + TIAM interp
KHM,2024,38500536184.9646,2182.718439023412,17638801.0,3.4412922656164584,49.20479998896008,WB hist + TIAM interp
KHM,2025,38500536184.96457,2182.71843902341,17638801.0,3.460395932374361,52.37552597341265,SSP corrected + TIAM Scenario_1
KHM,2026,,,,,52.720441732023765,SSP corrected + TIAM Scenario_1
KHM,2027,,,,,53.06535749063488,SSP corrected + TIAM Scenario_1
KHM,2028,,,,,53.410273249246,SSP corrected + TIAM Scenario_1
KHM,2029,,,,,53.75518900785711,SSP corrected + TIAM Scenario_1
KHM,2030,49149282784.62259,2708.1295647570937,18148792.961843036,2.939513321749824,54.10010476646823,SSP corrected + TIAM Scenario_1
KHM,2031,,,,,57.89194334264819,SSP corrected + TIAM Scenario_1
KHM,2032,,,,,61.68378191882815,SSP corrected + TIAM Scenario_1
KHM,2033,,,,,65.47562049500812,SSP corrected + TIAM Scenario_1
KHM,2034,,,,,69.26745907118809,SSP corrected + TIAM Scenario_1
KHM,2035,60725434267.84197,3275.239532879341,18540761.265926953,1.8079669297060035,73.05929764736804,SSP corrected + TIAM Scenario_1
KHM,2036,,,,,70.90819101616198,SSP corrected + TIAM Scenario_1
KHM,2037,,,,,68.75708438495593,SSP corrected + TIAM Scenario_1
KHM,2038,,,,,66.60597775374987,SSP corrected + TIAM Scenario_1
KHM,2039,,,,,64.45487112254382,SSP corrected + TIAM Scenario_1
KHM,2040,74303022888.47284,3945.227286430193,18833648.22707219,1.6039716190848243,62.30376449133776,SSP corrected + TIAM Scenario_1
KHM,2041,,,,,63.43913668964179,SSP corrected + TIAM Scenario_1
KHM,2042,,,,,64.57450888794583,SSP corrected + TIAM Scenario_1
KHM,2043,,,,,65.70988108624987,SSP corrected + TIAM Scenario_1
KHM,2044,,,,,66.84525328455389,SSP corrected + TIAM Scenario_1
KHM,2045,90318225372.57376,4738.466950289282,19060642.67622672,1.2940649621375508,67.98062548285793,SSP corrected + TIAM Scenario_1
KHM,2046,,,,,67.75469893343056,SSP corrected + TIAM Scenario_1
KHM,2047,,,,,67.52877238400319,SSP corrected + TIAM Scenario_1
KHM,2048,,,,,67.3028458345758,SSP corrected + TIAM Scenario_1
KHM,2049,,,,,67.07691928514843,SSP corrected + TIAM Scenario_1
KHM,2050,108077076079.53423,5632.108914125275,19189450.652930018,0.9701705812065486,66.85099273572106,SSP corrected + TIAM Scenario_1
KHM,2051,,,,,66.73071980375094,SSP corrected + TIAM Scenario_1
KHM,2052,,,,,66.61044687178082,SSP corrected + TIAM Scenario_1
KHM,2053,,,,,66.4901739398107,SSP corrected + TIAM Scenario_1
KHM,2054,,,,,66.36990100784058,SSP corrected + TIAM Scenario_1
KHM,2055,128136970752.72813,6672.884318231099,19202636.31764797,0.6421435059797101,66.24962807587046,SSP corrected + TIAM Scenario_1
KHM,2056,,,,,66.12935514390034,SSP corrected + TIAM Scenario_1
KHM,2057,,,,,66.00908221193022,SSP corrected + TIAM Scenario_1
KHM,2058,,,,,65.8888092799601,SSP corrected + TIAM Scenario_1
KHM,2059,,,,,65.76853634798998,SSP corrected + TIAM Scenario_1
KHM,2060,150082906293.5752,7854.637345585359,19107553.88062928,0.3163490189749496,65.64826341601986,SSP corrected + TIAM Scenario_1
KHM,2061,,,,,66.08392014982849,SSP corrected + TIAM Scenario_1
KHM,2062,,,,,66.51957688363711,SSP corrected + TIAM Scenario_1
KHM,2063,,,,,66.95523361744574,SSP corrected + TIAM Scenario_1
KHM,2064,,,,,67.39089035125437,SSP corrected + TIAM Scenario_1
KHM,2065,174943391656.84763,9236.704731142225,18940022.09110498,0.19135864619010115,67.826547085063,SSP corrected + TIAM Scenario_1
KHM,2066,,,,,68.26220381887163,SSP corrected + TIAM Scenario_1
KHM,2067,,,,,68.69786055268025,SSP corrected + TIAM Scenario_1
KHM,2068,,,,,69.13351728648888,SSP corrected + TIAM Scenario_1
KHM,2069,,,,,69.56917402029751,SSP corrected + TIAM Scenario_1
KHM,2070,202924869710.46008,10831.852747761475,18734086.81191653,0.06426884103125803,70.00483075410614,SSP corrected + TIAM Scenario_1
KIR,2012,157815476.89625198,1405.5028044623632,112284.0,,,WB hist + TIAM interp
KIR,2013,170016068.140692,1493.491348589153,113838.0,,,WB hist + TIAM interp
KIR,2014,172164497.74454698,1492.8506819324955,115326.0,,,WB hist + TIAM interp
KIR,2015,191559398.688293,1639.8527474065231,116815.0,,,WB hist + TIAM interp
KIR,2016,205137185.569867,1731.4369382490167,118478.0,,,WB hist + TIAM interp
KIR,2017,212828045.375187,1769.5119133251883,120275.0,,,WB hist + TIAM interp
KIR,2018,220233266.96334398,1803.948649809508,122084.0,,,WB hist + TIAM interp
KIR,2019,227422251.871424,1835.2196308246705,123921.0,,,WB hist + TIAM interp
KIR,2020,224083567.264516,1777.044760581099,126099.0,,,WB hist + TIAM interp
KIR,2021,243085266.38138896,1893.526615993433,128377.0,,,WB hist + TIAM interp
KIR,2022,254185331.934612,1948.2431223862527,130469.0,,,WB hist + TIAM interp
KIR,2023,260926354.57991496,1968.8097380209383,132530.0,,,WB hist + TIAM interp
KIR,2024,274669078.171778,2041.876017869564,134518.0,,,WB hist + TIAM interp
KNA,2012,835799755.490721,17770.4963640576,47033.0,,,WB hist + TIAM interp
KNA,2013,883668355.018065,18773.892689839704,47069.0,,,WB hist + TIAM interp
KNA,2014,950623606.0363419,20187.80619754809,47089.0,,,WB hist + TIAM interp
KNA,2015,957222222.222222,20328.80035301085,47087.0,,,WB hist + TIAM interp
KNA,2016,994866931.1171038,21133.6575914414,47075.0,,,WB hist + TIAM interp
KNA,2017,997065001.528822,21191.604708370287,47050.0,,,WB hist + TIAM interp
KNA,2018,1017041453.06618,21635.497214648145,47008.0,,,WB hist + TIAM interp
KNA,2019,1046924638.7838101,22297.76449956999,46952.0,,,WB hist + TIAM interp
KNA,2020,886725390.821136,18918.826345661106,46870.0,,,WB hist + TIAM interp
KNA,2021,889985054.357552,19031.821191060284,46763.0,,,WB hist + TIAM interp
KNA,2022,983259885.9570268,21050.75865372898,46709.0,,,WB hist + TIAM interp
KNA,2023,1012966873.6456599,21664.033398469994,46758.0,,,WB hist + TIAM interp
KNA,2024,1016129628.26613,21692.240639287193,46843.0,,,WB hist + TIAM interp
KOR,2012,1402787524457.73,27944.056419004453,50199853.0,17.908950052104736,4.6111012157954665,WB hist + TIAM interp
KOR,2013,1448958816285.78,28732.71115203302,50428893.0,18.088849184137356,4.887096913141501,WB hist + TIAM interp
KOR,2014,1495538208413.16,29470.673299165566,50746659.0,18.23518312801637,5.163092610487535,WB hist + TIAM interp
KOR,2015,1539212301135.5503,30171.790654522298,51014947.0,18.397521808657373,5.43908830783357,WB hist + TIAM interp
KOR,2016,1588028842393.05,31005.40728763883,51217803.0,18.581870448445436,5.715084005179604,WB hist + TIAM interp
KOR,2017,1642548917819.5903,31979.902730246744,51361911.0,18.78622779436692,5.9910797025256395,WB hist + TIAM interp
KOR,2018,1694718171579.2502,32852.88874889411,51585058.0,18.960345842782612,6.267075399871674,WB hist + TIAM interp
KOR,2019,1733930596323.25,33496.3113815643,51764822.0,19.148998908950176,6.543071097217708,WB hist + TIAM interp
KOR,2020,1721788880530.99,33215.9298928109,51836239.0,19.376762654404768,6.819066794563743,WB hist + TIAM interp
KOR,2021,1801214449834.76,34792.939721459756,51769539.0,18.816513703164325,7.836786324315421,WB hist + TIAM interp
KOR,2022,1850343736945.76,35809.013810514436,51672569.0,18.265512984268305,8.8545058540671,WB hist + TIAM interp
KOR,2023,1879634949821.72,36347.70363925525,51712619.0,17.665508683673515,9.872225383818778,WB hist + TIAM interp
KOR,2024,1917295522781.86,37048.42640014964,51751065.0,17.066962003583885,10.889944913570456,WB hist + TIAM interp
KOR,2025,1917295522781.858,37048.4264001496,51751065.0,16.48153907557265,11.907664443322131,SSP corrected + TIAM Scenario_1
KOR,2026,,,,,13.157401115866,SSP corrected + TIAM Scenario_1
KOR,2027,,,,,14.40713778840987,SSP corrected + TIAM Scenario_1
KOR,2028,,,,,15.656874460953738,SSP corrected + TIAM Scenario_1
KOR,2029,,,,,16.906611133497606,SSP corrected + TIAM Scenario_1
KOR,2030,2173575618935.9492,41983.687273800504,51771908.56917294,11.843930752151438,18.15634780604147,SSP corrected + TIAM Scenario_1
KOR,2031,,,,,18.63218652414826,SSP corrected + TIAM Scenario_1
KOR,2032,,,,,19.10802524225505,SSP corrected + TIAM Scenario_1
KOR,2033,,,,,19.583863960361835,SSP corrected + TIAM Scenario_1
KOR,2034,,,,,20.059702678468625,SSP corrected + TIAM Scenario_1
KOR,2035,2402222191262.7593,46699.45279867768,51440050.092637904,7.58923250068671,20.53554139657541,SSP corrected + TIAM Scenario_1
KOR,2036,,,,,21.170354618936624,SSP corrected + TIAM Scenario_1
KOR,2037,,,,,21.80516784129783,SSP corrected + TIAM Scenario_1
KOR,2038,,,,,22.439981063659047,SSP corrected + TIAM Scenario_1
KOR,2039,,,,,23.074794286020257,SSP corrected + TIAM Scenario_1
KOR,2040,2602011072519.574,51324.10814761666,50697638.33081635,5.86237564086576,23.70960750838147,SSP corrected + TIAM Scenario_1
KOR,2041,,,,,24.222855123473433,SSP corrected + TIAM Scenario_1
KOR,2042,,,,,24.736102738565396,SSP corrected + TIAM Scenario_1
KOR,2043,,,,,25.249350353657356,SSP corrected + TIAM Scenario_1
KOR,2044,,,,,25.76259796874932,SSP corrected + TIAM Scenario_1
KOR,2045,2777462790904.337,56018.193246922776,49581441.848035865,4.813918093216064,26.27584558384128,SSP corrected + TIAM Scenario_1
KOR,2046,,,,,26.34684157068217,SSP corrected + TIAM Scenario_1
KOR,2047,,,,,26.417837557523058,SSP corrected + TIAM Scenario_1
KOR,2048,,,,,26.48883354436395,SSP corrected + TIAM Scenario_1
KOR,2049,,,,,26.559829531204837,SSP corrected + TIAM Scenario_1
KOR,2050,2925224564345.881,60756.522850391055,48146675.07469205,3.6229833052727307,26.630825518045725,SSP corrected + TIAM Scenario_1
KOR,2051,,,,,27.17682766210362,SSP corrected + TIAM Scenario_1
KOR,2052,,,,,27.722829806161517,SSP corrected + TIAM Scenario_1
KOR,2053,,,,,28.26883195021941,SSP corrected + TIAM Scenario_1
KOR,2054,,,,,28.81483409427731,SSP corrected + TIAM Scenario_1
KOR,2055,3057877446832.34,65769.4461558713,46493890.789125346,2.580857354877814,29.360836238335203,SSP corrected + TIAM Scenario_1
KOR,2056,,,,,29.906838382393097,SSP corrected + TIAM Scenario_1
KOR,2057,,,,,30.452840526450995,SSP corrected + TIAM Scenario_1
KOR,2058,,,,,30.99884267050889,SSP corrected + TIAM Scenario_1
KOR,2059,,,,,31.544844814566787,SSP corrected + TIAM Scenario_1
KOR,2060,3153810441229.792,70506.8176404646,44730574.24477754,1.4655210917095174,32.09084695862468,SSP corrected + TIAM Scenario_1
KOR,2061,,,,,32.250510573116365,SSP corrected + TIAM Scenario_1
KOR,2062,,,,,32.41017418760804,SSP corrected + TIAM Scenario_1
KOR,2063,,,,,32.56983780209973,SSP corrected + TIAM Scenario_1
KOR,2064,,,,,32.72950141659141,SSP corrected + TIAM Scenario_1
KOR,2065,3229575451276.642,75272.49825503849,42905118.418339,0.9422861768100708,32.88916503108309,SSP corrected + TIAM Scenario_1
KOR,2066,,,,,33.04882864557477,SSP corrected + TIAM Scenario_1
KOR,2067,,,,,33.20849226006646,SSP corrected + TIAM Scenario_1
KOR,2068,,,,,33.36815587455814,SSP corrected + TIAM Scenario_1
KOR,2069,,,,,33.52781948904982,SSP corrected + TIAM Scenario_1
KOR,2070,3305668729634.381,80495.48844068934,41066509.36182669,0.37266863529009836,33.6874831035415,SSP corrected + TIAM Scenario_1
KWT,2012,112054550468.936,33578.330965196525,3337109.0,28.91454734369805,5.320786333541271,WB hist + TIAM interp
KWT,2013,113342578898.914,32311.180000853517,3507844.0,27.70465084237338,6.013934125758187,WB hist + TIAM interp
KWT,2014,113910328503.346,31073.153730062335,3665876.0,26.699263774183304,6.707081917975103,WB hist + TIAM interp
KWT,2015,114585555688.511,29882.21264956968,3834574.0,25.705277129971034,7.400229710192019,WB hist + TIAM interp
KWT,2016,117938415952.58,29454.442638882785,4004096.0,24.78996118057987,8.093377502408934,WB hist + TIAM interp
KWT,2017,112380895138.2,27048.370693595763,4154812.0,24.057401745553992,8.78652529462585,WB hist + TIAM interp
KWT,2018,115463874454.86201,26706.019166086393,4323515.0,23.278878070084705,9.479673086842766,WB hist + TIAM interp
KWT,2019,118077765349.788,26580.226474160776,4442316.0,22.812239286245244,10.172820879059682,WB hist + TIAM interp
KWT,2020,112389586345.299,25541.537898790913,4400267.0,23.187632167559244,10.865968671276596,WB hist + TIAM interp
KWT,2021,114268886945.818,26203.261725785593,4360865.0,22.28972969093948,14.615636948329604,WB hist + TIAM interp
KWT,2022,121991940635.83298,26579.83216468753,4589643.0,20.126452428284335,18.36530522538261,WB hist + TIAM interp
KWT,2023,119958083706.278,24716.196765637014,4853420.0,18.03758193932064,22.114973502435618,WB hist + TIAM interp
KWT,2024,116887023610.314,23867.82650029496,4897263.0,16.889983317123654,25.864641779488625,WB hist + TIAM interp
KWT,2025,116887023610.3142,23867.826500295,4897263.0,15.903867079059532,29.61431005654163,SSP corrected + TIAM Scenario_1
KWT,2026,,,,,29.999789297855635,SSP corrected + TIAM Scenario_1
KWT,2027,,,,,30.38526853916964,SSP corrected + TIAM Scenario_1
KWT,2028,,,,,30.77074778048364,SSP corrected + TIAM Scenario_1
KWT,2029,,,,,31.156227021797648,SSP corrected + TIAM Scenario_1
KWT,2030,140798905013.03006,26122.90820439996,5389863.330351361,12.903551489666238,31.541706263111653,SSP corrected + TIAM Scenario_1
KWT,2031,,,,,32.73054287229533,SSP corrected + TIAM Scenario_1
KWT,2032,,,,,33.91937948147901,SSP corrected + TIAM Scenario_1
KWT,2033,,,,,35.108216090662694,SSP corrected + TIAM Scenario_1
KWT,2034,,,,,36.297052699846375,SSP corrected + TIAM Scenario_1
KWT,2035,165965440306.00867,28232.746369549895,5878473.108270076,9.628747700648175,37.48588930903006,SSP corrected + TIAM Scenario_1
KWT,2036,,,,,37.34916053233583,SSP corrected + TIAM Scenario_1
KWT,2037,,,,,37.2124317556416,SSP corrected + TIAM Scenario_1
KWT,2038,,,,,37.07570297894738,SSP corrected + TIAM Scenario_1
KWT,2039,,,,,36.93897420225315,SSP corrected + TIAM Scenario_1
KWT,2040,193239715779.97546,30442.307368822505,6347735.519479116,6.569236324725529,36.80224542555893,SSP corrected + TIAM Scenario_1
KWT,2041,,,,,37.63671770140919,SSP corrected + TIAM Scenario_1
KWT,2042,,,,,38.471189977259456,SSP corrected + TIAM Scenario_1
KWT,2043,,,,,39.30566225310971,SSP corrected + TIAM Scenario_1
KWT,2044,,,,,40.14013452895998,SSP corrected + TIAM Scenario_1
KWT,2045,217408698389.71268,32086.451134427243,6775716.562697189,5.693643849206893,40.97460680481024,SSP corrected + TIAM Scenario_1
KWT,2046,,,,,42.679716748621615,SSP corrected + TIAM Scenario_1
KWT,2047,,,,,44.38482669243299,SSP corrected + TIAM Scenario_1
KWT,2048,,,,,46.08993663624437,SSP corrected + TIAM Scenario_1
KWT,2049,,,,,47.79504658005574,SSP corrected + TIAM Scenario_1
KWT,2050,239549764621.78406,33493.81712068203,7152059.251970565,3.8673361493279264,49.50015652386711,SSP corrected + TIAM Scenario_1
KWT,2051,,,,,50.5759059964259,SSP corrected + TIAM Scenario_1
KWT,2052,,,,,51.651655468984686,SSP corrected + TIAM Scenario_1
KWT,2053,,,,,52.72740494154347,SSP corrected + TIAM Scenario_1
KWT,2054,,,,,53.803154414102266,SSP corrected + TIAM Scenario_1
KWT,2055,259519427516.84338,34705.754658399484,7477705.93295641,2.4943164702209217,54.87890388666105,SSP corrected + TIAM Scenario_1
KWT,2056,,,,,55.95465335921984,SSP corrected + TIAM Scenario_1
KWT,2057,,,,,57.03040283177863,SSP corrected + TIAM Scenario_1
KWT,2058,,,,,58.106152304337414,SSP corrected + TIAM Scenario_1
KWT,2059,,,,,59.18190177689621,SSP corrected + TIAM Scenario_1
KWT,2060,278496924611.0931,35891.727665201564,7759362.469505941,1.2429001592210462,60.257651249454995,SSP corrected + TIAM Scenario_1
KWT,2061,,,,,60.68564254738791,SSP corrected + TIAM Scenario_1
KWT,2062,,,,,61.11363384532082,SSP corrected + TIAM Scenario_1
KWT,2063,,,,,61.54162514325374,SSP corrected + TIAM Scenario_1
KWT,2064,,,,,61.96961644118665,SSP corrected + TIAM Scenario_1
KWT,2065,295629659330.39404,37047.83095261882,7979675.239516194,0.7860463039582846,62.397607739119564,SSP corrected + TIAM Scenario_1
KWT,2066,,,,,62.82559903705248,SSP corrected + TIAM Scenario_1
KWT,2067,,,,,63.25359033498539,SSP corrected + TIAM Scenario_1
KWT,2068,,,,,63.68158163291831,SSP corrected + TIAM Scenario_1
KWT,2069,,,,,64.10957293085121,SSP corrected + TIAM Scenario_1
KWT,2070,310519002374.71655,38163.43388928665,8136558.237278704,0.3564990901835768,64.53756422878413,SSP corrected + TIAM Scenario_1
LAO,2012,11568812077.4386,1774.635852036715,6518978.0,18.098484839228597,26.006051140658496,WB hist + TIAM interp
LAO,2013,12497359667.470201,1890.2786129487545,6611385.0,17.063673268886312,27.320531754469908,WB hist + TIAM interp
LAO,2014,13448654116.2974,2006.311954444463,6703172.0,16.058875184668857,28.635012368281323,WB hist + TIAM interp
LAO,2015,14426380125.6488,2121.0133909736246,6801645.0,15.0663981263236,29.949492982092735,WB hist + TIAM interp
LAO,2016,15439521179.3987,2234.76098741847,6908802.0,14.084522972068017,31.263973595904147,WB hist + TIAM interp
LAO,2017,16503694943.2856,2351.574417475952,7018147.0,13.128546534152198,32.57845420971556,WB hist + TIAM interp
LAO,2018,17534839203.1116,2459.9787463619546,7128045.0,12.2009553064791,33.89293482352697,WB hist + TIAM interp
LAO,2019,18491844275.7106,2554.9563801924555,7237636.0,11.30201179806818,35.20741543733839,WB hist + TIAM interp
LAO,2020,18584864138.19,2529.746226987614,7346533.0,10.430870787169157,36.5218960511498,WB hist + TIAM interp
LAO,2021,19054754737.3799,2556.5891264040492,7453194.0,10.339969383016046,39.69262203560237,WB hist + TIAM interp
LAO,2022,19570648221.6862,2589.0501519162767,7559007.0,10.252783080460647,42.86334802005494,WB hist + TIAM interp
LAO,2023,20303702352.295,2648.887266080347,7664993.0,10.167774502036506,46.03407400450751,WB hist + TIAM interp
LAO,2024,21142284373.3842,2721.0781066308236,7769819.0,10.086590394537247,49.20479998896008,WB hist + TIAM interp
LAO,2025,21142284373.38417,2721.07810663082,7769819.0,10.142584145357532,52.37552597341265,SSP corrected + TIAM Scenario_1
LAO,2026,,,,,52.720441732023765,SSP corrected + TIAM Scenario_1
LAO,2027,,,,,53.06535749063488,SSP corrected + TIAM Scenario_1
LAO,2028,,,,,53.410273249246,SSP corrected + TIAM Scenario_1
LAO,2029,,,,,53.75518900785711,SSP corrected + TIAM Scenario_1
LAO,2030,27371195874.795464,3368.1875947383,8126386.997432706,8.475988257262353,54.10010476646823,SSP corrected + TIAM Scenario_1
LAO,2031,,,,,57.89194334264819,SSP corrected + TIAM Scenario_1
LAO,2032,,,,,61.68378191882815,SSP corrected + TIAM Scenario_1
LAO,2033,,,,,65.47562049500812,SSP corrected + TIAM Scenario_1
LAO,2034,,,,,69.26745907118809,SSP corrected + TIAM Scenario_1
LAO,2035,34184323615.90876,4062.366875482785,8414878.484318623,5.143217177740145,73.05929764736804,SSP corrected + TIAM Scenario_1
LAO,2036,,,,,70.90819101616198,SSP corrected + TIAM Scenario_1
LAO,2037,,,,,68.75708438495593,SSP corrected + TIAM Scenario_1
LAO,2038,,,,,66.60597775374987,SSP corrected + TIAM Scenario_1
LAO,2039,,,,,64.45487112254382,SSP corrected + TIAM Scenario_1
LAO,2040,42066638695.88122,4863.867270686382,8648804.820273155,4.509617483171079,62.30376449133776,SSP corrected + TIAM Scenario_1
LAO,2041,,,,,63.43913668964179,SSP corrected + TIAM Scenario_1
LAO,2042,,,,,64.57450888794583,SSP corrected + TIAM Scenario_1
LAO,2043,,,,,65.70988108624987,SSP corrected + TIAM Scenario_1
LAO,2044,,,,,66.84525328455389,SSP corrected + TIAM Scenario_1
LAO,2045,51030930436.94811,5773.79055146657,8838375.757150736,3.6031788939525344,67.98062548285793,SSP corrected + TIAM Scenario_1
LAO,2046,,,,,67.75469893343056,SSP corrected + TIAM Scenario_1
LAO,2047,,,,,67.52877238400319,SSP corrected + TIAM Scenario_1
LAO,2048,,,,,67.3028458345758,SSP corrected + TIAM Scenario_1
LAO,2049,,,,,67.07691928514843,SSP corrected + TIAM Scenario_1
LAO,2050,60989719875.02084,6784.224238181583,8989932.781374026,2.6737381130315256,66.85099273572106,SSP corrected + TIAM Scenario_1
LAO,2051,,,,,66.73071980375094,SSP corrected + TIAM Scenario_1
LAO,2052,,,,,66.61044687178082,SSP corrected + TIAM Scenario_1
LAO,2053,,,,,66.4901739398107,SSP corrected + TIAM Scenario_1
LAO,2054,,,,,66.36990100784058,SSP corrected + TIAM Scenario_1
LAO,2055,71728146396.54874,7889.552731515181,9091535.2032603,1.7511380907069969,66.24962807587046,SSP corrected + TIAM Scenario_1
LAO,2056,,,,,66.12935514390034,SSP corrected + TIAM Scenario_1
LAO,2057,,,,,66.00908221193022,SSP corrected + TIAM Scenario_1
LAO,2058,,,,,65.8888092799601,SSP corrected + TIAM Scenario_1
LAO,2059,,,,,65.76853634798998,SSP corrected + TIAM Scenario_1
LAO,2060,83164358339.22699,9110.14299201002,9128765.422470937,0.8549174967847625,65.64826341601986,SSP corrected + TIAM Scenario_1
LAO,2061,,,,,66.08392014982849,SSP corrected + TIAM Scenario_1
LAO,2062,,,,,66.51957688363711,SSP corrected + TIAM Scenario_1
LAO,2063,,,,,66.95523361744574,SSP corrected + TIAM Scenario_1
LAO,2064,,,,,67.39089035125437,SSP corrected + TIAM Scenario_1
LAO,2065,95692266827.89821,10498.458263304905,9114887.579481063,0.5133835188122327,67.826547085063,SSP corrected + TIAM Scenario_1
LAO,2066,,,,,68.26220381887163,SSP corrected + TIAM Scenario_1
LAO,2067,,,,,68.69786055268025,SSP corrected + TIAM Scenario_1
LAO,2068,,,,,69.13351728648888,SSP corrected + TIAM Scenario_1
LAO,2069,,,,,69.56917402029751,SSP corrected + TIAM Scenario_1
LAO,2070,109558449995.25641,12093.337153355253,9059405.903097626,0.17159235949656795,70.00483075410614,SSP corrected + TIAM Scenario_1
LBN,2012,46707037069.304596,8920.805698467304,5235742.0,3.501453254623271,5.320786333541271,WB hist + TIAM interp
LBN,2013,48494923363.2625,8443.538565287834,5743436.0,3.214851722849713,6.013934125758187,WB hist + TIAM interp
LBN,2014,49699566407.4833,7830.415111333608,6346990.0,2.9298745347143087,6.707081917975103,WB hist + TIAM interp
LBN,2015,49929337836.8159,7714.109999880401,6472469.0,2.8934049165002835,7.400229710192019,WB hist + TIAM interp
LBN,2016,50705514062.8608,8019.14169134261,6323060.0,2.9825848370733445,8.093377502408934,WB hist + TIAM interp
LBN,2017,51163399287.7034,8305.574054257217,6160128.0,3.0828340147013646,8.78652529462585,WB hist + TIAM interp
LBN,2018,50199119756.20079,8388.723512383493,5984119.0,3.1954981822259216,9.479673086842766,WB hist + TIAM interp
LBN,2019,46727888410.6848,8064.048734162358,5794594.0,3.322722979406824,10.172820879059682,WB hist + TIAM interp
LBN,2020,36728167162.8739,6440.828430929217,5702398.0,3.399520674204468,10.865968671276596,WB hist + TIAM interp
LBN,2021,34156740537.1604,5973.41933892988,5718122.0,3.229712077635137,14.615636948329604,WB hist + TIAM interp
LBN,2022,33944395264.1769,5909.036515550278,5744489.0,3.0551639103217307,18.36530522538261,WB hist + TIAM interp
LBN,2023,33686219465.2748,5834.634157393938,5773493.0,2.8808943333419035,22.114973502435618,WB hist + TIAM interp
LBN,2024,,,,,25.864641779488625,WB hist + TIAM interp
LBN,2025,,,5805962.0,2.5487178265698445,29.61431005654163,SSP corrected + TIAM Scenario_1
LBN,2026,,,,,29.999789297855635,SSP corrected + TIAM Scenario_1
LBN,2027,,,,,30.38526853916964,SSP corrected + TIAM Scenario_1
LBN,2028,,,,,30.77074778048364,SSP corrected + TIAM Scenario_1
LBN,2029,,,,,31.156227021797648,SSP corrected + TIAM Scenario_1
LBN,2030,,,5952275.115636882,2.219953085019927,31.541706263111653,SSP corrected + TIAM Scenario_1
LBN,2031,,,,,32.73054287229533,SSP corrected + TIAM Scenario_1
LBN,2032,,,,,33.91937948147901,SSP corrected + TIAM Scenario_1
LBN,2033,,,,,35.108216090662694,SSP corrected + TIAM Scenario_1
LBN,2034,,,,,36.297052699846375,SSP corrected + TIAM Scenario_1
LBN,2035,,,6058583.406995589,1.7750191072335846,37.48588930903006,SSP corrected + TIAM Scenario_1
LBN,2036,,,,,37.34916053233583,SSP corrected + TIAM Scenario_1
LBN,2037,,,,,37.2124317556416,SSP corrected + TIAM Scenario_1
LBN,2038,,,,,37.07570297894738,SSP corrected + TIAM Scenario_1
LBN,2039,,,,,36.93897420225315,SSP corrected + TIAM Scenario_1
LBN,2040,,,6127776.9785048645,1.292916681671771,36.80224542555893,SSP corrected + TIAM Scenario_1
LBN,2041,,,,,37.63671770140919,SSP corrected + TIAM Scenario_1
LBN,2042,,,,,38.471189977259456,SSP corrected + TIAM Scenario_1
LBN,2043,,,,,39.30566225310971,SSP corrected + TIAM Scenario_1
LBN,2044,,,,,40.14013452895998,SSP corrected + TIAM Scenario_1
LBN,2045,,,6162551.961389678,1.189391182164121,40.97460680481024,SSP corrected + TIAM Scenario_1
LBN,2046,,,,,42.679716748621615,SSP corrected + TIAM Scenario_1
LBN,2047,,,,,44.38482669243299,SSP corrected + TIAM Scenario_1
LBN,2048,,,,,46.08993663624437,SSP corrected + TIAM Scenario_1
LBN,2049,,,,,47.79504658005574,SSP corrected + TIAM Scenario_1
LBN,2050,,,6166605.197565694,0.852190448576245,49.50015652386711,SSP corrected + TIAM Scenario_1
LBN,2051,,,,,50.5759059964259,SSP corrected + TIAM Scenario_1
LBN,2052,,,,,51.651655468984686,SSP corrected + TIAM Scenario_1
LBN,2053,,,,,52.72740494154347,SSP corrected + TIAM Scenario_1
LBN,2054,,,,,53.803154414102266,SSP corrected + TIAM Scenario_1
LBN,2055,,,6144919.424462015,0.5766914658052659,54.87890388666105,SSP corrected + TIAM Scenario_1
LBN,2056,,,,,55.95465335921984,SSP corrected + TIAM Scenario_1
LBN,2057,,,,,57.03040283177863,SSP corrected + TIAM Scenario_1
LBN,2058,,,,,58.106152304337414,SSP corrected + TIAM Scenario_1
LBN,2059,,,,,59.18190177689621,SSP corrected + TIAM Scenario_1
LBN,2060,,,6096287.4469018355,0.30056376881007857,60.257651249454995,SSP corrected + TIAM Scenario_1
LBN,2061,,,,,60.68564254738791,SSP corrected + TIAM Scenario_1
LBN,2062,,,,,61.11363384532082,SSP corrected + TIAM Scenario_1
LBN,2063,,,,,61.54162514325374,SSP corrected + TIAM Scenario_1
LBN,2064,,,,,61.96961644118665,SSP corrected + TIAM Scenario_1
LBN,2065,,,6016451.875708371,0.19807637520956256,62.397607739119564,SSP corrected + TIAM Scenario_1
LBN,2066,,,,,62.82559903705248,SSP corrected + TIAM Scenario_1
LBN,2067,,,,,63.25359033498539,SSP corrected + TIAM Scenario_1
LBN,2068,,,,,63.68158163291831,SSP corrected + TIAM Scenario_1
LBN,2069,,,,,64.10957293085121,SSP corrected + TIAM Scenario_1
LBN,2070,,,5910031.63108168,0.09325006394846012,64.53756422878413,SSP corrected + TIAM Scenario_1
LBR,2012,2949005327.42991,674.3600114222317,4373043.0,0.11285162118746705,77.26144526337592,WB hist + TIAM interp
LBR,2013,3205193907.94462,717.0072803589741,4470239.0,0.12200268407436454,74.83188674185922,WB hist + TIAM interp
LBR,2014,3227674916.86578,707.1576949301414,4564293.0,0.1308542902121538,72.40232822034253,WB hist + TIAM interp
LBR,2015,3227075700.0,692.590082351257,4659431.0,0.13931604206966494,69.97276969882581,WB hist + TIAM interp
LBR,2016,3176896008.3099995,668.0315131756023,4755608.0,0.14740694556786424,67.54321117730912,WB hist + TIAM interp
LBR,2017,3254893758.7341504,671.2608998353553,4848925.0,0.15526860365534598,65.11365265579242,WB hist + TIAM interp
LBR,2018,3292571599.13518,665.8754396371367,4944726.0,0.16275158185931785,62.68409413427572,WB hist + TIAM interp
LBR,2019,3211334057.9282794,636.6993848248702,5043721.0,0.1698424918313872,60.254535612759014,WB hist + TIAM interp
LBR,2020,3115556299.79146,605.025475431411,5149463.0,0.17642894164375875,57.82497709124232,WB hist + TIAM interp
LBR,2021,3270920145.66908,621.9279830634247,5259323.0,0.17815599620374672,57.25057203133363,WB hist + TIAM interp
LBR,2022,3428189426.39464,638.0051838582888,5373294.0,0.17967480463954905,56.67616697142495,WB hist + TIAM interp
LBR,2023,3588757484.77383,653.3291883431624,5493031.0,0.18094038992669875,56.101761911516256,WB hist + TIAM interp
LBR,2024,3733092094.5398,665.1013376241913,5612817.0,0.1821503876427874,55.52735685160757,WB hist + TIAM interp
LBR,2025,3733092094.5398045,665.101337624192,5612817.0,0.18722192681796146,54.95295179169889,SSP corrected + TIAM Scenario_1
LBR,2026,,,,,54.3463374971889,SSP corrected + TIAM Scenario_1
LBR,2027,,,,,53.73972320267891,SSP corrected + TIAM Scenario_1
LBR,2028,,,,,53.133108908168914,SSP corrected + TIAM Scenario_1
LBR,2029,,,,,52.526494613658926,SSP corrected + TIAM Scenario_1
LBR,2030,5671797126.605486,888.6009101589167,6382839.654745735,0.19162117111669627,51.91988031914894,SSP corrected + TIAM Scenario_1
LBR,2031,,,,,50.93880472298413,SSP corrected + TIAM Scenario_1
LBR,2032,,,,,49.95772912681932,SSP corrected + TIAM Scenario_1
LBR,2033,,,,,48.97665353065453,SSP corrected + TIAM Scenario_1
LBR,2034,,,,,47.99557793448972,SSP corrected + TIAM Scenario_1
LBR,2035,8333605831.48485,1165.641259198732,7149374.4457994,0.21281208745371546,47.01450233832491,SSP corrected + TIAM Scenario_1
LBR,2036,,,,,46.43217624604892,SSP corrected + TIAM Scenario_1
LBR,2037,,,,,45.84985015377293,SSP corrected + TIAM Scenario_1
LBR,2038,,,,,45.267524061496935,SSP corrected + TIAM Scenario_1
LBR,2039,,,,,44.685197969220944,SSP corrected + TIAM Scenario_1
LBR,2040,12034402995.766392,1522.5234674536232,7904247.949552847,0.22658736348782618,44.10287187694495,SSP corrected + TIAM Scenario_1
LBR,2041,,,,,44.195978736700184,SSP corrected + TIAM Scenario_1
LBR,2042,,,,,44.289085596455415,SSP corrected + TIAM Scenario_1
LBR,2043,,,,,44.382192456210646,SSP corrected + TIAM Scenario_1
LBR,2044,,,,,44.47529931596588,SSP corrected + TIAM Scenario_1
LBR,2045,17165260040.546139,1986.7435487242024,8639897.208458988,0.24948244612355383,44.56840617572111,SSP corrected + TIAM Scenario_1
LBR,2046,,,,,45.1948165271801,SSP corrected + TIAM Scenario_1
LBR,2047,,,,,45.821226878639095,SSP corrected + TIAM Scenario_1
LBR,2048,,,,,46.44763723009808,SSP corrected + TIAM Scenario_1
LBR,2049,,,,,47.074047581557075,SSP corrected + TIAM Scenario_1
LBR,2050,24130368202.337547,2584.966094394691,9334887.70110466,0.2698848649709766,47.70045793301607,SSP corrected + TIAM Scenario_1
LBR,2051,,,,,49.03421089844681,SSP corrected + TIAM Scenario_1
LBR,2052,,,,,50.36796386387755,SSP corrected + TIAM Scenario_1
LBR,2053,,,,,51.70171682930829,SSP corrected + TIAM Scenario_1
LBR,2054,,,,,53.03546979473903,SSP corrected + TIAM Scenario_1
LBR,2055,33390939453.891342,3348.26874148203,9972598.387999063,0.18712721941983484,54.36922276016977,SSP corrected + TIAM Scenario_1
LBR,2056,,,,,55.70297572560052,SSP corrected + TIAM Scenario_1
LBR,2057,,,,,57.03672869103126,SSP corrected + TIAM Scenario_1
LBR,2058,,,,,58.370481656462,SSP corrected + TIAM Scenario_1
LBR,2059,,,,,59.70423462189274,SSP corrected + TIAM Scenario_1
LBR,2060,45507593600.1592,4309.908056664589,10558831.650663389,0.11487485991557748,61.03798758732348,SSP corrected + TIAM Scenario_1
LBR,2061,,,,,60.93244868938,SSP corrected + TIAM Scenario_1
LBR,2062,,,,,60.826909791436506,SSP corrected + TIAM Scenario_1
LBR,2063,,,,,60.721370893493024,SSP corrected + TIAM Scenario_1
LBR,2064,,,,,60.61583199554954,SSP corrected + TIAM Scenario_1
LBR,2065,60922872107.336365,5498.9958650087265,11078908.514007345,0.07147502333884997,60.51029309760605,SSP corrected + TIAM Scenario_1
LBR,2066,,,,,60.40475419966257,SSP corrected + TIAM Scenario_1
LBR,2067,,,,,60.29921530171909,SSP corrected + TIAM Scenario_1
LBR,2068,,,,,60.193676403775605,SSP corrected + TIAM Scenario_1
LBR,2069,,,,,60.088137505832115,SSP corrected + TIAM Scenario_1
LBR,2070,80006148240.25136,6944.138455764594,11521393.006476592,0.032182409042445,59.98259860788863,SSP corrected + TIAM Scenario_1
LBY,2012,77854953189.632,12599.258882136051,6179328.0,5.860388055141272,3.253616048920157,WB hist + TIAM interp
LBY,2013,63842648630.664,10126.31492780605,6304628.0,5.65172758805119,4.112346141570569,WB hist + TIAM interp
LBY,2014,49131511071.10641,7644.24843947404,6427252.0,5.453469072007757,4.971076234220981,WB hist + TIAM interp
LBY,2015,48717501321.3052,7458.489177563738,6531819.0,5.2771823591560025,5.8298063268713936,WB hist + TIAM interp
LBY,2016,47991152062.80309,7236.16409923501,6632126.0,5.109731027426198,6.688536419521806,WB hist + TIAM interp
LBY,2017,63584342257.9606,9435.60060040046,6738770.0,4.942617124490078,7.547266512172218,WB hist + TIAM interp
LBY,2018,68633808773.51881,10020.916575136103,6849055.0,4.778168667064288,8.405996604822631,WB hist + TIAM interp
LBY,2019,60949510655.8708,8768.410487458597,6951033.0,4.624452221705752,9.264726697473042,WB hist + TIAM interp
LBY,2020,42996651437.74801,6102.798640325127,7045399.0,4.480015965029092,10.123456790123456,WB hist + TIAM interp
LBY,2021,55164567212.7209,7731.354481525807,7135175.0,3.9968381994835447,15.709565228329025,WB hist + TIAM interp
LBY,2022,50586008471.7998,7002.681892963583,7223805.0,3.526227521368586,21.295673666534594,WB hist + TIAM interp
LBY,2023,55745806520.295,7630.496649281741,7305659.0,3.069869535383461,26.88178210474016,WB hist + TIAM interp
LBY,2024,56804949261.2974,7696.080781931909,7381023.0,2.625931391895135,32.46789054294573,WB hist + TIAM interp
LBY,2025,56804949261.29734,7696.0807819319,7381023.0,2.2133381781902046,38.0539989811513,SSP corrected + TIAM Scenario_1
LBY,2026,,,,,43.131870014537455,SSP corrected + TIAM Scenario_1
LBY,2027,,,,,48.2097410479236,SSP corrected + TIAM Scenario_1
LBY,2028,,,,,53.28761208130975,SSP corrected + TIAM Scenario_1
LBY,2029,,,,,58.365483114695905,SSP corrected + TIAM Scenario_1
LBY,2030,67572066952.228386,8715.771508053262,7752849.7494218,2.149570872470846,63.44335414808206,SSP corrected + TIAM Scenario_1
LBY,2031,,,,,66.01410573647837,SSP corrected + TIAM Scenario_1
LBY,2032,,,,,68.58485732487469,SSP corrected + TIAM Scenario_1
LBY,2033,,,,,71.15560891327101,SSP corrected + TIAM Scenario_1
LBY,2034,,,,,73.72636050166732,SSP corrected + TIAM Scenario_1
LBY,2035,78579779302.9021,9690.463654059282,8108980.344814097,1.806454002489733,76.29711209006364,SSP corrected + TIAM Scenario_1
LBY,2036,,,,,76.82926343099939,SSP corrected + TIAM Scenario_1
LBY,2037,,,,,77.36141477193515,SSP corrected + TIAM Scenario_1
LBY,2038,,,,,77.8935661128709,SSP corrected + TIAM Scenario_1
LBY,2039,,,,,78.42571745380666,SSP corrected + TIAM Scenario_1
LBY,2040,89595887857.10463,10592.248667583928,8458627.687933736,1.3565084577925082,78.95786879474241,SSP corrected + TIAM Scenario_1
LBY,2041,,,,,78.67357154307044,SSP corrected + TIAM Scenario_1
LBY,2042,,,,,78.38927429139846,SSP corrected + TIAM Scenario_1
LBY,2043,,,,,78.10497703972649,SSP corrected + TIAM Scenario_1
LBY,2044,,,,,77.82067978805452,SSP corrected + TIAM Scenario_1
LBY,2045,99765717000.44412,11355.560577145372,8785626.770486025,0.9737040080894257,77.53638253638255,SSP corrected + TIAM Scenario_1
LBY,2046,,,,,74.17738469541126,SSP corrected + TIAM Scenario_1
LBY,2047,,,,,70.81838685443999,SSP corrected + TIAM Scenario_1
LBY,2048,,,,,67.45938901346871,SSP corrected + TIAM Scenario_1
LBY,2049,,,,,64.10039117249744,SSP corrected + TIAM Scenario_1
LBY,2050,109344337605.64351,12071.47753430277,9058074.067149317,0.7013080212093261,60.741393331526154,SSP corrected + TIAM Scenario_1
LBY,2051,,,,,64.62805499506138,SSP corrected + TIAM Scenario_1
LBY,2052,,,,,68.5147166585966,SSP corrected + TIAM Scenario_1
LBY,2053,,,,,72.40137832213182,SSP corrected + TIAM Scenario_1
LBY,2054,,,,,76.28803998566704,SSP corrected + TIAM Scenario_1
LBY,2055,119544566796.24277,12922.455160344514,9250917.516285326,0.4743421387419338,80.17470164920226,SSP corrected + TIAM Scenario_1
LBY,2056,,,,,84.06136331273747,SSP corrected + TIAM Scenario_1
LBY,2057,,,,,87.94802497627269,SSP corrected + TIAM Scenario_1
LBY,2058,,,,,91.83468663980791,SSP corrected + TIAM Scenario_1
LBY,2059,,,,,95.72134830334312,SSP corrected + TIAM Scenario_1
LBY,2060,130919106383.85226,13973.438123495398,9369140.595664898,0.25868968186062297,99.60800996687836,SSP corrected + TIAM Scenario_1
LBY,2061,,,,,99.6297175166179,SSP corrected + TIAM Scenario_1
LBY,2062,,,,,99.65142506635743,SSP corrected + TIAM Scenario_1
LBY,2063,,,,,99.673132616097,SSP corrected + TIAM Scenario_1
LBY,2064,,,,,99.69484016583654,SSP corrected + TIAM Scenario_1
LBY,2065,143525861220.3957,15206.70090082229,9438329.993893327,0.15370303866665122,99.71654771557608,SSP corrected + TIAM Scenario_1
LBY,2066,,,,,99.73825526531564,SSP corrected + TIAM Scenario_1
LBY,2067,,,,,99.75996281505518,SSP corrected + TIAM Scenario_1
LBY,2068,,,,,99.78167036479472,SSP corrected + TIAM Scenario_1
LBY,2069,,,,,99.80337791453428,SSP corrected + TIAM Scenario_1
LBY,2070,156731352225.8295,16553.704454700823,9468053.06659452,0.05045387859996645,99.8250854642738,SSP corrected + TIAM Scenario_1
LCA,2012,1815145417.37838,10517.277763553338,172587.0,,,WB hist + TIAM interp
LCA,2013,1782131987.4838595,10279.4155096001,173369.0,,,WB hist + TIAM interp
LCA,2014,1805800308.13675,10369.938256651334,174138.0,,,WB hist + TIAM interp
LCA,2015,1807640740.7407398,10334.986082391812,174905.0,,,WB hist + TIAM interp
LCA,2016,1869604354.1788197,10644.16129134065,175646.0,,,WB hist + TIAM interp
LCA,2017,1932793731.46772,10960.48435124769,176342.0,,,WB hist + TIAM interp
LCA,2018,1988589215.44077,11233.888357845686,177017.0,,,WB hist + TIAM interp
LCA,2019,1974662679.7946403,11114.778594033807,177661.0,,,WB hist + TIAM interp
LCA,2020,1493605760.01109,8379.274950973857,178250.0,,,WB hist + TIAM interp
LCA,2021,1666845859.7076094,9336.921274171304,178522.0,,,WB hist + TIAM interp
LCA,2022,2006689780.7596405,11224.28994557386,178781.0,,,WB hist + TIAM interp
LCA,2023,2051035272.37698,11440.082953827594,179285.0,,,WB hist + TIAM interp
LCA,2024,2130856442.55709,11854.951723323671,179744.0,,,WB hist + TIAM interp
LCA,2025,2130856442.5570953,11854.9517233237,179744.0,,,SSP corrected + TIAM Scenario_1
LCA,2030,2474095949.5622897,13392.58460595383,184736.25684338788,,,SSP corrected + TIAM Scenario_1
LCA,2035,2859973904.642665,15152.443217267455,188746.71652842688,,,SSP corrected + TIAM Scenario_1
LCA,2040,3304479725.8264112,17226.356490563932,191826.9674516781,,,SSP corrected + TIAM Scenario_1
LCA,2045,3807613413.1135263,19645.96927037747,193811.43076787313,,,SSP corrected + TIAM Scenario_1
LCA,2050,4360847276.888975,22403.24550155348,194652.47910560932,,,SSP corrected + TIAM Scenario_1
LCA,2055,4967379200.758404,25531.632338209907,194557.83848666688,,,SSP corrected + TIAM Scenario_1
LCA,2060,5631473029.529329,29087.44501716482,193604.9393890091,,,SSP corrected + TIAM Scenario_1
LCA,2065,6354194724.403613,33132.972582740505,191778.58879204863,,,SSP corrected + TIAM Scenario_1
LCA,2070,7129148518.170005,37686.134577402205,189171.6568471012,,,SSP corrected + TIAM Scenario_1
LKA,2012,73771125924.02751,3484.790490338841,21169458.0,5.636725299374688,26.006051140658496,WB hist + TIAM interp
LKA,2013,76760144811.4596,3728.935866478484,20585000.0,5.542797075625457,27.320531754469908,WB hist + TIAM interp
LKA,2014,81655890649.0473,3929.9206203218455,20778000.0,5.239702383330938,28.635012368281323,WB hist + TIAM interp
LKA,2015,85090301052.0465,4057.715834623104,20970000.0,4.942422243202213,29.949492982092735,WB hist + TIAM interp
LKA,2016,89390445684.9413,4214.741179920849,21209000.0,4.64023069258572,31.263973595904147,WB hist + TIAM interp
LKA,2017,95165677467.0656,4436.00789945768,21453000.0,4.343761295769856,32.57845420971556,WB hist + TIAM interp
LKA,2018,97364084798.83258,4493.0357544454355,21670000.0,4.0590110474042875,33.89293482352697,WB hist + TIAM interp
LKA,2019,97149412680.2905,4455.781896082672,21803000.0,3.794469922320373,35.20741543733839,WB hist + TIAM interp
LKA,2020,92656723482.0524,4227.233153065943,21919000.0,3.535876912060371,36.5218960511498,WB hist + TIAM interp
LKA,2021,96555233343.7041,4357.972257794913,22156000.0,3.517913832069119,39.69262203560237,WB hist + TIAM interp
LKA,2022,89459202881.05762,4033.145614762978,22181000.0,3.533786199503879,42.86334802005494,WB hist + TIAM interp
LKA,2023,87374939262.0939,3964.919873943545,22037000.0,3.576844603125094,46.03407400450751,WB hist + TIAM interp
LKA,2024,91751304716.6408,4186.498663836503,21916000.0,3.6166698917201954,49.20479998896008,WB hist + TIAM interp
LKA,2025,91751304716.64073,4186.4986638365,21916000.0,3.636747133364298,52.37552597341265,SSP corrected + TIAM Scenario_1
LKA,2026,,,,,52.720441732023765,SSP corrected + TIAM Scenario_1
LKA,2027,,,,,53.06535749063488,SSP corrected + TIAM Scenario_1
LKA,2028,,,,,53.410273249246,SSP corrected + TIAM Scenario_1
LKA,2029,,,,,53.75518900785711,SSP corrected + TIAM Scenario_1
LKA,2030,114936474194.50455,5144.8578182016245,22340068.133249283,3.1183024022257007,54.10010476646823,SSP corrected + TIAM Scenario_1
LKA,2031,,,,,57.89194334264819,SSP corrected + TIAM Scenario_1
LKA,2032,,,,,61.68378191882815,SSP corrected + TIAM Scenario_1
LKA,2033,,,,,65.47562049500812,SSP corrected + TIAM Scenario_1
LKA,2034,,,,,69.26745907118809,SSP corrected + TIAM Scenario_1
LKA,2035,139205354264.01,6134.655386281625,22691633.92214375,1.928998185689543,73.05929764736804,SSP corrected + TIAM Scenario_1
LKA,2036,,,,,70.90819101616198,SSP corrected + TIAM Scenario_1
LKA,2037,,,,,68.75708438495593,SSP corrected + TIAM Scenario_1
LKA,2038,,,,,66.60597775374987,SSP corrected + TIAM Scenario_1
LKA,2039,,,,,64.45487112254382,SSP corrected + TIAM Scenario_1
LKA,2040,164986361450.4137,7188.949344264308,22949996.38327509,1.7188107296372863,62.30376449133776,SSP corrected + TIAM Scenario_1
LKA,2041,,,,,63.43913668964179,SSP corrected + TIAM Scenario_1
LKA,2042,,,,,64.57450888794583,SSP corrected + TIAM Scenario_1
LKA,2043,,,,,65.70988108624987,SSP corrected + TIAM Scenario_1
LKA,2044,,,,,66.84525328455389,SSP corrected + TIAM Scenario_1
LKA,2045,191676827921.0971,8309.185138450452,23068065.60779583,1.3962461350456628,67.98062548285793,SSP corrected + TIAM Scenario_1
LKA,2046,,,,,67.75469893343056,SSP corrected + TIAM Scenario_1
LKA,2047,,,,,67.52877238400319,SSP corrected + TIAM Scenario_1
LKA,2048,,,,,67.3028458345758,SSP corrected + TIAM Scenario_1
LKA,2049,,,,,67.07691928514843,SSP corrected + TIAM Scenario_1
LKA,2050,219830303690.49738,9534.100873005083,23057266.397602983,1.0543440938319644,66.85099273572106,SSP corrected + TIAM Scenario_1
LKA,2051,,,,,66.73071980375094,SSP corrected + TIAM Scenario_1
LKA,2052,,,,,66.61044687178082,SSP corrected + TIAM Scenario_1
LKA,2053,,,,,66.4901739398107,SSP corrected + TIAM Scenario_1
LKA,2054,,,,,66.36990100784058,SSP corrected + TIAM Scenario_1
LKA,2055,250146912579.6875,10902.833498225751,22943293.834615983,0.7018054363706152,66.24962807587046,SSP corrected + TIAM Scenario_1
LKA,2056,,,,,66.12935514390034,SSP corrected + TIAM Scenario_1
LKA,2057,,,,,66.00908221193022,SSP corrected + TIAM Scenario_1
LKA,2058,,,,,65.8888092799601,SSP corrected + TIAM Scenario_1
LKA,2059,,,,,65.76853634798998,SSP corrected + TIAM Scenario_1
LKA,2060,282942801815.22314,12434.88192047318,22753959.677685175,0.3468918881965736,65.64826341601986,SSP corrected + TIAM Scenario_1
LKA,2061,,,,,66.08392014982849,SSP corrected + TIAM Scenario_1
LKA,2062,,,,,66.51957688363711,SSP corrected + TIAM Scenario_1
LKA,2063,,,,,66.95523361744574,SSP corrected + TIAM Scenario_1
LKA,2064,,,,,67.39089035125437,SSP corrected + TIAM Scenario_1
LKA,2065,317447289440.3857,14098.438553841865,22516485.653929412,0.21018780131571255,67.826547085063,SSP corrected + TIAM Scenario_1
LKA,2066,,,,,68.26220381887163,SSP corrected + TIAM Scenario_1
LKA,2067,,,,,68.69786055268025,SSP corrected + TIAM Scenario_1
LKA,2068,,,,,69.13351728648888,SSP corrected + TIAM Scenario_1
LKA,2069,,,,,69.56917402029751,SSP corrected + TIAM Scenario_1
LKA,2070,351568190294.9817,15814.509188136492,22230736.73122377,0.07072267592298356,70.00483075410614,SSP corrected + TIAM Scenario_1
LSO,2012,2210102550.34645,1086.390348162832,2034354.0,0.1770190145673209,88.41001096365324,WB hist + TIAM interp
LSO,2013,2249719203.36981,1093.953234892716,2056504.0,0.1812470985392804,87.65506332963693,WB hist + TIAM interp
LSO,2014,2288201773.0760503,1100.0499368421497,2080089.0,0.18525718173970493,86.90011569562061,WB hist + TIAM interp
LSO,2015,2359686724.53829,1121.198513425184,2104611.0,0.18909312394599187,86.1451680616043,WB hist + TIAM interp
LSO,2016,2444845631.39553,1147.5874880167075,2130422.0,0.1927240290676846,85.39022042758798,WB hist + TIAM interp
LSO,2017,2368122098.53455,1097.821668127518,2157110.0,0.19618821211146933,84.63527279357166,WB hist + TIAM interp
LSO,2018,2333058897.5103,1068.44462913373,2183603.0,0.19958554599948275,83.88032515955535,WB hist + TIAM interp
LSO,2019,2299976266.2734594,1040.9935101411736,2209405.0,0.20296488863492446,83.12537752553904,WB hist + TIAM interp
LSO,2020,2112391171.3304095,944.8341283754276,2235727.0,0.20621823798155237,82.37042989152272,WB hist + TIAM interp
LSO,2021,2160272945.18777,955.2212363015012,2261542.0,0.20523170591818665,82.53639769925061,WB hist + TIAM interp
LSO,2022,2211855514.87917,967.519285983251,2286110.0,0.20437886312709075,82.70236550697851,WB hist + TIAM interp
LSO,2023,2252257815.5338597,974.3824781497937,2311472.0,0.20347423758597072,82.8683333147064,WB hist + TIAM interp
LSO,2024,2316549022.3524,991.0696619107453,2337423.0,0.20253819827184238,83.0343011224343,WB hist + TIAM interp
LSO,2025,2316549022.352397,991.069661910744,2337423.0,0.20386121088780687,83.2002689301622,SSP corrected + TIAM Scenario_1
LSO,2026,,,,,83.26566433411503,SSP corrected + TIAM Scenario_1
LSO,2027,,,,,83.33105973806786,SSP corrected + TIAM Scenario_1
LSO,2028,,,,,83.39645514202068,SSP corrected + TIAM Scenario_1
LSO,2029,,,,,83.46185054597352,SSP corrected + TIAM Scenario_1
LSO,2030,2936872290.4470825,1222.5085848057324,2402332.6518510934,0.22932715539580778,83.52724594992635,SSP corrected + TIAM Scenario_1
LSO,2031,,,,,83.62106963975651,SSP corrected + TIAM Scenario_1
LSO,2032,,,,,83.71489332958666,SSP corrected + TIAM Scenario_1
LSO,2033,,,,,83.80871701941682,SSP corrected + TIAM Scenario_1
LSO,2034,,,,,83.90254070924696,SSP corrected + TIAM Scenario_1
LSO,2035,3710681473.0310216,1513.914123568169,2451051.493122513,0.25963637845514886,83.99636439907712,SSP corrected + TIAM Scenario_1
LSO,2036,,,,,83.71369668531337,SSP corrected + TIAM Scenario_1
LSO,2037,,,,,83.4310289715496,SSP corrected + TIAM Scenario_1
LSO,2038,,,,,83.14836125778584,SSP corrected + TIAM Scenario_1
LSO,2039,,,,,82.86569354402206,SSP corrected + TIAM Scenario_1
LSO,2040,4732920179.800494,1901.3061282910385,2489299.3870769306,0.30600253567794483,82.58302583025831,SSP corrected + TIAM Scenario_1
LSO,2041,,,,,82.72102751418252,SSP corrected + TIAM Scenario_1
LSO,2042,,,,,82.85902919810674,SSP corrected + TIAM Scenario_1
LSO,2043,,,,,82.99703088203094,SSP corrected + TIAM Scenario_1
LSO,2044,,,,,83.13503256595516,SSP corrected + TIAM Scenario_1
LSO,2045,6048996224.088502,2400.502982352191,2519886.9855855154,0.34513769811352857,83.27303424987937,SSP corrected + TIAM Scenario_1
LSO,2046,,,,,83.3971941216431,SSP corrected + TIAM Scenario_1
LSO,2047,,,,,83.5213539934068,SSP corrected + TIAM Scenario_1
LSO,2048,,,,,83.64551386517053,SSP corrected + TIAM Scenario_1
LSO,2049,,,,,83.76967373693424,SSP corrected + TIAM Scenario_1
LSO,2050,7692684012.506358,3027.1038462846373,2541268.6194918924,0.41348792130095285,83.89383360869796,SSP corrected + TIAM Scenario_1
LSO,2051,,,,,84.69351874831936,SSP corrected + TIAM Scenario_1
LSO,2052,,,,,85.49320388794078,SSP corrected + TIAM Scenario_1
LSO,2053,,,,,86.29288902756218,SSP corrected + TIAM Scenario_1
LSO,2054,,,,,87.09257416718359,SSP corrected + TIAM Scenario_1
LSO,2055,9706764460.095121,3803.985526966942,2551735.381557743,0.30592420264112236,87.89225930680499,SSP corrected + TIAM Scenario_1
LSO,2056,,,,,88.6919444464264,SSP corrected + TIAM Scenario_1
LSO,2057,,,,,89.49162958604781,SSP corrected + TIAM Scenario_1
LSO,2058,,,,,90.2913147256692,SSP corrected + TIAM Scenario_1
LSO,2059,,,,,91.09099986529064,SSP corrected + TIAM Scenario_1
LSO,2060,12134769024.264887,4752.759637794392,2553204.8639211757,0.19994139607870537,91.89068500491204,SSP corrected + TIAM Scenario_1
LSO,2061,,,,,91.87394604553712,SSP corrected + TIAM Scenario_1
LSO,2062,,,,,91.8572070861622,SSP corrected + TIAM Scenario_1
LSO,2063,,,,,91.84046812678729,SSP corrected + TIAM Scenario_1
LSO,2064,,,,,91.82372916741237,SSP corrected + TIAM Scenario_1
LSO,2065,15027359314.932663,5902.5985762907085,2545888.7506417735,0.11291275523818285,91.80699020803743,SSP corrected + TIAM Scenario_1
LSO,2066,,,,,91.79025124866251,SSP corrected + TIAM Scenario_1
LSO,2067,,,,,91.7735122892876,SSP corrected + TIAM Scenario_1
LSO,2068,,,,,91.7567733299127,SSP corrected + TIAM Scenario_1
LSO,2069,,,,,91.74003437053778,SSP corrected + TIAM Scenario_1
LSO,2070,18425064620.032055,7274.563621913838,2532806.856555428,0.02544026663367665,91.72329541116288,SSP corrected + TIAM Scenario_1
LTU,2012,37413912227.1865,12516.61840656674,2989139.0,4.250228720320515,15.624833278696284,WB hist + TIAM interp
LTU,2013,38928020774.414696,13145.806930996943,2961250.0,4.197324658294482,17.800327931391145,WB hist + TIAM interp
LTU,2014,40396597406.9714,13753.189598230523,2937253.0,4.137924401445474,19.975822584086004,WB hist + TIAM interp
LTU,2015,41540954817.20391,14269.803987828662,2911109.0,4.0805528338043375,22.151317236780866,WB hist + TIAM interp
LTU,2016,42650896790.5078,14823.107153522038,2877325.0,4.032821213108598,24.326811889475728,WB hist + TIAM interp
LTU,2017,44618059836.15029,15695.999328845588,2842639.0,3.9852195493525855,26.50230654217059,WB hist + TIAM interp
LTU,2018,46812540124.5928,16604.902144080872,2819200.0,3.9207377029286588,28.677801194865452,WB hist + TIAM interp
LTU,2019,49002127329.2631,17431.723908159114,2811089.0,3.834153578787744,30.85329584756031,WB hist + TIAM interp
LTU,2020,49023107998.6089,17443.655263279983,2810369.0,3.7372139271338556,33.02879050025518,WB hist + TIAM interp
LTU,2021,52150790162.9131,18569.705724621705,2808380.0,3.4945406704959927,36.03026624564535,WB hist + TIAM interp
LTU,2022,53474129886.9706,18884.51525316984,2831639.0,3.2225315759635413,39.03174199103553,WB hist + TIAM interp
LTU,2023,53657151896.4273,18685.552367917822,2871585.0,2.9377831581694833,42.033217736425705,WB hist + TIAM interp
LTU,2024,55144866855.2473,19092.64511769549,2888278.0,2.682270200885928,45.03469348181588,WB hist + TIAM interp
LTU,2025,55144866855.24733,19092.6451176955,2888278.0,2.4437363620457226,48.03616922720606,SSP corrected + TIAM Scenario_1
LTU,2026,,,,,45.32300225972651,SSP corrected + TIAM Scenario_1
LTU,2027,,,,,42.60983529224696,SSP corrected + TIAM Scenario_1
LTU,2028,,,,,39.8966683247674,SSP corrected + TIAM Scenario_1
LTU,2029,,,,,37.183501357287845,SSP corrected + TIAM Scenario_1
LTU,2030,59526640636.44371,21108.53202054635,2820027.4930773224,1.626961249207797,34.47033438980829,SSP corrected + TIAM Scenario_1
LTU,2031,,,,,39.361478929690215,SSP corrected + TIAM Scenario_1
LTU,2032,,,,,44.25262346957214,SSP corrected + TIAM Scenario_1
LTU,2033,,,,,49.143768009454064,SSP corrected + TIAM Scenario_1
LTU,2034,,,,,54.034912549335985,SSP corrected + TIAM Scenario_1
LTU,2035,64120188539.97445,23384.437988344027,2742002.5476744473,1.1191428669916357,58.926057089217906,SSP corrected + TIAM Scenario_1
LTU,2036,,,,,58.70964254691437,SSP corrected + TIAM Scenario_1
LTU,2037,,,,,58.49322800461083,SSP corrected + TIAM Scenario_1
LTU,2038,,,,,58.27681346230728,SSP corrected + TIAM Scenario_1
LTU,2039,,,,,58.06039892000374,SSP corrected + TIAM Scenario_1
LTU,2040,68671938919.360435,25799.712329978793,2661732.737212147,1.1211105079514758,57.8439843777002,SSP corrected + TIAM Scenario_1
LTU,2041,,,,,60.74191142552966,SSP corrected + TIAM Scenario_1
LTU,2042,,,,,63.63983847335911,SSP corrected + TIAM Scenario_1
LTU,2043,,,,,66.53776552118858,SSP corrected + TIAM Scenario_1
LTU,2044,,,,,69.43569256901803,SSP corrected + TIAM Scenario_1
LTU,2045,72648973341.75305,28112.43232574872,2584229.3722557924,0.6676266527963051,72.33361961684749,SSP corrected + TIAM Scenario_1
LTU,2046,,,,,73.34213396669794,SSP corrected + TIAM Scenario_1
LTU,2047,,,,,74.3506483165484,SSP corrected + TIAM Scenario_1
LTU,2048,,,,,75.35916266639887,SSP corrected + TIAM Scenario_1
LTU,2049,,,,,76.36767701624933,SSP corrected + TIAM Scenario_1
LTU,2050,75410396436.92987,30072.63699454701,2507608.376698187,0.35767397377783855,77.37619136609979,SSP corrected + TIAM Scenario_1
LTU,2051,,,,,76.98769399779452,SSP corrected + TIAM Scenario_1
LTU,2052,,,,,76.59919662948927,SSP corrected + TIAM Scenario_1
LTU,2053,,,,,76.210699261184,SSP corrected + TIAM Scenario_1
LTU,2054,,,,,75.82220189287875,SSP corrected + TIAM Scenario_1
LTU,2055,77274566013.79507,31823.31403176834,2428237.547373413,0.1937127602609656,75.43370452457349,SSP corrected + TIAM Scenario_1
LTU,2056,,,,,75.04520715626822,SSP corrected + TIAM Scenario_1
LTU,2057,,,,,74.65670978796297,SSP corrected + TIAM Scenario_1
LTU,2058,,,,,74.2682124196577,SSP corrected + TIAM Scenario_1
LTU,2059,,,,,73.87971505135245,SSP corrected + TIAM Scenario_1
LTU,2060,79261341661.48544,33798.132239305465,2345139.6988532,0.018700354179860573,73.49121768304718,SSP corrected + TIAM Scenario_1
LTU,2061,,,,,74.7859529841635,SSP corrected + TIAM Scenario_1
LTU,2062,,,,,76.08068828527982,SSP corrected + TIAM Scenario_1
LTU,2063,,,,,77.37542358639612,SSP corrected + TIAM Scenario_1
LTU,2064,,,,,78.67015888751244,SSP corrected + TIAM Scenario_1
LTU,2065,82022068131.2598,36257.795462929345,2262191.2635345054,0.0196777644710172,79.96489418862876,SSP corrected + TIAM Scenario_1
LTU,2066,,,,,81.25962948974508,SSP corrected + TIAM Scenario_1
LTU,2067,,,,,82.5543647908614,SSP corrected + TIAM Scenario_1
LTU,2068,,,,,83.8491000919777,SSP corrected + TIAM Scenario_1
LTU,2069,,,,,85.14383539309402,SSP corrected + TIAM Scenario_1
LTU,2070,85224455106.16592,39056.09305764026,2182103.95444288,0.020702400856139287,86.43857069421034,SSP corrected + TIAM Scenario_1
LUX,2012,55477349891.7792,104487.74431256512,530946.0,19.881582431113927,15.096854262136018,WB hist + TIAM interp
LUX,2013,57236974872.26059,105338.955521681,543360.0,19.074422769155763,16.42103853448346,WB hist + TIAM interp
LUX,2014,58738350400.01691,105583.93727342928,556319.0,18.28539029985806,17.745222806830903,WB hist + TIAM interp
LUX,2015,60071584216.1375,105462.01258442269,569604.0,17.5222465723643,19.069407079178344,WB hist + TIAM interp
LUX,2016,63062061883.63,108351.45182698354,582014.0,16.81913738670076,20.393591351525785,WB hist + TIAM interp
LUX,2017,63892707251.4305,107142.12667259815,596336.0,16.093620236513505,21.717775623873223,WB hist + TIAM interp
LUX,2018,64922207640.6436,106788.72874519878,607950.0,15.470740698642611,23.041959896220668,WB hist + TIAM interp
LUX,2019,66707126419.27331,107591.9658504959,620001.0,14.86073167320381,24.36614416856811,WB hist + TIAM interp
LUX,2020,66366885630.9508,105274.24717679956,630419.0,14.310958566439618,25.69032844091555,WB hist + TIAM interp
LUX,2021,70965934440.7674,110873.18524517454,640064.0,13.087210493770872,26.64944492330824,WB hist + TIAM interp
LUX,2022,70187142285.2316,107467.1870826372,653103.0,11.837955738181604,27.608561405700936,WB hist + TIAM interp
LUX,2023,70256936375.55821,105422.8296678694,666430.0,10.633009491562925,28.567677888093627,WB hist + TIAM interp
LUX,2024,70508886559.2138,104147.17399280044,677012.0,9.513728891734475,29.52679437048632,WB hist + TIAM interp
LUX,2025,70508886559.21352,104147.1739928,677012.0,8.560646980318815,30.485910852879012,SSP corrected + TIAM Scenario_1
LUX,2026,,,,,31.3335577234195,SSP corrected + TIAM Scenario_1
LUX,2027,,,,,32.18120459395999,SSP corrected + TIAM Scenario_1
LUX,2028,,,,,33.02885146450048,SSP corrected + TIAM Scenario_1
LUX,2029,,,,,33.876498335040964,SSP corrected + TIAM Scenario_1
LUX,2030,77591277967.05005,107556.06936442944,721403.0637745745,6.414832143518107,34.72414520558145,SSP corrected + TIAM Scenario_1
LUX,2031,,,,,39.28947030971113,SSP corrected + TIAM Scenario_1
LUX,2032,,,,,43.8547954138408,SSP corrected + TIAM Scenario_1
LUX,2033,,,,,48.42012051797048,SSP corrected + TIAM Scenario_1
LUX,2034,,,,,52.98544562210016,SSP corrected + TIAM Scenario_1
LUX,2035,84506132012.42853,110443.40033193678,765153.2980553479,3.6544058799276304,57.550770726229835,SSP corrected + TIAM Scenario_1
LUX,2036,,,,,60.501386688387505,SSP corrected + TIAM Scenario_1
LUX,2037,,,,,63.452002650545175,SSP corrected + TIAM Scenario_1
LUX,2038,,,,,66.40261861270285,SSP corrected + TIAM Scenario_1
LUX,2039,,,,,69.35323457486052,SSP corrected + TIAM Scenario_1
LUX,2040,91428145774.15157,113208.93984931023,807605.3525088162,1.3643669551223683,72.30385053701819,SSP corrected + TIAM Scenario_1
LUX,2041,,,,,74.60795847005839,SSP corrected + TIAM Scenario_1
LUX,2042,,,,,76.91206640309858,SSP corrected + TIAM Scenario_1
LUX,2043,,,,,79.21617433613878,SSP corrected + TIAM Scenario_1
LUX,2044,,,,,81.52028226917896,SSP corrected + TIAM Scenario_1
LUX,2045,98086681974.40224,115629.7135537334,848282.6685272477,0.1829347981276348,83.82439020221916,SSP corrected + TIAM Scenario_1
LUX,2046,,,,,84.24126685670011,SSP corrected + TIAM Scenario_1
LUX,2047,,,,,84.65814351118105,SSP corrected + TIAM Scenario_1
LUX,2048,,,,,85.075020165662,SSP corrected + TIAM Scenario_1
LUX,2049,,,,,85.49189682014294,SSP corrected + TIAM Scenario_1
LUX,2050,104624934940.06767,117994.01404164488,886696.9717899526,0.08074217831964467,85.90877347462389,SSP corrected + TIAM Scenario_1
LUX,2051,,,,,86.41930556067057,SSP corrected + TIAM Scenario_1
LUX,2052,,,,,86.92983764671725,SSP corrected + TIAM Scenario_1
LUX,2053,,,,,87.44036973276393,SSP corrected + TIAM Scenario_1
LUX,2054,,,,,87.9509018188106,SSP corrected + TIAM Scenario_1
LUX,2055,111310678062.42683,120682.82967999652,922340.6375006208,0.04957448766509925,88.46143390485727,SSP corrected + TIAM Scenario_1
LUX,2056,,,,,88.97196599090395,SSP corrected + TIAM Scenario_1
LUX,2057,,,,,89.48249807695063,SSP corrected + TIAM Scenario_1
LUX,2058,,,,,89.99303016299731,SSP corrected + TIAM Scenario_1
LUX,2059,,,,,90.503562249044,SSP corrected + TIAM Scenario_1
LUX,2060,118046539199.19658,123613.85483957246,954962.0416934557,0.020791699811047445,91.01409433509068,SSP corrected + TIAM Scenario_1
LUX,2061,,,,,91.1468228885892,SSP corrected + TIAM Scenario_1
LUX,2062,,,,,91.27955144208777,SSP corrected + TIAM Scenario_1
LUX,2063,,,,,91.4122799955863,SSP corrected + TIAM Scenario_1
LUX,2064,,,,,91.54500854908484,SSP corrected + TIAM Scenario_1
LUX,2065,124402935369.71542,126672.59144956288,982082.5006114194,0.0207848347276434,91.6777371025834,SSP corrected + TIAM Scenario_1
LUX,2066,,,,,91.81046565608192,SSP corrected + TIAM Scenario_1
LUX,2067,,,,,91.94319420958048,SSP corrected + TIAM Scenario_1
LUX,2068,,,,,92.075922763079,SSP corrected + TIAM Scenario_1
LUX,2069,,,,,92.20865131657756,SSP corrected + TIAM Scenario_1
LUX,2070,130501581751.83759,130044.85882309574,1003512.0414053672,0.02089617260300754,92.3413798700761,SSP corrected + TIAM Scenario_1
LVA,2012,24352854611.1188,11971.010746652222,2034319.0,3.3575497748733807,15.624833278696284,WB hist + TIAM interp
LVA,2013,24863312429.9055,12353.538613530092,2012647.0,3.3201914632357927,17.800327931391145,WB hist + TIAM interp
LVA,2014,25384188823.064003,12731.67719593416,1993782.0,3.277399171696612,19.975822584086004,WB hist + TIAM interp
LVA,2015,26344565876.8902,13321.975314061554,1977527.0,3.229521297448834,22.151317236780866,WB hist + TIAM interp
LVA,2016,27016796481.3321,13787.336744002334,1959537.0,3.1836661671693807,24.326811889475728,WB hist + TIAM interp
LVA,2017,27935083541.205,14382.861272713371,1942248.0,3.1358290690236643,26.50230654217059,WB hist + TIAM interp
LVA,2018,29139005429.8548,15120.06981718039,1927174.0,3.0835844739964116,28.677801194865452,WB hist + TIAM interp
LVA,2019,29335802338.5259,15328.385993329526,1913822.0,3.0277893725362377,30.85329584756031,WB hist + TIAM interp
LVA,2020,28318076614.1623,14900.729571886592,1900449.0,2.971243111476569,33.02879050025518,WB hist + TIAM interp
LVA,2021,30284070900.4111,16070.168003232226,1884490.0,2.799853036993161,36.03026624564535,WB hist + TIAM interp
LVA,2022,30862052747.7596,16421.374859599986,1879383.0,2.6103748407876144,39.03174199103553,WB hist + TIAM interp
LVA,2023,30571453786.1231,16229.384452024517,1883710.0,2.407744901882273,42.033217736425705,WB hist + TIAM interp
LVA,2024,30557357896.8573,16374.773539624,1866124.0,2.231948251480268,45.03469348181588,WB hist + TIAM interp
LVA,2025,30557357896.8573,16374.773539624,1866124.0,2.03346146803003,48.03616922720606,SSP corrected + TIAM Scenario_1
LVA,2026,,,,,45.32300225972651,SSP corrected + TIAM Scenario_1
LVA,2027,,,,,42.60983529224696,SSP corrected + TIAM Scenario_1
LVA,2028,,,,,39.8966683247674,SSP corrected + TIAM Scenario_1
LVA,2029,,,,,37.183501357287845,SSP corrected + TIAM Scenario_1
LVA,2030,34134465021.501125,18753.997373848524,1820116.7644984245,1.3552343600682721,34.47033438980829,SSP corrected + TIAM Scenario_1
LVA,2031,,,,,39.361478929690215,SSP corrected + TIAM Scenario_1
LVA,2032,,,,,44.25262346957214,SSP corrected + TIAM Scenario_1
LVA,2033,,,,,49.143768009454064,SSP corrected + TIAM Scenario_1
LVA,2034,,,,,54.034912549335985,SSP corrected + TIAM Scenario_1
LVA,2035,37283386501.60869,20998.088163775265,1775561.0039740626,0.9291822163173928,58.926057089217906,SSP corrected + TIAM Scenario_1
LVA,2036,,,,,58.70964254691437,SSP corrected + TIAM Scenario_1
LVA,2037,,,,,58.49322800461083,SSP corrected + TIAM Scenario_1
LVA,2038,,,,,58.27681346230728,SSP corrected + TIAM Scenario_1
LVA,2039,,,,,58.06039892000374,SSP corrected + TIAM Scenario_1
LVA,2040,40147935448.79484,23145.3053040151,1734603.839588594,0.9249018929768736,57.8439843777002,SSP corrected + TIAM Scenario_1
LVA,2041,,,,,60.74191142552966,SSP corrected + TIAM Scenario_1
LVA,2042,,,,,63.63983847335911,SSP corrected + TIAM Scenario_1
LVA,2043,,,,,66.53776552118858,SSP corrected + TIAM Scenario_1
LVA,2044,,,,,69.43569256901803,SSP corrected + TIAM Scenario_1
LVA,2045,42764553194.5094,25237.77353480304,1694466.1594469426,0.5474127733511852,72.33361961684749,SSP corrected + TIAM Scenario_1
LVA,2046,,,,,73.34213396669794,SSP corrected + TIAM Scenario_1
LVA,2047,,,,,74.3506483165484,SSP corrected + TIAM Scenario_1
LVA,2048,,,,,75.35916266639887,SSP corrected + TIAM Scenario_1
LVA,2049,,,,,76.36767701624933,SSP corrected + TIAM Scenario_1
LVA,2050,44947779391.19485,27178.823049410796,1653779.4631312876,0.2915765276114449,77.37619136609979,SSP corrected + TIAM Scenario_1
LVA,2051,,,,,76.98769399779452,SSP corrected + TIAM Scenario_1
LVA,2052,,,,,76.59919662948927,SSP corrected + TIAM Scenario_1
LVA,2053,,,,,76.210699261184,SSP corrected + TIAM Scenario_1
LVA,2054,,,,,75.82220189287875,SSP corrected + TIAM Scenario_1
LVA,2055,46872011839.36145,29068.302957793567,1612478.441119126,0.1568334100158163,75.43370452457349,SSP corrected + TIAM Scenario_1
LVA,2056,,,,,75.04520715626822,SSP corrected + TIAM Scenario_1
LVA,2057,,,,,74.65670978796297,SSP corrected + TIAM Scenario_1
LVA,2058,,,,,74.2682124196577,SSP corrected + TIAM Scenario_1
LVA,2059,,,,,73.87971505135245,SSP corrected + TIAM Scenario_1
LVA,2060,49223779194.002686,31334.65298467432,1570905.5153116863,0.015008994156966722,73.49121768304718,SSP corrected + TIAM Scenario_1
LVA,2061,,,,,74.7859529841635,SSP corrected + TIAM Scenario_1
LVA,2062,,,,,76.08068828527982,SSP corrected + TIAM Scenario_1
LVA,2063,,,,,77.37542358639612,SSP corrected + TIAM Scenario_1
LVA,2064,,,,,78.67015888751244,SSP corrected + TIAM Scenario_1
LVA,2065,51823477750.115456,33945.106641480714,1526684.7825066922,0.015676128132014633,79.96489418862876,SSP corrected + TIAM Scenario_1
LVA,2066,,,,,81.25962948974508,SSP corrected + TIAM Scenario_1
LVA,2067,,,,,82.5543647908614,SSP corrected + TIAM Scenario_1
LVA,2068,,,,,83.8491000919777,SSP corrected + TIAM Scenario_1
LVA,2069,,,,,85.14383539309402,SSP corrected + TIAM Scenario_1
LVA,2070,54203877579.46724,36610.42719761776,1480558.4563895578,0.016404148536161164,86.43857069421034,SSP corrected + TIAM Scenario_1
MAC,2012,52924239876.453094,93192.885853941,567900.0,,,WB hist + TIAM interp
MAC,2013,58630357383.348305,99054.49802897162,591900.0,,,WB hist + TIAM interp
MAC,2014,57435035498.68271,92383.8434915276,621700.0,,,WB hist + TIAM interp
MAC,2015,44940613353.1038,69902.9605741232,642900.0,,,WB hist + TIAM interp
MAC,2016,44625350360.84791,68391.34154919219,652500.0,,,WB hist + TIAM interp
MAC,2017,49051541817.7349,75650.12618404519,648400.0,,,WB hist + TIAM interp
MAC,2018,52170812899.485,79178.650629056,658900.0,,,WB hist + TIAM interp
MAC,2019,50886936460.4335,75724.60782802604,672000.0,,,WB hist + TIAM interp
MAC,2020,23203378176.6445,33853.77615501094,685400.0,,,WB hist + TIAM interp
MAC,2021,28415367854.0484,41634.23861399033,682500.0,,,WB hist + TIAM interp
MAC,2022,23028683194.510296,34000.713412830795,677300.0,,,WB hist + TIAM interp
MAC,2023,40371220293.3995,59474.396425161314,678800.0,,,WB hist + TIAM interp
MAC,2024,43540200437.277,63377.293212921395,687000.0,,,WB hist + TIAM interp
MAC,2025,43540200437.277,63377.2932129214,687000.0,,,SSP corrected + TIAM Scenario_1
MAC,2030,46931797228.369705,65104.70165235908,720866.4817937788,,,SSP corrected + TIAM Scenario_1
MAC,2035,50282277677.52428,66763.74376873802,753137.4791038733,,,SSP corrected + TIAM Scenario_1
MAC,2040,53361991972.45204,68226.28115561455,782132.5018542466,,,SSP corrected + TIAM Scenario_1
MAC,2045,56130826608.82301,69529.81830925698,807291.4322767608,,,SSP corrected + TIAM Scenario_1
MAC,2050,58515574441.23533,70616.60947206181,828637.5525348036,,,SSP corrected + TIAM Scenario_1
MAC,2055,60582422751.83323,71632.24995146437,845742.2849747406,,,SSP corrected + TIAM Scenario_1
MAC,2060,62612166070.92591,72903.81105666117,858832.5515968356,,,SSP corrected + TIAM Scenario_1
MAC,2065,64338049594.719734,74302.57357196686,865892.6131596796,,,SSP corrected + TIAM Scenario_1
MAC,2070,65558502963.956856,75580.4060481921,867400.777420473,,,SSP corrected + TIAM Scenario_1
MAR,2012,98936909179.3524,2966.157827471623,33355241.0,1.3618165732935343,18.469782574524057,WB hist + TIAM interp
MAR,2013,103015299181.348,3048.9110679589253,33787571.0,1.3872891306687893,18.76754811328309,WB hist + TIAM interp
MAR,2014,105816536606.04,3093.618395032507,34204780.0,1.412742312624142,19.065313652042125,WB hist + TIAM interp
MAR,2015,110413823841.592,3190.4512918262894,34607588.0,1.4381802626637834,19.36307919080116,WB hist + TIAM interp
MAR,2016,110989284688.174,3168.9985568293273,35023457.0,1.4624872696033404,19.660844729560196,WB hist + TIAM interp
MAR,2017,116603009678.139,3289.5593345054417,35446392.0,1.4859275381257422,19.95861026831923,WB hist + TIAM interp
MAR,2018,120177639735.159,3353.1932059578244,35839760.0,1.510059777186008,20.256375807078264,WB hist + TIAM interp
MAR,2019,123651944968.713,3414.771568733617,36210898.0,1.5346095531792667,20.5541413458373,WB hist + TIAM interp
MAR,2020,114775951852.21303,3137.308640171,36584208.0,1.5585686589142507,20.851906884596335,WB hist + TIAM interp
MAR,2021,124135631043.727,3359.153171457088,36954442.0,1.4398999719708931,23.418589921615823,WB hist + TIAM interp
MAR,2022,126385828220.594,3385.7218659592963,37329064.0,1.3234299150924331,25.985272958635314,WB hist + TIAM interp
MAR,2023,131006044306.041,3473.8091332315635,37712505.0,1.2089915533322435,28.5519559956548,WB hist + TIAM interp
MAR,2024,135975581947.965,3570.6773514556653,38081173.0,1.0972823762545338,31.118639032674288,WB hist + TIAM interp
MAR,2025,133899270776.82904,3516.15405273438,38081173.0,0.997277578608201,33.685322069693775,SSP corrected + TIAM Scenario_1
MAR,2026,,,,,33.45273192868567,SSP corrected + TIAM Scenario_1
MAR,2027,,,,,33.22014178767756,SSP corrected + TIAM Scenario_1
MAR,2028,,,,,32.98755164666946,SSP corrected + TIAM Scenario_1
MAR,2029,,,,,32.75496150566135,SSP corrected + TIAM Scenario_1
MAR,2030,171202755971.96408,4403.522763315175,38878589.97760119,1.0114898720004035,32.522371364653246,SSP corrected + TIAM Scenario_1
MAR,2031,,,,,34.92445198078815,SSP corrected + TIAM Scenario_1
MAR,2032,,,,,37.32653259692305,SSP corrected + TIAM Scenario_1
MAR,2033,,,,,39.72861321305795,SSP corrected + TIAM Scenario_1
MAR,2034,,,,,42.13069382919285,SSP corrected + TIAM Scenario_1
MAR,2035,214362197882.57404,5440.376213772549,39402090.85906721,0.8515487190771458,44.53277444532775,SSP corrected + TIAM Scenario_1
MAR,2036,,,,,46.05038627024778,SSP corrected + TIAM Scenario_1
MAR,2037,,,,,47.56799809516781,SSP corrected + TIAM Scenario_1
MAR,2038,,,,,49.08560992008783,SSP corrected + TIAM Scenario_1
MAR,2039,,,,,50.603221745007865,SSP corrected + TIAM Scenario_1
MAR,2040,263911237212.22052,6648.213900425452,39696562.2895093,0.6760131974221821,52.12083356992789,SSP corrected + TIAM Scenario_1
MAR,2041,,,,,52.99089670811208,SSP corrected + TIAM Scenario_1
MAR,2042,,,,,53.86095984629627,SSP corrected + TIAM Scenario_1
MAR,2043,,,,,54.73102298448046,SSP corrected + TIAM Scenario_1
MAR,2044,,,,,55.60108612266465,SSP corrected + TIAM Scenario_1
MAR,2045,318220769802.8437,8001.930833065459,39767998.05465658,0.6429114174885208,56.47114926084884,SSP corrected + TIAM Scenario_1
MAR,2046,,,,,57.970441675885546,SSP corrected + TIAM Scenario_1
MAR,2047,,,,,59.46973409092225,SSP corrected + TIAM Scenario_1
MAR,2048,,,,,60.969026505958965,SSP corrected + TIAM Scenario_1
MAR,2049,,,,,62.46831892099567,SSP corrected + TIAM Scenario_1
MAR,2050,375673964323.47046,9477.7997114944,39637255.03376739,0.5377264389736974,63.96761133603238,SSP corrected + TIAM Scenario_1
MAR,2051,,,,,64.51274753724789,SSP corrected + TIAM Scenario_1
MAR,2052,,,,,65.0578837384634,SSP corrected + TIAM Scenario_1
MAR,2053,,,,,65.60301993967892,SSP corrected + TIAM Scenario_1
MAR,2054,,,,,66.14815614089443,SSP corrected + TIAM Scenario_1
MAR,2055,435813089778.79724,11085.956901536583,39312176.08453726,0.4783975824578517,66.69329234210993,SSP corrected + TIAM Scenario_1
MAR,2056,,,,,67.23842854332544,SSP corrected + TIAM Scenario_1
MAR,2057,,,,,67.78356474454095,SSP corrected + TIAM Scenario_1
MAR,2058,,,,,68.32870094575647,SSP corrected + TIAM Scenario_1
MAR,2059,,,,,68.87383714697198,SSP corrected + TIAM Scenario_1
MAR,2060,498154051322.75,12839.9661916577,38797146.650308736,0.42012625688467464,69.41897334818749,SSP corrected + TIAM Scenario_1
MAR,2061,,,,,69.58759879657406,SSP corrected + TIAM Scenario_1
MAR,2062,,,,,69.75622424496062,SSP corrected + TIAM Scenario_1
MAR,2063,,,,,69.92484969334717,SSP corrected + TIAM Scenario_1
MAR,2064,,,,,70.09347514173373,SSP corrected + TIAM Scenario_1
MAR,2065,563859131135.0577,14776.504571142175,38159168.72764675,0.4415950494170836,70.2621005901203,SSP corrected + TIAM Scenario_1
MAR,2066,,,,,70.43072603850686,SSP corrected + TIAM Scenario_1
MAR,2067,,,,,70.59935148689343,SSP corrected + TIAM Scenario_1
MAR,2068,,,,,70.76797693527998,SSP corrected + TIAM Scenario_1
MAR,2069,,,,,70.93660238366654,SSP corrected + TIAM Scenario_1
MAR,2070,631822411130.7454,16878.938916832514,37432590.652997784,0.4648916811908223,71.1052278320531,SSP corrected + TIAM Scenario_1
MDA,2012,6833561915.89765,2389.086661475291,2860324.0,2.8820751619429394,5.768678807715448,WB hist + TIAM interp
MDA,2013,7451580071.77113,2605.8502998614226,2859558.0,2.920435676935477,5.895922002931266,WB hist + TIAM interp
MDA,2014,7824131195.57662,2737.8018505664713,2857815.0,2.959828278395643,6.023165198147083,WB hist + TIAM interp
MDA,2015,7797667196.73087,2749.5513705433787,2835978.0,3.020519940345175,6.150408393362901,WB hist + TIAM interp
MDA,2016,8159947934.63828,2910.9548687237593,2803186.0,3.0941987250711196,6.277651588578719,WB hist + TIAM interp
MDA,2017,8500675703.95748,3085.333058442626,2755189.0,3.1871138405728967,6.4048947837945365,WB hist + TIAM interp
MDA,2018,8847128857.51461,3267.996104287196,2707203.0,3.2833102812205746,6.532137979010354,WB hist + TIAM interp
MDA,2019,9161406662.06896,3438.677326707124,2664224.0,3.3766206937585457,6.659381174226172,WB hist + TIAM interp
MDA,2020,8403210632.93021,3188.916916026993,2635130.0,3.4546911686198225,6.78662436944199,WB hist + TIAM interp
MDA,2021,9573777856.36482,3688.167294421439,2595809.0,3.502895444066868,7.555521212509997,WB hist + TIAM interp
MDA,2022,9133384072.52763,3611.9548473328614,2528654.0,3.591687395891407,8.324418055578004,WB hist + TIAM interp
MDA,2023,9242984685.904167,3760.7000642058993,2457783.0,3.690896177967302,9.093314898646012,WB hist + TIAM interp
MDA,2024,9252510447.17039,3851.512025183465,2402306.0,3.771671494628756,9.86221174171402,WB hist + TIAM interp
MDA,2025,9252510447.1704,3851.51202518347,2402306.0,3.7672121046104237,10.631108584782028,SSP corrected + TIAM Scenario_1
MDA,2026,,,,,11.36865758846334,SSP corrected + TIAM Scenario_1
MDA,2027,,,,,12.10620659214465,SSP corrected + TIAM Scenario_1
MDA,2028,,,,,12.843755595825964,SSP corrected + TIAM Scenario_1
MDA,2029,,,,,13.581304599507272,SSP corrected + TIAM Scenario_1
MDA,2030,11324743876.397755,4998.747212444668,2265516.4174343836,3.806559166960361,14.318853603188586,SSP corrected + TIAM Scenario_1
MDA,2031,,,,,15.140987670864307,SSP corrected + TIAM Scenario_1
MDA,2032,,,,,15.963121738540032,SSP corrected + TIAM Scenario_1
MDA,2033,,,,,16.785255806215755,SSP corrected + TIAM Scenario_1
MDA,2034,,,,,17.607389873891478,SSP corrected + TIAM Scenario_1
MDA,2035,13514648029.428432,6344.355843105624,2130184.4290645714,3.0013671843108467,18.4295239415672,SSP corrected + TIAM Scenario_1
MDA,2036,,,,,19.81444105487761,SSP corrected + TIAM Scenario_1
MDA,2037,,,,,21.19935816818802,SSP corrected + TIAM Scenario_1
MDA,2038,,,,,22.584275281498428,SSP corrected + TIAM Scenario_1
MDA,2039,,,,,23.969192394808836,SSP corrected + TIAM Scenario_1
MDA,2040,15664856034.670034,7847.959616247963,1996041.8759340225,2.3517927028283614,25.354109508119247,SSP corrected + TIAM Scenario_1
MDA,2041,,,,,25.21252981982985,SSP corrected + TIAM Scenario_1
MDA,2042,,,,,25.07095013154045,SSP corrected + TIAM Scenario_1
MDA,2043,,,,,24.929370443251052,SSP corrected + TIAM Scenario_1
MDA,2044,,,,,24.78779075496165,SSP corrected + TIAM Scenario_1
MDA,2045,17601933532.139328,9445.429988059388,1863539.675207072,2.2227023486495514,24.646211066672254,SSP corrected + TIAM Scenario_1
MDA,2046,,,,,25.413577469286473,SSP corrected + TIAM Scenario_1
MDA,2047,,,,,26.180943871900695,SSP corrected + TIAM Scenario_1
MDA,2048,,,,,26.948310274514913,SSP corrected + TIAM Scenario_1
MDA,2049,,,,,27.715676677129135,SSP corrected + TIAM Scenario_1
MDA,2050,19194977748.770004,11068.742931187831,1734160.5878916292,2.0508732865293546,28.483043079743354,SSP corrected + TIAM Scenario_1
MDA,2051,,,,,28.64920050842412,SSP corrected + TIAM Scenario_1
MDA,2052,,,,,28.815357937104885,SSP corrected + TIAM Scenario_1
MDA,2053,,,,,28.981515365785647,SSP corrected + TIAM Scenario_1
MDA,2054,,,,,29.147672794466413,SSP corrected + TIAM Scenario_1
MDA,2055,20469980209.900043,12712.834206777685,1610182.267537693,1.7639794223541552,29.31383022314718,SSP corrected + TIAM Scenario_1
MDA,2056,,,,,29.479987651827944,SSP corrected + TIAM Scenario_1
MDA,2057,,,,,29.64614508050871,SSP corrected + TIAM Scenario_1
MDA,2058,,,,,29.812302509189472,SSP corrected + TIAM Scenario_1
MDA,2059,,,,,29.978459937870237,SSP corrected + TIAM Scenario_1
MDA,2060,21702451084.113277,14544.378273478897,1492153.9220199496,1.4235214723811211,30.144617366551003,SSP corrected + TIAM Scenario_1
MDA,2061,,,,,30.377975575544003,SSP corrected + TIAM Scenario_1
MDA,2062,,,,,30.611333784537,SSP corrected + TIAM Scenario_1
MDA,2063,,,,,30.84469199353,SSP corrected + TIAM Scenario_1
MDA,2064,,,,,31.078050202522995,SSP corrected + TIAM Scenario_1
MDA,2065,23085200232.099422,16677.64548260805,1384200.2011718836,1.1852216085401328,31.311408411515995,SSP corrected + TIAM Scenario_1
MDA,2066,,,,,31.54476662050899,SSP corrected + TIAM Scenario_1
MDA,2067,,,,,31.77812482950199,SSP corrected + TIAM Scenario_1
MDA,2068,,,,,32.01148303849499,SSP corrected + TIAM Scenario_1
MDA,2069,,,,,32.24484124748799,SSP corrected + TIAM Scenario_1
MDA,2070,24389502230.883347,18985.169331340596,1284660.7688992962,0.9006695447291484,32.478199456480986,SSP corrected + TIAM Scenario_1
MDG,2012,10385448752.8756,442.6415001235422,23462438.0,0.15828448859406682,96.50655027734798,WB hist + TIAM interp
MDG,2013,10624353147.158703,440.6746589036302,24109290.0,0.151562323071314,96.23210075063002,WB hist + TIAM interp
MDG,2014,10979121878.0735,443.34386990820434,24764348.0,0.1451433326651685,95.95765122391204,WB hist + TIAM interp
MDG,2015,11323020701.3017,445.3200694805681,25426702.0,0.13901527614552606,95.68320169719408,WB hist + TIAM interp
MDG,2016,11775165456.5346,451.1565943314608,26099952.0,0.13314277359590546,95.40875217047612,WB hist + TIAM interp
MDG,2017,12238318933.7165,456.8518595740316,26788375.0,0.12749336232600894,95.13430264375816,WB hist + TIAM interp
MDG,2018,12629254472.2012,459.3303677995424,27494926.0,0.12204651869221252,94.8598531170402,WB hist + TIAM interp
MDG,2019,13186360203.1442,467.27741349647835,28219554.0,0.11679773535754676,94.58540359032222,WB hist + TIAM interp
MDG,2020,12245161113.1284,422.9242554223184,28953556.0,0.11177556221418881,94.31095406360426,WB hist + TIAM interp
MDG,2021,12814644792.206902,431.59910307774567,29691083.0,0.13397490418251162,93.92118192132187,WB hist + TIAM interp
MDG,2022,13347233960.4257,438.51626335318736,30437261.0,0.15505403065012976,93.5314097790395,WB hist + TIAM interp
MDG,2023,13908224364.653002,445.8345519105825,31195932.0,0.17505423463546466,93.14163763675712,WB hist + TIAM interp
MDG,2024,14492369787.952604,453.3830670047725,31964956.0,0.19404187510847817,92.75186549447476,WB hist + TIAM interp
MDG,2025,14492369787.952589,453.383067004772,31964956.0,0.21724103108416604,92.36209335219236,SSP corrected + TIAM Scenario_1
MDG,2026,,,,,91.46619459789646,SSP corrected + TIAM Scenario_1
MDG,2027,,,,,90.57029584360056,SSP corrected + TIAM Scenario_1
MDG,2028,,,,,89.67439708930462,SSP corrected + TIAM Scenario_1
MDG,2029,,,,,88.7784983350087,SSP corrected + TIAM Scenario_1
MDG,2030,20016454954.004955,565.685640738241,35384414.085326135,0.23982027735536507,87.88259958071279,SSP corrected + TIAM Scenario_1
MDG,2031,,,,,86.05676567005828,SSP corrected + TIAM Scenario_1
MDG,2032,,,,,84.23093175940377,SSP corrected + TIAM Scenario_1
MDG,2033,,,,,82.40509784874925,SSP corrected + TIAM Scenario_1
MDG,2034,,,,,80.57926393809474,SSP corrected + TIAM Scenario_1
MDG,2035,27560523165.802475,711.3901221056949,38741785.00570699,0.2970410371722622,78.75343002744023,SSP corrected + TIAM Scenario_1
MDG,2036,,,,,78.09968499567042,SSP corrected + TIAM Scenario_1
MDG,2037,,,,,77.44593996390059,SSP corrected + TIAM Scenario_1
MDG,2038,,,,,76.79219493213077,SSP corrected + TIAM Scenario_1
MDG,2039,,,,,76.13844990036094,SSP corrected + TIAM Scenario_1
MDG,2040,38050824466.31038,905.6892394545744,42013113.11728227,0.3359689142910406,75.48470486859112,SSP corrected + TIAM Scenario_1
MDG,2041,,,,,75.20081083202484,SSP corrected + TIAM Scenario_1
MDG,2042,,,,,74.91691679545858,SSP corrected + TIAM Scenario_1
MDG,2043,,,,,74.6330227588923,SSP corrected + TIAM Scenario_1
MDG,2044,,,,,74.34912872232603,SSP corrected + TIAM Scenario_1
MDG,2045,52491034111.06047,1163.71870442562,45106290.64518528,0.3554049728030823,74.06523468575975,SSP corrected + TIAM Scenario_1
MDG,2046,,,,,75.81863393020731,SSP corrected + TIAM Scenario_1
MDG,2047,,,,,77.57203317465488,SSP corrected + TIAM Scenario_1
MDG,2048,,,,,79.32543241910246,SSP corrected + TIAM Scenario_1
MDG,2049,,,,,81.07883166355002,SSP corrected + TIAM Scenario_1
MDG,2050,71998520167.72089,1500.6380576210174,47978604.7022299,0.29691984767822766,82.83223090799758,SSP corrected + TIAM Scenario_1
MDG,2051,,,,,83.60532148239098,SSP corrected + TIAM Scenario_1
MDG,2052,,,,,84.37841205678438,SSP corrected + TIAM Scenario_1
MDG,2053,,,,,85.15150263117778,SSP corrected + TIAM Scenario_1
MDG,2054,,,,,85.92459320557118,SSP corrected + TIAM Scenario_1
MDG,2055,97711840762.13686,1928.2479131320388,50673899.39679708,0.20638139406064776,86.69768377996458,SSP corrected + TIAM Scenario_1
MDG,2056,,,,,87.47077435435797,SSP corrected + TIAM Scenario_1
MDG,2057,,,,,88.24386492875138,SSP corrected + TIAM Scenario_1
MDG,2058,,,,,89.01695550314477,SSP corrected + TIAM Scenario_1
MDG,2059,,,,,89.79004607753818,SSP corrected + TIAM Scenario_1
MDG,2060,130813971642.09885,2460.6305785626773,53162783.87408764,0.12547311321767152,90.56313665193156,SSP corrected + TIAM Scenario_1
MDG,2061,,,,,90.25774795343962,SSP corrected + TIAM Scenario_1
MDG,2062,,,,,89.95235925494765,SSP corrected + TIAM Scenario_1
MDG,2063,,,,,89.6469705564557,SSP corrected + TIAM Scenario_1
MDG,2064,,,,,89.34158185796373,SSP corrected + TIAM Scenario_1
MDG,2065,172425540884.2255,3112.5566296278266,55396756.2366384,0.0742850354345895,89.03619315947178,SSP corrected + TIAM Scenario_1
MDG,2066,,,,,88.73080446097983,SSP corrected + TIAM Scenario_1
MDG,2067,,,,,88.42541576248786,SSP corrected + TIAM Scenario_1
MDG,2068,,,,,88.1200270639959,SSP corrected + TIAM Scenario_1
MDG,2069,,,,,87.81463836550394,SSP corrected + TIAM Scenario_1
MDG,2070,223780869377.273,3899.594294106161,57385679.76558355,0.02718099718207875,87.50924966701199,SSP corrected + TIAM Scenario_1
MDV,2012,3445643747.5744004,8907.66134868181,386818.0,,,WB hist + TIAM interp
MDV,2013,3685976098.72391,9213.32791442475,400070.0,,,WB hist + TIAM interp
MDV,2014,3975719121.7691803,9612.078618067391,413617.0,,,WB hist + TIAM interp
MDV,2015,4129505319.12921,9644.906550281465,428154.0,,,WB hist + TIAM interp
MDV,2016,4392772972.497481,9909.07669723416,443308.0,,,WB hist + TIAM interp
MDV,2017,4703536561.40931,10263.299114767187,458287.0,,,WB hist + TIAM interp
MDV,2018,5106580520.20896,10793.894132536656,473099.0,,,WB hist + TIAM interp
MDV,2019,5460112147.97969,11194.925374806378,487731.0,,,WB hist + TIAM interp
MDV,2020,3663253190.2621303,7295.602209564545,502118.0,,,WB hist + TIAM interp
MDV,2021,5037261439.19069,9759.221936070804,516154.0,,,WB hist + TIAM interp
MDV,2022,5733717715.04974,10939.996327173778,524106.0,,,WB hist + TIAM interp
MDV,2023,6017127527.216379,11439.536434287043,525994.0,,,WB hist + TIAM interp
MDV,2024,6227390285.843911,11798.79136914604,527799.0,,,WB hist + TIAM interp
MDV,2025,6227390285.843889,11798.791369146,527799.0,,,SSP corrected + TIAM Scenario_1
MDV,2030,7471034960.200337,13493.451345617008,553678.5785074258,,,SSP corrected + TIAM Scenario_1
MDV,2035,8893434458.757915,15450.318135615822,575614.973147829,,,SSP corrected + TIAM Scenario_1
MDV,2040,10526672980.732191,17681.15036711678,595361.3176838079,,,SSP corrected + TIAM Scenario_1
MDV,2045,12306582127.691973,20068.40163705383,613231.803422221,,,SSP corrected + TIAM Scenario_1
MDV,2050,14150659673.08294,22515.95989643049,628472.4141530505,,,SSP corrected + TIAM Scenario_1
MDV,2055,16043627426.80242,25066.867342821304,640033.2042845802,,,SSP corrected + TIAM Scenario_1
MDV,2060,18078682348.47662,27937.788613345572,647104.9873947658,,,SSP corrected + TIAM Scenario_1
MDV,2065,20352077035.752293,31324.30279057792,649721.6289798482,,,SSP corrected + TIAM Scenario_1
MDV,2070,22816449099.31124,35193.19176049376,648319.9720726644,,,SSP corrected + TIAM Scenario_1
MEX,2012,1142776194808.08,9782.517763053514,116818208.0,4.0300703808091285,14.33796780879612,WB hist + TIAM interp
MEX,2013,1152513808584.62,9738.710598036618,118343573.0,4.032074475223086,14.756102631943632,WB hist + TIAM interp
MEX,2014,1181370028689.69,9862.481254442017,119784261.0,4.036879269138706,15.174237455091149,WB hist + TIAM interp
MEX,2015,1213294467716.88,10021.23861188272,121072306.0,4.046665304285193,15.592372278238662,WB hist + TIAM interp
MEX,2016,1234800030119.6997,10100.502121401503,122251351.0,4.05986188242615,16.010507101386175,WB hist + TIAM interp
MEX,2017,1257912134612.3,10193.772719345665,123400057.0,4.073807680656095,16.42864192453369,WB hist + TIAM interp
MEX,2018,1282719194577.9502,10296.869092853389,124573711.0,4.086677645815657,16.846776747681204,WB hist + TIAM interp
MEX,2019,1277682078094.17,10159.444836431836,125762982.0,4.098798325249635,17.26491157082872,WB hist + TIAM interp
MEX,2020,1170944075446.26,9234.64362317924,126799054.0,4.115658465401484,17.683046393976234,WB hist + TIAM interp
MEX,2021,1241768434200.36,9728.056800325534,127648148.0,3.8945713493626246,22.28281400525471,WB hist + TIAM interp
MEX,2022,1287835026749.8098,10013.247923614275,128613117.0,3.6730937793848817,26.88258161653319,WB hist + TIAM interp
MEX,2023,1331023107619.63,10259.176661640244,129739759.0,3.4506096161316284,31.482349227811675,WB hist + TIAM interp
MEX,2024,1350022500028.81,10316.461190221546,130861007.0,3.232089448921939,36.082116839090155,WB hist + TIAM interp
MEX,2025,1350022500028.804,10316.4611902215,130861007.0,3.0431349194798725,40.681884450368635,SSP corrected + TIAM Scenario_1
MEX,2026,,,,,40.47392084442775,SSP corrected + TIAM Scenario_1
MEX,2027,,,,,40.26595723848686,SSP corrected + TIAM Scenario_1
MEX,2028,,,,,40.05799363254598,SSP corrected + TIAM Scenario_1
MEX,2029,,,,,39.85003002660509,SSP corrected + TIAM Scenario_1
MEX,2030,1563670111825.7598,11517.810756778774,135761052.5859236,2.9016746150423196,39.64206642066421,SSP corrected + TIAM Scenario_1
MEX,2031,,,,,39.20194154164719,SSP corrected + TIAM Scenario_1
MEX,2032,,,,,38.76181666263017,SSP corrected + TIAM Scenario_1
MEX,2033,,,,,38.32169178361314,SSP corrected + TIAM Scenario_1
MEX,2034,,,,,37.88156690459612,SSP corrected + TIAM Scenario_1
MEX,2035,1792960824271.1543,12816.753324067584,139891966.314456,2.5037813766422508,37.4414420255791,SSP corrected + TIAM Scenario_1
MEX,2036,,,,,37.65979614762023,SSP corrected + TIAM Scenario_1
MEX,2037,,,,,37.878150269661354,SSP corrected + TIAM Scenario_1
MEX,2038,,,,,38.09650439170248,SSP corrected + TIAM Scenario_1
MEX,2039,,,,,38.31485851374361,SSP corrected + TIAM Scenario_1
MEX,2040,2036070302433.7817,14212.665874992754,143257452.21494696,2.231524399305529,38.533212635784736,SSP corrected + TIAM Scenario_1
MEX,2041,,,,,38.423992545646925,SSP corrected + TIAM Scenario_1
MEX,2042,,,,,38.314772455509114,SSP corrected + TIAM Scenario_1
MEX,2043,,,,,38.205552365371304,SSP corrected + TIAM Scenario_1
MEX,2044,,,,,38.09633227523349,SSP corrected + TIAM Scenario_1
MEX,2045,2299500047028.9536,15767.393171099917,145838948.9039768,2.0767977435124054,37.98711218509568,SSP corrected + TIAM Scenario_1
MEX,2046,,,,,37.42202580126482,SSP corrected + TIAM Scenario_1
MEX,2047,,,,,36.85693941743395,SSP corrected + TIAM Scenario_1
MEX,2048,,,,,36.2918530336031,SSP corrected + TIAM Scenario_1
MEX,2049,,,,,35.72676664977223,SSP corrected + TIAM Scenario_1
MEX,2050,2588478685186.832,17531.597294955616,147646483.18334448,1.453974353953435,35.16168026594137,SSP corrected + TIAM Scenario_1
MEX,2051,,,,,36.645887445710734,SSP corrected + TIAM Scenario_1
MEX,2052,,,,,38.1300946254801,SSP corrected + TIAM Scenario_1
MEX,2053,,,,,39.61430180524946,SSP corrected + TIAM Scenario_1
MEX,2054,,,,,41.098508985018825,SSP corrected + TIAM Scenario_1
MEX,2055,2900124670213.967,19504.212954309765,148692217.26648232,0.9744249071243118,42.58271616478819,SSP corrected + TIAM Scenario_1
MEX,2056,,,,,44.06692334455755,SSP corrected + TIAM Scenario_1
MEX,2057,,,,,45.551130524326915,SSP corrected + TIAM Scenario_1
MEX,2058,,,,,47.03533770409628,SSP corrected + TIAM Scenario_1
MEX,2059,,,,,48.51954488386564,SSP corrected + TIAM Scenario_1
MEX,2060,3227509280012.1626,21668.259254981876,148951018.26281255,0.5042234747766795,50.003752063635005,SSP corrected + TIAM Scenario_1
MEX,2061,,,,,49.94153899629586,SSP corrected + TIAM Scenario_1
MEX,2062,,,,,49.87932592895671,SSP corrected + TIAM Scenario_1
MEX,2063,,,,,49.81711286161756,SSP corrected + TIAM Scenario_1
MEX,2064,,,,,49.754899794278415,SSP corrected + TIAM Scenario_1
MEX,2065,3579152914698.6255,24041.52338098838,148873798.80132544,0.3511396929540471,49.69268672693927,SSP corrected + TIAM Scenario_1
MEX,2066,,,,,49.63047365960012,SSP corrected + TIAM Scenario_1
MEX,2067,,,,,49.56826059226097,SSP corrected + TIAM Scenario_1
MEX,2068,,,,,49.506047524921826,SSP corrected + TIAM Scenario_1
MEX,2069,,,,,49.44383445758268,SSP corrected + TIAM Scenario_1
MEX,2070,3949540374775.2393,26577.338869548938,148605561.8345009,0.19815139915687593,49.38162139024353,SSP corrected + TIAM Scenario_1
MHL,2012,175900000.0,3420.9144479667048,51419.0,,,WB hist + TIAM interp
MHL,2013,182600000.0,3602.9281190189618,50681.0,,,WB hist + TIAM interp
MHL,2014,180300000.0,3620.7727528315527,49796.0,,,WB hist + TIAM interp
MHL,2015,183700000.0,3764.344262295082,48800.0,,,WB hist + TIAM interp
MHL,2016,188300000.0,3946.844410907795,47709.0,,,WB hist + TIAM interp
MHL,2017,195000000.0,4190.934685894818,46529.0,,,WB hist + TIAM interp
MHL,2018,205700000.0,4542.342939163078,45285.0,,,WB hist + TIAM interp
MHL,2019,227200000.00000003,5162.815006703479,44007.0,,,WB hist + TIAM interp
MHL,2020,220900000.0,5172.575282161757,42706.0,,,WB hist + TIAM interp
MHL,2021,225670074.462891,5455.316422822322,41367.0,,,WB hist + TIAM interp
MHL,2022,224089111.328125,5591.464214590039,40077.0,,,WB hist + TIAM interp
MHL,2023,212866912.841797,5482.44553639985,38827.0,,,WB hist + TIAM interp
MHL,2024,218192687.988281,5811.033556734873,37548.0,,,WB hist + TIAM interp
MKD,2012,9085697011.49163,4708.051685359228,1929821.0,3.777876039916808,15.624833278696284,WB hist + TIAM interp
MKD,2013,9351477059.69398,4863.680886669679,1922716.0,3.709700215149848,17.800327931391145,WB hist + TIAM interp
MKD,2014,9690853712.45803,5053.750012363664,1917557.0,3.637323636541606,19.975822584086004,WB hist + TIAM interp
MKD,2015,10064519962.5655,5262.686719286719,1912430.0,3.564496918663466,22.151317236780866,WB hist + TIAM interp
MKD,2016,10351178142.8536,5429.946783583598,1906313.0,3.4930917870272777,24.326811889475728,WB hist + TIAM interp
MKD,2017,10463154366.0785,5510.818629209226,1898657.0,3.4240000829255037,26.50230654217059,WB hist + TIAM interp
MKD,2018,10764555646.4726,5698.393344844899,1889051.0,3.357811497461344,28.677801194865452,WB hist + TIAM interp
MKD,2019,11185494933.6944,5961.584753991927,1876262.0,3.296529274021756,30.85329584756031,WB hist + TIAM interp
MKD,2020,10661068595.4055,5743.726494245805,1856124.0,3.2472119591031454,33.02879050025518,WB hist + TIAM interp
MKD,2021,11141955229.994,6064.923151200198,1837114.0,3.0656049112285575,36.03026624564535,WB hist + TIAM interp
MKD,2022,11449348867.2054,6250.627209520602,1831712.0,2.85880277652552,39.03174199103553,WB hist + TIAM interp
MKD,2023,11741875752.5034,6423.992213933679,1827816.0,2.6485931854757196,42.033217736425705,WB hist + TIAM interp
MKD,2024,12093396439.499998,6628.84686594031,1824359.0,2.436899016263719,45.03469348181588,WB hist + TIAM interp
MKD,2025,12093396439.500015,6628.84686594032,1824359.0,2.2201859956950556,48.03616922720606,SSP corrected + TIAM Scenario_1
MKD,2026,,,,,45.32300225972651,SSP corrected + TIAM Scenario_1
MKD,2027,,,,,42.60983529224696,SSP corrected + TIAM Scenario_1
MKD,2028,,,,,39.8966683247674,SSP corrected + TIAM Scenario_1
MKD,2029,,,,,37.183501357287845,SSP corrected + TIAM Scenario_1
MKD,2030,14476339048.942799,7811.242825936509,1853269.623225059,1.4206865315604598,34.47033438980829,SSP corrected + TIAM Scenario_1
MKD,2031,,,,,39.361478929690215,SSP corrected + TIAM Scenario_1
MKD,2032,,,,,44.25262346957214,SSP corrected + TIAM Scenario_1
MKD,2033,,,,,49.143768009454064,SSP corrected + TIAM Scenario_1
MKD,2034,,,,,54.034912549335985,SSP corrected + TIAM Scenario_1
MKD,2035,17129731469.256926,9108.395485390143,1880653.01915502,0.9363776272244344,58.926057089217906,SSP corrected + TIAM Scenario_1
MKD,2036,,,,,58.70964254691437,SSP corrected + TIAM Scenario_1
MKD,2037,,,,,58.49322800461083,SSP corrected + TIAM Scenario_1
MKD,2038,,,,,58.27681346230728,SSP corrected + TIAM Scenario_1
MKD,2039,,,,,58.06039892000374,SSP corrected + TIAM Scenario_1
MKD,2040,19924876893.889816,10453.351613175397,1906075.4513199877,0.8984193567042916,57.8439843777002,SSP corrected + TIAM Scenario_1
MKD,2041,,,,,60.74191142552966,SSP corrected + TIAM Scenario_1
MKD,2042,,,,,63.63983847335911,SSP corrected + TIAM Scenario_1
MKD,2043,,,,,66.53776552118858,SSP corrected + TIAM Scenario_1
MKD,2044,,,,,69.43569256901803,SSP corrected + TIAM Scenario_1
MKD,2045,22704727915.42512,11766.131331635084,1929668.0680743305,0.5130839545434474,72.33361961684749,SSP corrected + TIAM Scenario_1
MKD,2046,,,,,73.34213396669794,SSP corrected + TIAM Scenario_1
MKD,2047,,,,,74.3506483165484,SSP corrected + TIAM Scenario_1
MKD,2048,,,,,75.35916266639887,SSP corrected + TIAM Scenario_1
MKD,2049,,,,,76.36767701624933,SSP corrected + TIAM Scenario_1
MKD,2050,25415940640.132458,13033.711722931115,1950015.558148062,0.2639461274051573,77.37619136609979,SSP corrected + TIAM Scenario_1
MKD,2051,,,,,76.98769399779452,SSP corrected + TIAM Scenario_1
MKD,2052,,,,,76.59919662948927,SSP corrected + TIAM Scenario_1
MKD,2053,,,,,76.210699261184,SSP corrected + TIAM Scenario_1
MKD,2054,,,,,75.82220189287875,SSP corrected + TIAM Scenario_1
MKD,2055,28168933197.691593,14328.941460352324,1965876.7729377665,0.13730913379629098,75.43370452457349,SSP corrected + TIAM Scenario_1
MKD,2056,,,,,75.04520715626822,SSP corrected + TIAM Scenario_1
MKD,2057,,,,,74.65670978796297,SSP corrected + TIAM Scenario_1
MKD,2058,,,,,74.2682124196577,SSP corrected + TIAM Scenario_1
MKD,2059,,,,,73.87971505135245,SSP corrected + TIAM Scenario_1
MKD,2060,30997651702.29468,15685.159483054396,1976240.773055784,0.012734591389268544,73.49121768304718,SSP corrected + TIAM Scenario_1
MKD,2061,,,,,74.7859529841635,SSP corrected + TIAM Scenario_1
MKD,2062,,,,,76.08068828527982,SSP corrected + TIAM Scenario_1
MKD,2063,,,,,77.37542358639612,SSP corrected + TIAM Scenario_1
MKD,2064,,,,,78.67015888751244,SSP corrected + TIAM Scenario_1
MKD,2065,33765565628.72948,17124.440909517856,1971776.2353317123,0.012955487809913891,79.96489418862876,SSP corrected + TIAM Scenario_1
MKD,2066,,,,,81.25962948974508,SSP corrected + TIAM Scenario_1
MKD,2067,,,,,82.5543647908614,SSP corrected + TIAM Scenario_1
MKD,2068,,,,,83.8491000919777,SSP corrected + TIAM Scenario_1
MKD,2069,,,,,85.14383539309402,SSP corrected + TIAM Scenario_1
MKD,2070,36349573683.77183,18606.92768889217,1953550.5426546873,0.013270210656812513,86.43857069421034,SSP corrected + TIAM Scenario_1
MLI,2012,13333713052.1336,786.3234713368547,16957033.0,0.23530460125175487,77.26144526337592,WB hist + TIAM interp
MLI,2013,13772483870.1848,788.8194482057479,17459615.0,0.252553970395372,74.83188674185922,WB hist + TIAM interp
MLI,2014,14668058747.8609,813.9756612852019,18020267.0,0.2679717393294637,72.40232822034253,WB hist + TIAM interp
MLI,2015,15583181170.4105,838.1198694010312,18593022.0,0.2822752262928577,69.97276969882581,WB hist + TIAM interp
MLI,2016,16518961030.4362,860.7530755456916,19191289.0,0.29533069372593085,67.54321117730912,WB hist + TIAM interp
MLI,2017,17406945659.5769,878.5613483774324,19813011.0,0.30723265107012604,65.11365265579242,WB hist + TIAM interp
MLI,2018,18254289663.8519,892.9783227914203,20442030.0,0.3182967198736286,62.68409413427572,WB hist + TIAM interp
MLI,2019,19167003985.6926,909.7510697033116,21068405.0,0.3287414637180678,60.254535612759014,WB hist + TIAM interp
MLI,2020,18942920941.9796,872.3894268142948,21713836.0,0.33828594354547953,57.82497709124232,WB hist + TIAM interp
MLI,2021,19530329790.3727,872.3325094198573,22388630.0,0.3383697288973136,57.25057203133363,WB hist + TIAM interp
MLI,2022,20253575064.0318,877.8178424329335,23072640.0,0.33831342350562066,56.67616697142495,WB hist + TIAM interp
MLI,2023,21210639746.3918,892.3609077603818,23769127.0,0.33808279925229,56.101761911516256,WB hist + TIAM interp
MLI,2024,22269531976.235004,909.7553179108116,24478595.0,0.33768613583310836,55.52735685160757,WB hist + TIAM interp
MLI,2025,22269531976.23504,909.755317910813,24478595.0,0.34708819359951454,54.95295179169889,SSP corrected + TIAM Scenario_1
MLI,2026,,,,,54.3463374971889,SSP corrected + TIAM Scenario_1
MLI,2027,,,,,53.73972320267891,SSP corrected + TIAM Scenario_1
MLI,2028,,,,,53.133108908168914,SSP corrected + TIAM Scenario_1
MLI,2029,,,,,52.526494613658926,SSP corrected + TIAM Scenario_1
MLI,2030,30755207336.88689,1122.616259279178,27396010.95447748,0.3609597924531898,51.91988031914894,SSP corrected + TIAM Scenario_1
MLI,2031,,,,,50.93880472298413,SSP corrected + TIAM Scenario_1
MLI,2032,,,,,49.95772912681932,SSP corrected + TIAM Scenario_1
MLI,2033,,,,,48.97665353065453,SSP corrected + TIAM Scenario_1
MLI,2034,,,,,47.99557793448972,SSP corrected + TIAM Scenario_1
MLI,2035,42224656568.24363,1394.465109615912,30280181.46676605,0.40625114373763144,47.01450233832491,SSP corrected + TIAM Scenario_1
MLI,2036,,,,,46.43217624604892,SSP corrected + TIAM Scenario_1
MLI,2037,,,,,45.84985015377293,SSP corrected + TIAM Scenario_1
MLI,2038,,,,,45.267524061496935,SSP corrected + TIAM Scenario_1
MLI,2039,,,,,44.685197969220944,SSP corrected + TIAM Scenario_1
MLI,2040,57968592873.580414,1753.0561833078486,33067162.03709983,0.4379132164830015,44.10287187694495,SSP corrected + TIAM Scenario_1
MLI,2041,,,,,44.195978736700184,SSP corrected + TIAM Scenario_1
MLI,2042,,,,,44.289085596455415,SSP corrected + TIAM Scenario_1
MLI,2043,,,,,44.382192456210646,SSP corrected + TIAM Scenario_1
MLI,2044,,,,,44.47529931596588,SSP corrected + TIAM Scenario_1
MLI,2045,79306832346.88878,2220.309855973352,35718812.909616075,0.4879106377676433,44.56840617572111,SSP corrected + TIAM Scenario_1
MLI,2046,,,,,45.1948165271801,SSP corrected + TIAM Scenario_1
MLI,2047,,,,,45.821226878639095,SSP corrected + TIAM Scenario_1
MLI,2048,,,,,46.44763723009808,SSP corrected + TIAM Scenario_1
MLI,2049,,,,,47.074047581557075,SSP corrected + TIAM Scenario_1
MLI,2050,107788376346.55212,2824.6419406235527,38160014.122978486,0.5337868074772661,47.70045793301607,SSP corrected + TIAM Scenario_1
MLI,2051,,,,,49.03421089844681,SSP corrected + TIAM Scenario_1
MLI,2052,,,,,50.36796386387755,SSP corrected + TIAM Scenario_1
MLI,2053,,,,,51.70171682930829,SSP corrected + TIAM Scenario_1
MLI,2054,,,,,53.03546979473903,SSP corrected + TIAM Scenario_1
MLI,2055,145095371955.98224,3592.3849763787493,40389705.699705794,0.37356255761529633,54.36922276016977,SSP corrected + TIAM Scenario_1
MLI,2056,,,,,55.70297572560052,SSP corrected + TIAM Scenario_1
MLI,2057,,,,,57.03672869103126,SSP corrected + TIAM Scenario_1
MLI,2058,,,,,58.370481656462,SSP corrected + TIAM Scenario_1
MLI,2059,,,,,59.70423462189274,SSP corrected + TIAM Scenario_1
MLI,2060,192888139090.55215,4551.715187459726,42377022.97849647,0.23141907391669944,61.03798758732348,SSP corrected + TIAM Scenario_1
MLI,2061,,,,,60.93244868938,SSP corrected + TIAM Scenario_1
MLI,2062,,,,,60.826909791436506,SSP corrected + TIAM Scenario_1
MLI,2063,,,,,60.721370893493024,SSP corrected + TIAM Scenario_1
MLI,2064,,,,,60.61583199554954,SSP corrected + TIAM Scenario_1
MLI,2065,252875745007.5872,5723.436989869939,44182498.28820665,0.14490712750204557,60.51029309760605,SSP corrected + TIAM Scenario_1
MLI,2066,,,,,60.40475419966257,SSP corrected + TIAM Scenario_1
MLI,2067,,,,,60.29921530171909,SSP corrected + TIAM Scenario_1
MLI,2068,,,,,60.193676403775605,SSP corrected + TIAM Scenario_1
MLI,2069,,,,,60.088137505832115,SSP corrected + TIAM Scenario_1
MLI,2070,326490051930.3366,7124.963589155568,45823399.35424587,0.06542217414754121,59.98259860788863,SSP corrected + TIAM Scenario_1
MLT,2012,9042950074.18784,21529.398216756596,420028.0,5.081210816812616,15.096854262136018,WB hist + TIAM interp
MLT,2013,9611962674.48564,22626.498139134295,424810.0,4.932743032890681,16.42103853448346,WB hist + TIAM interp
MLT,2014,10345486496.085,23866.06678513014,433481.0,4.744628527295107,17.745222806830903,WB hist + TIAM interp
MLT,2015,11340795042.0881,25529.68133377178,444220.0,4.542645692401358,19.069407079178344,WB hist + TIAM interp
MLT,2016,11803273067.5598,25969.51203520269,454505.0,4.3545435590733925,20.393591351525785,WB hist + TIAM interp
MLT,2017,13334316042.9201,28546.65973659105,467106.0,4.154066895211736,21.717775623873223,WB hist + TIAM interp
MLT,2018,14292948664.828197,29536.805237471555,483903.0,3.9297489827359895,23.041959896220668,WB hist + TIAM interp
MLT,2019,14876823596.3021,29522.66188600807,503912.0,3.696766643443725,24.36614416856811,WB hist + TIAM interp
MLT,2020,14362489738.433102,27861.820284453825,515490.0,3.5385222286933518,25.69032844091555,WB hist + TIAM interp
MLT,2021,16288744391.3981,31436.34930309389,518150.0,3.2685801677983486,26.64944492330824,WB hist + TIAM interp
MLT,2022,16693210193.3434,31430.61870702355,531113.0,2.9431718000129785,27.608561405700936,WB hist + TIAM interp
MLT,2023,18466282602.6508,33408.20050158716,552747.0,2.591961230899257,28.567677888093627,WB hist + TIAM interp
MLT,2024,19721971907.7513,34670.08159971188,568847.0,2.2892636944054385,29.52679437048632,WB hist + TIAM interp
MLT,2025,19721971907.751316,34670.0815997119,568847.0,2.0599260874137144,30.485910852879012,SSP corrected + TIAM Scenario_1
MLT,2026,,,,,31.3335577234195,SSP corrected + TIAM Scenario_1
MLT,2027,,,,,32.18120459395999,SSP corrected + TIAM Scenario_1
MLT,2028,,,,,33.02885146450048,SSP corrected + TIAM Scenario_1
MLT,2029,,,,,33.876498335040964,SSP corrected + TIAM Scenario_1
MLT,2030,22227766437.150215,38680.58909835837,574649.118725381,1.6281885226093096,34.72414520558145,SSP corrected + TIAM Scenario_1
MLT,2031,,,,,39.28947030971113,SSP corrected + TIAM Scenario_1
MLT,2032,,,,,43.8547954138408,SSP corrected + TIAM Scenario_1
MLT,2033,,,,,48.42012051797048,SSP corrected + TIAM Scenario_1
MLT,2034,,,,,52.98544562210016,SSP corrected + TIAM Scenario_1
MLT,2035,24967177202.36603,43257.6310717749,577173.9363382944,0.979496027911607,57.550770726229835,SSP corrected + TIAM Scenario_1
MLT,2036,,,,,60.501386688387505,SSP corrected + TIAM Scenario_1
MLT,2037,,,,,63.452002650545175,SSP corrected + TIAM Scenario_1
MLT,2038,,,,,66.40261861270285,SSP corrected + TIAM Scenario_1
MLT,2039,,,,,69.35323457486052,SSP corrected + TIAM Scenario_1
MLT,2040,27654507915.011185,47934.82399098109,576918.9414404519,0.3861532886304666,72.30385053701819,SSP corrected + TIAM Scenario_1
MLT,2041,,,,,74.60795847005839,SSP corrected + TIAM Scenario_1
MLT,2042,,,,,76.91206640309858,SSP corrected + TIAM Scenario_1
MLT,2043,,,,,79.21617433613878,SSP corrected + TIAM Scenario_1
MLT,2044,,,,,81.52028226917896,SSP corrected + TIAM Scenario_1
MLT,2045,30126078409.863663,52375.79037490598,575190.9077499576,0.05454677289592554,83.82439020221916,SSP corrected + TIAM Scenario_1
MLT,2046,,,,,84.24126685670011,SSP corrected + TIAM Scenario_1
MLT,2047,,,,,84.65814351118105,SSP corrected + TIAM Scenario_1
MLT,2048,,,,,85.075020165662,SSP corrected + TIAM Scenario_1
MLT,2049,,,,,85.49189682014294,SSP corrected + TIAM Scenario_1
MLT,2050,32367008671.903294,56491.78671747272,572950.698723294,0.025264027692847985,85.90877347462389,SSP corrected + TIAM Scenario_1
MLT,2051,,,,,86.41930556067057,SSP corrected + TIAM Scenario_1
MLT,2052,,,,,86.92983764671725,SSP corrected + TIAM Scenario_1
MLT,2053,,,,,87.44036973276393,SSP corrected + TIAM Scenario_1
MLT,2054,,,,,87.9509018188106,SSP corrected + TIAM Scenario_1
MLT,2055,34441282765.71687,60372.27687720061,570481.7599603157,0.016205109498790615,88.46143390485727,SSP corrected + TIAM Scenario_1
MLT,2056,,,,,88.97196599090395,SSP corrected + TIAM Scenario_1
MLT,2057,,,,,89.48249807695063,SSP corrected + TIAM Scenario_1
MLT,2058,,,,,89.99303016299731,SSP corrected + TIAM Scenario_1
MLT,2059,,,,,90.503562249044,SSP corrected + TIAM Scenario_1
MLT,2060,36488772832.4941,64293.052443660694,567538.3489447607,0.00707334836971224,91.01409433509068,SSP corrected + TIAM Scenario_1
MLT,2061,,,,,91.1468228885892,SSP corrected + TIAM Scenario_1
MLT,2062,,,,,91.27955144208777,SSP corrected + TIAM Scenario_1
MLT,2063,,,,,91.4122799955863,SSP corrected + TIAM Scenario_1
MLT,2064,,,,,91.54500854908484,SSP corrected + TIAM Scenario_1
MLT,2065,38577926941.32794,68582.8100352902,562501.4040905754,0.007336942105160245,91.6777371025834,SSP corrected + TIAM Scenario_1
MLT,2066,,,,,91.81046565608192,SSP corrected + TIAM Scenario_1
MLT,2067,,,,,91.94319420958048,SSP corrected + TIAM Scenario_1
MLT,2068,,,,,92.075922763079,SSP corrected + TIAM Scenario_1
MLT,2069,,,,,92.20865131657756,SSP corrected + TIAM Scenario_1
MLT,2070,40686425069.68795,73309.50360908506,554995.2334508208,0.0076391359077967414,92.3413798700761,SSP corrected + TIAM Scenario_1
MMR,2012,47501220127.3631,953.123081936484,49837446.0,3.5214322955354325,26.006051140658496,WB hist + TIAM interp
MMR,2013,51503673422.1907,1024.6906047465834,50262658.0,3.3386655110764716,27.320531754469908,WB hist + TIAM interp
MMR,2014,55711475877.00919,1099.2438775160483,50681634.0,3.159353813412185,28.635012368281323,WB hist + TIAM interp
MMR,2015,59607290408.43591,1166.7330554793557,51089056.0,2.983657097443519,29.949492982092735,WB hist + TIAM interp
MMR,2016,63101751664.1065,1225.3791397266773,51495696.0,2.810783165729387,31.263973595904147,WB hist + TIAM interp
MMR,2017,66973743449.82569,1290.5640902745793,51894938.0,2.640994509185981,32.57845420971556,WB hist + TIAM interp
MMR,2018,71172235146.7291,1361.5683126598535,52272247.0,2.4748363543808556,33.89293482352697,WB hist + TIAM interp
MMR,2019,75854734834.642,1440.9898823870794,52640713.0,2.311447948833907,35.20741543733839,WB hist + TIAM interp
MMR,2020,68991135074.4517,1301.3138635245011,53016522.0,2.150033134524236,36.5218960511498,WB hist + TIAM interp
MMR,2021,60700903303.7127,1136.9956605569769,53387102.0,2.1472307548950447,39.69262203560237,WB hist + TIAM interp
MMR,2022,63151698290.198,1174.766979473643,53756787.0,2.144502715182817,42.86334802005494,WB hist + TIAM interp
MMR,2023,63756973611.1702,1177.7664964717642,54133798.0,2.1415220863108484,46.03407400450751,WB hist + TIAM interp
MMR,2024,63137226235.74149,1158.4792809931546,54500091.0,2.1390032612014473,49.20479998896008,WB hist + TIAM interp
MMR,2025,63137226235.74179,1158.47928099316,54500091.0,2.1508775230606734,52.37552597341265,SSP corrected + TIAM Scenario_1
MMR,2026,,,,,52.720441732023765,SSP corrected + TIAM Scenario_1
MMR,2027,,,,,53.06535749063488,SSP corrected + TIAM Scenario_1
MMR,2028,,,,,53.410273249246,SSP corrected + TIAM Scenario_1
MMR,2029,,,,,53.75518900785711,SSP corrected + TIAM Scenario_1
MMR,2030,75946024983.3137,1384.6748964868636,54847549.54105157,1.8680306819462966,54.10010476646823,SSP corrected + TIAM Scenario_1
MMR,2031,,,,,57.89194334264819,SSP corrected + TIAM Scenario_1
MMR,2032,,,,,61.68378191882815,SSP corrected + TIAM Scenario_1
MMR,2033,,,,,65.47562049500812,SSP corrected + TIAM Scenario_1
MMR,2034,,,,,69.26745907118809,SSP corrected + TIAM Scenario_1
MMR,2035,87501446171.09006,1599.1649141467908,54716962.20760013,1.1765601135314065,73.05929764736804,SSP corrected + TIAM Scenario_1
MMR,2036,,,,,70.90819101616198,SSP corrected + TIAM Scenario_1
MMR,2037,,,,,68.75708438495593,SSP corrected + TIAM Scenario_1
MMR,2038,,,,,66.60597775374987,SSP corrected + TIAM Scenario_1
MMR,2039,,,,,64.45487112254382,SSP corrected + TIAM Scenario_1
MMR,2040,99134925399.86038,1828.2504710433032,54223929.910045855,1.0699369820757505,62.30376449133776,SSP corrected + TIAM Scenario_1
MMR,2041,,,,,63.43913668964179,SSP corrected + TIAM Scenario_1
MMR,2042,,,,,64.57450888794583,SSP corrected + TIAM Scenario_1
MMR,2043,,,,,65.70988108624987,SSP corrected + TIAM Scenario_1
MMR,2044,,,,,66.84525328455389,SSP corrected + TIAM Scenario_1
MMR,2045,111070930093.20859,2082.1932815131345,53343237.19097446,0.8880395452109817,67.98062548285793,SSP corrected + TIAM Scenario_1
MMR,2046,,,,,67.75469893343056,SSP corrected + TIAM Scenario_1
MMR,2047,,,,,67.52877238400319,SSP corrected + TIAM Scenario_1
MMR,2048,,,,,67.3028458345758,SSP corrected + TIAM Scenario_1
MMR,2049,,,,,67.07691928514843,SSP corrected + TIAM Scenario_1
MMR,2050,123126650745.80176,2358.82341036105,52198333.37458507,0.6849708057872342,66.85099273572106,SSP corrected + TIAM Scenario_1
MMR,2051,,,,,66.73071980375094,SSP corrected + TIAM Scenario_1
MMR,2052,,,,,66.61044687178082,SSP corrected + TIAM Scenario_1
MMR,2053,,,,,66.4901739398107,SSP corrected + TIAM Scenario_1
MMR,2054,,,,,66.36990100784058,SSP corrected + TIAM Scenario_1
MMR,2055,135410074388.4445,2661.885589424155,50869982.88973709,0.46553186727696155,66.24962807587046,SSP corrected + TIAM Scenario_1
MMR,2056,,,,,66.12935514390034,SSP corrected + TIAM Scenario_1
MMR,2057,,,,,66.00908221193022,SSP corrected + TIAM Scenario_1
MMR,2058,,,,,65.8888092799601,SSP corrected + TIAM Scenario_1
MMR,2059,,,,,65.76853634798998,SSP corrected + TIAM Scenario_1
MMR,2060,148096326056.1143,2997.243323061387,49410845.26459086,0.2349456219886162,65.64826341601986,SSP corrected + TIAM Scenario_1
MMR,2061,,,,,66.08392014982849,SSP corrected + TIAM Scenario_1
MMR,2062,,,,,66.51957688363711,SSP corrected + TIAM Scenario_1
MMR,2063,,,,,66.95523361744574,SSP corrected + TIAM Scenario_1
MMR,2064,,,,,67.39089035125437,SSP corrected + TIAM Scenario_1
MMR,2065,161339499601.7564,3367.5173898258818,47910517.13324589,0.14528332398411198,67.826547085063,SSP corrected + TIAM Scenario_1
MMR,2066,,,,,68.26220381887163,SSP corrected + TIAM Scenario_1
MMR,2067,,,,,68.69786055268025,SSP corrected + TIAM Scenario_1
MMR,2068,,,,,69.13351728648888,SSP corrected + TIAM Scenario_1
MMR,2069,,,,,69.56917402029751,SSP corrected + TIAM Scenario_1
MMR,2070,175533120796.8076,3781.6729391412136,46416790.56377353,0.04981681335726684,70.00483075410614,SSP corrected + TIAM Scenario_1
MNE,2012,3696429855.6999097,5948.379119529704,621418.0,0.0,15.624833278696284,WB hist + TIAM interp
MNE,2013,3821595609.09379,6138.251536080564,622587.0,0.0,17.800327931391145,WB hist + TIAM interp
MNE,2014,3912179230.87999,6272.091163810778,623744.0,0.0,19.975822584086004,WB hist + TIAM interp
MNE,2015,4010885990.83986,6421.003073459996,624651.0,0.0,22.151317236780866,WB hist + TIAM interp
MNE,2016,4148832618.1787205,6634.385088388031,625353.0,0.0,24.326811889475728,WB hist + TIAM interp
MNE,2017,4282287496.64778,6840.9115544021715,625982.0,0.0,26.50230654217059,WB hist + TIAM interp
MNE,2018,4484964786.60981,7159.47114735985,626438.0,0.0,28.677801194865452,WB hist + TIAM interp
MNE,2019,4682030356.6341,7470.295884717106,626753.0,0.0,30.85329584756031,WB hist + TIAM interp
MNE,2020,3980071397.73552,6351.954863204839,626590.0,0.0,33.02879050025518,WB hist + TIAM interp
MNE,2021,4499321890.02717,7198.30460781273,625053.0,0.0,36.03026624564535,WB hist + TIAM interp
MNE,2022,4847549017.67011,7773.603239415113,623591.0,0.0,39.03174199103553,WB hist + TIAM interp
MNE,2023,5161590831.64825,8278.028498511296,623529.0,0.0,42.033217736425705,WB hist + TIAM interp
MNE,2024,5324908668.48059,8540.008289131294,623525.0,0.0,45.03469348181588,WB hist + TIAM interp
MNE,2025,5324908668.480588,8540.00828913129,623525.0,0.0,48.03616922720606,SSP corrected + TIAM Scenario_1
MNE,2026,,,,,45.32300225972651,SSP corrected + TIAM Scenario_1
MNE,2027,,,,,42.60983529224696,SSP corrected + TIAM Scenario_1
MNE,2028,,,,,39.8966683247674,SSP corrected + TIAM Scenario_1
MNE,2029,,,,,37.183501357287845,SSP corrected + TIAM Scenario_1
MNE,2030,6051910599.474647,9588.186211775112,631184.0911102023,0.0,34.47033438980829,SSP corrected + TIAM Scenario_1
MNE,2031,,,,,39.361478929690215,SSP corrected + TIAM Scenario_1
MNE,2032,,,,,44.25262346957214,SSP corrected + TIAM Scenario_1
MNE,2033,,,,,49.143768009454064,SSP corrected + TIAM Scenario_1
MNE,2034,,,,,54.034912549335985,SSP corrected + TIAM Scenario_1
MNE,2035,6804082484.60134,10672.71998789438,637520.9405211536,0.0,58.926057089217906,SSP corrected + TIAM Scenario_1
MNE,2036,,,,,58.70964254691437,SSP corrected + TIAM Scenario_1
MNE,2037,,,,,58.49322800461083,SSP corrected + TIAM Scenario_1
MNE,2038,,,,,58.27681346230728,SSP corrected + TIAM Scenario_1
MNE,2039,,,,,58.06039892000374,SSP corrected + TIAM Scenario_1
MNE,2040,7558595760.810146,11760.706130700804,642699.1438106565,0.0,57.8439843777002,SSP corrected + TIAM Scenario_1
MNE,2041,,,,,60.74191142552966,SSP corrected + TIAM Scenario_1
MNE,2042,,,,,63.63983847335911,SSP corrected + TIAM Scenario_1
MNE,2043,,,,,66.53776552118858,SSP corrected + TIAM Scenario_1
MNE,2044,,,,,69.43569256901803,SSP corrected + TIAM Scenario_1
MNE,2045,8287353735.115775,12818.28252634219,646526.0629171547,0.0,72.33361961684749,SSP corrected + TIAM Scenario_1
MNE,2046,,,,,73.34213396669794,SSP corrected + TIAM Scenario_1
MNE,2047,,,,,74.3506483165484,SSP corrected + TIAM Scenario_1
MNE,2048,,,,,75.35916266639887,SSP corrected + TIAM Scenario_1
MNE,2049,,,,,76.36767701624933,SSP corrected + TIAM Scenario_1
MNE,2050,8995624537.452969,13858.88974875156,649086.9543329265,0.0,77.37619136609979,SSP corrected + TIAM Scenario_1
MNE,2051,,,,,76.98769399779452,SSP corrected + TIAM Scenario_1
MNE,2052,,,,,76.59919662948927,SSP corrected + TIAM Scenario_1
MNE,2053,,,,,76.210699261184,SSP corrected + TIAM Scenario_1
MNE,2054,,,,,75.82220189287875,SSP corrected + TIAM Scenario_1
MNE,2055,9744869683.72704,14981.10342525783,650477.4319425224,0.0,75.43370452457349,SSP corrected + TIAM Scenario_1
MNE,2056,,,,,75.04520715626822,SSP corrected + TIAM Scenario_1
MNE,2057,,,,,74.65670978796297,SSP corrected + TIAM Scenario_1
MNE,2058,,,,,74.2682124196577,SSP corrected + TIAM Scenario_1
MNE,2059,,,,,73.87971505135245,SSP corrected + TIAM Scenario_1
MNE,2060,10556747041.447458,16226.6420010534,650581.1270601851,0.0,73.49121768304718,SSP corrected + TIAM Scenario_1
MNE,2061,,,,,74.7859529841635,SSP corrected + TIAM Scenario_1
MNE,2062,,,,,76.08068828527982,SSP corrected + TIAM Scenario_1
MNE,2063,,,,,77.37542358639612,SSP corrected + TIAM Scenario_1
MNE,2064,,,,,78.67015888751244,SSP corrected + TIAM Scenario_1
MNE,2065,11344625140.576267,17543.151217173094,646669.7459388566,0.0,79.96489418862876,SSP corrected + TIAM Scenario_1
MNE,2066,,,,,81.25962948974508,SSP corrected + TIAM Scenario_1
MNE,2067,,,,,82.5543647908614,SSP corrected + TIAM Scenario_1
MNE,2068,,,,,83.8491000919777,SSP corrected + TIAM Scenario_1
MNE,2069,,,,,85.14383539309402,SSP corrected + TIAM Scenario_1
MNE,2070,12080992635.898731,18909.5736778533,638882.3376831529,0.0,86.43857069421034,SSP corrected + TIAM Scenario_1
MNG,2012,9422609644.69237,3318.164965970891,2839705.0,46.430193216148304,26.006051140658496,WB hist + TIAM interp
MNG,2013,10520241544.9149,3628.9070806957616,2899011.0,43.48776567888118,27.320531754469908,WB hist + TIAM interp
MNG,2014,11349786311.987497,3830.358920495944,2963113.0,40.59749672393041,28.635012368281323,WB hist + TIAM interp
MNG,2015,11619892590.694101,3838.921269899837,3026864.0,37.8340188233671,29.949492982092735,WB hist + TIAM interp
MNG,2016,11793003947.892597,3817.9196271670153,3088856.0,35.20458344235174,31.263973595904147,WB hist + TIAM interp
MNG,2017,12457761002.743198,3956.2049437134096,3148917.0,32.69865418334158,32.57845420971556,WB hist + TIAM interp
MNG,2018,13422599720.361603,4183.855664476626,3208189.0,30.29397809065552,33.89293482352697,WB hist + TIAM interp
MNG,2019,14174566537.455502,4337.816708543205,3267673.0,27.974728964103402,35.20741543733839,WB hist + TIAM interp
MNG,2020,13528524951.028702,4066.0341088279233,3327204.0,25.738044844847288,36.5218960511498,WB hist + TIAM interp
MNG,2021,13749955731.693596,4063.5366984924663,3383741.0,25.451685503173554,39.69262203560237,WB hist + TIAM interp
MNG,2022,14441951078.838,4205.885545135519,3433748.0,25.22261323557602,42.86334802005494,WB hist + TIAM interp
MNG,2023,15513848972.8704,4456.536275527276,3481145.0,25.01886125072969,46.03407400450751,WB hist + TIAM interp
MNG,2024,16308475359.187098,4626.796096442424,3524788.0,24.847017677349704,49.20479998896008,WB hist + TIAM interp
MNG,2025,16308475359.18712,4626.79609644243,3524788.0,24.984951078234722,52.37552597341265,SSP corrected + TIAM Scenario_1
MNG,2026,,,,,52.720441732023765,SSP corrected + TIAM Scenario_1
MNG,2027,,,,,53.06535749063488,SSP corrected + TIAM Scenario_1
MNG,2028,,,,,53.410273249246,SSP corrected + TIAM Scenario_1
MNG,2029,,,,,53.75518900785711,SSP corrected + TIAM Scenario_1
MNG,2030,21784087387.28797,5967.360776348036,3650539.6948061874,21.08544422689807,54.10010476646823,SSP corrected + TIAM Scenario_1
MNG,2031,,,,,57.89194334264819,SSP corrected + TIAM Scenario_1
MNG,2032,,,,,61.68378191882815,SSP corrected + TIAM Scenario_1
MNG,2033,,,,,65.47562049500812,SSP corrected + TIAM Scenario_1
MNG,2034,,,,,69.26745907118809,SSP corrected + TIAM Scenario_1
MNG,2035,27925784599.486965,7426.959357215831,3760056.202859793,12.862943409973607,73.05929764736804,SSP corrected + TIAM Scenario_1
MNG,2036,,,,,70.90819101616198,SSP corrected + TIAM Scenario_1
MNG,2037,,,,,68.75708438495593,SSP corrected + TIAM Scenario_1
MNG,2038,,,,,66.60597775374987,SSP corrected + TIAM Scenario_1
MNG,2039,,,,,64.45487112254382,SSP corrected + TIAM Scenario_1
MNG,2040,34661326139.42055,8965.912186938707,3865900.693285197,11.27449482299007,62.30376449133776,SSP corrected + TIAM Scenario_1
MNG,2041,,,,,63.43913668964179,SSP corrected + TIAM Scenario_1
MNG,2042,,,,,64.57450888794583,SSP corrected + TIAM Scenario_1
MNG,2043,,,,,65.70988108624987,SSP corrected + TIAM Scenario_1
MNG,2044,,,,,66.84525328455389,SSP corrected + TIAM Scenario_1
MNG,2045,41642976359.50802,10517.359263986946,3959451.73253708,8.988251512782867,67.98062548285793,SSP corrected + TIAM Scenario_1
MNG,2046,,,,,67.75469893343056,SSP corrected + TIAM Scenario_1
MNG,2047,,,,,67.52877238400319,SSP corrected + TIAM Scenario_1
MNG,2048,,,,,67.3028458345758,SSP corrected + TIAM Scenario_1
MNG,2049,,,,,67.07691928514843,SSP corrected + TIAM Scenario_1
MNG,2050,48567078778.7635,12052.23928849246,4029714.115047118,6.665811957970297,66.85099273572106,SSP corrected + TIAM Scenario_1
MNG,2051,,,,,66.73071980375094,SSP corrected + TIAM Scenario_1
MNG,2052,,,,,66.61044687178082,SSP corrected + TIAM Scenario_1
MNG,2053,,,,,66.4901739398107,SSP corrected + TIAM Scenario_1
MNG,2054,,,,,66.36990100784058,SSP corrected + TIAM Scenario_1
MNG,2055,55383432124.12072,13612.726922198952,4068503.867054308,4.372953606249573,66.24962807587046,SSP corrected + TIAM Scenario_1
MNG,2056,,,,,66.12935514390034,SSP corrected + TIAM Scenario_1
MNG,2057,,,,,66.00908221193022,SSP corrected + TIAM Scenario_1
MNG,2058,,,,,65.8888092799601,SSP corrected + TIAM Scenario_1
MNG,2059,,,,,65.76853634798998,SSP corrected + TIAM Scenario_1
MNG,2060,62482218648.02934,15314.601892097222,4079911.387071183,2.1376544616399036,65.64826341601986,SSP corrected + TIAM Scenario_1
MNG,2061,,,,,66.08392014982849,SSP corrected + TIAM Scenario_1
MNG,2062,,,,,66.51957688363711,SSP corrected + TIAM Scenario_1
MNG,2063,,,,,66.95523361744574,SSP corrected + TIAM Scenario_1
MNG,2064,,,,,67.39089035125437,SSP corrected + TIAM Scenario_1
MNG,2065,69905476814.92688,17136.488235048113,4079335.033881323,1.281905016598868,67.826547085063,SSP corrected + TIAM Scenario_1
MNG,2066,,,,,68.26220381887163,SSP corrected + TIAM Scenario_1
MNG,2067,,,,,68.69786055268025,SSP corrected + TIAM Scenario_1
MNG,2068,,,,,69.13351728648888,SSP corrected + TIAM Scenario_1
MNG,2069,,,,,69.56917402029751,SSP corrected + TIAM Scenario_1
MNG,2070,77328326841.39305,18996.01301374171,4070766.154216348,0.4267499638053322,70.00483075410614,SSP corrected + TIAM Scenario_1
MNP,2012,822860606.060606,15457.425819224669,53234.0,,,WB hist + TIAM interp
MNP,2013,844921212.1212121,16015.034916433757,52758.0,,,WB hist + TIAM interp
MNP,2014,880218181.818182,16869.5270385638,52178.0,,,WB hist + TIAM interp
MNP,2015,910000000.0,17665.100749310866,51514.0,,,WB hist + TIAM interp
MNP,2016,1175830303.0303,23158.57449885372,50773.0,,,WB hist + TIAM interp
MNP,2017,1448278787.8787901,28989.347022133952,49959.0,,,WB hist + TIAM interp
MNP,2018,1165903030.30303,23756.60758202478,49077.0,,,WB hist + TIAM interp
MNP,2019,1032436363.63636,21451.440163651023,48129.0,,,WB hist + TIAM interp
MNP,2020,732412121.2121211,15410.1186923944,47528.0,,,WB hist + TIAM interp
MNP,2021,768812121.212121,16365.016735394986,46979.0,,,WB hist + TIAM interp
MNP,2022,896763636.3636361,19461.86111297444,46078.0,,,WB hist + TIAM interp
MOZ,2012,13149604768.3812,540.2945177802999,24337846.0,0.16455734170881245,88.41001096365324,WB hist + TIAM interp
MOZ,2013,14013719723.485899,559.3939536856891,25051611.0,0.1654694860585484,87.65506332963693,WB hist + TIAM interp
MOZ,2014,15093136077.3533,585.2667161339823,25788475.0,0.16618210861785737,86.90011569562061,WB hist + TIAM interp
MOZ,2015,16208985769.615,610.5637747065908,26547572.0,0.16671540094021112,86.1451680616043,WB hist + TIAM interp
MOZ,2016,16970320249.582802,620.7797149545572,27337105.0,0.16703286856451496,85.39022042758798,WB hist + TIAM interp
MOZ,2017,17418032489.647,618.3976943603321,28166393.0,0.16709633437371862,84.63527279357166,WB hist + TIAM interp
MOZ,2018,18025039081.8692,621.1537341947887,29018644.0,0.1670238960600568,83.88032515955535,WB hist + TIAM interp
MOZ,2019,18442825951.8799,617.1393200019509,29884380.0,0.1668802543566242,83.12537752553904,WB hist + TIAM interp
MOZ,2020,18217911539.7402,591.8040599859315,30783688.0,0.16656285277190425,82.37042989152272,WB hist + TIAM interp
MOZ,2021,18651030677.5113,588.2158546954156,31707800.0,0.16279308688986346,82.53639769925061,WB hist + TIAM interp
MOZ,2022,19465045724.7404,596.0588894614647,32656246.0,0.1591181787659423,82.70236550697851,WB hist + TIAM interp
MOZ,2023,20532020330.7663,610.4332588507473,33635160.0,0.1555097147514317,82.8683333147064,WB hist + TIAM interp
MOZ,2024,20973160980.9212,605.6047208485181,34631766.0,0.15202764668671365,83.0343011224343,WB hist + TIAM interp
MOZ,2025,20973160980.921234,605.604720848519,34631766.0,0.15302071612377832,83.2002689301622,SSP corrected + TIAM Scenario_1
MOZ,2026,,,,,83.26566433411503,SSP corrected + TIAM Scenario_1
MOZ,2027,,,,,83.33105973806786,SSP corrected + TIAM Scenario_1
MOZ,2028,,,,,83.39645514202068,SSP corrected + TIAM Scenario_1
MOZ,2029,,,,,83.46185054597352,SSP corrected + TIAM Scenario_1
MOZ,2030,28520780559.47581,761.7065962923202,37443263.191238515,0.16363186993931012,83.52724594992635,SSP corrected + TIAM Scenario_1
MOZ,2031,,,,,83.62106963975651,SSP corrected + TIAM Scenario_1
MOZ,2032,,,,,83.71489332958666,SSP corrected + TIAM Scenario_1
MOZ,2033,,,,,83.80871701941682,SSP corrected + TIAM Scenario_1
MOZ,2034,,,,,83.90254070924696,SSP corrected + TIAM Scenario_1
MOZ,2035,37930336536.89879,945.572438852814,40113623.21739895,0.17643268481339508,83.99636439907712,SSP corrected + TIAM Scenario_1
MOZ,2036,,,,,83.71369668531337,SSP corrected + TIAM Scenario_1
MOZ,2037,,,,,83.4310289715496,SSP corrected + TIAM Scenario_1
MOZ,2038,,,,,83.14836125778584,SSP corrected + TIAM Scenario_1
MOZ,2039,,,,,82.86569354402206,SSP corrected + TIAM Scenario_1
MOZ,2040,50321844294.88493,1180.874644882318,42614044.18578217,0.19879358301732022,82.58302583025831,SSP corrected + TIAM Scenario_1
MOZ,2041,,,,,82.72102751418252,SSP corrected + TIAM Scenario_1
MOZ,2042,,,,,82.85902919810674,SSP corrected + TIAM Scenario_1
MOZ,2043,,,,,82.99703088203094,SSP corrected + TIAM Scenario_1
MOZ,2044,,,,,83.13503256595516,SSP corrected + TIAM Scenario_1
MOZ,2045,66825456799.87761,1489.8282434812882,44854470.36748765,0.21563571077620794,83.27303424987937,SSP corrected + TIAM Scenario_1
MOZ,2046,,,,,83.3971941216431,SSP corrected + TIAM Scenario_1
MOZ,2047,,,,,83.5213539934068,SSP corrected + TIAM Scenario_1
MOZ,2048,,,,,83.64551386517053,SSP corrected + TIAM Scenario_1
MOZ,2049,,,,,83.76967373693424,SSP corrected + TIAM Scenario_1
MOZ,2050,88585219264.08775,1890.834589568159,46849798.36566213,0.24943571139995896,83.89383360869796,SSP corrected + TIAM Scenario_1
MOZ,2051,,,,,84.69351874831936,SSP corrected + TIAM Scenario_1
MOZ,2052,,,,,85.49320388794078,SSP corrected + TIAM Scenario_1
MOZ,2053,,,,,86.29288902756218,SSP corrected + TIAM Scenario_1
MOZ,2054,,,,,87.09257416718359,SSP corrected + TIAM Scenario_1
MOZ,2055,116829656772.63235,2401.836288687035,48641806.82210333,0.1784813036496156,87.89225930680499,SSP corrected + TIAM Scenario_1
MOZ,2056,,,,,88.6919444464264,SSP corrected + TIAM Scenario_1
MOZ,2057,,,,,89.49162958604781,SSP corrected + TIAM Scenario_1
MOZ,2058,,,,,90.2913147256692,SSP corrected + TIAM Scenario_1
MOZ,2059,,,,,91.09099986529064,SSP corrected + TIAM Scenario_1
MOZ,2060,152861636698.7877,3040.420699763971,50276475.45968043,0.11292146775946761,91.89068500491204,SSP corrected + TIAM Scenario_1
MOZ,2061,,,,,91.87394604553712,SSP corrected + TIAM Scenario_1
MOZ,2062,,,,,91.8572070861622,SSP corrected + TIAM Scenario_1
MOZ,2063,,,,,91.84046812678729,SSP corrected + TIAM Scenario_1
MOZ,2064,,,,,91.82372916741237,SSP corrected + TIAM Scenario_1
MOZ,2065,197982524551.42105,3827.959270197257,51720123.06735408,0.06181243229896059,91.80699020803743,SSP corrected + TIAM Scenario_1
MOZ,2066,,,,,91.79025124866251,SSP corrected + TIAM Scenario_1
MOZ,2067,,,,,91.7735122892876,SSP corrected + TIAM Scenario_1
MOZ,2068,,,,,91.7567733299127,SSP corrected + TIAM Scenario_1
MOZ,2069,,,,,91.74003437053778,SSP corrected + TIAM Scenario_1
MOZ,2070,253476789864.8202,4789.742264526474,52920757.7080099,0.013540996757139002,91.72329541116288,SSP corrected + TIAM Scenario_1
MRT,2012,5388639480.835962,1488.971775572145,3619034.0,0.7534901370606331,77.26144526337592,WB hist + TIAM interp
MRT,2013,5612311839.16241,1502.9014238108296,3734318.0,0.8069888151688768,74.83188674185922,WB hist + TIAM interp
MRT,2014,5852228252.666219,1520.6462163490164,3848514.0,0.857525603877374,72.40232822034253,WB hist + TIAM interp
MRT,2015,6166863896.68677,1554.948978717826,3965959.0,0.9044081710066205,69.97276969882581,WB hist + TIAM interp
MRT,2016,6244622452.803079,1528.0515229937523,4086657.0,0.9478388225569123,67.54321117730912,WB hist + TIAM interp
MRT,2017,6636194355.58626,1576.0685782516173,4210600.0,0.9880156254858411,65.11365265579242,WB hist + TIAM interp
MRT,2018,6952885074.44597,1602.9022564907248,4337685.0,1.0251516710566582,62.68409413427572,WB hist + TIAM interp
MRT,2019,7171275534.84383,1605.135235974202,4467708.0,1.0594764608305014,60.254535612759014,WB hist + TIAM interp
MRT,2020,7145411800.0896,1553.306155865909,4600131.0,1.0912902031400487,57.82497709124232,WB hist + TIAM interp
MRT,2021,7198481880.107898,1520.311180425899,4734874.0,1.0934540720571189,57.25057203133363,WB hist + TIAM interp
MRT,2022,7687691068.95683,1576.7562410730802,4875637.0,1.094145568772639,56.67616697142495,WB hist + TIAM interp
MRT,2023,8211183625.049438,1634.8989714462427,5022441.0,1.0934814328352418,56.101761911516256,WB hist + TIAM interp
MRT,2024,8729112418.520092,1688.613932291901,5169395.0,1.0928233078584648,55.52735685160757,WB hist + TIAM interp
MRT,2025,8729112418.520086,1688.6139322919,5169395.0,1.1232503428435148,54.95295179169889,SSP corrected + TIAM Scenario_1
MRT,2026,,,,,54.3463374971889,SSP corrected + TIAM Scenario_1
MRT,2027,,,,,53.73972320267891,SSP corrected + TIAM Scenario_1
MRT,2028,,,,,53.133108908168914,SSP corrected + TIAM Scenario_1
MRT,2029,,,,,52.526494613658926,SSP corrected + TIAM Scenario_1
MRT,2030,11258381349.11148,2015.5860034860425,5585661.603940306,1.2099334634401802,51.91988031914894,SSP corrected + TIAM Scenario_1
MRT,2031,,,,,50.93880472298413,SSP corrected + TIAM Scenario_1
MRT,2032,,,,,49.95772912681932,SSP corrected + TIAM Scenario_1
MRT,2033,,,,,48.97665353065453,SSP corrected + TIAM Scenario_1
MRT,2034,,,,,47.99557793448972,SSP corrected + TIAM Scenario_1
MRT,2035,14439237643.37408,2411.5903886978695,5987433.73296097,1.404113776749954,47.01450233832491,SSP corrected + TIAM Scenario_1
MRT,2036,,,,,46.43217624604892,SSP corrected + TIAM Scenario_1
MRT,2037,,,,,45.84985015377293,SSP corrected + TIAM Scenario_1
MRT,2038,,,,,45.267524061496935,SSP corrected + TIAM Scenario_1
MRT,2039,,,,,44.685197969220944,SSP corrected + TIAM Scenario_1
MRT,2040,18423272998.692074,2897.562934488697,6358195.978905644,1.5564709387555036,44.10287187694495,SSP corrected + TIAM Scenario_1
MRT,2041,,,,,44.195978736700184,SSP corrected + TIAM Scenario_1
MRT,2042,,,,,44.289085596455415,SSP corrected + TIAM Scenario_1
MRT,2043,,,,,44.382192456210646,SSP corrected + TIAM Scenario_1
MRT,2044,,,,,44.47529931596588,SSP corrected + TIAM Scenario_1
MRT,2045,23429909973.651814,3505.8935098449347,6683006.745030346,1.782195548946795,44.56840617572111,SSP corrected + TIAM Scenario_1
MRT,2046,,,,,45.1948165271801,SSP corrected + TIAM Scenario_1
MRT,2047,,,,,45.821226878639095,SSP corrected + TIAM Scenario_1
MRT,2048,,,,,46.44763723009808,SSP corrected + TIAM Scenario_1
MRT,2049,,,,,47.074047581557075,SSP corrected + TIAM Scenario_1
MRT,2050,29608684784.994953,4248.69106710511,6968895.671007009,1.9975715775517338,47.70045793301607,SSP corrected + TIAM Scenario_1
MRT,2051,,,,,49.03421089844681,SSP corrected + TIAM Scenario_1
MRT,2052,,,,,50.36796386387755,SSP corrected + TIAM Scenario_1
MRT,2053,,,,,51.70171682930829,SSP corrected + TIAM Scenario_1
MRT,2054,,,,,53.03546979473903,SSP corrected + TIAM Scenario_1
MRT,2055,37055177282.59744,5131.200492925865,7221541.495734499,1.4278877504787104,54.36922276016977,SSP corrected + TIAM Scenario_1
MRT,2056,,,,,55.70297572560052,SSP corrected + TIAM Scenario_1
MRT,2057,,,,,57.03672869103126,SSP corrected + TIAM Scenario_1
MRT,2058,,,,,58.370481656462,SSP corrected + TIAM Scenario_1
MRT,2059,,,,,59.70423462189274,SSP corrected + TIAM Scenario_1
MRT,2060,45840301548.62566,6155.702956359568,7446802.075020079,0.9000149723089024,61.03798758732348,SSP corrected + TIAM Scenario_1
MRT,2061,,,,,60.93244868938,SSP corrected + TIAM Scenario_1
MRT,2062,,,,,60.826909791436506,SSP corrected + TIAM Scenario_1
MRT,2063,,,,,60.721370893493024,SSP corrected + TIAM Scenario_1
MRT,2064,,,,,60.61583199554954,SSP corrected + TIAM Scenario_1
MRT,2065,55928086671.83556,7322.693755382719,7637638.352788453,0.5728895185280619,60.51029309760605,SSP corrected + TIAM Scenario_1
MRT,2066,,,,,60.40475419966257,SSP corrected + TIAM Scenario_1
MRT,2067,,,,,60.29921530171909,SSP corrected + TIAM Scenario_1
MRT,2068,,,,,60.193676403775605,SSP corrected + TIAM Scenario_1
MRT,2069,,,,,60.088137505832115,SSP corrected + TIAM Scenario_1
MRT,2070,67228605374.118164,8623.736670009901,7795762.782033206,0.26281104379210607,59.98259860788863,SSP corrected + TIAM Scenario_1
MUS,2012,10929718037.5047,8702.82242878288,1255882.0,,,WB hist + TIAM interp
MUS,2013,11297000949.1216,8973.51550099537,1258927.0,,,WB hist + TIAM interp
MUS,2014,11729333766.0201,9300.07878638583,1261208.0,,,WB hist + TIAM interp
MUS,2015,12162211503.0793,9630.5437837507,1262879.0,,,WB hist + TIAM interp
MUS,2016,12631973062.5133,9995.6502864207,1263747.0,,,WB hist + TIAM interp
MUS,2017,13129418116.1342,10379.91387067319,1264887.0,,,WB hist + TIAM interp
MUS,2018,13655479838.659,10789.924152113226,1265577.0,,,WB hist + TIAM interp
MUS,2019,14050298678.019798,11098.313706734123,1265985.0,,,WB hist + TIAM interp
MUS,2020,12006466620.7709,9483.676026308478,1266014.0,,,WB hist + TIAM interp
MUS,2021,12415142570.9354,9804.003186312142,1266334.0,,,WB hist + TIAM interp
MUS,2022,13494399202.0623,10688.43831127219,1262523.0,,,WB hist + TIAM interp
MUS,2023,14170187784.809704,11348.433772563185,1248647.0,,,WB hist + TIAM interp
MUS,2024,14868086969.4353,11934.770909956984,1245779.0,,,WB hist + TIAM interp
MUS,2025,14868086969.435322,11934.770909957,1245779.0,,,SSP corrected + TIAM Scenario_1
MUS,2030,17438995799.191753,13727.75890811094,1270345.43044663,,,SSP corrected + TIAM Scenario_1
MUS,2035,19943785213.595837,15472.608434302438,1288973.6916873627,,,SSP corrected + TIAM Scenario_1
MUS,2040,22468720387.36507,17269.786269323715,1301042.180659538,,,SSP corrected + TIAM Scenario_1
MUS,2045,25042212006.78371,19154.30863797579,1307393.1552472962,,,SSP corrected + TIAM Scenario_1
MUS,2050,27764472310.74524,21211.193055464835,1308953.826319167,,,SSP corrected + TIAM Scenario_1
MUS,2055,30482083593.31476,23326.99874896304,1306729.7649968702,,,SSP corrected + TIAM Scenario_1
MUS,2060,33236887047.020065,25533.995063328213,1301672.0244751165,,,SSP corrected + TIAM Scenario_1
MUS,2065,36074856327.84823,27905.517903795077,1292749.9303978926,,,SSP corrected + TIAM Scenario_1
MUS,2070,38995991435.799385,30461.092742558376,1280190.1680078788,,,SSP corrected + TIAM Scenario_1
MWI,2012,8054933506.22505,512.74031797451,15709577.0,0.15047272632644987,88.41001096365324,WB hist + TIAM interp
MWI,2013,8490733601.031821,525.3576455165571,16161816.0,0.15138620376938614,87.65506332963693,WB hist + TIAM interp
MWI,2014,8968360291.15986,539.5626019180572,16621538.0,0.15218140823631118,86.90011569562061,WB hist + TIAM interp
MWI,2015,9219474379.31534,539.6053632406858,17085587.0,0.15289507756024964,86.1451680616043,WB hist + TIAM interp
MWI,2016,9449961238.71922,538.2219908109591,17557739.0,0.1535001311479472,85.39022042758798,WB hist + TIAM interp
MWI,2017,9827959688.35226,544.7957292203486,18039715.0,0.15398959067787163,84.63527279357166,WB hist + TIAM interp
MWI,2018,10255826273.665897,553.5287909020852,18528081.0,0.15440030829039958,83.88032515955535,WB hist + TIAM interp
MWI,2019,10842133933.7208,569.866249371946,19025752.0,0.15471422669987123,83.12537752553904,WB hist + TIAM interp
MWI,2020,10928176721.5316,559.4470860860675,19533888.0,0.15492909541088606,82.37042989152272,WB hist + TIAM interp
MWI,2021,11426314939.9064,569.9689673224339,20047258.0,0.15197423578276534,82.53639769925061,WB hist + TIAM interp
MWI,2022,11531564448.65,560.635759714942,20568728.0,0.14910819135156508,82.70236550697851,WB hist + TIAM interp
MWI,2023,11755940188.7261,557.0352396579125,21104482.0,0.14628480087190293,82.8683333147064,WB hist + TIAM interp
MWI,2024,11952668098.8907,551.9515234705605,21655286.0,0.1435014094603519,83.0343011224343,WB hist + TIAM interp
MWI,2025,11952668098.89069,551.95152347056,21655286.0,0.1444387841222412,83.2002689301622,SSP corrected + TIAM Scenario_1
MWI,2026,,,,,83.26566433411503,SSP corrected + TIAM Scenario_1
MWI,2027,,,,,83.33105973806786,SSP corrected + TIAM Scenario_1
MWI,2028,,,,,83.39645514202068,SSP corrected + TIAM Scenario_1
MWI,2029,,,,,83.46185054597352,SSP corrected + TIAM Scenario_1
MWI,2030,16793813276.250874,679.8058975907819,24703835.809262324,0.14638617771096682,83.52724594992635,SSP corrected + TIAM Scenario_1
MWI,2031,,,,,83.62106963975651,SSP corrected + TIAM Scenario_1
MWI,2032,,,,,83.71489332958666,SSP corrected + TIAM Scenario_1
MWI,2033,,,,,83.80871701941682,SSP corrected + TIAM Scenario_1
MWI,2034,,,,,83.90254070924696,SSP corrected + TIAM Scenario_1
MWI,2035,23388584746.265427,836.9274607063921,27945772.894731823,0.14947814087279862,83.99636439907712,SSP corrected + TIAM Scenario_1
MWI,2036,,,,,83.71369668531337,SSP corrected + TIAM Scenario_1
MWI,2037,,,,,83.4310289715496,SSP corrected + TIAM Scenario_1
MWI,2038,,,,,83.14836125778584,SSP corrected + TIAM Scenario_1
MWI,2039,,,,,82.86569354402206,SSP corrected + TIAM Scenario_1
MWI,2040,32642210896.114758,1041.687625394105,31335891.97026808,0.15956437343270152,82.58302583025831,SSP corrected + TIAM Scenario_1
MWI,2041,,,,,82.72102751418252,SSP corrected + TIAM Scenario_1
MWI,2042,,,,,82.85902919810674,SSP corrected + TIAM Scenario_1
MWI,2043,,,,,82.99703088203094,SSP corrected + TIAM Scenario_1
MWI,2044,,,,,83.13503256595516,SSP corrected + TIAM Scenario_1
MWI,2045,45600778521.20859,1311.4530670552842,34771185.997223556,0.16418360706747287,83.27303424987937,SSP corrected + TIAM Scenario_1
MWI,2046,,,,,83.3971941216431,SSP corrected + TIAM Scenario_1
MWI,2047,,,,,83.5213539934068,SSP corrected + TIAM Scenario_1
MWI,2048,,,,,83.64551386517053,SSP corrected + TIAM Scenario_1
MWI,2049,,,,,83.76967373693424,SSP corrected + TIAM Scenario_1
MWI,2050,63557587012.379616,1664.4410547536347,38185543.92831124,0.1806301552083139,83.89383360869796,SSP corrected + TIAM Scenario_1
MWI,2051,,,,,84.69351874831936,SSP corrected + TIAM Scenario_1
MWI,2052,,,,,85.49320388794078,SSP corrected + TIAM Scenario_1
MWI,2053,,,,,86.29288902756218,SSP corrected + TIAM Scenario_1
MWI,2054,,,,,87.09257416718359,SSP corrected + TIAM Scenario_1
MWI,2055,88103889857.40663,2124.5506054627913,41469423.99529944,0.12356552086331803,87.89225930680499,SSP corrected + TIAM Scenario_1
MWI,2056,,,,,88.6919444464264,SSP corrected + TIAM Scenario_1
MWI,2057,,,,,89.49162958604781,SSP corrected + TIAM Scenario_1
MWI,2058,,,,,90.2913147256692,SSP corrected + TIAM Scenario_1
MWI,2059,,,,,91.09099986529064,SSP corrected + TIAM Scenario_1
MWI,2060,121074093819.36961,2712.865563713816,44629595.89255264,0.07508293898391155,91.89068500491204,SSP corrected + TIAM Scenario_1
MWI,2061,,,,,91.87394604553712,SSP corrected + TIAM Scenario_1
MWI,2062,,,,,91.8572070861622,SSP corrected + TIAM Scenario_1
MWI,2063,,,,,91.84046812678729,SSP corrected + TIAM Scenario_1
MWI,2064,,,,,91.82372916741237,SSP corrected + TIAM Scenario_1
MWI,2065,164658608036.0379,3455.793488813484,47647120.2833859,0.03960240897472553,91.80699020803743,SSP corrected + TIAM Scenario_1
MWI,2066,,,,,91.79025124866251,SSP corrected + TIAM Scenario_1
MWI,2067,,,,,91.7735122892876,SSP corrected + TIAM Scenario_1
MWI,2068,,,,,91.7567733299127,SSP corrected + TIAM Scenario_1
MWI,2069,,,,,91.74003437053778,SSP corrected + TIAM Scenario_1
MWI,2070,221196818693.65405,4383.260076950491,50463995.93234825,0.008381426297494088,91.72329541116288,SSP corrected + TIAM Scenario_1
MYS,2012,258378881826.47302,8710.526713599016,29662831.0,0.05716237699221857,87.04270501721462,WB hist + TIAM interp
MYS,2013,270506469604.10098,8964.80724896202,30174265.0,0.0589424187276197,86.72866523260423,WB hist + TIAM interp
MYS,2014,286755041078.03,9341.730559712776,30696137.0,0.06064249702097207,86.41462544799384,WB hist + TIAM interp
MYS,2015,301355266964.94696,9648.679793752292,31232798.0,0.06225624200327943,86.10058566338344,WB hist + TIAM interp
MYS,2016,314764917575.088,9901.479601798132,31789685.0,0.06377486486189572,85.78654587877305,WB hist + TIAM interp
MYS,2017,333061328477.268,10293.762920536152,32355644.0,0.06522290512984148,85.47250609416267,WB hist + TIAM interp
MYS,2018,349191778300.00507,10610.195024047913,32910967.0,0.06664268883915252,85.15846630955228,WB hist + TIAM interp
MYS,2019,364602265936.14,10902.983485585604,33440596.0,0.06806761360731452,84.84442652494188,WB hist + TIAM interp
MYS,2020,344706479641.244,10171.465784276208,33889558.0,0.0696134131190498,84.5303867403315,WB hist + TIAM interp
MYS,2021,356134704342.139,10388.266712085668,34282399.0,0.07442934941827804,84.05247289067427,WB hist + TIAM interp
MYS,2022,388299855024.742,11191.651175694262,34695493.0,0.07908997017738446,83.57455904101704,WB hist + TIAM interp
MYS,2023,402034268648.217,11445.392527507936,35126298.0,0.0835987430059233,83.09664519135981,WB hist + TIAM interp
MYS,2024,422559964245.24,11883.791277489952,35557673.0,0.08799684984569446,82.61873134170258,WB hist + TIAM interp
MYS,2025,422559964245.24164,11883.79127749,35557673.0,0.09340915150536229,82.14081749204536,SSP corrected + TIAM Scenario_1
MYS,2026,,,,,82.01079626821716,SSP corrected + TIAM Scenario_1
MYS,2027,,,,,81.88077504438897,SSP corrected + TIAM Scenario_1
MYS,2028,,,,,81.75075382056077,SSP corrected + TIAM Scenario_1
MYS,2029,,,,,81.62073259673258,SSP corrected + TIAM Scenario_1
MYS,2030,514177363241.3794,13662.118312567613,37635259.15072731,0.11383627277686746,81.49071137290439,SSP corrected + TIAM Scenario_1
MYS,2031,,,,,81.5880391184722,SSP corrected + TIAM Scenario_1
MYS,2032,,,,,81.68536686403999,SSP corrected + TIAM Scenario_1
MYS,2033,,,,,81.7826946096078,SSP corrected + TIAM Scenario_1
MYS,2034,,,,,81.8800223551756,SSP corrected + TIAM Scenario_1
MYS,2035,615265828834.3755,15562.584357403448,39534939.358685665,0.14515883577227714,81.97735010074341,SSP corrected + TIAM Scenario_1
MYS,2036,,,,,82.03792403663869,SSP corrected + TIAM Scenario_1
MYS,2037,,,,,82.09849797253396,SSP corrected + TIAM Scenario_1
MYS,2038,,,,,82.15907190842923,SSP corrected + TIAM Scenario_1
MYS,2039,,,,,82.2196458443245,SSP corrected + TIAM Scenario_1
MYS,2040,725150238714.825,17610.74519195839,41176578.89036694,0.1750159305200746,82.28021978021978,SSP corrected + TIAM Scenario_1
MYS,2041,,,,,82.25375238807501,SSP corrected + TIAM Scenario_1
MYS,2042,,,,,82.22728499593026,SSP corrected + TIAM Scenario_1
MYS,2043,,,,,82.2008176037855,SSP corrected + TIAM Scenario_1
MYS,2044,,,,,82.17435021164074,SSP corrected + TIAM Scenario_1
MYS,2045,839553869518.007,19710.377966554744,42594508.88981384,0.20367087543937726,82.14788281949598,SSP corrected + TIAM Scenario_1
MYS,2046,,,,,82.59189796357335,SSP corrected + TIAM Scenario_1
MYS,2047,,,,,83.03591310765071,SSP corrected + TIAM Scenario_1
MYS,2048,,,,,83.4799282517281,SSP corrected + TIAM Scenario_1
MYS,2049,,,,,83.92394339580547,SSP corrected + TIAM Scenario_1
MYS,2050,958271793730.1089,21869.72258946977,43817281.62347679,0.19286239063264274,84.36795853988284,SSP corrected + TIAM Scenario_1
MYS,2051,,,,,84.49889956921484,SSP corrected + TIAM Scenario_1
MYS,2052,,,,,84.62984059854683,SSP corrected + TIAM Scenario_1
MYS,2053,,,,,84.76078162787883,SSP corrected + TIAM Scenario_1
MYS,2054,,,,,84.89172265721083,SSP corrected + TIAM Scenario_1
MYS,2055,1085023445726.8842,24190.667204678703,44852977.24723485,0.13680645562505064,85.02266368654284,SSP corrected + TIAM Scenario_1
MYS,2056,,,,,85.15360471587483,SSP corrected + TIAM Scenario_1
MYS,2057,,,,,85.28454574520683,SSP corrected + TIAM Scenario_1
MYS,2058,,,,,85.41548677453883,SSP corrected + TIAM Scenario_1
MYS,2059,,,,,85.54642780387084,SSP corrected + TIAM Scenario_1
MYS,2060,1217951954535.925,26649.48133375319,45702651.36805176,0.08361983131233586,85.67736883320283,SSP corrected + TIAM Scenario_1
MYS,2061,,,,,85.79652825022882,SSP corrected + TIAM Scenario_1
MYS,2062,,,,,85.91568766725482,SSP corrected + TIAM Scenario_1
MYS,2063,,,,,86.03484708428081,SSP corrected + TIAM Scenario_1
MYS,2064,,,,,86.1540065013068,SSP corrected + TIAM Scenario_1
MYS,2065,1352994062952.7454,29191.248815459643,46349303.91317146,0.050920016751030514,86.27316591833278,SSP corrected + TIAM Scenario_1
MYS,2066,,,,,86.39232533535878,SSP corrected + TIAM Scenario_1
MYS,2067,,,,,86.51148475238477,SSP corrected + TIAM Scenario_1
MYS,2068,,,,,86.63064416941076,SSP corrected + TIAM Scenario_1
MYS,2069,,,,,86.74980358643674,SSP corrected + TIAM Scenario_1
MYS,2070,1489163841938.64,31815.701521996667,46805940.79967293,0.019197705463018595,86.86896300346274,SSP corrected + TIAM Scenario_1
NAM,2012,9702493818.43111,4420.967413738616,2194654.0,0.7283533855911248,88.41001096365324,WB hist + TIAM interp
NAM,2013,10247261642.7308,4549.267590938989,2252508.0,0.7345071668153635,87.65506332963693,WB hist + TIAM interp
NAM,2014,10871578021.6669,4701.956941890994,2312139.0,0.7397837532764152,86.90011569562061,WB hist + TIAM interp
NAM,2015,11335161083.5061,4774.106508657752,2374300.0,0.7440013754473377,86.1451680616043,WB hist + TIAM interp
NAM,2016,11338991738.8743,4648.627134602144,2439213.0,0.747159868339686,85.39022042758798,WB hist + TIAM interp
NAM,2017,11222512162.9739,4476.733244021049,2506853.0,0.7493385779462486,84.63527279357166,WB hist + TIAM interp
NAM,2018,11341464002.1253,4400.475377057432,2577327.0,0.7505765703568557,83.88032515955535,WB hist + TIAM interp
NAM,2019,11246291861.588,4243.092744819644,2650494.0,0.7509848573722333,83.12537752553904,WB hist + TIAM interp
NAM,2020,10335184546.1643,3787.4994397328537,2728762.0,0.7499666356991912,82.37042989152272,WB hist + TIAM interp
NAM,2021,10707646943.9364,3809.807533597149,2810548.0,0.7330268187017699,82.53639769925061,WB hist + TIAM interp
NAM,2022,11285723332.892702,3905.551352681629,2889662.0,0.7177080439627359,82.70236550697851,WB hist + TIAM interp
NAM,2023,11787126126.6129,3977.9777990961816,2963095.0,0.7045539424886049,82.8683333147064,WB hist + TIAM interp
NAM,2024,12224610619.8575,4034.350534632826,3030131.0,0.6934970358387468,83.0343011224343,WB hist + TIAM interp
NAM,2025,12224610619.857542,4034.35053463284,3030131.0,0.6980270718288826,83.2002689301622,SSP corrected + TIAM Scenario_1
NAM,2026,,,,,83.26566433411503,SSP corrected + TIAM Scenario_1
NAM,2027,,,,,83.33105973806786,SSP corrected + TIAM Scenario_1
NAM,2028,,,,,83.39645514202068,SSP corrected + TIAM Scenario_1
NAM,2029,,,,,83.46185054597352,SSP corrected + TIAM Scenario_1
NAM,2030,15118441261.916502,4744.392606799611,3186591.522853509,0.7674038787373069,83.52724594992635,SSP corrected + TIAM Scenario_1
NAM,2031,,,,,83.62106963975651,SSP corrected + TIAM Scenario_1
NAM,2032,,,,,83.71489332958666,SSP corrected + TIAM Scenario_1
NAM,2033,,,,,83.80871701941682,SSP corrected + TIAM Scenario_1
NAM,2034,,,,,83.90254070924696,SSP corrected + TIAM Scenario_1
NAM,2035,18311868488.094536,5508.202043932836,3324472.91185781,0.8496830164307918,83.99636439907712,SSP corrected + TIAM Scenario_1
NAM,2036,,,,,83.71369668531337,SSP corrected + TIAM Scenario_1
NAM,2037,,,,,83.4310289715496,SSP corrected + TIAM Scenario_1
NAM,2038,,,,,83.14836125778584,SSP corrected + TIAM Scenario_1
NAM,2039,,,,,82.86569354402206,SSP corrected + TIAM Scenario_1
NAM,2040,21862768911.232773,6353.831833984868,3440879.375229124,0.9826400650394265,82.58302583025831,SSP corrected + TIAM Scenario_1
NAM,2041,,,,,82.72102751418252,SSP corrected + TIAM Scenario_1
NAM,2042,,,,,82.85902919810674,SSP corrected + TIAM Scenario_1
NAM,2043,,,,,82.99703088203094,SSP corrected + TIAM Scenario_1
NAM,2044,,,,,83.13503256595516,SSP corrected + TIAM Scenario_1
NAM,2045,25769683457.05797,7288.264603862034,3535777.699865984,1.0918180445736394,83.27303424987937,SSP corrected + TIAM Scenario_1
NAM,2046,,,,,83.3971941216431,SSP corrected + TIAM Scenario_1
NAM,2047,,,,,83.5213539934068,SSP corrected + TIAM Scenario_1
NAM,2048,,,,,83.64551386517053,SSP corrected + TIAM Scenario_1
NAM,2049,,,,,83.76967373693424,SSP corrected + TIAM Scenario_1
NAM,2050,30004403356.28608,8299.379316880193,3615258.709197664,1.2901368451704092,83.89383360869796,SSP corrected + TIAM Scenario_1
NAM,2051,,,,,84.69351874831936,SSP corrected + TIAM Scenario_1
NAM,2052,,,,,85.49320388794078,SSP corrected + TIAM Scenario_1
NAM,2053,,,,,86.29288902756218,SSP corrected + TIAM Scenario_1
NAM,2054,,,,,87.09257416718359,SSP corrected + TIAM Scenario_1
NAM,2055,34513429218.89591,9381.867002014513,3678737.847326662,0.9419164681880898,87.89225930680499,SSP corrected + TIAM Scenario_1
NAM,2056,,,,,88.6919444464264,SSP corrected + TIAM Scenario_1
NAM,2057,,,,,89.49162958604781,SSP corrected + TIAM Scenario_1
NAM,2058,,,,,90.2913147256692,SSP corrected + TIAM Scenario_1
NAM,2059,,,,,91.09099986529064,SSP corrected + TIAM Scenario_1
NAM,2060,39250557026.232796,10524.8496251595,3729322.3584311274,0.607603429723813,91.89068500491204,SSP corrected + TIAM Scenario_1
NAM,2061,,,,,91.87394604553712,SSP corrected + TIAM Scenario_1
NAM,2062,,,,,91.8572070861622,SSP corrected + TIAM Scenario_1
NAM,2063,,,,,91.84046812678729,SSP corrected + TIAM Scenario_1
NAM,2064,,,,,91.82372916741237,SSP corrected + TIAM Scenario_1
NAM,2065,44190009799.46826,11745.50435000404,3762291.382528249,0.3391499500677179,91.80699020803743,SSP corrected + TIAM Scenario_1
NAM,2066,,,,,91.79025124866251,SSP corrected + TIAM Scenario_1
NAM,2067,,,,,91.7735122892876,SSP corrected + TIAM Scenario_1
NAM,2068,,,,,91.7567733299127,SSP corrected + TIAM Scenario_1
NAM,2069,,,,,91.74003437053778,SSP corrected + TIAM Scenario_1
NAM,2070,49296283397.9518,13045.966200169987,3778660.977774837,0.07569157836681513,91.72329541116288,SSP corrected + TIAM Scenario_1
NCL,2015,8738203074.3957,30858.723706053297,283168.0,,,WB hist + TIAM interp
NCL,2025,,,292639.0,,,SSP corrected + TIAM Scenario_1
NCL,2030,,,309195.9645278266,,,SSP corrected + TIAM Scenario_1
NCL,2035,,,324663.4968265872,,,SSP corrected + TIAM Scenario_1
NCL,2040,,,339306.4811376401,,,SSP corrected + TIAM Scenario_1
NCL,2045,,,353022.0445506618,,,SSP corrected + TIAM Scenario_1
NCL,2050,,,365638.5759015115,,,SSP corrected + TIAM Scenario_1
NCL,2055,,,377008.8460869462,,,SSP corrected + TIAM Scenario_1
NCL,2060,,,387064.4108853666,,,SSP corrected + TIAM Scenario_1
NCL,2065,,,394944.5445232058,,,SSP corrected + TIAM Scenario_1
NCL,2070,,,400719.3866645143,,,SSP corrected + TIAM Scenario_1
NER,2012,8259606009.352,463.0662654964024,17836769.0,0.08819466169811295,77.26144526337592,WB hist + TIAM interp
NER,2013,8698614858.59842,469.6902142008784,18519898.0,0.09387035806738661,74.83188674185922,WB hist + TIAM interp
NER,2014,9276388744.59484,482.74524741946055,19215909.0,0.09907577651000356,72.40232822034253,WB hist + TIAM interp
NER,2015,9683867926.44282,485.6625741752786,19939498.0,0.10377356312629611,69.97276969882581,WB hist + TIAM interp
NER,2016,10239808436.943302,495.0174372160057,20685753.0,0.10802383666181951,67.54321117730912,WB hist + TIAM interp
NER,2017,10752347793.0235,501.6153054629001,21435446.0,0.11196016412197966,65.11365265579242,WB hist + TIAM interp
NER,2018,11527744540.163,519.5469934838854,22188069.0,0.1156151849481323,62.68409413427572,WB hist + TIAM interp
NER,2019,12212475570.6373,532.1860245703883,22947757.0,0.1189937365105448,60.254535612759014,WB hist + TIAM interp
NER,2020,12646096746.888098,533.1943289102533,23717613.0,0.12210339205952549,57.82497709124232,WB hist + TIAM interp
NER,2021,12821067681.4111,523.2631795186502,24502140.0,0.121897053269982,57.25057203133363,WB hist + TIAM interp
NER,2022,14346774735.502598,566.7979629838653,25311973.0,0.12158184313652734,56.67616697142495,WB hist + TIAM interp
NER,2023,14586026438.198097,557.5726527278636,26159867.0,0.12110971346740693,56.101761911516256,WB hist + TIAM interp
NER,2024,16088387161.4462,595.1517445593164,27032412.0,0.1205571912217427,55.52735685160757,WB hist + TIAM interp
NER,2025,16088387161.446188,595.151744559316,27032412.0,0.12391381607465848,54.95295179169889,SSP corrected + TIAM Scenario_1
NER,2026,,,,,54.3463374971889,SSP corrected + TIAM Scenario_1
NER,2027,,,,,53.73972320267891,SSP corrected + TIAM Scenario_1
NER,2028,,,,,53.133108908168914,SSP corrected + TIAM Scenario_1
NER,2029,,,,,52.526494613658926,SSP corrected + TIAM Scenario_1
NER,2030,22327100784.786663,708.9595860367818,31492769.43922767,0.12379796544539955,51.91988031914894,SSP corrected + TIAM Scenario_1
NER,2031,,,,,50.93880472298413,SSP corrected + TIAM Scenario_1
NER,2032,,,,,49.95772912681932,SSP corrected + TIAM Scenario_1
NER,2033,,,,,48.97665353065453,SSP corrected + TIAM Scenario_1
NER,2034,,,,,47.99557793448972,SSP corrected + TIAM Scenario_1
NER,2035,31067858614.11986,851.9195830610813,36468064.86416024,0.13298986746258565,47.01450233832491,SSP corrected + TIAM Scenario_1
NER,2036,,,,,46.43217624604892,SSP corrected + TIAM Scenario_1
NER,2037,,,,,45.84985015377293,SSP corrected + TIAM Scenario_1
NER,2038,,,,,45.267524061496935,SSP corrected + TIAM Scenario_1
NER,2039,,,,,44.685197969220944,SSP corrected + TIAM Scenario_1
NER,2040,43725651668.854324,1043.2747131691906,41911925.13046487,0.136215198666213,44.10287187694495,SSP corrected + TIAM Scenario_1
NER,2041,,,,,44.195978736700184,SSP corrected + TIAM Scenario_1
NER,2042,,,,,44.289085596455415,SSP corrected + TIAM Scenario_1
NER,2043,,,,,44.382192456210646,SSP corrected + TIAM Scenario_1
NER,2044,,,,,44.47529931596588,SSP corrected + TIAM Scenario_1
NER,2045,62085311968.75013,1300.6200506236194,47735164.423292994,0.14393853652316244,44.56840617572111,SSP corrected + TIAM Scenario_1
NER,2046,,,,,45.1948165271801,SSP corrected + TIAM Scenario_1
NER,2047,,,,,45.821226878639095,SSP corrected + TIAM Scenario_1
NER,2048,,,,,46.44763723009808,SSP corrected + TIAM Scenario_1
NER,2049,,,,,47.074047581557075,SSP corrected + TIAM Scenario_1
NER,2050,88689572302.76181,1648.2634830455825,53807885.2168013,0.14924804149841492,47.70045793301607,SSP corrected + TIAM Scenario_1
NER,2051,,,,,49.03421089844681,SSP corrected + TIAM Scenario_1
NER,2052,,,,,50.36796386387755,SSP corrected + TIAM Scenario_1
NER,2053,,,,,51.70171682930829,SSP corrected + TIAM Scenario_1
NER,2054,,,,,53.03546979473903,SSP corrected + TIAM Scenario_1
NER,2055,126867001674.05527,2123.3399068061494,59748795.40830747,0.09955958473895758,54.36922276016977,SSP corrected + TIAM Scenario_1
NER,2056,,,,,55.70297572560052,SSP corrected + TIAM Scenario_1
NER,2057,,,,,57.03672869103126,SSP corrected + TIAM Scenario_1
NER,2058,,,,,58.370481656462,SSP corrected + TIAM Scenario_1
NER,2059,,,,,59.70423462189274,SSP corrected + TIAM Scenario_1
NER,2060,180813382465.93323,2759.8897379167975,65514712.41108844,0.059015889575584145,61.03798758732348,SSP corrected + TIAM Scenario_1
NER,2061,,,,,60.93244868938,SSP corrected + TIAM Scenario_1
NER,2062,,,,,60.826909791436506,SSP corrected + TIAM Scenario_1
NER,2063,,,,,60.721370893493024,SSP corrected + TIAM Scenario_1
NER,2064,,,,,60.61583199554954,SSP corrected + TIAM Scenario_1
NER,2065,255662156346.66153,3588.471853125105,71245412.20074281,0.03542919746581195,60.51029309760605,SSP corrected + TIAM Scenario_1
NER,2066,,,,,60.40475419966257,SSP corrected + TIAM Scenario_1
NER,2067,,,,,60.29921530171909,SSP corrected + TIAM Scenario_1
NER,2068,,,,,60.193676403775605,SSP corrected + TIAM Scenario_1
NER,2069,,,,,60.088137505832115,SSP corrected + TIAM Scenario_1
NER,2070,356746564145.6141,4640.171639354324,76882191.40860382,0.015373215824144073,59.98259860788863,SSP corrected + TIAM Scenario_1
NGA,2012,423525315758.055,2403.653878969243,176200625.0,0.3743088879508799,74.80236113536834,WB hist + TIAM interp
NGA,2013,451780110046.799,2495.34106573749,181049443.0,0.3730847711031069,74.04364471136343,WB hist + TIAM interp
NGA,2014,480286163931.15,2583.6155695813995,185896915.0,0.3719272049242991,73.2849282873585,WB hist + TIAM interp
NGA,2015,493026682800.63007,2585.7336067179767,190671878.0,0.37096949346667685,72.52621186335357,WB hist + TIAM interp
NGA,2016,485055087455.82104,2481.8149035032648,195443700.0,0.3700645249757347,71.76749543934864,WB hist + TIAM interp
NGA,2017,488964081500.90295,2441.712364044884,200254579.0,0.3691306853962127,71.0087790153437,WB hist + TIAM interp
NGA,2018,498365674277.734,2431.778578325676,204938755.0,0.368468326061608,70.25006259133879,WB hist + TIAM interp
NGA,2019,509371727735.744,2431.535284729821,209485641.0,0.36807663585877953,69.49134616733386,WB hist + TIAM interp
NGA,2020,476930359891.9459,2228.6863142288785,213996181.0,0.36776403967695104,68.73262974332893,WB hist + TIAM interp
NGA,2021,482220722020.12994,2206.664062500666,218529286.0,0.39129217673827027,72.0755201551094,WB hist + TIAM interp
NGA,2022,503047012794.856,2254.2908041689243,223150896.0,0.41369988494242926,75.41841056688986,WB hist + TIAM interp
NGA,2023,519782610025.928,2280.9193115611524,227882945.0,0.4349873572153458,78.76130097867033,WB hist + TIAM interp
NGA,2024,540898072115.881,2324.6488120275094,232679478.0,0.4552825238846376,82.1041913904508,WB hist + TIAM interp
NGA,2025,540898072115.8811,2324.64881202751,232679478.0,0.48454466620386694,85.44708180223127,SSP corrected + TIAM Scenario_1
NGA,2026,,,,,85.64599634911156,SSP corrected + TIAM Scenario_1
NGA,2027,,,,,85.84491089599184,SSP corrected + TIAM Scenario_1
NGA,2028,,,,,86.04382544287212,SSP corrected + TIAM Scenario_1
NGA,2029,,,,,86.24273998975241,SSP corrected + TIAM Scenario_1
NGA,2030,732965238812.1459,2818.921820191882,260016164.18090427,0.5087945221280816,86.4416545366327,SSP corrected + TIAM Scenario_1
NGA,2031,,,,,86.43814413589669,SSP corrected + TIAM Scenario_1
NGA,2032,,,,,86.43463373516069,SSP corrected + TIAM Scenario_1
NGA,2033,,,,,86.43112333442467,SSP corrected + TIAM Scenario_1
NGA,2034,,,,,86.42761293368866,SSP corrected + TIAM Scenario_1
NGA,2035,978618053614.2174,3384.7440031649185,289126165.1395664,0.5833806148903184,86.42410253295266,SSP corrected + TIAM Scenario_1
NGA,2036,,,,,86.221436908517,SSP corrected + TIAM Scenario_1
NGA,2037,,,,,86.01877128408135,SSP corrected + TIAM Scenario_1
NGA,2038,,,,,85.8161056596457,SSP corrected + TIAM Scenario_1
NGA,2039,,,,,85.61344003521005,SSP corrected + TIAM Scenario_1
NGA,2040,1301302618865.9644,4071.861171944244,319584230.3839192,0.6571560172030554,85.4107744107744,SSP corrected + TIAM Scenario_1
NGA,2041,,,,,84.65184412124046,SSP corrected + TIAM Scenario_1
NGA,2042,,,,,83.89291383170651,SSP corrected + TIAM Scenario_1
NGA,2043,,,,,83.13398354217257,SSP corrected + TIAM Scenario_1
NGA,2044,,,,,82.37505325263862,SSP corrected + TIAM Scenario_1
NGA,2045,1724270845934.3843,4915.461010338468,350785174.02697384,0.684102743696765,81.61612296310469,SSP corrected + TIAM Scenario_1
NGA,2046,,,,,81.67380564340239,SSP corrected + TIAM Scenario_1
NGA,2047,,,,,81.73148832370009,SSP corrected + TIAM Scenario_1
NGA,2048,,,,,81.7891710039978,SSP corrected + TIAM Scenario_1
NGA,2049,,,,,81.8468536842955,SSP corrected + TIAM Scenario_1
NGA,2050,2274933774450.6567,5948.78779761394,382419721.7730868,0.6784247391768762,81.9045363645932,SSP corrected + TIAM Scenario_1
NGA,2051,,,,,83.05437300041407,SSP corrected + TIAM Scenario_1
NGA,2052,,,,,84.20420963623495,SSP corrected + TIAM Scenario_1
NGA,2053,,,,,85.35404627205583,SSP corrected + TIAM Scenario_1
NGA,2054,,,,,86.5038829078767,SSP corrected + TIAM Scenario_1
NGA,2055,2986918398891.133,7251.728655805471,411890535.43804544,0.4349569475041933,87.65371954369758,SSP corrected + TIAM Scenario_1
NGA,2056,,,,,88.80355617951847,SSP corrected + TIAM Scenario_1
NGA,2057,,,,,89.95339281533934,SSP corrected + TIAM Scenario_1
NGA,2058,,,,,91.10322945116022,SSP corrected + TIAM Scenario_1
NGA,2059,,,,,92.2530660869811,SSP corrected + TIAM Scenario_1
NGA,2060,3890670914693.2744,8848.046042343885,439720916.468312,0.22483874725373607,93.40290272280195,SSP corrected + TIAM Scenario_1
NGA,2061,,,,,93.38619450322804,SSP corrected + TIAM Scenario_1
NGA,2062,,,,,93.36948628365415,SSP corrected + TIAM Scenario_1
NGA,2063,,,,,93.35277806408024,SSP corrected + TIAM Scenario_1
NGA,2064,,,,,93.33606984450634,SSP corrected + TIAM Scenario_1
NGA,2065,5013347946727.394,10746.9848022476,466488790.9471049,0.10858567447496001,93.31936162493244,SSP corrected + TIAM Scenario_1
NGA,2066,,,,,93.30265340535853,SSP corrected + TIAM Scenario_1
NGA,2067,,,,,93.2859451857846,SSP corrected + TIAM Scenario_1
NGA,2068,,,,,93.2692369662107,SSP corrected + TIAM Scenario_1
NGA,2069,,,,,93.2525287466368,SSP corrected + TIAM Scenario_1
NGA,2070,6377478106424.492,12968.776066711922,491756359.55301255,0.004965263697289874,93.23582052706288,SSP corrected + TIAM Scenario_1
NIC,2012,11071852873.3639,1876.175972014901,5901287.0,0.8780475713044769,38.879500250197985,WB hist + TIAM interp
NIC,2013,11617373486.8649,1941.456285526263,5983845.0,0.8749361897764397,38.85667685180975,WB hist + TIAM interp
NIC,2014,12173318263.9174,2006.648696465338,6066492.0,0.8718967025926874,38.83385345342151,WB hist + TIAM interp
NIC,2015,12756696261.0676,2074.456206347301,6149417.0,0.8688996367780939,38.81103005503327,WB hist + TIAM interp
NIC,2016,13338803114.224503,2140.144059416067,6232666.0,0.8659373090566946,38.78820665664504,WB hist + TIAM interp
NIC,2017,13956550774.5717,2209.6327342321233,6316231.0,0.8630098948061385,38.7653832582568,WB hist + TIAM interp
NIC,2018,13487142194.608799,2107.339626162298,6400080.0,0.8601207605957095,38.74255985986856,WB hist + TIAM interp
NIC,2019,13096437236.414799,2019.915186200442,6483657.0,0.8573423153114833,38.71973646148032,WB hist + TIAM interp
NIC,2020,12803529948.2066,1950.191812184729,6565267.0,0.854890643542391,38.69691306309209,WB hist + TIAM interp
NIC,2021,14142060836.745,2128.3088139545243,6644741.0,0.8246195874389656,39.00786664522744,WB hist + TIAM interp
NIC,2022,14644146345.7189,2175.738991444056,6730654.0,0.7943034708751836,39.318820227362785,WB hist + TIAM interp
NIC,2023,15292551634.5755,2241.122354766529,6823613.0,0.7639618608002967,39.62977380949813,WB hist + TIAM interp
NIC,2024,15841222424.9421,2290.4716250599467,6916140.0,0.7344817103561021,39.94072739163348,WB hist + TIAM interp
NIC,2025,15841222424.942122,2290.47162505995,6916140.0,0.7152221597109673,40.25168097376883,SSP corrected + TIAM Scenario_1
NIC,2026,,,,,41.03311574715632,SSP corrected + TIAM Scenario_1
NIC,2027,,,,,41.81455052054381,SSP corrected + TIAM Scenario_1
NIC,2028,,,,,42.59598529393129,SSP corrected + TIAM Scenario_1
NIC,2029,,,,,43.37742006731878,SSP corrected + TIAM Scenario_1
NIC,2030,20408135530.81056,2875.0232809967106,7098424.4425789425,0.6492454271949998,44.15885484070627,SSP corrected + TIAM Scenario_1
NIC,2031,,,,,43.75068382553754,SSP corrected + TIAM Scenario_1
NIC,2032,,,,,43.34251281036882,SSP corrected + TIAM Scenario_1
NIC,2033,,,,,42.93434179520009,SSP corrected + TIAM Scenario_1
NIC,2034,,,,,42.52617078003136,SSP corrected + TIAM Scenario_1
NIC,2035,26063529601.10265,3601.987733471022,7235874.05890102,0.5916756846630484,42.11799976486264,SSP corrected + TIAM Scenario_1
NIC,2036,,,,,42.63433136242324,SSP corrected + TIAM Scenario_1
NIC,2037,,,,,43.15066295998385,SSP corrected + TIAM Scenario_1
NIC,2038,,,,,43.66699455754445,SSP corrected + TIAM Scenario_1
NIC,2039,,,,,44.18332615510506,SSP corrected + TIAM Scenario_1
NIC,2040,32968617492.17082,4501.232439359629,7324353.482367847,0.5253122054625577,44.69965775266566,SSP corrected + TIAM Scenario_1
NIC,2041,,,,,45.21361097692995,SSP corrected + TIAM Scenario_1
NIC,2042,,,,,45.72756420119425,SSP corrected + TIAM Scenario_1
NIC,2043,,,,,46.24151742545854,SSP corrected + TIAM Scenario_1
NIC,2044,,,,,46.75547064972284,SSP corrected + TIAM Scenario_1
NIC,2045,41101041216.63785,5577.719758190289,7368789.218261697,0.4908023764616209,47.26942387398713,SSP corrected + TIAM Scenario_1
NIC,2046,,,,,46.98986888073011,SSP corrected + TIAM Scenario_1
NIC,2047,,,,,46.71031388747309,SSP corrected + TIAM Scenario_1
NIC,2048,,,,,46.43075889421607,SSP corrected + TIAM Scenario_1
NIC,2049,,,,,46.151203900959054,SSP corrected + TIAM Scenario_1
NIC,2050,50519049215.30268,6853.498071531205,7371279.409146422,0.5000716074913227,45.87164890770203,SSP corrected + TIAM Scenario_1
NIC,2051,,,,,45.7537597769145,SSP corrected + TIAM Scenario_1
NIC,2052,,,,,45.63587064612697,SSP corrected + TIAM Scenario_1
NIC,2053,,,,,45.51798151533943,SSP corrected + TIAM Scenario_1
NIC,2054,,,,,45.4000923845519,SSP corrected + TIAM Scenario_1
NIC,2055,61268534199.097534,8356.22838029858,7332079.906234961,0.3683033967781835,45.282203253764365,SSP corrected + TIAM Scenario_1
NIC,2056,,,,,45.16431412297683,SSP corrected + TIAM Scenario_1
NIC,2057,,,,,45.0464249921893,SSP corrected + TIAM Scenario_1
NIC,2058,,,,,44.92853586140176,SSP corrected + TIAM Scenario_1
NIC,2059,,,,,44.81064673061423,SSP corrected + TIAM Scenario_1
NIC,2060,73187694943.58118,10087.966279477278,7254950.394954483,0.23634790495931732,44.6927575998267,SSP corrected + TIAM Scenario_1
NIC,2061,,,,,44.73681582547181,SSP corrected + TIAM Scenario_1
NIC,2062,,,,,44.78087405111692,SSP corrected + TIAM Scenario_1
NIC,2063,,,,,44.82493227676203,SSP corrected + TIAM Scenario_1
NIC,2064,,,,,44.86899050240714,SSP corrected + TIAM Scenario_1
NIC,2065,86575422437.90353,12066.082650931014,7175106.03420435,0.13956584163434932,44.913048728052246,SSP corrected + TIAM Scenario_1
NIC,2066,,,,,44.957106953697355,SSP corrected + TIAM Scenario_1
NIC,2067,,,,,45.001165179342465,SSP corrected + TIAM Scenario_1
NIC,2068,,,,,45.045223404987574,SSP corrected + TIAM Scenario_1
NIC,2069,,,,,45.08928163063269,SSP corrected + TIAM Scenario_1
NIC,2070,101457016509.88612,14300.581982381524,7094607.522608682,0.04060930750707071,45.13333985627779,SSP corrected + TIAM Scenario_1
NLD,2012,747805361887.684,44631.874538878925,16754962.0,10.941384826422212,15.096854262136018,WB hist + TIAM interp
NLD,2013,747579281182.565,44487.03063469,16804432.0,10.710991377047831,16.42103853448346,WB hist + TIAM interp
NLD,2014,759634819525.581,45042.066954583184,16865008.0,10.475047832903046,17.745222806830903,WB hist + TIAM interp
NLD,2015,775743675302.734,45793.81354346971,16939923.0,10.232124712514837,19.069407079178344,WB hist + TIAM interp
NLD,2016,794549918521.022,46655.03633820386,17030314.0,9.98226127894673,20.393591351525785,WB hist + TIAM interp
NLD,2017,816650691531.918,47670.10572532971,17131296.0,9.729017773355285,21.717775623873223,WB hist + TIAM interp
NLD,2018,835096710412.6129,48463.02997399508,17231624.0,9.479102057862693,23.041959896220668,WB hist + TIAM interp
NLD,2019,854304699526.719,49254.01588542638,17344874.0,9.225201738151691,24.36614416856811,WB hist + TIAM interp
NLD,2020,821260592382.701,47086.58041927019,17441500.0,8.983149443965717,25.69032844091555,WB hist + TIAM interp
NLD,2021,872809729132.839,49780.84405268355,17533044.0,8.297124467193035,26.64944492330824,WB hist + TIAM interp
NLD,2022,916513359459.671,51777.54315888639,17700982.0,7.585347281106553,27.608561405700936,WB hist + TIAM interp
NLD,2023,911031728184.777,50960.77450210663,17877117.0,6.883791330361602,28.567677888093627,WB hist + TIAM interp
NLD,2024,920880034447.75,51178.52569681471,17993485.0,6.216505048705351,29.52679437048632,WB hist + TIAM interp
NLD,2025,920880034447.7499,51178.5256968147,17993485.0,5.593737826560447,30.485910852879012,SSP corrected + TIAM Scenario_1
NLD,2026,,,,,31.3335577234195,SSP corrected + TIAM Scenario_1
NLD,2027,,,,,32.18120459395999,SSP corrected + TIAM Scenario_1
NLD,2028,,,,,33.02885146450048,SSP corrected + TIAM Scenario_1
NLD,2029,,,,,33.876498335040964,SSP corrected + TIAM Scenario_1
NLD,2030,993388596356.4829,54296.43330940832,18295651.03651756,4.392682864052385,34.72414520558145,SSP corrected + TIAM Scenario_1
NLD,2031,,,,,39.28947030971113,SSP corrected + TIAM Scenario_1
NLD,2032,,,,,43.8547954138408,SSP corrected + TIAM Scenario_1
NLD,2033,,,,,48.42012051797048,SSP corrected + TIAM Scenario_1
NLD,2034,,,,,52.98544562210016,SSP corrected + TIAM Scenario_1
NLD,2035,1070375697867.4464,57731.67891733943,18540526.06715313,2.6191334179363914,57.550770726229835,SSP corrected + TIAM Scenario_1
NLD,2036,,,,,60.501386688387505,SSP corrected + TIAM Scenario_1
NLD,2037,,,,,63.452002650545175,SSP corrected + TIAM Scenario_1
NLD,2038,,,,,66.40261861270285,SSP corrected + TIAM Scenario_1
NLD,2039,,,,,69.35323457486052,SSP corrected + TIAM Scenario_1
NLD,2040,1157666398547.817,61805.706747241544,18730736.358734135,1.0216213698297114,72.30385053701819,SSP corrected + TIAM Scenario_1
NLD,2041,,,,,74.60795847005839,SSP corrected + TIAM Scenario_1
NLD,2042,,,,,76.91206640309858,SSP corrected + TIAM Scenario_1
NLD,2043,,,,,79.21617433613878,SSP corrected + TIAM Scenario_1
NLD,2044,,,,,81.52028226917896,SSP corrected + TIAM Scenario_1
NLD,2045,1254999203747.1038,66481.836442899,18877324.558039516,0.14276143856674917,83.82439020221916,SSP corrected + TIAM Scenario_1
NLD,2046,,,,,84.24126685670011,SSP corrected + TIAM Scenario_1
NLD,2047,,,,,84.65814351118105,SSP corrected + TIAM Scenario_1
NLD,2048,,,,,85.075020165662,SSP corrected + TIAM Scenario_1
NLD,2049,,,,,85.49189682014294,SSP corrected + TIAM Scenario_1
NLD,2050,1356436646695.4375,71382.34069467157,19002411.99006648,0.06543067435680552,85.90877347462389,SSP corrected + TIAM Scenario_1
NLD,2051,,,,,86.41930556067057,SSP corrected + TIAM Scenario_1
NLD,2052,,,,,86.92983764671725,SSP corrected + TIAM Scenario_1
NLD,2053,,,,,87.44036973276393,SSP corrected + TIAM Scenario_1
NLD,2054,,,,,87.9509018188106,SSP corrected + TIAM Scenario_1
NLD,2055,1459953031276.8237,76349.08924635653,19122075.26884801,0.041526850449976865,88.46143390485727,SSP corrected + TIAM Scenario_1
NLD,2056,,,,,88.97196599090395,SSP corrected + TIAM Scenario_1
NLD,2057,,,,,89.48249807695063,SSP corrected + TIAM Scenario_1
NLD,2058,,,,,89.99303016299731,SSP corrected + TIAM Scenario_1
NLD,2059,,,,,90.503562249044,SSP corrected + TIAM Scenario_1
NLD,2060,1568101775843.0828,81477.77398489769,19245761.13399635,0.017916594030688106,91.01409433509068,SSP corrected + TIAM Scenario_1
NLD,2061,,,,,91.1468228885892,SSP corrected + TIAM Scenario_1
NLD,2062,,,,,91.27955144208777,SSP corrected + TIAM Scenario_1
NLD,2063,,,,,91.4122799955863,SSP corrected + TIAM Scenario_1
NLD,2064,,,,,91.54500854908484,SSP corrected + TIAM Scenario_1
NLD,2065,1680081831170.7727,86776.42325633908,19361040.339353252,0.01830966073319451,91.6777371025834,SSP corrected + TIAM Scenario_1
NLD,2066,,,,,91.81046565608192,SSP corrected + TIAM Scenario_1
NLD,2067,,,,,91.94319420958048,SSP corrected + TIAM Scenario_1
NLD,2068,,,,,92.075922763079,SSP corrected + TIAM Scenario_1
NLD,2069,,,,,92.20865131657756,SSP corrected + TIAM Scenario_1
NLD,2070,1794552593463.4985,92182.09162267984,19467475.31840533,0.018706569039118996,92.3413798700761,SSP corrected + TIAM Scenario_1
NOR,2012,369676511271.4899,73661.67858303346,5018573.0,11.200452170541709,15.096854262136018,WB hist + TIAM interp
NOR,2013,373433130118.312,73515.91449174713,5079623.0,10.864808790334978,16.42103853448346,WB hist + TIAM interp
NOR,2014,381081533571.259,74180.32387310111,5137232.0,10.544195472017506,17.745222806830903,WB hist + TIAM interp
NOR,2015,388159512245.53,74809.96580498967,5188607.0,10.24298509488561,19.069407079178344,WB hist + TIAM interp
NOR,2016,392680500171.7571,75017.49447690553,5234519.0,9.958062992098196,20.393591351525785,WB hist + TIAM interp
NOR,2017,402355151331.034,76247.41164453414,5276968.0,9.68444677065515,21.717775623873223,WB hist + TIAM interp
NOR,2018,405690399924.369,76373.64746060914,5311916.0,9.428492746791605,23.041959896220668,WB hist + TIAM interp
NOR,2019,410249333418.695,76712.28711603498,5347896.0,9.174113941011937,24.36614416856811,WB hist + TIAM interp
NOR,2020,405005642242.722,75287.2059527597,5379475.0,8.930435222730413,25.69032844091555,WB hist + TIAM interp
NOR,2021,420836044191.958,77812.71156143831,5408320.0,8.247505407164091,26.64944492330824,WB hist + TIAM interp
NOR,2022,434497344228.607,79620.16354550792,5457127.0,7.544124200801941,27.608561405700936,WB hist + TIAM interp
NOR,2023,434810705801.4719,78775.74951549432,5519601.0,6.836244013186042,28.567677888093627,WB hist + TIAM interp
NOR,2024,443929688973.891,79667.52723147764,5572279.0,6.155010313608078,29.52679437048632,WB hist + TIAM interp
NOR,2025,443929688973.89075,79667.5272314776,5572279.0,5.538403611731879,30.485910852879012,SSP corrected + TIAM Scenario_1
NOR,2026,,,,,31.3335577234195,SSP corrected + TIAM Scenario_1
NOR,2027,,,,,32.18120459395999,SSP corrected + TIAM Scenario_1
NOR,2028,,,,,33.02885146450048,SSP corrected + TIAM Scenario_1
NOR,2029,,,,,33.876498335040964,SSP corrected + TIAM Scenario_1
NOR,2030,480023450491.8655,82009.06061989158,5853297.7559242295,4.209952173352765,34.72414520558145,SSP corrected + TIAM Scenario_1
NOR,2031,,,,,39.28947030971113,SSP corrected + TIAM Scenario_1
NOR,2032,,,,,43.8547954138408,SSP corrected + TIAM Scenario_1
NOR,2033,,,,,48.42012051797048,SSP corrected + TIAM Scenario_1
NOR,2034,,,,,52.98544562210016,SSP corrected + TIAM Scenario_1
NOR,2035,516824542925.7835,84423.3342088818,6121821.031695413,2.4321990057435214,57.550770726229835,SSP corrected + TIAM Scenario_1
NOR,2036,,,,,60.501386688387505,SSP corrected + TIAM Scenario_1
NOR,2037,,,,,63.452002650545175,SSP corrected + TIAM Scenario_1
NOR,2038,,,,,66.40261861270285,SSP corrected + TIAM Scenario_1
NOR,2039,,,,,69.35323457486052,SSP corrected + TIAM Scenario_1
NOR,2040,553307478481.848,86738.50732546987,6379029.286331458,0.9197933916463181,72.30385053701819,SSP corrected + TIAM Scenario_1
NOR,2041,,,,,74.60795847005839,SSP corrected + TIAM Scenario_1
NOR,2042,,,,,76.91206640309858,SSP corrected + TIAM Scenario_1
NOR,2043,,,,,79.21617433613878,SSP corrected + TIAM Scenario_1
NOR,2044,,,,,81.52028226917896,SSP corrected + TIAM Scenario_1
NOR,2045,591901044040.1035,89242.82834336956,6632477.42174545,0.12458783507178221,83.82439020221916,SSP corrected + TIAM Scenario_1
NOR,2046,,,,,84.24126685670011,SSP corrected + TIAM Scenario_1
NOR,2047,,,,,84.65814351118105,SSP corrected + TIAM Scenario_1
NOR,2048,,,,,85.075020165662,SSP corrected + TIAM Scenario_1
NOR,2049,,,,,85.49189682014294,SSP corrected + TIAM Scenario_1
NOR,2050,638376094041.2708,92698.74271940065,6886566.90817951,0.055358895417407177,85.90877347462389,SSP corrected + TIAM Scenario_1
NOR,2051,,,,,86.41930556067057,SSP corrected + TIAM Scenario_1
NOR,2052,,,,,86.92983764671725,SSP corrected + TIAM Scenario_1
NOR,2053,,,,,87.44036973276393,SSP corrected + TIAM Scenario_1
NOR,2054,,,,,87.9509018188106,SSP corrected + TIAM Scenario_1
NOR,2055,693144528014.7125,97075.78483748608,7140241.298848123,0.034099749588699865,88.46143390485727,SSP corrected + TIAM Scenario_1
NOR,2056,,,,,88.97196599090395,SSP corrected + TIAM Scenario_1
NOR,2057,,,,,89.48249807695063,SSP corrected + TIAM Scenario_1
NOR,2058,,,,,89.99303016299731,SSP corrected + TIAM Scenario_1
NOR,2059,,,,,90.503562249044,SSP corrected + TIAM Scenario_1
NOR,2060,754061627721.3234,102073.25285665518,7387455.642079683,0.014311848145673264,91.01409433509068,SSP corrected + TIAM Scenario_1
NOR,2061,,,,,91.1468228885892,SSP corrected + TIAM Scenario_1
NOR,2062,,,,,91.27955144208777,SSP corrected + TIAM Scenario_1
NOR,2063,,,,,91.4122799955863,SSP corrected + TIAM Scenario_1
NOR,2064,,,,,91.54500854908484,SSP corrected + TIAM Scenario_1
NOR,2065,821330502239.3787,107929.33270057588,7609891.414023319,0.014283366775813803,91.6777371025834,SSP corrected + TIAM Scenario_1
NOR,2066,,,,,91.81046565608192,SSP corrected + TIAM Scenario_1
NOR,2067,,,,,91.94319420958048,SSP corrected + TIAM Scenario_1
NOR,2068,,,,,92.075922763079,SSP corrected + TIAM Scenario_1
NOR,2069,,,,,92.20865131657756,SSP corrected + TIAM Scenario_1
NOR,2070,894685547389.5956,114597.62880406703,7807190.748416632,0.01430240411015027,92.3413798700761,SSP corrected + TIAM Scenario_1
NPL,2012,21348110877.0432,775.3105784798393,27534915.0,3.003308713145672,26.006051140658496,WB hist + TIAM interp
NPL,2013,22100664484.6361,801.0390608478559,27589996.0,2.865994283710217,27.320531754469908,WB hist + TIAM interp
NPL,2014,23429242138.2095,846.6655417735994,27672370.0,2.726535223110635,28.635012368281323,WB hist + TIAM interp
NPL,2015,24360801286.7638,875.5436354748621,27823629.0,2.5814969068309654,29.949492982092735,WB hist + TIAM interp
NPL,2016,24466311259.2881,875.1889437308566,27955462.0,2.439721185386764,31.263973595904147,WB hist + TIAM interp
NPL,2017,26662720369.249203,951.8572985636418,28011258.0,2.3055177877779336,32.57845420971556,WB hist + TIAM interp
NPL,2018,28695053195.345703,1021.914922040116,28079689.0,2.170870705348597,33.89293482352697,WB hist + TIAM interp
NPL,2019,30605298792.5448,1077.1179649818766,28414064.0,2.017813958389111,35.20741543733839,WB hist + TIAM interp
NPL,2020,29880069318.726097,1031.5361878393385,28966574.0,1.8542481289683703,36.5218960511498,WB hist + TIAM interp
NPL,2021,31325711777.1674,1062.7888430628998,29475010.0,1.8326085138580839,39.69262203560237,WB hist + TIAM interp
NPL,2022,33089761144.5103,1113.5546234122326,29715436.0,1.8280429370775673,42.86334802005494,WB hist + TIAM interp
NPL,2023,33745781686.6509,1136.427693138254,29694614.0,1.8395939254138411,46.03407400450751,WB hist + TIAM interp
NPL,2024,34982690898.4415,1179.8127276838622,29651054.0,1.8525806928090016,49.20479998896008,WB hist + TIAM interp
NPL,2025,34982690898.44143,1179.81272768386,29651054.0,1.8628649353161422,52.37552597341265,SSP corrected + TIAM Scenario_1
NPL,2026,,,,,52.720441732023765,SSP corrected + TIAM Scenario_1
NPL,2027,,,,,53.06535749063488,SSP corrected + TIAM Scenario_1
NPL,2028,,,,,53.410273249246,SSP corrected + TIAM Scenario_1
NPL,2029,,,,,53.75518900785711,SSP corrected + TIAM Scenario_1
NPL,2030,45684255459.15132,1441.7605638559137,31686437.127237793,1.523619141954011,54.10010476646823,SSP corrected + TIAM Scenario_1
NPL,2031,,,,,57.89194334264819,SSP corrected + TIAM Scenario_1
NPL,2032,,,,,61.68378191882815,SSP corrected + TIAM Scenario_1
NPL,2033,,,,,65.47562049500812,SSP corrected + TIAM Scenario_1
NPL,2034,,,,,69.26745907118809,SSP corrected + TIAM Scenario_1
NPL,2035,59031884834.411705,1756.9554377293898,33598965.32760208,0.9028566288984057,73.05929764736804,SSP corrected + TIAM Scenario_1
NPL,2036,,,,,70.90819101616198,SSP corrected + TIAM Scenario_1
NPL,2037,,,,,68.75708438495593,SSP corrected + TIAM Scenario_1
NPL,2038,,,,,66.60597775374987,SSP corrected + TIAM Scenario_1
NPL,2039,,,,,64.45487112254382,SSP corrected + TIAM Scenario_1
NPL,2040,76446633670.57967,2159.7311626276537,35396365.52614737,0.7723232573081475,62.30376449133776,SSP corrected + TIAM Scenario_1
NPL,2041,,,,,63.43913668964179,SSP corrected + TIAM Scenario_1
NPL,2042,,,,,64.57450888794583,SSP corrected + TIAM Scenario_1
NPL,2043,,,,,65.70988108624987,SSP corrected + TIAM Scenario_1
NPL,2044,,,,,66.84525328455389,SSP corrected + TIAM Scenario_1
NPL,2045,98873907716.17377,2669.0019950603396,37045273.06430075,0.602542199401946,67.98062548285793,SSP corrected + TIAM Scenario_1
NPL,2046,,,,,67.75469893343056,SSP corrected + TIAM Scenario_1
NPL,2047,,,,,67.52877238400319,SSP corrected + TIAM Scenario_1
NPL,2048,,,,,67.3028458345758,SSP corrected + TIAM Scenario_1
NPL,2049,,,,,67.07691928514843,SSP corrected + TIAM Scenario_1
NPL,2050,127255363235.15747,3305.691672243674,38495835.623043865,0.4376465835515179,66.85099273572106,SSP corrected + TIAM Scenario_1
NPL,2051,,,,,66.73071980375094,SSP corrected + TIAM Scenario_1
NPL,2052,,,,,66.61044687178082,SSP corrected + TIAM Scenario_1
NPL,2053,,,,,66.4901739398107,SSP corrected + TIAM Scenario_1
NPL,2054,,,,,66.36990100784058,SSP corrected + TIAM Scenario_1
NPL,2055,162365536608.4696,4087.254579573892,39724840.58612192,0.28090368663657656,66.24962807587046,SSP corrected + TIAM Scenario_1
NPL,2056,,,,,66.12935514390034,SSP corrected + TIAM Scenario_1
NPL,2057,,,,,66.00908221193022,SSP corrected + TIAM Scenario_1
NPL,2058,,,,,65.8888092799601,SSP corrected + TIAM Scenario_1
NPL,2059,,,,,65.76853634798998,SSP corrected + TIAM Scenario_1
NPL,2060,205086092347.19415,5040.188134976428,40690166.092015,0.13443389219960422,65.64826341601986,SSP corrected + TIAM Scenario_1
NPL,2061,,,,,66.08392014982849,SSP corrected + TIAM Scenario_1
NPL,2062,,,,,66.51957688363711,SSP corrected + TIAM Scenario_1
NPL,2063,,,,,66.95523361744574,SSP corrected + TIAM Scenario_1
NPL,2064,,,,,67.39089035125437,SSP corrected + TIAM Scenario_1
NPL,2065,256249951663.19888,6192.463940227359,41380935.623791546,0.07926015468556186,67.826547085063,SSP corrected + TIAM Scenario_1
NPL,2066,,,,,68.26220381887163,SSP corrected + TIAM Scenario_1
NPL,2067,,,,,68.69786055268025,SSP corrected + TIAM Scenario_1
NPL,2068,,,,,69.13351728648888,SSP corrected + TIAM Scenario_1
NPL,2069,,,,,69.56917402029751,SSP corrected + TIAM Scenario_1
NPL,2070,316877509996.1011,7575.281575087147,41830459.6146257,0.02604755781289793,70.00483075410614,SSP corrected + TIAM Scenario_1
NRU,2012,68031022.6138793,6626.183170729453,10267.0,,,WB hist + TIAM interp
NRU,2013,70836425.608266,6735.421280618617,10517.0,,,WB hist + TIAM interp
NRU,2014,82058037.58581342,7638.990652188923,10742.0,,,WB hist + TIAM interp
NRU,2015,84863440.58019972,7747.25584993607,10954.0,,,WB hist + TIAM interp
NRU,2016,88370194.3231835,7925.577966204799,11150.0,,,WB hist + TIAM interp
NRU,2017,82759388.33440939,7308.317585165082,11324.0,,,WB hist + TIAM interp
NRU,2018,82058037.5858134,7149.781091383933,11477.0,,,WB hist + TIAM interp
NRU,2019,89071545.0717802,7687.196433225184,11587.0,,,WB hist + TIAM interp
NRU,2020,90474246.56897299,7770.698837840161,11643.0,,,WB hist + TIAM interp
NRU,2021,97487754.0549406,8325.882146634263,11709.0,,,WB hist + TIAM interp
NRU,2022,100293157.049327,8498.699860124312,11801.0,,,WB hist + TIAM interp
NRU,2023,100994507.79792401,8504.800656667285,11875.0,,,WB hist + TIAM interp
NRU,2024,102397209.295117,8570.955829506738,11947.0,,,WB hist + TIAM interp
NZL,2012,161367975232.595,36607.14939148272,4408100.0,8.531974874247409,18.391478976392087,WB hist + TIAM interp
NZL,2013,165546666710.166,37267.65869975147,4442100.0,8.392795388607649,17.982373813291613,WB hist + TIAM interp
NZL,2014,171881119396.758,38056.2646732554,4516500.0,8.181882951023592,17.573268650191135,WB hist + TIAM interp
NZL,2015,178224167087.98996,38665.37230181585,4609400.0,7.94578736947587,17.16416348709066,WB hist + TIAM interp
NZL,2016,184959455627.068,39235.36955666362,4714100.0,7.699698829771555,16.755058323990184,WB hist + TIAM interp
NZL,2017,191208740301.496,39722.60684342197,4813600.0,7.472367501659904,16.34595316088971,WB hist + TIAM interp
NZL,2018,197844796498.754,40371.54562681182,4900600.0,7.2727474510374535,15.936847997789236,WB hist + TIAM interp
NZL,2019,202429793153.827,40727.88225133835,4970300.0,7.104734947813645,15.52774283468876,WB hist + TIAM interp
NZL,2020,201807833897.729,39785.47312864305,5072400.0,6.897031398092063,15.118637671588283,WB hist + TIAM interp
NZL,2021,210960637812.92096,41490.11481983263,5084600.0,6.295520330146755,23.668973380534943,WB hist + TIAM interp
NZL,2022,218336637842.863,42965.27497547337,5081700.0,5.713816887586085,32.219309089481605,WB hist + TIAM interp
NZL,2023,221380800380.185,42573.23084234327,5200000.0,5.011846900890043,40.76964479842827,WB hist + TIAM interp
NZL,2024,224233557754.352,42408.237873163496,5287500.0,4.366393284465293,49.31998050737493,WB hist + TIAM interp
NZL,2025,224233557754.35254,42408.2378731636,5287500.0,3.803878032830687,57.87031621632159,SSP corrected + TIAM Scenario_1
NZL,2026,,,,,60.24886322005211,SSP corrected + TIAM Scenario_1
NZL,2027,,,,,62.627410223782626,SSP corrected + TIAM Scenario_1
NZL,2028,,,,,65.00595722751315,SSP corrected + TIAM Scenario_1
NZL,2029,,,,,67.38450423124367,SSP corrected + TIAM Scenario_1
NZL,2030,245981938893.2345,44744.32054734194,5497500.819863209,3.254426064507258,69.76305123497418,SSP corrected + TIAM Scenario_1
NZL,2031,,,,,70.94238426384406,SSP corrected + TIAM Scenario_1
NZL,2032,,,,,72.12171729271392,SSP corrected + TIAM Scenario_1
NZL,2033,,,,,73.3010503215838,SSP corrected + TIAM Scenario_1
NZL,2034,,,,,74.48038335045366,SSP corrected + TIAM Scenario_1
NZL,2035,270610288767.81674,47582.5587072491,5687173.958692344,2.468745419202964,75.65971637932354,SSP corrected + TIAM Scenario_1
NZL,2036,,,,,76.44972180152693,SSP corrected + TIAM Scenario_1
NZL,2037,,,,,77.23972722373033,SSP corrected + TIAM Scenario_1
NZL,2038,,,,,78.0297326459337,SSP corrected + TIAM Scenario_1
NZL,2039,,,,,78.8197380681371,SSP corrected + TIAM Scenario_1
NZL,2040,300085239335.39264,51162.894568789656,5865290.497431128,1.7266820072161884,79.60974349034049,SSP corrected + TIAM Scenario_1
NZL,2041,,,,,79.96913150929917,SSP corrected + TIAM Scenario_1
NZL,2042,,,,,80.32851952825784,SSP corrected + TIAM Scenario_1
NZL,2043,,,,,80.68790754721653,SSP corrected + TIAM Scenario_1
NZL,2044,,,,,81.0472955661752,SSP corrected + TIAM Scenario_1
NZL,2045,335243655258.64154,55572.64651978473,6032529.963086958,0.9818733779507652,81.40668358513388,SSP corrected + TIAM Scenario_1
NZL,2046,,,,,82.12425968529847,SSP corrected + TIAM Scenario_1
NZL,2047,,,,,82.84183578546306,SSP corrected + TIAM Scenario_1
NZL,2048,,,,,83.55941188562765,SSP corrected + TIAM Scenario_1
NZL,2049,,,,,84.27698798579225,SSP corrected + TIAM Scenario_1
NZL,2050,374521465340.41986,60555.43698924309,6184770.252866789,0.36724839059556913,84.99456408595684,SSP corrected + TIAM Scenario_1
NZL,2051,,,,,85.15826137184993,SSP corrected + TIAM Scenario_1
NZL,2052,,,,,85.32195865774304,SSP corrected + TIAM Scenario_1
NZL,2053,,,,,85.48565594363613,SSP corrected + TIAM Scenario_1
NZL,2054,,,,,85.64935322952923,SSP corrected + TIAM Scenario_1
NZL,2055,416709544430.1677,65929.13887769148,6320567.074343666,0.18439220238684295,85.81305051542233,SSP corrected + TIAM Scenario_1
NZL,2056,,,,,85.97674780131543,SSP corrected + TIAM Scenario_1
NZL,2057,,,,,86.14044508720852,SSP corrected + TIAM Scenario_1
NZL,2058,,,,,86.30414237310161,SSP corrected + TIAM Scenario_1
NZL,2059,,,,,86.46783965899472,SSP corrected + TIAM Scenario_1
NZL,2060,463283948648.43713,71924.95664773487,6441212.761760174,0.009249755749261481,86.63153694488781,SSP corrected + TIAM Scenario_1
NZL,2061,,,,,86.61062143944265,SSP corrected + TIAM Scenario_1
NZL,2062,,,,,86.5897059339975,SSP corrected + TIAM Scenario_1
NZL,2063,,,,,86.56879042855233,SSP corrected + TIAM Scenario_1
NZL,2064,,,,,86.54787492310717,SSP corrected + TIAM Scenario_1
NZL,2065,515196972266.55066,78731.996444757,6543679.768466728,0.006315442423650965,86.52695941766201,SSP corrected + TIAM Scenario_1
NZL,2066,,,,,86.50604391221685,SSP corrected + TIAM Scenario_1
NZL,2067,,,,,86.4851284067717,SSP corrected + TIAM Scenario_1
NZL,2068,,,,,86.46421290132653,SSP corrected + TIAM Scenario_1
NZL,2069,,,,,86.44329739588137,SSP corrected + TIAM Scenario_1
NZL,2070,571740166061.4492,86207.04956280488,6632174.154677644,0.00347892264583279,86.42238189043621,SSP corrected + TIAM Scenario_1
OMN,2012,70318260489.7491,19824.121548594572,3547106.0,23.901683485162582,5.320786333541271,WB hist + TIAM interp
OMN,2013,73994291063.383,19299.940051686877,3833913.0,22.272376874877782,6.013934125758187,WB hist + TIAM interp
OMN,2014,74950483987.16058,18726.202694697055,4002439.0,21.486624926117674,6.707081917975103,WB hist + TIAM interp
OMN,2015,78710793237.9714,18808.307792183892,4184895.0,20.69525183399767,7.400229710192019,WB hist + TIAM interp
OMN,2016,82682873555.7961,18830.605720860796,4390877.0,19.863003738207624,8.093377502408934,WB hist + TIAM interp
OMN,2017,82934277088.56459,18277.94556361503,4537396.0,19.355717818365882,8.78652529462585,WB hist + TIAM interp
OMN,2018,84001727416.2074,18269.67694355621,4597877.0,19.23346512909203,9.479673086842766,WB hist + TIAM interp
OMN,2019,83053651985.4157,18089.58666848804,4591241.0,19.39381036380501,10.172820879059682,WB hist + TIAM interp
OMN,2020,80246670660.8581,17743.885880047703,4522497.0,19.823165748854816,10.865968671276596,WB hist + TIAM interp
OMN,2021,82318780120.4001,18291.338798388795,4500424.0,18.97753844777376,14.615636948329604,WB hist + TIAM interp
OMN,2022,88892516940.1985,18792.446056530596,4730226.0,17.158531400586124,18.36530522538261,WB hist + TIAM interp
OMN,2023,90149469537.51569,17853.964511994844,5049269.0,15.233985991725534,22.114973502435618,WB hist + TIAM interp
OMN,2024,91620377320.78291,17347.291133905106,5281538.0,13.760623340405601,25.864641779488625,WB hist + TIAM interp
OMN,2025,91620377320.78287,17347.2911339051,5281538.0,12.957213777052104,29.61431005654163,SSP corrected + TIAM Scenario_1
OMN,2026,,,,,29.999789297855635,SSP corrected + TIAM Scenario_1
OMN,2027,,,,,30.38526853916964,SSP corrected + TIAM Scenario_1
OMN,2028,,,,,30.77074778048364,SSP corrected + TIAM Scenario_1
OMN,2029,,,,,31.156227021797648,SSP corrected + TIAM Scenario_1
OMN,2030,108119260145.72229,18935.50593111435,5709869.096661602,10.702290328191918,31.541706263111653,SSP corrected + TIAM Scenario_1
OMN,2031,,,,,32.73054287229533,SSP corrected + TIAM Scenario_1
OMN,2032,,,,,33.91937948147901,SSP corrected + TIAM Scenario_1
OMN,2033,,,,,35.108216090662694,SSP corrected + TIAM Scenario_1
OMN,2034,,,,,36.297052699846375,SSP corrected + TIAM Scenario_1
OMN,2035,126025348011.02501,20606.656842837583,6115759.046806694,8.132046332928127,37.48588930903006,SSP corrected + TIAM Scenario_1
OMN,2036,,,,,37.34916053233583,SSP corrected + TIAM Scenario_1
OMN,2037,,,,,37.2124317556416,SSP corrected + TIAM Scenario_1
OMN,2038,,,,,37.07570297894738,SSP corrected + TIAM Scenario_1
OMN,2039,,,,,36.93897420225315,SSP corrected + TIAM Scenario_1
OMN,2040,144614914171.8858,22232.195890303097,6504751.707183443,5.632728949098817,36.80224542555893,SSP corrected + TIAM Scenario_1
OMN,2041,,,,,37.63671770140919,SSP corrected + TIAM Scenario_1
OMN,2042,,,,,38.471189977259456,SSP corrected + TIAM Scenario_1
OMN,2043,,,,,39.30566225310971,SSP corrected + TIAM Scenario_1
OMN,2044,,,,,40.14013452895998,SSP corrected + TIAM Scenario_1
OMN,2045,162209449226.34528,23645.09032913466,6860174.648031538,4.941129357196525,40.97460680481024,SSP corrected + TIAM Scenario_1
OMN,2046,,,,,42.679716748621615,SSP corrected + TIAM Scenario_1
OMN,2047,,,,,44.38482669243299,SSP corrected + TIAM Scenario_1
OMN,2048,,,,,46.08993663624437,SSP corrected + TIAM Scenario_1
OMN,2049,,,,,47.79504658005574,SSP corrected + TIAM Scenario_1
OMN,2050,179271064999.09967,24988.242766350857,7174216.557576666,3.387539845957461,49.50015652386711,SSP corrected + TIAM Scenario_1
OMN,2051,,,,,50.5759059964259,SSP corrected + TIAM Scenario_1
OMN,2052,,,,,51.651655468984686,SSP corrected + TIAM Scenario_1
OMN,2053,,,,,52.72740494154347,SSP corrected + TIAM Scenario_1
OMN,2054,,,,,53.803154414102266,SSP corrected + TIAM Scenario_1
OMN,2055,200467836261.22678,26923.25919155202,7445897.795469338,2.200993367028121,54.87890388666105,SSP corrected + TIAM Scenario_1
OMN,2056,,,,,55.95465335921984,SSP corrected + TIAM Scenario_1
OMN,2057,,,,,57.03040283177863,SSP corrected + TIAM Scenario_1
OMN,2058,,,,,58.106152304337414,SSP corrected + TIAM Scenario_1
OMN,2059,,,,,59.18190177689621,SSP corrected + TIAM Scenario_1
OMN,2060,224506595245.23248,29228.185961567942,7681167.607884922,1.10319150668934,60.257651249454995,SSP corrected + TIAM Scenario_1
OMN,2061,,,,,60.68564254738791,SSP corrected + TIAM Scenario_1
OMN,2062,,,,,61.11363384532082,SSP corrected + TIAM Scenario_1
OMN,2063,,,,,61.54162514325374,SSP corrected + TIAM Scenario_1
OMN,2064,,,,,61.96961644118665,SSP corrected + TIAM Scenario_1
OMN,2065,250475789109.82138,31858.780569948616,7862064.543238899,0.7009912703221162,62.397607739119564,SSP corrected + TIAM Scenario_1
OMN,2066,,,,,62.82559903705248,SSP corrected + TIAM Scenario_1
OMN,2067,,,,,63.25359033498539,SSP corrected + TIAM Scenario_1
OMN,2068,,,,,63.68158163291831,SSP corrected + TIAM Scenario_1
OMN,2069,,,,,64.10957293085121,SSP corrected + TIAM Scenario_1
OMN,2070,276828833925.5683,34633.21361590225,7993160.46716667,0.31885739902660987,64.53756422878413,SSP corrected + TIAM Scenario_1
PAK,2012,264876940258.885,1275.4880689896631,207667125.0,5.571980224317416,26.006051140658496,WB hist + TIAM interp
PAK,2013,276443758787.987,1309.7008044638596,211073978.0,5.241865374150371,27.320531754469908,WB hist + TIAM interp
PAK,2014,287823367553.405,1343.3077812104254,214264647.0,4.927204064531941,28.635012368281323,WB hist + TIAM interp
PAK,2015,299963590534.7731,1380.4702083831703,217290883.0,4.625274142336777,29.949492982092735,WB hist + TIAM interp
PAK,2016,319682711890.74,1452.1865826917644,220138869.0,4.335146127360861,31.263973595904147,WB hist + TIAM interp
PAK,2017,333853050597.697,1495.2618752803232,223273967.0,4.0472180455703315,32.57845420971556,WB hist + TIAM interp
PAK,2018,354390697428.203,1561.6816981955872,226928892.0,3.7586341860339183,33.89293482352697,WB hist + TIAM interp
PAK,2019,363242090361.6469,1573.8330826936983,230800899.0,3.4759264702496817,35.20741543733839,WB hist + TIAM interp
PAK,2020,358614068499.253,1526.0059748630676,235001746.0,3.1980665246335986,36.5218960511498,WB hist + TIAM interp
PAK,2021,381973779235.3,1595.0279217542172,239477801.0,3.1561090459622245,39.69262203560237,WB hist + TIAM interp
PAK,2022,400224894618.857,1642.2806697482572,243700667.0,3.118928234092339,42.86334802005494,WB hist + TIAM interp
PAK,2023,398564217461.77405,1610.3312283753637,247504495.0,3.088233722396149,46.03407400450751,WB hist + TIAM interp
PAK,2024,410716372191.504,1634.5673526079947,251269164.0,3.058945047605693,49.20479998896008,WB hist + TIAM interp
PAK,2025,410716372191.50287,1634.56735260799,251269164.0,3.0759261879186113,52.37552597341265,SSP corrected + TIAM Scenario_1
PAK,2026,,,,,52.720441732023765,SSP corrected + TIAM Scenario_1
PAK,2027,,,,,53.06535749063488,SSP corrected + TIAM Scenario_1
PAK,2028,,,,,53.410273249246,SSP corrected + TIAM Scenario_1
PAK,2029,,,,,53.75518900785711,SSP corrected + TIAM Scenario_1
PAK,2030,521808019283.4997,1942.0405584732357,268690587.8493737,2.514148792662642,54.10010476646823,SSP corrected + TIAM Scenario_1
PAK,2031,,,,,57.89194334264819,SSP corrected + TIAM Scenario_1
PAK,2032,,,,,61.68378191882815,SSP corrected + TIAM Scenario_1
PAK,2033,,,,,65.47562049500812,SSP corrected + TIAM Scenario_1
PAK,2034,,,,,69.26745907118809,SSP corrected + TIAM Scenario_1
PAK,2035,663295166532.732,2327.6241120596287,284966615.99961114,1.4895130417162727,73.05929764736804,SSP corrected + TIAM Scenario_1
PAK,2036,,,,,70.90819101616198,SSP corrected + TIAM Scenario_1
PAK,2037,,,,,68.75708438495593,SSP corrected + TIAM Scenario_1
PAK,2038,,,,,66.60597775374987,SSP corrected + TIAM Scenario_1
PAK,2039,,,,,64.45487112254382,SSP corrected + TIAM Scenario_1
PAK,2040,843857236366.5464,2809.0253078310616,300409267.94572586,1.2733214584924457,62.30376449133776,SSP corrected + TIAM Scenario_1
PAK,2041,,,,,63.43913668964179,SSP corrected + TIAM Scenario_1
PAK,2042,,,,,64.57450888794583,SSP corrected + TIAM Scenario_1
PAK,2043,,,,,65.70988108624987,SSP corrected + TIAM Scenario_1
PAK,2044,,,,,66.84525328455389,SSP corrected + TIAM Scenario_1
PAK,2045,1067357620369.1637,3389.5989024228015,314892012.6231581,0.9918642214424994,67.98062548285793,SSP corrected + TIAM Scenario_1
PAK,2046,,,,,67.75469893343056,SSP corrected + TIAM Scenario_1
PAK,2047,,,,,67.52877238400319,SSP corrected + TIAM Scenario_1
PAK,2048,,,,,67.3028458345758,SSP corrected + TIAM Scenario_1
PAK,2049,,,,,67.07691928514843,SSP corrected + TIAM Scenario_1
PAK,2050,1336775540127.8564,4075.733191621212,327984065.0207343,0.7187504840724475,66.85099273572106,SSP corrected + TIAM Scenario_1
PAK,2051,,,,,66.73071980375094,SSP corrected + TIAM Scenario_1
PAK,2052,,,,,66.61044687178082,SSP corrected + TIAM Scenario_1
PAK,2053,,,,,66.4901739398107,SSP corrected + TIAM Scenario_1
PAK,2054,,,,,66.36990100784058,SSP corrected + TIAM Scenario_1
PAK,2055,1657034312967.0886,4889.657615185846,338885550.55896443,0.46074449078327556,66.24962807587046,SSP corrected + TIAM Scenario_1
PAK,2056,,,,,66.12935514390034,SSP corrected + TIAM Scenario_1
PAK,2057,,,,,66.00908221193022,SSP corrected + TIAM Scenario_1
PAK,2058,,,,,65.8888092799601,SSP corrected + TIAM Scenario_1
PAK,2059,,,,,65.76853634798998,SSP corrected + TIAM Scenario_1
PAK,2060,2034540936596.4375,5853.625097279403,347569395.508782,0.22021672891669858,65.64826341601986,SSP corrected + TIAM Scenario_1
PAK,2061,,,,,66.08392014982849,SSP corrected + TIAM Scenario_1
PAK,2062,,,,,66.51957688363711,SSP corrected + TIAM Scenario_1
PAK,2063,,,,,66.95523361744574,SSP corrected + TIAM Scenario_1
PAK,2064,,,,,67.39089035125437,SSP corrected + TIAM Scenario_1
PAK,2065,2476506248643.4463,6986.933376358874,354448241.48788965,0.12947800405743623,67.826547085063,SSP corrected + TIAM Scenario_1
PAK,2066,,,,,68.26220381887163,SSP corrected + TIAM Scenario_1
PAK,2067,,,,,68.69786055268025,SSP corrected + TIAM Scenario_1
PAK,2068,,,,,69.13351728648888,SSP corrected + TIAM Scenario_1
PAK,2069,,,,,69.56917402029751,SSP corrected + TIAM Scenario_1
PAK,2070,2988092939285.418,8306.458403654016,359731283.06655383,0.04238137483784338,70.00483075410614,SSP corrected + TIAM Scenario_1
PAN,2012,47623362260.14881,12668.294540235836,3759256.0,2.989411585478712,38.879500250197985,WB hist + TIAM interp
PAN,2013,50635232150.02519,13236.830649082784,3825329.0,2.9683202548066503,38.85667685180975,WB hist + TIAM interp
PAN,2014,52977523729.79839,13611.549065607083,3892101.0,2.947415718353193,38.83385345342151,WB hist + TIAM interp
PAN,2015,55767806073.17809,14082.654843499638,3960035.0,2.9263574129110195,38.81103005503327,WB hist + TIAM interp
PAN,2016,58317491742.87819,14474.124340577042,4029086.0,2.9052037833037057,38.78820665664504,WB hist + TIAM interp
PAN,2017,61667283149.93551,15045.54561961504,4098707.0,2.8843618251499565,38.7653832582568,WB hist + TIAM interp
PAN,2018,64083529457.2571,15375.643485447472,4167860.0,2.8645377042640137,38.74255985986856,WB hist + TIAM interp
PAN,2019,66072084910.0035,15602.542071458072,4234700.0,2.8469148296013227,38.71973646148032,WB hist + TIAM interp
PAN,2020,54297226728.12,12647.082655380142,4293261.0,2.8352966059439737,38.69691306309209,WB hist + TIAM interp
PAN,2021,63238418849.185,14552.940140029525,4345405.0,2.734791849244381,39.00786664522744,WB hist + TIAM interp
PAN,2022,70219021768.65489,15956.065393205898,4400773.0,2.6347389446353926,39.318820227362785,WB hist + TIAM interp
PAN,2023,75251148212.8876,16877.150842395295,4458759.0,2.5356826515032727,39.62977380949813,WB hist + TIAM interp
PAN,2024,77318963569.7031,17122.72065556696,4515577.0,2.4398006450711023,39.94072739163348,WB hist + TIAM interp
PAN,2025,77318963569.70328,17122.720655567,4515577.0,2.3758242881036873,40.25168097376883,SSP corrected + TIAM Scenario_1
PAN,2026,,,,,41.03311574715632,SSP corrected + TIAM Scenario_1
PAN,2027,,,,,41.81455052054381,SSP corrected + TIAM Scenario_1
PAN,2028,,,,,42.59598529393129,SSP corrected + TIAM Scenario_1
PAN,2029,,,,,43.37742006731878,SSP corrected + TIAM Scenario_1
PAN,2030,94335070582.78995,19865.979910410984,4748573.7430627635,2.104895352100931,44.15885484070627,SSP corrected + TIAM Scenario_1
PAN,2031,,,,,43.75068382553754,SSP corrected + TIAM Scenario_1
PAN,2032,,,,,43.34251281036882,SSP corrected + TIAM Scenario_1
PAN,2033,,,,,42.93434179520009,SSP corrected + TIAM Scenario_1
PAN,2034,,,,,42.52617078003136,SSP corrected + TIAM Scenario_1
PAN,2035,111826404758.35808,22563.184862267102,4956144.508897224,1.8734995493643931,42.11799976486264,SSP corrected + TIAM Scenario_1
PAN,2036,,,,,42.63433136242324,SSP corrected + TIAM Scenario_1
PAN,2037,,,,,43.15066295998385,SSP corrected + TIAM Scenario_1
PAN,2038,,,,,43.66699455754445,SSP corrected + TIAM Scenario_1
PAN,2039,,,,,44.18332615510506,SSP corrected + TIAM Scenario_1
PAN,2040,130089009246.80605,25309.71226350516,5139884.953745022,1.6235146861337029,44.69965775266566,SSP corrected + TIAM Scenario_1
PAN,2041,,,,,45.21361097692995,SSP corrected + TIAM Scenario_1
PAN,2042,,,,,45.72756420119425,SSP corrected + TIAM Scenario_1
PAN,2043,,,,,46.24151742545854,SSP corrected + TIAM Scenario_1
PAN,2044,,,,,46.75547064972284,SSP corrected + TIAM Scenario_1
PAN,2045,149163961805.84503,28175.096616057395,5294177.473053786,1.4815868935656689,47.26942387398713,SSP corrected + TIAM Scenario_1
PAN,2046,,,,,46.98986888073011,SSP corrected + TIAM Scenario_1
PAN,2047,,,,,46.71031388747309,SSP corrected + TIAM Scenario_1
PAN,2048,,,,,46.43075889421607,SSP corrected + TIAM Scenario_1
PAN,2049,,,,,46.151203900959054,SSP corrected + TIAM Scenario_1
PAN,2050,168711308578.55756,31136.97391861138,5418359.183508016,1.475469078086141,45.87164890770203,SSP corrected + TIAM Scenario_1
PAN,2051,,,,,45.7537597769145,SSP corrected + TIAM Scenario_1
PAN,2052,,,,,45.63587064612697,SSP corrected + TIAM Scenario_1
PAN,2053,,,,,45.51798151533943,SSP corrected + TIAM Scenario_1
PAN,2054,,,,,45.4000923845519,SSP corrected + TIAM Scenario_1
PAN,2055,188507954846.34235,34184.61336199721,5514409.446441342,1.0620787916958803,45.282203253764365,SSP corrected + TIAM Scenario_1
PAN,2056,,,,,45.16431412297683,SSP corrected + TIAM Scenario_1
PAN,2057,,,,,45.0464249921893,SSP corrected + TIAM Scenario_1
PAN,2058,,,,,44.92853586140176,SSP corrected + TIAM Scenario_1
PAN,2059,,,,,44.81064673061423,SSP corrected + TIAM Scenario_1
PAN,2060,208441290894.09595,37336.687345957995,5582747.311316076,0.6661331790563715,44.6927575998267,SSP corrected + TIAM Scenario_1
PAN,2061,,,,,44.73681582547181,SSP corrected + TIAM Scenario_1
PAN,2062,,,,,44.78087405111692,SSP corrected + TIAM Scenario_1
PAN,2063,,,,,44.82493227676203,SSP corrected + TIAM Scenario_1
PAN,2064,,,,,44.86899050240714,SSP corrected + TIAM Scenario_1
PAN,2065,228058044912.59546,40527.35157767191,5627262.479155966,0.3859518454876746,44.913048728052246,SSP corrected + TIAM Scenario_1
PAN,2066,,,,,44.957106953697355,SSP corrected + TIAM Scenario_1
PAN,2067,,,,,45.001165179342465,SSP corrected + TIAM Scenario_1
PAN,2068,,,,,45.045223404987574,SSP corrected + TIAM Scenario_1
PAN,2069,,,,,45.08928163063269,SSP corrected + TIAM Scenario_1
PAN,2070,247141496318.05725,43761.48489028589,5647465.960939487,0.11064280293391064,45.13333985627779,SSP corrected + TIAM Scenario_1
PER,2012,169620385179.423,5740.043462724726,29550366.0,1.9616574737696886,38.879500250197985,WB hist + TIAM interp
PER,2013,179547449111.361,6021.461427652312,29817919.0,1.9642675606010844,38.85667685180975,WB hist + TIAM interp
PER,2014,183824551906.256,6103.91864749969,30115826.0,1.9648488378214084,38.83385345342151,WB hist + TIAM interp
PER,2015,189802976285.619,6231.71150338894,30457600.0,1.9625880048307411,38.81103005503327,WB hist + TIAM interp
PER,2016,197306492869.139,6392.254749410121,30866494.0,1.9561144558800168,38.78820665664504,WB hist + TIAM interp
PER,2017,202276318741.548,6457.4194025472025,31324637.0,1.9467446602983725,38.7653832582568,WB hist + TIAM interp
PER,2018,210305376512.78,6593.144374595267,31897584.0,1.930671129052779,38.74255985986856,WB hist + TIAM interp
PER,2019,215017545590.315,6626.260834949675,32449303.0,1.9164177182830975,38.71973646148032,WB hist + TIAM interp
PER,2020,191509018299.917,5831.830247585226,32838579.0,1.9120527083385033,38.69691306309209,WB hist + TIAM interp
PER,2021,217099648514.38196,6547.847181817753,33155882.0,1.8488104102973135,39.00786664522744,WB hist + TIAM interp
PER,2022,223198050485.251,6667.516956320363,33475438.0,1.7866468451716966,39.318820227362785,WB hist + TIAM interp
PER,2023,222298021864.381,6568.000277979303,33845617.0,1.7230778089432415,39.62977380949813,WB hist + TIAM interp
PER,2024,229642617310.3,6711.1940327252605,34217848.0,1.6607846721378723,39.94072739163348,WB hist + TIAM interp
PER,2025,229642617310.3003,6711.19403272527,34217848.0,1.6172356415048355,40.25168097376883,SSP corrected + TIAM Scenario_1
PER,2026,,,,,41.03311574715632,SSP corrected + TIAM Scenario_1
PER,2027,,,,,41.81455052054381,SSP corrected + TIAM Scenario_1
PER,2028,,,,,42.59598529393129,SSP corrected + TIAM Scenario_1
PER,2029,,,,,43.37742006731878,SSP corrected + TIAM Scenario_1
PER,2030,277008237188.9775,7920.870382281303,34971944.22075568,1.4742541042995305,44.15885484070627,SSP corrected + TIAM Scenario_1
PER,2031,,,,,43.75068382553754,SSP corrected + TIAM Scenario_1
PER,2032,,,,,43.34251281036882,SSP corrected + TIAM Scenario_1
PER,2033,,,,,42.93434179520009,SSP corrected + TIAM Scenario_1
PER,2034,,,,,42.52617078003136,SSP corrected + TIAM Scenario_1
PER,2035,324625562932.9222,9144.172159483698,35500814.865591,1.3491419883649416,42.11799976486264,SSP corrected + TIAM Scenario_1
PER,2036,,,,,42.63433136242324,SSP corrected + TIAM Scenario_1
PER,2037,,,,,43.15066295998385,SSP corrected + TIAM Scenario_1
PER,2038,,,,,43.66699455754445,SSP corrected + TIAM Scenario_1
PER,2039,,,,,44.18332615510506,SSP corrected + TIAM Scenario_1
PER,2040,374375608575.67834,10449.601981670829,35826781.65468442,1.2014349168643674,44.69965775266566,SSP corrected + TIAM Scenario_1
PER,2041,,,,,45.21361097692995,SSP corrected + TIAM Scenario_1
PER,2042,,,,,45.72756420119425,SSP corrected + TIAM Scenario_1
PER,2043,,,,,46.24151742545854,SSP corrected + TIAM Scenario_1
PER,2044,,,,,46.75547064972284,SSP corrected + TIAM Scenario_1
PER,2045,425716401387.14886,11844.941916006315,35940775.76791402,1.1257361251808025,47.26942387398713,SSP corrected + TIAM Scenario_1
PER,2046,,,,,46.98986888073011,SSP corrected + TIAM Scenario_1
PER,2047,,,,,46.71031388747309,SSP corrected + TIAM Scenario_1
PER,2048,,,,,46.43075889421607,SSP corrected + TIAM Scenario_1
PER,2049,,,,,46.151203900959054,SSP corrected + TIAM Scenario_1
PER,2050,478569971873.7148,13352.644534290754,35840838.16840218,1.1505835816438175,45.87164890770203,SSP corrected + TIAM Scenario_1
PER,2051,,,,,45.7537597769145,SSP corrected + TIAM Scenario_1
PER,2052,,,,,45.63587064612697,SSP corrected + TIAM Scenario_1
PER,2053,,,,,45.51798151533943,SSP corrected + TIAM Scenario_1
PER,2054,,,,,45.4000923845519,SSP corrected + TIAM Scenario_1
PER,2055,532317649053.4056,14980.46668145758,35534116.551408514,0.850175626751451,45.282203253764365,SSP corrected + TIAM Scenario_1
PER,2056,,,,,45.16431412297683,SSP corrected + TIAM Scenario_1
PER,2057,,,,,45.0464249921893,SSP corrected + TIAM Scenario_1
PER,2058,,,,,44.92853586140176,SSP corrected + TIAM Scenario_1
PER,2059,,,,,44.81064673061423,SSP corrected + TIAM Scenario_1
PER,2060,585612764172.3115,16707.365142221784,35051174.08922777,0.5472740976538192,44.6927575998267,SSP corrected + TIAM Scenario_1
PER,2061,,,,,44.73681582547181,SSP corrected + TIAM Scenario_1
PER,2062,,,,,44.78087405111692,SSP corrected + TIAM Scenario_1
PER,2063,,,,,44.82493227676203,SSP corrected + TIAM Scenario_1
PER,2064,,,,,44.86899050240714,SSP corrected + TIAM Scenario_1
PER,2065,639451547010.3073,18519.36264600259,34528809.61582838,0.3244495044998881,44.913048728052246,SSP corrected + TIAM Scenario_1
PER,2066,,,,,44.957106953697355,SSP corrected + TIAM Scenario_1
PER,2067,,,,,45.001165179342465,SSP corrected + TIAM Scenario_1
PER,2068,,,,,45.045223404987574,SSP corrected + TIAM Scenario_1
PER,2069,,,,,45.08928163063269,SSP corrected + TIAM Scenario_1
PER,2070,693910695819.2651,20419.95580884701,33981988.12548978,0.0948476192258531,45.13333985627779,SSP corrected + TIAM Scenario_1
PHL,2012,253818843989.004,2533.7414196495847,100175512.0,0.009486388151531923,87.04270501721462,WB hist + TIAM interp
PHL,2013,270952964501.39102,2654.4150693397833,102076336.0,0.009765155532089446,86.72866523260423,WB hist + TIAM interp
PHL,2014,288153024771.69604,2776.920059094783,103767130.0,0.010054039311496794,86.41462544799384,WB hist + TIAM interp
PHL,2015,306445871242.322,2909.8581801030023,105312992.0,0.010347881022472282,86.10058566338344,WB hist + TIAM interp
PHL,2016,328355086268.976,3076.3374186758983,106735719.0,0.010645488024603576,85.78654587877305,WB hist + TIAM interp
PHL,2017,351113338965.581,3247.450387836201,108119693.0,0.0109391850149568,85.47250609416267,WB hist + TIAM interp
PHL,2018,373379140695.818,3410.936479761095,109465287.0,0.011229393959042983,85.15846630955228,WB hist + TIAM interp
PHL,2019,396224439236.642,3575.881709229221,110804683.0,0.01151319876650054,84.84442652494188,WB hist + TIAM interp
PHL,2020,358510629276.391,3198.66690008413,112081264.0,0.011796832044234092,84.5303867403315,WB hist + TIAM interp
PHL,2021,378998554988.857,3350.975875877762,113100950.0,0.012644124380345427,84.05247289067427,WB hist + TIAM interp
PHL,2022,407730367707.39294,3577.701365732436,113964338.0,0.013494757561413617,83.57455904101704,WB hist + TIAM interp
PHL,2023,430232801525.65186,3744.697638029279,114891199.0,0.014324680731887616,83.09664519135981,WB hist + TIAM interp
PHL,2024,454721721977.44495,3925.304869721798,115843670.0,0.01513797324619061,82.61873134170258,WB hist + TIAM interp
PHL,2025,454721721977.4452,3925.3048697218,115843670.0,0.016069043822785505,82.14081749204536,SSP corrected + TIAM Scenario_1
PHL,2026,,,,,82.01079626821716,SSP corrected + TIAM Scenario_1
PHL,2027,,,,,81.88077504438897,SSP corrected + TIAM Scenario_1
PHL,2028,,,,,81.75075382056077,SSP corrected + TIAM Scenario_1
PHL,2029,,,,,81.62073259673258,SSP corrected + TIAM Scenario_1
PHL,2030,563155939973.3977,4569.233584495999,123249540.55407864,0.019481834678179658,81.49071137290439,SSP corrected + TIAM Scenario_1
PHL,2031,,,,,81.5880391184722,SSP corrected + TIAM Scenario_1
PHL,2032,,,,,81.68536686403999,SSP corrected + TIAM Scenario_1
PHL,2033,,,,,81.7826946096078,SSP corrected + TIAM Scenario_1
PHL,2034,,,,,81.8800223551756,SSP corrected + TIAM Scenario_1
PHL,2035,687944793478.0721,5287.888868365337,130098194.30844788,0.024722527496931764,81.97735010074341,SSP corrected + TIAM Scenario_1
PHL,2036,,,,,82.03792403663869,SSP corrected + TIAM Scenario_1
PHL,2037,,,,,82.09849797253396,SSP corrected + TIAM Scenario_1
PHL,2038,,,,,82.15907190842923,SSP corrected + TIAM Scenario_1
PHL,2039,,,,,82.2196458443245,SSP corrected + TIAM Scenario_1
PHL,2040,840751499135.4836,6168.903758884007,136288639.27803937,0.029635193747621223,82.28021978021978,SSP corrected + TIAM Scenario_1
PHL,2041,,,,,82.25375238807501,SSP corrected + TIAM Scenario_1
PHL,2042,,,,,82.22728499593026,SSP corrected + TIAM Scenario_1
PHL,2043,,,,,82.2008176037855,SSP corrected + TIAM Scenario_1
PHL,2044,,,,,82.17435021164074,SSP corrected + TIAM Scenario_1
PHL,2045,1024004289137.2516,7221.732132719398,141794831.25631455,0.034289545553542106,82.14788281949598,SSP corrected + TIAM Scenario_1
PHL,2046,,,,,82.59189796357335,SSP corrected + TIAM Scenario_1
PHL,2047,,,,,83.03591310765071,SSP corrected + TIAM Scenario_1
PHL,2048,,,,,83.4799282517281,SSP corrected + TIAM Scenario_1
PHL,2049,,,,,83.92394339580547,SSP corrected + TIAM Scenario_1
PHL,2050,1239844629086.5425,8461.016687273855,146536128.56613111,0.03232122759115134,84.36795853988284,SSP corrected + TIAM Scenario_1
PHL,2051,,,,,84.49889956921484,SSP corrected + TIAM Scenario_1
PHL,2052,,,,,84.62984059854683,SSP corrected + TIAM Scenario_1
PHL,2053,,,,,84.76078162787883,SSP corrected + TIAM Scenario_1
PHL,2054,,,,,84.89172265721083,SSP corrected + TIAM Scenario_1
PHL,2055,1489936727962.0254,9890.666478553978,150640680.40234384,0.02282943601925448,85.02266368654284,SSP corrected + TIAM Scenario_1
PHL,2056,,,,,85.15360471587483,SSP corrected + TIAM Scenario_1
PHL,2057,,,,,85.28454574520683,SSP corrected + TIAM Scenario_1
PHL,2058,,,,,85.41548677453883,SSP corrected + TIAM Scenario_1
PHL,2059,,,,,85.54642780387084,SSP corrected + TIAM Scenario_1
PHL,2060,1775038419769.71,11518.087560480317,154108779.81688905,0.013898338505550067,85.67736883320283,SSP corrected + TIAM Scenario_1
PHL,2061,,,,,85.79652825022882,SSP corrected + TIAM Scenario_1
PHL,2062,,,,,85.91568766725482,SSP corrected + TIAM Scenario_1
PHL,2063,,,,,86.03484708428081,SSP corrected + TIAM Scenario_1
PHL,2064,,,,,86.1540065013068,SSP corrected + TIAM Scenario_1
PHL,2065,2093922866155.0603,13350.464397894197,156842698.78172478,0.008433484121124874,86.27316591833278,SSP corrected + TIAM Scenario_1
PHL,2066,,,,,86.39232533535878,SSP corrected + TIAM Scenario_1
PHL,2067,,,,,86.51148475238477,SSP corrected + TIAM Scenario_1
PHL,2068,,,,,86.63064416941076,SSP corrected + TIAM Scenario_1
PHL,2069,,,,,86.74980358643674,SSP corrected + TIAM Scenario_1
PHL,2070,2444874281414.8423,15388.40631168752,158877679.20177388,0.00316976452159849,86.86896300346274,SSP corrected + TIAM Scenario_1
PLW,2012,259543766.67708004,14609.83769643006,17765.0,,,WB hist + TIAM interp
PLW,2013,252919480.330118,14331.339547264166,17648.0,,,WB hist + TIAM interp
PLW,2014,265990771.287714,15015.002612910754,17715.0,,,WB hist + TIAM interp
PLW,2015,287057525.634766,16154.053215237253,17770.0,,,WB hist + TIAM interp
PLW,2016,290866364.105097,16343.561505034388,17797.0,,,WB hist + TIAM interp
PLW,2017,282170906.738952,15841.618388667865,17812.0,,,WB hist + TIAM interp
PLW,2018,278660962.692401,15642.806932322948,17814.0,,,WB hist + TIAM interp
PLW,2019,277652130.171489,15600.187109309418,17798.0,,,WB hist + TIAM interp
PLW,2020,258570955.305441,14532.989844055812,17792.0,,,WB hist + TIAM interp
PLW,2021,224284364.068701,12612.290618495248,17783.0,,,WB hist + TIAM interp
PLW,2022,227677066.634821,12820.37652090889,17759.0,,,WB hist + TIAM interp
PLW,2023,232722385.881789,13128.131431251142,17727.0,,,WB hist + TIAM interp
PNG,2012,17289980088.7062,2139.4809666042847,8081390.0,0.7185160570599892,18.391478976392087,WB hist + TIAM interp
PNG,2013,17951312547.2223,2162.1059259559124,8302698.0,0.6932617883117662,17.982373813291613,WB hist + TIAM interp
PNG,2014,20382597142.1943,2391.3578028162924,8523441.0,0.6693632358364449,17.573268650191135,WB hist + TIAM interp
PNG,2015,21723437010.0982,2484.5963398602994,8743246.0,0.6467406765347241,17.16416348709066,WB hist + TIAM interp
PNG,2016,22915960976.066,2557.094630300351,8961718.0,0.6253206827170882,16.755058323990184,WB hist + TIAM interp
PNG,2017,23725951011.6612,2584.8883636271053,9178714.0,0.6050174788109224,16.34595316088971,WB hist + TIAM interp
PNG,2018,23659695751.3327,2518.458993173217,9394513.0,0.5857267096160296,15.936847997789236,WB hist + TIAM interp
PNG,2019,24719771866.5529,2572.5617796789575,9609010.0,0.5673791548623128,15.52774283468876,WB hist + TIAM interp
PNG,2020,23936789891.161995,2438.611379222934,9815746.0,0.550267575973544,15.118637671588283,WB hist + TIAM interp
PNG,2021,23814388297.7556,2378.3716816548977,10012896.0,0.4935717067099167,23.668973380534943,WB hist + TIAM interp
PNG,2022,25173614524.029205,2467.2348879087667,10203169.0,0.4393612982266377,32.219309089481605,WB hist + TIAM interp
PNG,2023,26132952333.2822,2515.290703983557,10389635.0,0.3872776077217988,40.76964479842827,WB hist + TIAM interp
PNG,2024,27125951106.4194,2564.7374818649305,10576502.0,0.3370177018771952,49.31998050737493,WB hist + TIAM interp
PNG,2025,27125951106.419395,2564.73748186493,10576502.0,0.29360026670220885,57.87031621632159,SSP corrected + TIAM Scenario_1
PNG,2026,,,,,60.24886322005211,SSP corrected + TIAM Scenario_1
PNG,2027,,,,,62.627410223782626,SSP corrected + TIAM Scenario_1
PNG,2028,,,,,65.00595722751315,SSP corrected + TIAM Scenario_1
PNG,2029,,,,,67.38450423124367,SSP corrected + TIAM Scenario_1
PNG,2030,35275862604.24155,3110.540094450665,11340751.616471743,0.2435675409466458,69.76305123497418,SSP corrected + TIAM Scenario_1
PNG,2031,,,,,70.94238426384406,SSP corrected + TIAM Scenario_1
PNG,2032,,,,,72.12171729271392,SSP corrected + TIAM Scenario_1
PNG,2033,,,,,73.3010503215838,SSP corrected + TIAM Scenario_1
PNG,2034,,,,,74.48038335045366,SSP corrected + TIAM Scenario_1
PNG,2035,45344105346.4907,3763.1647995760054,12049460.43064593,0.179898175084408,75.65971637932354,SSP corrected + TIAM Scenario_1
PNG,2036,,,,,76.44972180152693,SSP corrected + TIAM Scenario_1
PNG,2037,,,,,77.23972722373033,SSP corrected + TIAM Scenario_1
PNG,2038,,,,,78.0297326459337,SSP corrected + TIAM Scenario_1
PNG,2039,,,,,78.8197380681371,SSP corrected + TIAM Scenario_1
PNG,2040,58003963544.275536,4577.9509152400005,12670289.528701656,0.12340617434415824,79.60974349034049,SSP corrected + TIAM Scenario_1
PNG,2041,,,,,79.96913150929917,SSP corrected + TIAM Scenario_1
PNG,2042,,,,,80.32851952825784,SSP corrected + TIAM Scenario_1
PNG,2043,,,,,80.68790754721653,SSP corrected + TIAM Scenario_1
PNG,2044,,,,,81.0472955661752,SSP corrected + TIAM Scenario_1
PNG,2045,73815214855.8377,5586.672184687307,13212734.238847995,0.06921238435412524,81.40668358513388,SSP corrected + TIAM Scenario_1
PNG,2046,,,,,82.12425968529847,SSP corrected + TIAM Scenario_1
PNG,2047,,,,,82.84183578546306,SSP corrected + TIAM Scenario_1
PNG,2048,,,,,83.55941188562765,SSP corrected + TIAM Scenario_1
PNG,2049,,,,,84.27698798579225,SSP corrected + TIAM Scenario_1
PNG,2050,93211440212.93843,6817.579464864321,13672219.10552288,0.02564873798148041,84.99456408595684,SSP corrected + TIAM Scenario_1
PNG,2051,,,,,85.15826137184993,SSP corrected + TIAM Scenario_1
PNG,2052,,,,,85.32195865774304,SSP corrected + TIAM Scenario_1
PNG,2053,,,,,85.48565594363613,SSP corrected + TIAM Scenario_1
PNG,2054,,,,,85.64935322952923,SSP corrected + TIAM Scenario_1
PNG,2055,116486628637.60143,8284.850698025439,14060196.481918998,0.0127976062601624,85.81305051542233,SSP corrected + TIAM Scenario_1
PNG,2056,,,,,85.97674780131543,SSP corrected + TIAM Scenario_1
PNG,2057,,,,,86.14044508720852,SSP corrected + TIAM Scenario_1
PNG,2058,,,,,86.30414237310161,SSP corrected + TIAM Scenario_1
PNG,2059,,,,,86.46783965899472,SSP corrected + TIAM Scenario_1
PNG,2060,143672505563.85773,10002.075366112304,14364269.444582446,0.0006403772642097212,86.63153694488781,SSP corrected + TIAM Scenario_1
PNG,2061,,,,,86.61062143944265,SSP corrected + TIAM Scenario_1
PNG,2062,,,,,86.5897059339975,SSP corrected + TIAM Scenario_1
PNG,2063,,,,,86.56879042855233,SSP corrected + TIAM Scenario_1
PNG,2064,,,,,86.54787492310717,SSP corrected + TIAM Scenario_1
PNG,2065,174625954033.7442,11968.85171516255,14590034.047503663,0.0004373116534634734,86.52695941766201,SSP corrected + TIAM Scenario_1
PNG,2066,,,,,86.50604391221685,SSP corrected + TIAM Scenario_1
PNG,2067,,,,,86.4851284067717,SSP corrected + TIAM Scenario_1
PNG,2068,,,,,86.46421290132653,SSP corrected + TIAM Scenario_1
PNG,2069,,,,,86.44329739588137,SSP corrected + TIAM Scenario_1
PNG,2070,209430165185.38654,14222.072010629236,14725714.018946286,0.00024190557095759077,86.42238189043621,SSP corrected + TIAM Scenario_1
POL,2012,439333996551.2671,11542.235336801405,38063164.0,7.439887629276171,15.624833278696284,WB hist + TIAM interp
POL,2013,442340098156.25415,11628.228680952489,38040196.0,7.283124603536597,17.800327931391145,WB hist + TIAM interp
POL,2014,459682079851.439,12093.16227873942,38011735.0,7.127201950850141,19.975822584086004,WB hist + TIAM interp
POL,2015,480054118583.367,12637.522032440627,37986412.0,6.970469763857741,22.151317236780866,WB hist + TIAM interp
POL,2016,494605411858.337,13026.18589887184,37970087.0,6.811913828896077,24.326811889475728,WB hist + TIAM interp
POL,2017,520089746650.74994,13695.645284872404,37974826.0,6.6495310644986585,26.50230654217059,WB hist + TIAM interp
POL,2018,552573816155.9889,14551.08502770891,37974750.0,6.488011365240735,28.677801194865452,WB hist + TIAM interp
POL,2019,577884228677.5438,15221.309062445387,37965475.0,6.328023922482725,30.85329584756031,WB hist + TIAM interp
POL,2020,566120997479.772,15090.22284401132,37515748.0,6.240372935244796,33.02879050025518,WB hist + TIAM interp
POL,2021,605337233054.782,16368.6239689025,36981559.0,5.915256822238185,36.03026624564535,WB hist + TIAM interp
POL,2022,637150470884.733,17303.644943229967,36821749.0,5.523870685198682,39.03174199103553,WB hist + TIAM interp
POL,2023,638740867489.057,17410.383013706578,36687353.0,5.125519428614371,42.033217736425705,WB hist + TIAM interp
POL,2024,658084600079.586,18000.503459128533,36559233.0,4.723427903780795,45.03469348181588,WB hist + TIAM interp
POL,2025,658084600079.5848,18000.5034591285,36559233.0,4.3033742529585775,48.03616922720606,SSP corrected + TIAM Scenario_1
POL,2026,,,,,45.32300225972651,SSP corrected + TIAM Scenario_1
POL,2027,,,,,42.60983529224696,SSP corrected + TIAM Scenario_1
POL,2028,,,,,39.8966683247674,SSP corrected + TIAM Scenario_1
POL,2029,,,,,37.183501357287845,SSP corrected + TIAM Scenario_1
POL,2030,730050469043.9615,20163.96502397244,36205700.02854213,2.8246617711513293,34.47033438980829,SSP corrected + TIAM Scenario_1
POL,2031,,,,,39.361478929690215,SSP corrected + TIAM Scenario_1
POL,2032,,,,,44.25262346957214,SSP corrected + TIAM Scenario_1
POL,2033,,,,,49.143768009454064,SSP corrected + TIAM Scenario_1
POL,2034,,,,,54.034912549335985,SSP corrected + TIAM Scenario_1
POL,2035,799691103814.8689,22441.14360687145,35635042.3946311,1.919503705602556,58.926057089217906,SSP corrected + TIAM Scenario_1
POL,2036,,,,,58.70964254691437,SSP corrected + TIAM Scenario_1
POL,2037,,,,,58.49322800461083,SSP corrected + TIAM Scenario_1
POL,2038,,,,,58.27681346230728,SSP corrected + TIAM Scenario_1
POL,2039,,,,,58.06039892000374,SSP corrected + TIAM Scenario_1
POL,2040,863297510139.3345,24693.439462065613,34960602.044342324,1.902597037055169,57.8439843777002,SSP corrected + TIAM Scenario_1
POL,2041,,,,,60.74191142552966,SSP corrected + TIAM Scenario_1
POL,2042,,,,,63.63983847335911,SSP corrected + TIAM Scenario_1
POL,2043,,,,,66.53776552118858,SSP corrected + TIAM Scenario_1
POL,2044,,,,,69.43569256901803,SSP corrected + TIAM Scenario_1
POL,2045,916505670895.079,26740.749626609617,34273746.38679043,1.122059779799134,72.33361961684749,SSP corrected + TIAM Scenario_1
POL,2046,,,,,73.34213396669794,SSP corrected + TIAM Scenario_1
POL,2047,,,,,74.3506483165484,SSP corrected + TIAM Scenario_1
POL,2048,,,,,75.35916266639887,SSP corrected + TIAM Scenario_1
POL,2049,,,,,76.36767701624933,SSP corrected + TIAM Scenario_1
POL,2050,961062744811.4563,28602.23287767787,33600969.159351945,0.5949878501388639,77.37619136609979,SSP corrected + TIAM Scenario_1
POL,2051,,,,,76.98769399779452,SSP corrected + TIAM Scenario_1
POL,2052,,,,,76.59919662948927,SSP corrected + TIAM Scenario_1
POL,2053,,,,,76.210699261184,SSP corrected + TIAM Scenario_1
POL,2054,,,,,75.82220189287875,SSP corrected + TIAM Scenario_1
POL,2055,1003321095825.2263,30490.21944805617,32906325.83128852,0.31862720634726893,75.43370452457349,SSP corrected + TIAM Scenario_1
POL,2056,,,,,75.04520715626822,SSP corrected + TIAM Scenario_1
POL,2057,,,,,74.65670978796297,SSP corrected + TIAM Scenario_1
POL,2058,,,,,74.2682124196577,SSP corrected + TIAM Scenario_1
POL,2059,,,,,73.87971505135245,SSP corrected + TIAM Scenario_1
POL,2060,1047968049483.7885,32603.16761827989,32143135.960084304,0.030411872073144795,73.49121768304718,SSP corrected + TIAM Scenario_1
POL,2061,,,,,74.7859529841635,SSP corrected + TIAM Scenario_1
POL,2062,,,,,76.08068828527982,SSP corrected + TIAM Scenario_1
POL,2063,,,,,77.37542358639612,SSP corrected + TIAM Scenario_1
POL,2064,,,,,78.67015888751244,SSP corrected + TIAM Scenario_1
POL,2065,1097169125618.5938,35095.42834894957,31262451.471159566,0.031739121218582356,79.96489418862876,SSP corrected + TIAM Scenario_1
POL,2066,,,,,81.25962948974508,SSP corrected + TIAM Scenario_1
POL,2067,,,,,82.5543647908614,SSP corrected + TIAM Scenario_1
POL,2068,,,,,83.8491000919777,SSP corrected + TIAM Scenario_1
POL,2069,,,,,85.14383539309402,SSP corrected + TIAM Scenario_1
POL,2070,1146929525328.8577,37879.75260187469,30278168.323414434,0.033256718968693096,86.43857069421034,SSP corrected + TIAM Scenario_1
PRI,2025,99210088884.53241,30971.2620550191,3203295.0,,,SSP corrected + TIAM Scenario_1
PRI,2030,106669607089.06302,34185.5014095591,3120317.1722160433,,,SSP corrected + TIAM Scenario_1
PRI,2035,113766036049.10107,37632.4518807924,3023083.2795448876,,,SSP corrected + TIAM Scenario_1
PRI,2040,120234575009.90483,41256.59746896802,2914311.464980642,,,SSP corrected + TIAM Scenario_1
PRI,2045,125704040380.76663,45000.5501134761,2793388.9711077698,,,SSP corrected + TIAM Scenario_1
PRI,2050,130309723376.99129,48878.0752999489,2666015.848155288,,,SSP corrected + TIAM Scenario_1
PRI,2055,133937146816.39822,52846.777119267674,2534443.046812885,,,SSP corrected + TIAM Scenario_1
PRI,2060,136301852246.29507,56763.03569985516,2401243.178166436,,,SSP corrected + TIAM Scenario_1
PRI,2065,138282654398.57553,60789.970177928335,2274761.017217661,,,SSP corrected + TIAM Scenario_1
PRI,2070,140127009000.37778,64984.39672405914,2156317.7634070218,,,SSP corrected + TIAM Scenario_1
PRK,2012,,,,,26.006051140658496,WB hist + TIAM interp
PRK,2013,,,,,27.320531754469908,WB hist + TIAM interp
PRK,2014,,,,,28.635012368281323,WB hist + TIAM interp
PRK,2015,,,,,29.949492982092735,WB hist + TIAM interp
PRK,2016,,,,,31.263973595904147,WB hist + TIAM interp
PRK,2017,,,,,32.57845420971556,WB hist + TIAM interp
PRK,2018,,,,,33.89293482352697,WB hist + TIAM interp
PRK,2019,,,,,35.20741543733839,WB hist + TIAM interp
PRK,2020,,,,,36.5218960511498,WB hist + TIAM interp
PRK,2021,,,,,39.69262203560237,WB hist + TIAM interp
PRK,2022,,,,,42.86334802005494,WB hist + TIAM interp
PRK,2023,,,,,46.03407400450751,WB hist + TIAM interp
PRK,2024,,,,,49.20479998896008,WB hist + TIAM interp
PRK,2025,,,,,52.37552597341265,SSP corrected + TIAM Scenario_1
PRK,2026,,,,,52.720441732023765,SSP corrected + TIAM Scenario_1
PRK,2027,,,,,53.06535749063488,SSP corrected + TIAM Scenario_1
PRK,2028,,,,,53.410273249246,SSP corrected + TIAM Scenario_1
PRK,2029,,,,,53.75518900785711,SSP corrected + TIAM Scenario_1
PRK,2030,,,,,54.10010476646823,SSP corrected + TIAM Scenario_1
PRK,2031,,,,,57.89194334264819,SSP corrected + TIAM Scenario_1
PRK,2032,,,,,61.68378191882815,SSP corrected + TIAM Scenario_1
PRK,2033,,,,,65.47562049500812,SSP corrected + TIAM Scenario_1
PRK,2034,,,,,69.26745907118809,SSP corrected + TIAM Scenario_1
PRK,2035,,,,,73.05929764736804,SSP corrected + TIAM Scenario_1
PRK,2036,,,,,70.90819101616198,SSP corrected + TIAM Scenario_1
PRK,2037,,,,,68.75708438495593,SSP corrected + TIAM Scenario_1
PRK,2038,,,,,66.60597775374987,SSP corrected + TIAM Scenario_1
PRK,2039,,,,,64.45487112254382,SSP corrected + TIAM Scenario_1
PRK,2040,,,,,62.30376449133776,SSP corrected + TIAM Scenario_1
PRK,2041,,,,,63.43913668964179,SSP corrected + TIAM Scenario_1
PRK,2042,,,,,64.57450888794583,SSP corrected + TIAM Scenario_1
PRK,2043,,,,,65.70988108624987,SSP corrected + TIAM Scenario_1
PRK,2044,,,,,66.84525328455389,SSP corrected + TIAM Scenario_1
PRK,2045,,,,,67.98062548285793,SSP corrected + TIAM Scenario_1
PRK,2046,,,,,67.75469893343056,SSP corrected + TIAM Scenario_1
PRK,2047,,,,,67.52877238400319,SSP corrected + TIAM Scenario_1
PRK,2048,,,,,67.3028458345758,SSP corrected + TIAM Scenario_1
PRK,2049,,,,,67.07691928514843,SSP corrected + TIAM Scenario_1
PRK,2050,,,,,66.85099273572106,SSP corrected + TIAM Scenario_1
PRK,2051,,,,,66.73071980375094,SSP corrected + TIAM Scenario_1
PRK,2052,,,,,66.61044687178082,SSP corrected + TIAM Scenario_1
PRK,2053,,,,,66.4901739398107,SSP corrected + TIAM Scenario_1
PRK,2054,,,,,66.36990100784058,SSP corrected + TIAM Scenario_1
PRK,2055,,,,,66.24962807587046,SSP corrected + TIAM Scenario_1
PRK,2056,,,,,66.12935514390034,SSP corrected + TIAM Scenario_1
PRK,2057,,,,,66.00908221193022,SSP corrected + TIAM Scenario_1
PRK,2058,,,,,65.8888092799601,SSP corrected + TIAM Scenario_1
PRK,2059,,,,,65.76853634798998,SSP corrected + TIAM Scenario_1
PRK,2060,,,,,65.64826341601986,SSP corrected + TIAM Scenario_1
PRK,2061,,,,,66.08392014982849,SSP corrected + TIAM Scenario_1
PRK,2062,,,,,66.51957688363711,SSP corrected + TIAM Scenario_1
PRK,2063,,,,,66.95523361744574,SSP corrected + TIAM Scenario_1
PRK,2064,,,,,67.39089035125437,SSP corrected + TIAM Scenario_1
PRK,2065,,,,,67.826547085063,SSP corrected + TIAM Scenario_1
PRK,2066,,,,,68.26220381887163,SSP corrected + TIAM Scenario_1
PRK,2067,,,,,68.69786055268025,SSP corrected + TIAM Scenario_1
PRK,2068,,,,,69.13351728648888,SSP corrected + TIAM Scenario_1
PRK,2069,,,,,69.56917402029751,SSP corrected + TIAM Scenario_1
PRK,2070,,,,,70.00483075410614,SSP corrected + TIAM Scenario_1
PRT,2012,196414790526.28003,18679.762678959385,10514844.0,5.123081229643613,15.096854262136018,WB hist + TIAM interp
PRT,2013,194481859660.11102,18597.721462396443,10457295.0,5.057693218728346,16.42103853448346,WB hist + TIAM interp
PRT,2014,195923731482.46103,18836.896797890546,10401062.0,4.990949970921518,17.745222806830903,WB hist + TIAM interp
PRT,2015,199038523119.639,19215.78130143465,10358076.0,4.917184442860235,19.069407079178344,WB hist + TIAM interp
PRT,2016,203027536357.754,19662.823124620016,10325452.0,4.837944163981881,20.393591351525785,WB hist + TIAM interp
PRT,2017,209757330876.906,20364.196273594556,10300300.0,4.754749892972645,21.717775623873223,WB hist + TIAM interp
PRT,2018,215937376369.16498,20997.77459870124,10283822.0,4.667208397937769,23.041959896220668,WB hist + TIAM interp
PRT,2019,221866335067.158,21569.187475291852,10286263.0,4.570963281806838,24.36614416856811,WB hist + TIAM interp
PRT,2020,203663019645.466,19778.71395257219,10297081.0,4.471123472634559,25.69032844091555,WB hist + TIAM interp
PRT,2021,214984151437.597,20747.699073416366,10361831.0,4.125406594341591,26.64944492330824,WB hist + TIAM interp
PRT,2022,230002603240.143,22042.86802836473,10434332.0,3.7811727013273977,27.608561405700936,WB hist + TIAM interp
PRT,2023,237132635847.463,22417.16158643855,10578174.0,3.418478150682782,28.567677888093627,WB hist + TIAM interp
PRT,2024,242206495918.36,22647.379189557872,10694681.0,3.0733503945797436,29.52679437048632,WB hist + TIAM interp
PRT,2025,242206495918.3603,22647.3791895579,10694681.0,2.7654632662150718,30.485910852879012,SSP corrected + TIAM Scenario_1
PRT,2026,,,,,31.3335577234195,SSP corrected + TIAM Scenario_1
PRT,2027,,,,,32.18120459395999,SSP corrected + TIAM Scenario_1
PRT,2028,,,,,33.02885146450048,SSP corrected + TIAM Scenario_1
PRT,2029,,,,,33.876498335040964,SSP corrected + TIAM Scenario_1
PRT,2030,264400552325.22552,24537.11030143243,10775537.505318642,2.1915789003516912,34.72414520558145,SSP corrected + TIAM Scenario_1
PRT,2031,,,,,39.28947030971113,SSP corrected + TIAM Scenario_1
PRT,2032,,,,,43.8547954138408,SSP corrected + TIAM Scenario_1
PRT,2033,,,,,48.42012051797048,SSP corrected + TIAM Scenario_1
PRT,2034,,,,,52.98544562210016,SSP corrected + TIAM Scenario_1
PRT,2035,287586315946.2847,26495.51844440132,10854149.412088731,1.3146259909773343,57.550770726229835,SSP corrected + TIAM Scenario_1
PRT,2036,,,,,60.501386688387505,SSP corrected + TIAM Scenario_1
PRT,2037,,,,,63.452002650545175,SSP corrected + TIAM Scenario_1
PRT,2038,,,,,66.40261861270285,SSP corrected + TIAM Scenario_1
PRT,2039,,,,,69.35323457486052,SSP corrected + TIAM Scenario_1
PRT,2040,311679535549.18176,28534.878344936496,10922756.767403187,0.5147909370375596,72.30385053701819,SSP corrected + TIAM Scenario_1
PRT,2041,,,,,74.60795847005839,SSP corrected + TIAM Scenario_1
PRT,2042,,,,,76.91206640309858,SSP corrected + TIAM Scenario_1
PRT,2043,,,,,79.21617433613878,SSP corrected + TIAM Scenario_1
PRT,2044,,,,,81.52028226917896,SSP corrected + TIAM Scenario_1
PRT,2045,337676306433.12964,30777.929649521982,10971378.201144667,0.07217860888237569,83.82439020221916,SSP corrected + TIAM Scenario_1
PRT,2046,,,,,84.24126685670011,SSP corrected + TIAM Scenario_1
PRT,2047,,,,,84.65814351118105,SSP corrected + TIAM Scenario_1
PRT,2048,,,,,85.075020165662,SSP corrected + TIAM Scenario_1
PRT,2049,,,,,85.49189682014294,SSP corrected + TIAM Scenario_1
PRT,2050,366788617680.2528,33354.86419296907,10996555.57157294,0.03322399006373935,85.90877347462389,SSP corrected + TIAM Scenario_1
PRT,2051,,,,,86.41930556067057,SSP corrected + TIAM Scenario_1
PRT,2052,,,,,86.92983764671725,SSP corrected + TIAM Scenario_1
PRT,2053,,,,,87.44036973276393,SSP corrected + TIAM Scenario_1
PRT,2054,,,,,87.9509018188106,SSP corrected + TIAM Scenario_1
PRT,2055,399753667573.67285,36365.86968191555,10992550.737002367,0.02122676802484841,88.46143390485727,SSP corrected + TIAM Scenario_1
PRT,2056,,,,,88.97196599090395,SSP corrected + TIAM Scenario_1
PRT,2057,,,,,89.48249807695063,SSP corrected + TIAM Scenario_1
PRT,2058,,,,,89.99303016299731,SSP corrected + TIAM Scenario_1
PRT,2059,,,,,90.503562249044,SSP corrected + TIAM Scenario_1
PRT,2060,436020312635.0543,39765.753703902774,10964718.935838038,0.009240838414469621,91.01409433509068,SSP corrected + TIAM Scenario_1
PRT,2061,,,,,91.1468228885892,SSP corrected + TIAM Scenario_1
PRT,2062,,,,,91.27955144208777,SSP corrected + TIAM Scenario_1
PRT,2063,,,,,91.4122799955863,SSP corrected + TIAM Scenario_1
PRT,2064,,,,,91.54500854908484,SSP corrected + TIAM Scenario_1
PRT,2065,473878077324.16583,43473.463243520266,10900398.587287556,0.009556193688554726,91.6777371025834,SSP corrected + TIAM Scenario_1
PRT,2066,,,,,91.81046565608192,SSP corrected + TIAM Scenario_1
PRT,2067,,,,,91.94319420958048,SSP corrected + TIAM Scenario_1
PRT,2068,,,,,92.075922763079,SSP corrected + TIAM Scenario_1
PRT,2069,,,,,92.20865131657756,SSP corrected + TIAM Scenario_1
PRT,2070,512086011197.7581,47383.91372391006,10807170.006713862,0.009901708250402567,92.3413798700761,SSP corrected + TIAM Scenario_1
PRY,2012,30842899501.434105,5230.262448589879,5897008.0,1.373792494722731,38.879500250197985,WB hist + TIAM interp
PRY,2013,33400724748.6301,5583.122744735656,5982445.0,1.3682519487812608,38.85667685180975,WB hist + TIAM interp
PRY,2014,35171376876.6336,5794.4764468998455,6069811.0,1.362434304417966,38.83385345342151,WB hist + TIAM interp
PRY,2015,36211447840.1027,5879.337923087615,6159103.0,1.3563574802597598,38.81103005503327,WB hist + TIAM interp
PRY,2016,37756961788.473595,6041.958793673482,6249126.0,1.3502963652432574,38.78820665664504,WB hist + TIAM interp
PRY,2017,39573101423.9484,6243.133631390294,6338660.0,1.3445111146131745,38.7653832582568,WB hist + TIAM interp
PRY,2018,40841122661.1912,6354.2392005316005,6427382.0,1.3390561693331366,38.74255985986856,WB hist + TIAM interp
PRY,2019,40677000526.5933,6243.536208978232,6515058.0,1.333963906041598,38.71973646148032,WB hist + TIAM interp
PRY,2020,40343536418.80139,6109.196081008258,6603739.0,1.3288046235283333,38.69691306309209,WB hist + TIAM interp
PRY,2021,41964030301.44111,6278.110066638088,6684182.0,1.2816561079299247,39.00786664522744,WB hist + TIAM interp
PRY,2022,42037903094.7542,6218.197906941625,6760464.0,1.236389463483002,39.318820227362785,WB hist + TIAM interp
PRY,2023,44139473679.5817,6449.2302881296955,6844146.0,1.1908440043355353,39.62977380949813,WB hist + TIAM interp
PRY,2024,46015383701.3623,6640.8381661311705,6929153.0,1.1461796268516404,39.94072739163348,WB hist + TIAM interp
PRY,2025,46015383701.36229,6640.83816613117,6929153.0,1.1161245495631016,40.25168097376883,SSP corrected + TIAM Scenario_1
PRY,2026,,,,,41.03311574715632,SSP corrected + TIAM Scenario_1
PRY,2027,,,,,41.81455052054381,SSP corrected + TIAM Scenario_1
PRY,2028,,,,,42.59598529393129,SSP corrected + TIAM Scenario_1
PRY,2029,,,,,43.37742006731878,SSP corrected + TIAM Scenario_1
PRY,2030,59002682762.80461,8068.886532546705,7312369.869722553,0.9853732923218993,44.15885484070627,SSP corrected + TIAM Scenario_1
PRY,2031,,,,,43.75068382553754,SSP corrected + TIAM Scenario_1
PRY,2032,,,,,43.34251281036882,SSP corrected + TIAM Scenario_1
PRY,2033,,,,,42.93434179520009,SSP corrected + TIAM Scenario_1
PRY,2034,,,,,42.52617078003136,SSP corrected + TIAM Scenario_1
PRY,2035,74615318608.22063,9738.104228705026,7662201.6827748595,0.8735931422060164,42.11799976486264,SSP corrected + TIAM Scenario_1
PRY,2036,,,,,42.63433136242324,SSP corrected + TIAM Scenario_1
PRY,2037,,,,,43.15066295998385,SSP corrected + TIAM Scenario_1
PRY,2038,,,,,43.66699455754445,SSP corrected + TIAM Scenario_1
PRY,2039,,,,,44.18332615510506,SSP corrected + TIAM Scenario_1
PRY,2040,93392450250.42146,11711.701180256052,7974285.615130392,0.7543676822858911,44.69965775266566,SSP corrected + TIAM Scenario_1
PRY,2041,,,,,45.21361097692995,SSP corrected + TIAM Scenario_1
PRY,2042,,,,,45.72756420119425,SSP corrected + TIAM Scenario_1
PRY,2043,,,,,46.24151742545854,SSP corrected + TIAM Scenario_1
PRY,2044,,,,,46.75547064972284,SSP corrected + TIAM Scenario_1
PRY,2045,115265151111.0651,13983.367466207408,8243018.09915373,0.685969192120235,47.26942387398713,SSP corrected + TIAM Scenario_1
PRY,2046,,,,,46.98986888073011,SSP corrected + TIAM Scenario_1
PRY,2047,,,,,46.71031388747309,SSP corrected + TIAM Scenario_1
PRY,2048,,,,,46.43075889421607,SSP corrected + TIAM Scenario_1
PRY,2049,,,,,46.151203900959054,SSP corrected + TIAM Scenario_1
PRY,2050,140186704287.05264,16557.83506442435,8466487.54149348,0.6807064585417997,45.87164890770203,SSP corrected + TIAM Scenario_1
PRY,2051,,,,,45.7537597769145,SSP corrected + TIAM Scenario_1
PRY,2052,,,,,45.63587064612697,SSP corrected + TIAM Scenario_1
PRY,2053,,,,,45.51798151533943,SSP corrected + TIAM Scenario_1
PRY,2054,,,,,45.4000923845519,SSP corrected + TIAM Scenario_1
PRY,2055,168281943470.27057,19457.427520903824,8648725.186794562,0.48816753070544316,45.282203253764365,SSP corrected + TIAM Scenario_1
PRY,2056,,,,,45.16431412297683,SSP corrected + TIAM Scenario_1
PRY,2057,,,,,45.0464249921893,SSP corrected + TIAM Scenario_1
PRY,2058,,,,,44.92853586140176,SSP corrected + TIAM Scenario_1
PRY,2059,,,,,44.81064673061423,SSP corrected + TIAM Scenario_1
PRY,2060,199462795810.61478,22708.119956305887,8783765.28723706,0.3052063435269591,44.6927575998267,SSP corrected + TIAM Scenario_1
PRY,2061,,,,,44.73681582547181,SSP corrected + TIAM Scenario_1
PRY,2062,,,,,44.78087405111692,SSP corrected + TIAM Scenario_1
PRY,2063,,,,,44.82493227676203,SSP corrected + TIAM Scenario_1
PRY,2064,,,,,44.86899050240714,SSP corrected + TIAM Scenario_1
PRY,2065,233627403142.31357,26311.862744955208,8879166.230338713,0.1763288396942412,44.913048728052246,SSP corrected + TIAM Scenario_1
PRY,2066,,,,,44.957106953697355,SSP corrected + TIAM Scenario_1
PRY,2067,,,,,45.001165179342465,SSP corrected + TIAM Scenario_1
PRY,2068,,,,,45.045223404987574,SSP corrected + TIAM Scenario_1
PRY,2069,,,,,45.08928163063269,SSP corrected + TIAM Scenario_1
PRY,2070,270569751581.20956,30270.54927768112,8938382.620651824,0.05039449429457614,45.13333985627779,SSP corrected + TIAM Scenario_1
PSE,2012,12886900000.0,3237.9161999578896,3979998.0,,,WB hist + TIAM interp
PSE,2013,13492400000.0,3309.631202430981,4076708.0,,,WB hist + TIAM interp
PSE,2014,13471100000.0,3227.8493448264458,4173398.0,,,WB hist + TIAM interp
PSE,2015,13972400000.0,3272.1543236070793,4270092.0,,,WB hist + TIAM interp
PSE,2016,15211000000.0,3483.0990353297207,4367088.0,,,WB hist + TIAM interp
PSE,2017,15426900000.0,3462.97986107136,4454805.0,,,WB hist + TIAM interp
PSE,2018,15616200000.0,3417.7944083796174,4569087.0,,,WB hist + TIAM interp
PSE,2019,15828999999.999996,3378.4346209191026,4685306.0,,,WB hist + TIAM interp
PSE,2020,14037400000.0,2922.468010848445,4803269.0,,,WB hist + TIAM interp
PSE,2021,15021700000.0,3051.486070079949,4922749.0,,,WB hist + TIAM interp
PSE,2022,15635000000.0,3099.9609010367967,5043612.0,,,WB hist + TIAM interp
PSE,2023,14922700000.0,2888.7630607217698,5165775.0,,,WB hist + TIAM interp
PSE,2024,10959600000.0,2072.090195176845,5289152.0,,,WB hist + TIAM interp
PSE,2025,10959600000.000027,2072.09019517685,5289152.0,,,SSP corrected + TIAM Scenario_1
PSE,2030,14819567577.662092,2677.07179156148,5535737.825326734,,,SSP corrected + TIAM Scenario_1
PSE,2035,19501751151.014545,3406.7689752393435,5724412.571781286,,,SSP corrected + TIAM Scenario_1
PSE,2040,25046690809.840202,4275.666327211453,5857961.986050349,,,SSP corrected + TIAM Scenario_1
PSE,2045,31346542043.454887,5278.5122446477035,5938518.391283377,,,SSP corrected + TIAM Scenario_1
PSE,2050,38357616017.23832,6415.893569401033,5978530.597853926,,,SSP corrected + TIAM Scenario_1
PSE,2055,46053148400.07195,7706.5090785915245,5975876.746581194,,,SSP corrected + TIAM Scenario_1
PSE,2060,54342612777.87762,9151.58001715253,5938057.982995821,,,SSP corrected + TIAM Scenario_1
PSE,2065,63484993413.53929,10759.920039022458,5900136.17046423,,,SSP corrected + TIAM Scenario_1
PSE,2070,73403539651.64313,12517.289433036653,5864172.115243298,,,SSP corrected + TIAM Scenario_1
PYF,2012,5179978074.0569,18968.44221579038,273084.0,,,WB hist + TIAM interp
PYF,2013,5200635899.8791,18930.126888701187,274728.0,,,WB hist + TIAM interp
PYF,2014,5231504505.84414,18928.18586201283,276387.0,,,WB hist + TIAM interp
PYF,2015,5325846361.81186,19166.959476193057,277866.0,,,WB hist + TIAM interp
PYF,2016,5448457902.8430805,19516.07183532757,279178.0,,,WB hist + TIAM interp
PYF,2017,5682340239.1533,20287.768583166304,280087.0,,,WB hist + TIAM interp
PYF,2018,5785013023.38646,20674.420682902848,279815.0,,,WB hist + TIAM interp
PYF,2019,5940599015.38201,21289.875124113943,279034.0,,,WB hist + TIAM interp
PYF,2020,5312451133.133521,19026.790444196,279209.0,,,WB hist + TIAM interp
PYF,2021,5491263054.60892,19626.233254020557,279792.0,,,WB hist + TIAM interp
PYF,2022,5652560509.139099,20160.49942983793,280378.0,,,WB hist + TIAM interp
PYF,2023,5809297011.57328,20664.977025922497,281118.0,,,WB hist + TIAM interp
PYF,2024,5874732292.7704,20846.651405999142,281807.0,,,WB hist + TIAM interp
PYF,2025,5874732292.770388,20846.6514059991,281807.0,,,SSP corrected + TIAM Scenario_1
PYF,2030,6287791339.546288,21508.79279541926,292335.85535704275,,,SSP corrected + TIAM Scenario_1
PYF,2035,6801017205.165359,22577.453386494384,301230.4837370924,,,SSP corrected + TIAM Scenario_1
PYF,2040,7452617851.454359,24128.506586975047,308871.90736775234,,,SSP corrected + TIAM Scenario_1
PYF,2045,8213679145.138986,26044.893428533487,315366.2028864548,,,SSP corrected + TIAM Scenario_1
PYF,2050,9045993124.39244,28215.472607893815,320603.99094153935,,,SSP corrected + TIAM Scenario_1
PYF,2055,9935102722.577587,30601.182455631624,324664.01378385955,,,SSP corrected + TIAM Scenario_1
PYF,2060,10917150606.287327,33326.06992441294,327585.8998990454,,,SSP corrected + TIAM Scenario_1
PYF,2065,11992136775.521622,36377.36709955553,329659.2835512866,,,SSP corrected + TIAM Scenario_1
PYF,2070,13185877420.704,39829.12707600315,331061.170272256,,,SSP corrected + TIAM Scenario_1
QAT,2012,138865975290.062,80621.7554942831,1722438.0,66.64639487039922,5.320786333541271,WB hist + TIAM interp
QAT,2013,146581512800.90903,76486.9151226862,1916426.0,60.33014488144525,6.013934125758187,WB hist + TIAM interp
QAT,2014,154400671412.79,71756.02657972483,2151745.0,54.11525686424577,6.707081917975103,WB hist + TIAM interp
QAT,2015,161739835164.835,68985.24333801011,2344557.0,50.016360672035034,7.400229710192019,WB hist + TIAM interp
QAT,2016,166695713593.11,67294.35176881716,2477113.0,47.67250572538772,8.093377502408934,WB hist + TIAM interp
QAT,2017,164199341779.27,64497.62425437383,2545820.0,46.709570520193985,8.78652529462585,WB hist + TIAM interp
QAT,2018,166226927746.608,64410.71716287227,2580734.0,46.39692969849206,9.479673086842766,WB hist + TIAM interp
QAT,2019,167370994374.124,63430.37172854372,2638657.0,45.690708991466536,10.172820879059682,WB hist + TIAM interp
QAT,2020,161416766491.661,57769.58360532836,2794148.0,43.442968755443175,10.865968671276596,WB hist + TIAM interp
QAT,2021,164042913770.979,65488.54600403967,2504910.0,46.1656322477727,14.615636948329604,WB hist + TIAM interp
QAT,2022,170908060803.633,64315.63556529535,2657333.0,41.35553334318758,18.36530522538261,WB hist + TIAM interp
QAT,2023,173539688045.024,65337.95076453295,2656032.0,39.21266501952422,22.114973502435618,WB hist + TIAM interp
QAT,2024,177634714249.328,62157.37517918471,2857822.0,34.43348210939005,25.864641779488625,WB hist + TIAM interp
QAT,2025,177634714249.32825,62157.3751791848,2857822.0,32.423094342651716,29.61431005654163,SSP corrected + TIAM Scenario_1
QAT,2026,,,,,29.999789297855635,SSP corrected + TIAM Scenario_1
QAT,2027,,,,,30.38526853916964,SSP corrected + TIAM Scenario_1
QAT,2028,,,,,30.77074778048364,SSP corrected + TIAM Scenario_1
QAT,2029,,,,,31.156227021797648,SSP corrected + TIAM Scenario_1
QAT,2030,199459055611.09924,64380.49883503107,3098128.458466813,26.70675123772639,31.541706263111653,SSP corrected + TIAM Scenario_1
QAT,2031,,,,,32.73054287229533,SSP corrected + TIAM Scenario_1
QAT,2032,,,,,33.91937948147901,SSP corrected + TIAM Scenario_1
QAT,2033,,,,,35.108216090662694,SSP corrected + TIAM Scenario_1
QAT,2034,,,,,36.297052699846375,SSP corrected + TIAM Scenario_1
QAT,2035,214928956137.6096,64582.541341868666,3327973.035311198,20.234292058810258,37.48588930903006,SSP corrected + TIAM Scenario_1
QAT,2036,,,,,37.34916053233583,SSP corrected + TIAM Scenario_1
QAT,2037,,,,,37.2124317556416,SSP corrected + TIAM Scenario_1
QAT,2038,,,,,37.07570297894738,SSP corrected + TIAM Scenario_1
QAT,2039,,,,,36.93897420225315,SSP corrected + TIAM Scenario_1
QAT,2040,227440261341.91653,64321.538099515026,3535989.157940105,14.029954237180455,36.80224542555893,SSP corrected + TIAM Scenario_1
QAT,2041,,,,,37.63671770140919,SSP corrected + TIAM Scenario_1
QAT,2042,,,,,38.471189977259456,SSP corrected + TIAM Scenario_1
QAT,2043,,,,,39.30566225310971,SSP corrected + TIAM Scenario_1
QAT,2044,,,,,40.14013452895998,SSP corrected + TIAM Scenario_1
QAT,2045,239395882734.9967,64411.8078316984,3716645.91934004,12.34888680858375,40.97460680481024,SSP corrected + TIAM Scenario_1
QAT,2046,,,,,42.679716748621615,SSP corrected + TIAM Scenario_1
QAT,2047,,,,,44.38482669243299,SSP corrected + TIAM Scenario_1
QAT,2048,,,,,46.08993663624437,SSP corrected + TIAM Scenario_1
QAT,2049,,,,,47.79504658005574,SSP corrected + TIAM Scenario_1
QAT,2050,251513157600.43304,65091.63420386613,3863985.912731845,8.51610410975321,49.50015652386711,SSP corrected + TIAM Scenario_1
QAT,2051,,,,,50.5759059964259,SSP corrected + TIAM Scenario_1
QAT,2052,,,,,51.651655468984686,SSP corrected + TIAM Scenario_1
QAT,2053,,,,,52.72740494154347,SSP corrected + TIAM Scenario_1
QAT,2054,,,,,53.803154414102266,SSP corrected + TIAM Scenario_1
QAT,2055,265921084621.04138,66825.6121044059,3979328.826881166,5.576267235902118,54.87890388666105,SSP corrected + TIAM Scenario_1
QAT,2056,,,,,55.95465335921984,SSP corrected + TIAM Scenario_1
QAT,2057,,,,,57.03040283177863,SSP corrected + TIAM Scenario_1
QAT,2058,,,,,58.106152304337414,SSP corrected + TIAM Scenario_1
QAT,2059,,,,,59.18190177689621,SSP corrected + TIAM Scenario_1
QAT,2060,282932867399.5142,69624.0895747799,4063720.892114928,2.8233965642805408,60.257651249454995,SSP corrected + TIAM Scenario_1
QAT,2061,,,,,60.68564254738791,SSP corrected + TIAM Scenario_1
QAT,2062,,,,,61.11363384532082,SSP corrected + TIAM Scenario_1
QAT,2063,,,,,61.54162514325374,SSP corrected + TIAM Scenario_1
QAT,2064,,,,,61.96961644118665,SSP corrected + TIAM Scenario_1
QAT,2065,299710028124.35645,72927.42808789841,4109702.425857115,1.8157516181903393,62.397607739119564,SSP corrected + TIAM Scenario_1
QAT,2066,,,,,62.82559903705248,SSP corrected + TIAM Scenario_1
QAT,2067,,,,,63.25359033498539,SSP corrected + TIAM Scenario_1
QAT,2068,,,,,63.68158163291831,SSP corrected + TIAM Scenario_1
QAT,2069,,,,,64.10957293085121,SSP corrected + TIAM Scenario_1
QAT,2070,314505249922.48737,76425.20789069848,4115203.0671906746,0.838573941242984,64.53756422878413,SSP corrected + TIAM Scenario_1
ROU,2012,165163587446.01898,8234.285534251934,20058035.0,3.5580145915252266,15.624833278696284,WB hist + TIAM interp
ROU,2013,165624017079.639,8287.958440896735,19983693.0,3.4938928678977534,17.800327931391145,WB hist + TIAM interp
ROU,2014,172441103432.37497,8661.473972742398,19908979.0,3.4293563565762377,19.975822584086004,WB hist + TIAM interp
ROU,2015,177885131240.315,8977.01748158195,19815616.0,3.367499901402378,22.151317236780866,WB hist + TIAM interp
ROU,2016,182972525962.275,9286.876782365958,19702267.0,3.308410456820119,24.326811889475728,WB hist + TIAM interp
ROU,2017,197967999561.01996,10106.226955725271,19588715.0,3.2486708497977794,26.50230654217059,WB hist + TIAM interp
ROU,2018,208647427408.285,10714.170115712666,19473970.0,3.1884299218459864,28.677801194865452,WB hist + TIAM interp
ROU,2019,216910469745.256,11197.316291585312,19371648.0,3.125469236523689,30.85329584756031,WB hist + TIAM interp
ROU,2020,209105975817.662,10854.04943188705,19265250.0,3.0624876980262496,33.02879050025518,WB hist + TIAM interp
ROU,2021,220789460074.341,11546.322499807213,19122059.0,2.88302902030591,36.03026624564535,WB hist + TIAM interp
ROU,2022,230035489109.198,12076.30338118966,19048502.0,2.690989082795246,39.03174199103553,WB hist + TIAM interp
ROU,2023,235229078939.709,12340.817050996897,19061062.0,2.486176836642418,42.033217736425705,WB hist + TIAM interp
ROU,2024,237383786157.719,12459.911206189136,19051804.0,2.2842472411959833,45.03469348181588,WB hist + TIAM interp
ROU,2025,237383786157.7183,12459.9112061891,19051804.0,2.0811095173668703,48.03616922720606,SSP corrected + TIAM Scenario_1
ROU,2026,,,,,45.32300225972651,SSP corrected + TIAM Scenario_1
ROU,2027,,,,,42.60983529224696,SSP corrected + TIAM Scenario_1
ROU,2028,,,,,39.8966683247674,SSP corrected + TIAM Scenario_1
ROU,2029,,,,,37.183501357287845,SSP corrected + TIAM Scenario_1
ROU,2030,268960736269.98245,14428.851494457347,18640481.286629096,1.3826463995613691,34.47033438980829,SSP corrected + TIAM Scenario_1
ROU,2031,,,,,39.361478929690215,SSP corrected + TIAM Scenario_1
ROU,2032,,,,,44.25262346957214,SSP corrected + TIAM Scenario_1
ROU,2033,,,,,49.143768009454064,SSP corrected + TIAM Scenario_1
ROU,2034,,,,,54.034912549335985,SSP corrected + TIAM Scenario_1
ROU,2035,296784166270.45856,16306.693017092775,18200144.31861614,0.9471445186738385,58.926057089217906,SSP corrected + TIAM Scenario_1
ROU,2036,,,,,58.70964254691437,SSP corrected + TIAM Scenario_1
ROU,2037,,,,,58.49322800461083,SSP corrected + TIAM Scenario_1
ROU,2038,,,,,58.27681346230728,SSP corrected + TIAM Scenario_1
ROU,2039,,,,,58.06039892000374,SSP corrected + TIAM Scenario_1
ROU,2040,322478866970.03217,18195.772133504513,17722736.062199883,0.9458446169908639,57.8439843777002,SSP corrected + TIAM Scenario_1
ROU,2041,,,,,60.74191142552966,SSP corrected + TIAM Scenario_1
ROU,2042,,,,,63.63983847335911,SSP corrected + TIAM Scenario_1
ROU,2043,,,,,66.53776552118858,SSP corrected + TIAM Scenario_1
ROU,2044,,,,,69.43569256901803,SSP corrected + TIAM Scenario_1
ROU,2045,345323850284.47943,20078.43937955137,17198739.59109442,0.5635154149696425,72.33361961684749,SSP corrected + TIAM Scenario_1
ROU,2046,,,,,73.34213396669794,SSP corrected + TIAM Scenario_1
ROU,2047,,,,,74.3506483165484,SSP corrected + TIAM Scenario_1
ROU,2048,,,,,75.35916266639887,SSP corrected + TIAM Scenario_1
ROU,2049,,,,,76.36767701624933,SSP corrected + TIAM Scenario_1
ROU,2050,366928843645.90735,22076.841475851095,16620531.702747196,0.3031376193784174,77.37619136609979,SSP corrected + TIAM Scenario_1
ROU,2051,,,,,76.98769399779452,SSP corrected + TIAM Scenario_1
ROU,2052,,,,,76.59919662948927,SSP corrected + TIAM Scenario_1
ROU,2053,,,,,76.210699261184,SSP corrected + TIAM Scenario_1
ROU,2054,,,,,75.82220189287875,SSP corrected + TIAM Scenario_1
ROU,2055,386314727433.7677,24161.685988765104,15988732.227270871,0.16526202409517854,75.43370452457349,SSP corrected + TIAM Scenario_1
ROU,2056,,,,,75.04520715626822,SSP corrected + TIAM Scenario_1
ROU,2057,,,,,74.65670978796297,SSP corrected + TIAM Scenario_1
ROU,2058,,,,,74.2682124196577,SSP corrected + TIAM Scenario_1
ROU,2059,,,,,73.87971505135245,SSP corrected + TIAM Scenario_1
ROU,2060,408056660602.2672,26654.23075638745,15309264.19643456,0.016091700087863668,73.49121768304718,SSP corrected + TIAM Scenario_1
ROU,2061,,,,,74.7859529841635,SSP corrected + TIAM Scenario_1
ROU,2062,,,,,76.08068828527982,SSP corrected + TIAM Scenario_1
ROU,2063,,,,,77.37542358639612,SSP corrected + TIAM Scenario_1
ROU,2064,,,,,78.67015888751244,SSP corrected + TIAM Scenario_1
ROU,2065,428809203664.68506,29375.385669059506,14597568.47095087,0.01713019295482991,79.96489418862876,SSP corrected + TIAM Scenario_1
ROU,2066,,,,,81.25962948974508,SSP corrected + TIAM Scenario_1
ROU,2067,,,,,82.5543647908614,SSP corrected + TIAM Scenario_1
ROU,2068,,,,,83.8491000919777,SSP corrected + TIAM Scenario_1
ROU,2069,,,,,85.14383539309402,SSP corrected + TIAM Scenario_1
ROU,2070,448340243648.0395,32294.887014393596,13882700.485938145,0.018279313985028092,86.43857069421034,SSP corrected + TIAM Scenario_1
RUS,2012,1356935163515.02,9464.010748526382,143378447.0,12.217453476209043,5.768678807715448,WB hist + TIAM interp
RUS,2013,1380755103919.4497,9601.53665129214,143805638.0,12.339986226531675,5.895922002931266,WB hist + TIAM interp
RUS,2014,1390921151162.4595,9643.288481520887,144237223.0,12.461413505732814,6.023165198147083,WB hist + TIAM interp
RUS,2015,1363482182197.7097,9426.683024700387,144640716.0,12.584559974285469,6.150408393362901,WB hist + TIAM interp
RUS,2016,1366123111808.03,9420.534278262676,145015460.0,12.709540429203807,6.277651588578719,WB hist + TIAM interp
RUS,2017,1391065651845.68,9574.192580204202,145293260.0,12.842439754146776,6.4048947837945365,WB hist + TIAM interp
RUS,2018,1430116278515.49,9835.865939790783,145398106.0,12.990265669193649,6.532137979010354,WB hist + TIAM interp
RUS,2019,1461551317106.2095,10048.251964998231,145453291.0,13.142364109462296,6.659381174226172,WB hist + TIAM interp
RUS,2020,1422766794794.99,9795.62356737032,145245148.0,13.318449699576686,6.78662436944199,WB hist + TIAM interp
RUS,2021,1506233291759.56,10405.989543030746,144746762.0,13.34858047968707,7.555521212509997,WB hist + TIAM interp
RUS,2022,1484605556957.56,10292.825326212116,144236933.0,13.379980879908539,8.324418055578004,WB hist + TIAM interp
RUS,2023,1545214947189.49,10743.631544487014,143826130.0,13.40236999842927,9.093314898646012,WB hist + TIAM interp
RUS,2024,1612344875264.3604,11233.202927610158,143533851.0,13.413801693983164,9.86221174171402,WB hist + TIAM interp
RUS,2025,1585081601753.5137,11043.259765625,143533851.0,13.397942048341374,10.631108584782028,SSP corrected + TIAM Scenario_1
RUS,2026,,,,,11.36865758846334,SSP corrected + TIAM Scenario_1
RUS,2027,,,,,12.10620659214465,SSP corrected + TIAM Scenario_1
RUS,2028,,,,,12.843755595825964,SSP corrected + TIAM Scenario_1
RUS,2029,,,,,13.581304599507272,SSP corrected + TIAM Scenario_1
RUS,2030,1833107231548.0317,12888.116396476364,142232361.5923586,12.883842599967648,14.318853603188586,SSP corrected + TIAM Scenario_1
RUS,2031,,,,,15.140987670864307,SSP corrected + TIAM Scenario_1
RUS,2032,,,,,15.963121738540032,SSP corrected + TIAM Scenario_1
RUS,2033,,,,,16.785255806215755,SSP corrected + TIAM Scenario_1
RUS,2034,,,,,17.607389873891478,SSP corrected + TIAM Scenario_1
RUS,2035,2070142809707.2847,14674.814931609391,141067728.57817918,9.630585589314169,18.4295239415672,SSP corrected + TIAM Scenario_1
RUS,2036,,,,,19.81444105487761,SSP corrected + TIAM Scenario_1
RUS,2037,,,,,21.19935816818802,SSP corrected + TIAM Scenario_1
RUS,2038,,,,,22.584275281498428,SSP corrected + TIAM Scenario_1
RUS,2039,,,,,23.969192394808836,SSP corrected + TIAM Scenario_1
RUS,2040,2284370651220.428,16275.294976870471,140358171.9696538,7.1068151041281995,25.354109508119247,SSP corrected + TIAM Scenario_1
RUS,2041,,,,,25.21252981982985,SSP corrected + TIAM Scenario_1
RUS,2042,,,,,25.07095013154045,SSP corrected + TIAM Scenario_1
RUS,2043,,,,,24.929370443251052,SSP corrected + TIAM Scenario_1
RUS,2044,,,,,24.78779075496165,SSP corrected + TIAM Scenario_1
RUS,2045,2458762199384.6074,17588.465796377564,139794012.04458675,6.296155069414203,24.646211066672254,SSP corrected + TIAM Scenario_1
RUS,2046,,,,,25.413577469286473,SSP corrected + TIAM Scenario_1
RUS,2047,,,,,26.180943871900695,SSP corrected + TIAM Scenario_1
RUS,2048,,,,,26.948310274514913,SSP corrected + TIAM Scenario_1
RUS,2049,,,,,27.715676677129135,SSP corrected + TIAM Scenario_1
RUS,2050,2600432342452.0176,18673.143521496662,139260555.64551198,5.426802914777062,28.483043079743354,SSP corrected + TIAM Scenario_1
RUS,2051,,,,,28.64920050842412,SSP corrected + TIAM Scenario_1
RUS,2052,,,,,28.815357937104885,SSP corrected + TIAM Scenario_1
RUS,2053,,,,,28.981515365785647,SSP corrected + TIAM Scenario_1
RUS,2054,,,,,29.147672794466413,SSP corrected + TIAM Scenario_1
RUS,2055,2747237490818.6704,19818.274321551144,138621428.1952501,4.3539377786112405,29.31383022314718,SSP corrected + TIAM Scenario_1
RUS,2056,,,,,29.479987651827944,SSP corrected + TIAM Scenario_1
RUS,2057,,,,,29.64614508050871,SSP corrected + TIAM Scenario_1
RUS,2058,,,,,29.812302509189472,SSP corrected + TIAM Scenario_1
RUS,2059,,,,,29.978459937870237,SSP corrected + TIAM Scenario_1
RUS,2060,2938858986473.768,21304.503109603156,137945436.76304078,3.2720078865202664,30.144617366551003,SSP corrected + TIAM Scenario_1
RUS,2061,,,,,30.377975575544003,SSP corrected + TIAM Scenario_1
RUS,2062,,,,,30.611333784537,SSP corrected + TIAM Scenario_1
RUS,2063,,,,,30.84469199353,SSP corrected + TIAM Scenario_1
RUS,2064,,,,,31.078050202522995,SSP corrected + TIAM Scenario_1
RUS,2065,3141396046760.321,22928.500257842363,137008352.54961133,2.544459002852277,31.311408411515995,SSP corrected + TIAM Scenario_1
RUS,2066,,,,,31.54476662050899,SSP corrected + TIAM Scenario_1
RUS,2067,,,,,31.77812482950199,SSP corrected + TIAM Scenario_1
RUS,2068,,,,,32.01148303849499,SSP corrected + TIAM Scenario_1
RUS,2069,,,,,32.24484124748799,SSP corrected + TIAM Scenario_1
RUS,2070,3339646425957.611,24572.123397870644,135911999.6217753,1.8090066801142894,32.478199456480986,SSP corrected + TIAM Scenario_1
RWA,2012,7059501492.72193,651.8528186658335,10829901.0,0.03789504774321078,95.89327490675244,WB hist + TIAM interp
RWA,2013,7392699272.959951,666.4087887831754,11093340.0,0.03916424082968741,95.20050503714818,WB hist + TIAM interp
RWA,2014,7848619320.216641,690.6103949443566,11364757.0,0.040346209187047545,94.50773516754391,WB hist + TIAM interp
RWA,2015,8543760199.80208,733.9986298824933,11640022.0,0.041459327757140084,93.81496529793964,WB hist + TIAM interp
RWA,2016,9053886356.47148,759.6062881551093,11919183.0,0.04250711740181182,93.12219542833536,WB hist + TIAM interp
RWA,2017,9408633100.29498,771.069237513582,12202060.0,0.04349369983683394,92.42942555873113,WB hist + TIAM interp
RWA,2018,10209916254.6891,817.578437300036,12487996.0,0.044424690634702016,91.73665568912683,WB hist + TIAM interp
RWA,2019,11174486370.4509,874.639658935976,12776103.0,0.04530630215361872,91.0438858195226,WB hist + TIAM interp
RWA,2020,10797494124.6384,826.3913077010221,13065837.0,0.04614328242271146,90.35111594991832,WB hist + TIAM interp
RWA,2021,11969932683.8627,896.2710335749883,13355260.0,0.04825267361551543,90.31619345476734,WB hist + TIAM interp
RWA,2022,12946823692.9381,948.4136869480252,13651030.0,0.05024920441025946,90.28127095961636,WB hist + TIAM interp
RWA,2023,14014924091.7947,1004.332166500235,13954471.0,0.05213238050591956,90.24634846446536,WB hist + TIAM interp
RWA,2024,15260942682.7546,1070.4500377092606,14256567.0,0.053940488406574706,90.21142596931438,WB hist + TIAM interp
RWA,2025,15260942682.754591,1070.45003770926,14256567.0,0.05685327905598109,90.1765034741634,SSP corrected + TIAM Scenario_1
RWA,2026,,,,,89.40002543097587,SSP corrected + TIAM Scenario_1
RWA,2027,,,,,88.62354738778835,SSP corrected + TIAM Scenario_1
RWA,2028,,,,,87.84706934460083,SSP corrected + TIAM Scenario_1
RWA,2029,,,,,87.0705913014133,SSP corrected + TIAM Scenario_1
RWA,2030,21061345645.066418,1342.6317568557445,15686613.65078176,0.06832197871855668,86.29411325822578,SSP corrected + TIAM Scenario_1
RWA,2031,,,,,84.89296686399332,SSP corrected + TIAM Scenario_1
RWA,2032,,,,,83.49182046976087,SSP corrected + TIAM Scenario_1
RWA,2033,,,,,82.0906740755284,SSP corrected + TIAM Scenario_1
RWA,2034,,,,,80.68952768129594,SSP corrected + TIAM Scenario_1
RWA,2035,28481396168.76982,1660.9313162142407,17147847.048659086,0.08372794573188383,79.28838128706349,SSP corrected + TIAM Scenario_1
RWA,2036,,,,,78.9052142249639,SSP corrected + TIAM Scenario_1
RWA,2037,,,,,78.52204716286431,SSP corrected + TIAM Scenario_1
RWA,2038,,,,,78.13888010076471,SSP corrected + TIAM Scenario_1
RWA,2039,,,,,77.75571303866512,SSP corrected + TIAM Scenario_1
RWA,2040,38084192216.65409,2044.592269210306,18626790.676149603,0.09264804938134463,77.37254597656553,SSP corrected + TIAM Scenario_1
RWA,2041,,,,,77.07855073364088,SSP corrected + TIAM Scenario_1
RWA,2042,,,,,76.78455549071623,SSP corrected + TIAM Scenario_1
RWA,2043,,,,,76.49056024779159,SSP corrected + TIAM Scenario_1
RWA,2044,,,,,76.19656500486694,SSP corrected + TIAM Scenario_1
RWA,2045,50329597124.99717,2508.873684768911,20060634.152505353,0.1065989424812996,75.90256976194229,SSP corrected + TIAM Scenario_1
RWA,2046,,,,,77.21206548678956,SSP corrected + TIAM Scenario_1
RWA,2047,,,,,78.52156121163682,SSP corrected + TIAM Scenario_1
RWA,2048,,,,,79.8310569364841,SSP corrected + TIAM Scenario_1
RWA,2049,,,,,81.14055266133137,SSP corrected + TIAM Scenario_1
RWA,2050,65727362733.79794,3071.6262253069885,21398229.443502337,0.09554055868862785,82.45004838617864,SSP corrected + TIAM Scenario_1
RWA,2051,,,,,82.15498802522372,SSP corrected + TIAM Scenario_1
RWA,2052,,,,,81.85992766426878,SSP corrected + TIAM Scenario_1
RWA,2053,,,,,81.56486730331386,SSP corrected + TIAM Scenario_1
RWA,2054,,,,,81.26980694235893,SSP corrected + TIAM Scenario_1
RWA,2055,85059898843.98462,3767.289912014043,22578538.10844902,0.06590886303478836,80.974746581404,SSP corrected + TIAM Scenario_1
RWA,2056,,,,,80.67968622044908,SSP corrected + TIAM Scenario_1
RWA,2057,,,,,80.38462585949415,SSP corrected + TIAM Scenario_1
RWA,2058,,,,,80.08956549853923,SSP corrected + TIAM Scenario_1
RWA,2059,,,,,79.7945051375843,SSP corrected + TIAM Scenario_1
RWA,2060,109268171788.11356,4624.506749173077,23628070.56290969,0.03943837703422787,79.49944477662937,SSP corrected + TIAM Scenario_1
RWA,2061,,,,,78.8413265381611,SSP corrected + TIAM Scenario_1
RWA,2062,,,,,78.18320829969282,SSP corrected + TIAM Scenario_1
RWA,2063,,,,,77.52509006122453,SSP corrected + TIAM Scenario_1
RWA,2064,,,,,76.86697182275626,SSP corrected + TIAM Scenario_1
RWA,2065,138857487895.95047,5643.0687105477655,24606733.50235917,0.020591068349517773,76.20885358428798,SSP corrected + TIAM Scenario_1
RWA,2066,,,,,75.5507353458197,SSP corrected + TIAM Scenario_1
RWA,2067,,,,,74.89261710735143,SSP corrected + TIAM Scenario_1
RWA,2068,,,,,74.23449886888314,SSP corrected + TIAM Scenario_1
RWA,2069,,,,,73.57638063041486,SSP corrected + TIAM Scenario_1
RWA,2070,174238315945.634,6827.593761814852,25519725.107271098,0.0031938082019659884,72.91826239194658,SSP corrected + TIAM Scenario_1
SAU,2012,618711318317.787,23643.035832464662,26168861.0,21.9637763508352,5.320786333541271,WB hist + TIAM interp
SAU,2013,636936313349.28,23057.349446853543,27624004.0,20.956143676641556,6.013934125758187,WB hist + TIAM interp
SAU,2014,662570908159.594,23404.730603982447,28309273.0,20.594601038894517,6.707081917975103,WB hist + TIAM interp
SAU,2015,693414400000.0,23256.154955353068,29816382.0,19.691985752133697,7.400229710192019,WB hist + TIAM interp
SAU,2016,705230509999.152,22783.032853868543,30954198.0,19.10142707984885,8.093377502408934,WB hist + TIAM interp
SAU,2017,713567089638.542,23035.119997770693,30977355.0,19.220328601335734,8.78652529462585,WB hist + TIAM interp
SAU,2018,736593549189.516,24393.518830663816,30196281.0,19.85411808455014,9.479673086842766,WB hist + TIAM interp
SAU,2019,748759049109.6,24905.66974285585,30063799.0,20.07883684547935,10.172820879059682,WB hist + TIAM interp
SAU,2020,720270347023.097,22827.67193554798,31552510.0,19.262229897536287,10.865968671276596,WB hist + TIAM interp
SAU,2021,767229070838.89,24922.671694894452,30784383.0,18.808407849289114,14.615636948329604,WB hist + TIAM interp
SAU,2022,859301066620.788,26706.91792606597,32175224.0,17.101318711600346,18.36530522538261,WB hist + TIAM interp
SAU,2023,863963569239.897,25634.823754784054,33702731.0,15.472701296210753,22.114973502435618,WB hist + TIAM interp
SAU,2024,881212616884.024,24963.332213909467,35300280.0,13.95756121532045,25.864641779488625,WB hist + TIAM interp
SAU,2025,881212616884.0253,24963.3322139095,35300280.0,13.142653497546252,29.61431005654163,SSP corrected + TIAM Scenario_1
SAU,2026,,,,,29.999789297855635,SSP corrected + TIAM Scenario_1
SAU,2027,,,,,30.38526853916964,SSP corrected + TIAM Scenario_1
SAU,2028,,,,,30.77074778048364,SSP corrected + TIAM Scenario_1
SAU,2029,,,,,31.156227021797648,SSP corrected + TIAM Scenario_1
SAU,2030,1062504572996.9125,27565.84827531446,38544236.41837998,10.748122529042641,31.541706263111653,SSP corrected + TIAM Scenario_1
SAU,2031,,,,,32.73054287229533,SSP corrected + TIAM Scenario_1
SAU,2032,,,,,33.91937948147901,SSP corrected + TIAM Scenario_1
SAU,2033,,,,,35.108216090662694,SSP corrected + TIAM Scenario_1
SAU,2034,,,,,36.297052699846375,SSP corrected + TIAM Scenario_1
SAU,2035,1230293634803.9275,29491.088766169156,41717470.81156477,8.08204781180457,37.48588930903006,SSP corrected + TIAM Scenario_1
SAU,2036,,,,,37.34916053233583,SSP corrected + TIAM Scenario_1
SAU,2037,,,,,37.2124317556416,SSP corrected + TIAM Scenario_1
SAU,2038,,,,,37.07570297894738,SSP corrected + TIAM Scenario_1
SAU,2039,,,,,36.93897420225315,SSP corrected + TIAM Scenario_1
SAU,2040,1404730411429.1074,31384.43746688921,44758820.76621916,5.549579999125589,36.80224542555893,SSP corrected + TIAM Scenario_1
SAU,2041,,,,,37.63671770140919,SSP corrected + TIAM Scenario_1
SAU,2042,,,,,38.471189977259456,SSP corrected + TIAM Scenario_1
SAU,2043,,,,,39.30566225310971,SSP corrected + TIAM Scenario_1
SAU,2044,,,,,40.14013452895998,SSP corrected + TIAM Scenario_1
SAU,2045,1574438119366.0566,33105.17998452757,47558663.63215379,4.831933275822089,40.97460680481024,SSP corrected + TIAM Scenario_1
SAU,2046,,,,,42.679716748621615,SSP corrected + TIAM Scenario_1
SAU,2047,,,,,44.38482669243299,SSP corrected + TIAM Scenario_1
SAU,2048,,,,,46.08993663624437,SSP corrected + TIAM Scenario_1
SAU,2049,,,,,47.79504658005574,SSP corrected + TIAM Scenario_1
SAU,2050,1734575112198.874,34620.53251721399,50102496.58454589,3.288430763450126,49.50015652386711,SSP corrected + TIAM Scenario_1
SAU,2051,,,,,50.5759059964259,SSP corrected + TIAM Scenario_1
SAU,2052,,,,,51.651655468984686,SSP corrected + TIAM Scenario_1
SAU,2053,,,,,52.72740494154347,SSP corrected + TIAM Scenario_1
SAU,2054,,,,,53.803154414102266,SSP corrected + TIAM Scenario_1
SAU,2055,1895397220917.1519,36180.50298292832,52387254.58879027,2.120798171599745,54.87890388666105,SSP corrected + TIAM Scenario_1
SAU,2056,,,,,55.95465335921984,SSP corrected + TIAM Scenario_1
SAU,2057,,,,,57.03040283177863,SSP corrected + TIAM Scenario_1
SAU,2058,,,,,58.106152304337414,SSP corrected + TIAM Scenario_1
SAU,2059,,,,,59.18190177689621,SSP corrected + TIAM Scenario_1
SAU,2060,2064589483686.75,37987.74452689405,54348830.37673084,1.0570052014292017,60.257651249454995,SSP corrected + TIAM Scenario_1
SAU,2061,,,,,60.68564254738791,SSP corrected + TIAM Scenario_1
SAU,2062,,,,,61.11363384532082,SSP corrected + TIAM Scenario_1
SAU,2063,,,,,61.54162514325374,SSP corrected + TIAM Scenario_1
SAU,2064,,,,,61.96961644118665,SSP corrected + TIAM Scenario_1
SAU,2065,2242095611643.8447,40079.150512673645,55941694.94522744,0.6678866596737738,62.397607739119564,SSP corrected + TIAM Scenario_1
SAU,2066,,,,,62.82559903705248,SSP corrected + TIAM Scenario_1
SAU,2067,,,,,63.25359033498539,SSP corrected + TIAM Scenario_1
SAU,2068,,,,,63.68158163291831,SSP corrected + TIAM Scenario_1
SAU,2069,,,,,64.10957293085121,SSP corrected + TIAM Scenario_1
SAU,2070,2423342536665.677,42402.55295957961,57150863.981603585,0.3023301126764816,64.53756422878413,SSP corrected + TIAM Scenario_1
SDN,2012,47566600027.2224,1288.2585574628056,36923178.0,0.14177736745798686,95.89327490675244,WB hist + TIAM interp
SDN,2013,48496595854.7667,1283.4592086250782,37785849.0,0.14666344719808327,95.20050503714818,WB hist + TIAM interp
SDN,2014,50757206252.65209,1307.389704626794,38823318.0,0.15065004913464217,94.50773516754391,WB hist + TIAM interp
SDN,2015,51726758676.76771,1292.379613760598,40024431.0,0.15379773066338978,93.81496529793964,WB hist + TIAM interp
SDN,2016,53520457581.1072,1297.1545728017709,41259892.0,0.1566314946611353,93.12219542833536,WB hist + TIAM interp
SDN,2017,53900054790.1369,1261.873593126783,42714306.0,0.15848391515808802,92.42942555873113,WB hist + TIAM interp
SDN,2018,52455031754.9093,1185.9444931492512,44230596.0,0.15999021000676095,91.73665568912683,WB hist + TIAM interp
SDN,2019,51312429477.3951,1126.5529184735744,45548175.0,0.16210076995154676,91.0438858195226,WB hist + TIAM interp
SDN,2020,49449890489.35501,1056.8647834659862,46789231.0,0.16436102854546558,90.35111594991832,WB hist + TIAM interp
SDN,2021,48525909156.8784,1009.5488772461996,48066924.0,0.17101194064824365,90.31619345476734,WB hist + TIAM interp
SDN,2022,48061119947.9824,973.2252639985634,49383346.0,0.17717936278460947,90.28127095961636,WB hist + TIAM interp
SDN,2023,33915159867.9417,677.7231882998233,50042791.0,0.18542933783753485,90.24634846446536,WB hist + TIAM interp
SDN,2024,29179132473.6304,578.3891429766436,50448963.0,0.1944359772249908,90.21142596931438,WB hist + TIAM interp
SDN,2025,29179133340.32373,578.38916015625,50448963.0,0.2049355354065981,90.1765034741634,SSP corrected + TIAM Scenario_1
SDN,2026,,,,,89.40002543097587,SSP corrected + TIAM Scenario_1
SDN,2027,,,,,88.62354738778835,SSP corrected + TIAM Scenario_1
SDN,2028,,,,,87.84706934460083,SSP corrected + TIAM Scenario_1
SDN,2029,,,,,87.0705913014133,SSP corrected + TIAM Scenario_1
SDN,2030,38455605510.31329,701.7612693336912,54798700.34267657,0.2494700502161153,86.29411325822578,SSP corrected + TIAM Scenario_1
SDN,2031,,,,,84.89296686399332,SSP corrected + TIAM Scenario_1
SDN,2032,,,,,83.49182046976087,SSP corrected + TIAM Scenario_1
SDN,2033,,,,,82.0906740755284,SSP corrected + TIAM Scenario_1
SDN,2034,,,,,80.68952768129594,SSP corrected + TIAM Scenario_1
SDN,2035,50254456650.22868,852.3097564417834,58962667.35233752,0.31060035801054714,79.28838128706349,SSP corrected + TIAM Scenario_1
SDN,2036,,,,,78.9052142249639,SSP corrected + TIAM Scenario_1
SDN,2037,,,,,78.52204716286431,SSP corrected + TIAM Scenario_1
SDN,2038,,,,,78.13888010076471,SSP corrected + TIAM Scenario_1
SDN,2039,,,,,77.75571303866512,SSP corrected + TIAM Scenario_1
SDN,2040,65696165970.03154,1045.5788795659291,62832338.38589512,0.3503403247145036,77.37254597656553,SSP corrected + TIAM Scenario_1
SDN,2041,,,,,77.07855073364088,SSP corrected + TIAM Scenario_1
SDN,2042,,,,,76.78455549071623,SSP corrected + TIAM Scenario_1
SDN,2043,,,,,76.49056024779159,SSP corrected + TIAM Scenario_1
SDN,2044,,,,,76.19656500486694,SSP corrected + TIAM Scenario_1
SDN,2045,85602652868.3429,1291.1590134754372,66299078.56037392,0.41142350368151903,75.90256976194229,SSP corrected + TIAM Scenario_1
SDN,2046,,,,,77.21206548678956,SSP corrected + TIAM Scenario_1
SDN,2047,,,,,78.52156121163682,SSP corrected + TIAM Scenario_1
SDN,2048,,,,,79.8310569364841,SSP corrected + TIAM Scenario_1
SDN,2049,,,,,81.14055266133137,SSP corrected + TIAM Scenario_1
SDN,2050,110785277734.56691,1597.8109916771768,69335658.7929582,0.37610404734006037,82.45004838617864,SSP corrected + TIAM Scenario_1
SDN,2051,,,,,82.15498802522372,SSP corrected + TIAM Scenario_1
SDN,2052,,,,,81.85992766426878,SSP corrected + TIAM Scenario_1
SDN,2053,,,,,81.56486730331386,SSP corrected + TIAM Scenario_1
SDN,2054,,,,,81.26980694235893,SSP corrected + TIAM Scenario_1
SDN,2055,142338963915.77814,1976.907651629188,72000815.91999266,0.2636339022637557,80.974746581404,SSP corrected + TIAM Scenario_1
SDN,2056,,,,,80.67968622044908,SSP corrected + TIAM Scenario_1
SDN,2057,,,,,80.38462585949415,SSP corrected + TIAM Scenario_1
SDN,2058,,,,,80.08956549853923,SSP corrected + TIAM Scenario_1
SDN,2059,,,,,79.7945051375843,SSP corrected + TIAM Scenario_1
SDN,2060,181620467581.80853,2445.800686949637,74258081.84244262,0.16006729425792032,79.49944477662937,SSP corrected + TIAM Scenario_1
SDN,2061,,,,,78.8413265381611,SSP corrected + TIAM Scenario_1
SDN,2062,,,,,78.18320829969282,SSP corrected + TIAM Scenario_1
SDN,2063,,,,,77.52509006122453,SSP corrected + TIAM Scenario_1
SDN,2064,,,,,76.86697182275626,SSP corrected + TIAM Scenario_1
SDN,2065,229876669994.98755,3022.095941832717,76065311.76359059,0.0849660117365255,76.20885358428798,SSP corrected + TIAM Scenario_1
SDN,2066,,,,,75.5507353458197,SSP corrected + TIAM Scenario_1
SDN,2067,,,,,74.89261710735143,SSP corrected + TIAM Scenario_1
SDN,2068,,,,,74.23449886888314,SSP corrected + TIAM Scenario_1
SDN,2069,,,,,73.57638063041486,SSP corrected + TIAM Scenario_1
SDN,2070,288001873327.2644,3717.0778415864697,77480721.57787892,0.013418074659351764,72.91826239194658,SSP corrected + TIAM Scenario_1
SEN,2012,15361066998.890099,1154.0567799236692,13310495.0,0.5446408606049434,77.26144526337592,WB hist + TIAM interp
SEN,2013,15731635117.4164,1147.3859217191,13710849.0,0.5843171824389294,74.83188674185922,WB hist + TIAM interp
SEN,2014,16710783797.4248,1180.7987108505013,14152102.0,0.6199453523705121,72.40232822034253,WB hist + TIAM interp
SEN,2015,17774766696.1759,1218.0061355543776,14593331.0,0.6534200495980831,69.97276969882581,WB hist + TIAM interp
SEN,2016,18904543055.8656,1257.409069159277,15034521.0,0.6849317161796549,67.54321117730912,WB hist + TIAM interp
SEN,2017,20304894471.312298,1312.109327760494,15475002.0,0.7146794213737018,65.11365265579242,WB hist + TIAM interp
SEN,2018,21565674310.7132,1355.096108637118,15914498.0,0.742826489391289,62.68409413427572,WB hist + TIAM interp
SEN,2019,22560634320.126995,1379.608752498605,16352922.0,0.7695111543008952,60.254535612759014,WB hist + TIAM interp
SEN,2020,22863414676.2849,1361.791437486455,16789219.0,0.7949030320624396,57.82497709124232,WB hist + TIAM interp
SEN,2021,24359596784.117,1414.5395109385026,17220867.0,0.7992601347171139,57.25057203133363,WB hist + TIAM interp
SEN,2022,25297546478.5042,1433.1991875240997,17651103.0,0.803468421643151,56.67616697142495,WB hist + TIAM interp
SEN,2023,26374572022.2227,1458.9664233258911,18077573.0,0.8076446576637178,56.101761911516256,WB hist + TIAM interp
SEN,2024,27973016519.3217,1511.8928067023353,18501984.0,0.8117187133164234,55.52735685160757,WB hist + TIAM interp
SEN,2025,27973016519.32179,1511.89280670234,18501984.0,0.8343190673814351,54.95295179169889,SSP corrected + TIAM Scenario_1
SEN,2026,,,,,54.3463374971889,SSP corrected + TIAM Scenario_1
SEN,2027,,,,,53.73972320267891,SSP corrected + TIAM Scenario_1
SEN,2028,,,,,53.133108908168914,SSP corrected + TIAM Scenario_1
SEN,2029,,,,,52.526494613658926,SSP corrected + TIAM Scenario_1
SEN,2030,36958299599.672615,1832.302390881096,20170414.983686477,0.8907492553467223,51.91988031914894,SSP corrected + TIAM Scenario_1
SEN,2031,,,,,50.93880472298413,SSP corrected + TIAM Scenario_1
SEN,2032,,,,,49.95772912681932,SSP corrected + TIAM Scenario_1
SEN,2033,,,,,48.97665353065453,SSP corrected + TIAM Scenario_1
SEN,2034,,,,,47.99557793448972,SSP corrected + TIAM Scenario_1
SEN,2035,48381729591.47847,2218.0889482581047,21812348.70200913,1.0246481971282324,47.01450233832491,SSP corrected + TIAM Scenario_1
SEN,2036,,,,,46.43217624604892,SSP corrected + TIAM Scenario_1
SEN,2037,,,,,45.84985015377293,SSP corrected + TIAM Scenario_1
SEN,2038,,,,,45.267524061496935,SSP corrected + TIAM Scenario_1
SEN,2039,,,,,44.685197969220944,SSP corrected + TIAM Scenario_1
SEN,2040,63364328690.30931,2712.798136553528,23357553.898503657,1.1263717729752907,44.10287187694495,SSP corrected + TIAM Scenario_1
SEN,2041,,,,,44.195978736700184,SSP corrected + TIAM Scenario_1
SEN,2042,,,,,44.289085596455415,SSP corrected + TIAM Scenario_1
SEN,2043,,,,,44.382192456210646,SSP corrected + TIAM Scenario_1
SEN,2044,,,,,44.47529931596588,SSP corrected + TIAM Scenario_1
SEN,2045,82782143669.16112,3341.3634120755883,24774959.637730185,1.278051899971448,44.56840617572111,SSP corrected + TIAM Scenario_1
SEN,2046,,,,,45.1948165271801,SSP corrected + TIAM Scenario_1
SEN,2047,,,,,45.821226878639095,SSP corrected + TIAM Scenario_1
SEN,2048,,,,,46.44763723009808,SSP corrected + TIAM Scenario_1
SEN,2049,,,,,47.074047581557075,SSP corrected + TIAM Scenario_1
SEN,2050,107654174540.13771,4135.371706074778,26032526.74529738,1.421622149877747,47.70045793301607,SSP corrected + TIAM Scenario_1
SEN,2051,,,,,49.03421089844681,SSP corrected + TIAM Scenario_1
SEN,2052,,,,,50.36796386387755,SSP corrected + TIAM Scenario_1
SEN,2053,,,,,51.70171682930829,SSP corrected + TIAM Scenario_1
SEN,2054,,,,,53.03546979473903,SSP corrected + TIAM Scenario_1
SEN,2055,139111828990.53946,5126.519654247937,27135725.2820183,1.0102218019040077,54.36922276016977,SSP corrected + TIAM Scenario_1
SEN,2056,,,,,55.70297572560052,SSP corrected + TIAM Scenario_1
SEN,2057,,,,,57.03672869103126,SSP corrected + TIAM Scenario_1
SEN,2058,,,,,58.370481656462,SSP corrected + TIAM Scenario_1
SEN,2059,,,,,59.70423462189274,SSP corrected + TIAM Scenario_1
SEN,2060,178226645402.39813,6338.694689565763,28117247.18273309,0.6336959598693465,61.03798758732348,SSP corrected + TIAM Scenario_1
SEN,2061,,,,,60.93244868938,SSP corrected + TIAM Scenario_1
SEN,2062,,,,,60.826909791436506,SSP corrected + TIAM Scenario_1
SEN,2063,,,,,60.721370893493024,SSP corrected + TIAM Scenario_1
SEN,2064,,,,,60.61583199554954,SSP corrected + TIAM Scenario_1
SEN,2065,226089100407.37256,7782.578475510043,29050667.60570705,0.40041288239996714,60.51029309760605,SSP corrected + TIAM Scenario_1
SEN,2066,,,,,60.40475419966257,SSP corrected + TIAM Scenario_1
SEN,2067,,,,,60.29921530171909,SSP corrected + TIAM Scenario_1
SEN,2068,,,,,60.193676403775605,SSP corrected + TIAM Scenario_1
SEN,2069,,,,,60.088137505832115,SSP corrected + TIAM Scenario_1
SEN,2070,283515371473.191,9477.455844022192,29914712.992518492,0.18207552792853135,59.98259860788863,SSP corrected + TIAM Scenario_1
SGP,2012,274543305511.611,51679.35271733312,5312437.0,0.0671040040096892,87.04270501721462,WB hist + TIAM interp
SGP,2013,287769788882.221,53298.97285582856,5399162.0,0.06925603838696368,86.72866523260423,WB hist + TIAM interp
SGP,2014,299095084828.978,54681.93364582528,5469724.0,0.07155084017212748,86.41462544799384,WB hist + TIAM interp
SGP,2015,307998545269.398,55645.606861460576,5535002.0,0.07385762908303628,86.10058566338344,WB hist + TIAM interp
SGP,2016,319541032495.045,56986.785310291096,5607283.0,0.07601558574269897,85.78654587877305,WB hist + TIAM interp
SGP,2017,333846562289.746,59485.30158739208,5612253.0,0.07905553770478496,85.47250609416267,WB hist + TIAM interp
SGP,2018,345370865382.86694,61250.347667230206,5638676.0,0.08177778890479018,85.15846630955228,WB hist + TIAM interp
SGP,2019,349888458531.08594,61345.529182006205,5703569.0,0.08390487300332844,84.84442652494188,WB hist + TIAM interp
SGP,2020,336541232520.503,59189.70385743009,5685807.0,0.08723405658878945,84.5303867403315,WB hist + TIAM interp
SGP,2021,369376902514.865,67731.2610711716,5453566.0,0.09836808232253241,84.05247289067427,WB hist + TIAM interp
SGP,2022,384550906479.006,68218.80533356193,5637022.0,0.10234440257423018,83.57455904101704,WB hist + TIAM interp
SGP,2023,391555143381.885,66167.35963036075,5917648.0,0.10432835284157164,83.09664519135981,WB hist + TIAM interp
SGP,2024,408736675576.891,67706.83361497385,6036860.0,0.10897043962998135,82.61873134170258,WB hist + TIAM interp
SGP,2025,408736675576.89136,67706.8336149739,6036860.0,0.11567273513599416,82.14081749204536,SSP corrected + TIAM Scenario_1
SGP,2026,,,,,82.01079626821716,SSP corrected + TIAM Scenario_1
SGP,2027,,,,,81.88077504438897,SSP corrected + TIAM Scenario_1
SGP,2028,,,,,81.75075382056077,SSP corrected + TIAM Scenario_1
SGP,2029,,,,,81.62073259673258,SSP corrected + TIAM Scenario_1
SGP,2030,450811809617.754,72460.61578800905,6221473.620051065,0.1447776972814806,81.49071137290439,SSP corrected + TIAM Scenario_1
SGP,2031,,,,,81.5880391184722,SSP corrected + TIAM Scenario_1
SGP,2032,,,,,81.68536686403999,SSP corrected + TIAM Scenario_1
SGP,2033,,,,,81.7826946096078,SSP corrected + TIAM Scenario_1
SGP,2034,,,,,81.8800223551756,SSP corrected + TIAM Scenario_1
SGP,2035,484173534157.1326,75841.85043349506,6383988.937370396,0.188995636701863,81.97735010074341,SSP corrected + TIAM Scenario_1
SGP,2036,,,,,82.03792403663869,SSP corrected + TIAM Scenario_1
SGP,2037,,,,,82.09849797253396,SSP corrected + TIAM Scenario_1
SGP,2038,,,,,82.15907190842923,SSP corrected + TIAM Scenario_1
SGP,2039,,,,,82.2196458443245,SSP corrected + TIAM Scenario_1
SGP,2040,512649662219.3587,78706.37069419546,6513445.578772778,0.2326142968760512,82.28021978021978,SSP corrected + TIAM Scenario_1
SGP,2041,,,,,82.25375238807501,SSP corrected + TIAM Scenario_1
SGP,2042,,,,,82.22728499593026,SSP corrected + TIAM Scenario_1
SGP,2043,,,,,82.2008176037855,SSP corrected + TIAM Scenario_1
SGP,2044,,,,,82.17435021164074,SSP corrected + TIAM Scenario_1
SGP,2045,535936769601.2852,81095.47090518622,6608713.946897015,0.27598465875249123,82.14788281949598,SSP corrected + TIAM Scenario_1
SGP,2046,,,,,82.59189796357335,SSP corrected + TIAM Scenario_1
SGP,2047,,,,,83.03591310765071,SSP corrected + TIAM Scenario_1
SGP,2048,,,,,83.4799282517281,SSP corrected + TIAM Scenario_1
SGP,2049,,,,,83.92394339580547,SSP corrected + TIAM Scenario_1
SGP,2050,553765975778.2744,82984.78032625407,6673102.870202794,0.26624686767654765,84.36795853988284,SSP corrected + TIAM Scenario_1
SGP,2051,,,,,84.49889956921484,SSP corrected + TIAM Scenario_1
SGP,2052,,,,,84.62984059854683,SSP corrected + TIAM Scenario_1
SGP,2053,,,,,84.76078162787883,SSP corrected + TIAM Scenario_1
SGP,2054,,,,,84.89172265721083,SSP corrected + TIAM Scenario_1
SGP,2055,569804512350.2219,84875.30895626737,6713430.788732892,0.1921642970482014,85.02266368654284,SSP corrected + TIAM Scenario_1
SGP,2056,,,,,85.15360471587483,SSP corrected + TIAM Scenario_1
SGP,2057,,,,,85.28454574520683,SSP corrected + TIAM Scenario_1
SGP,2058,,,,,85.41548677453883,SSP corrected + TIAM Scenario_1
SGP,2059,,,,,85.54642780387084,SSP corrected + TIAM Scenario_1
SGP,2060,583528622461.8486,86630.45390285227,6735837.066214844,0.11928297430950893,85.67736883320283,SSP corrected + TIAM Scenario_1
SGP,2061,,,,,85.79652825022882,SSP corrected + TIAM Scenario_1
SGP,2062,,,,,85.91568766725482,SSP corrected + TIAM Scenario_1
SGP,2063,,,,,86.03484708428081,SSP corrected + TIAM Scenario_1
SGP,2064,,,,,86.1540065013068,SSP corrected + TIAM Scenario_1
SGP,2065,592729377914.2355,88259.39829494199,6715764.999138951,0.0738848870233335,86.27316591833278,SSP corrected + TIAM Scenario_1
SGP,2066,,,,,86.39232533535878,SSP corrected + TIAM Scenario_1
SGP,2067,,,,,86.51148475238477,SSP corrected + TIAM Scenario_1
SGP,2068,,,,,86.63064416941076,SSP corrected + TIAM Scenario_1
SGP,2069,,,,,86.74980358643674,SSP corrected + TIAM Scenario_1
SGP,2070,599440187674.9409,90101.16934580452,6652967.902939356,0.028395807631578836,86.86896300346274,SSP corrected + TIAM Scenario_1
SLB,2012,1207965042.16349,2105.9142375837946,573606.0,,,WB hist + TIAM interp
SLB,2013,1271231571.58946,2136.7211617703483,594945.0,,,WB hist + TIAM interp
SLB,2014,1286352300.29305,2085.1606727308613,616908.0,,,WB hist + TIAM interp
SLB,2015,1307908813.59962,2045.477215266486,639415.0,,,WB hist + TIAM interp
SLB,2016,1380562408.99877,2084.248457452259,662379.0,,,WB hist + TIAM interp
SLB,2017,1423021077.9804204,2075.3670530230493,685672.0,,,WB hist + TIAM interp
SLB,2018,1462095137.0898302,2061.899697066892,709101.0,,,WB hist + TIAM interp
SLB,2019,1487670872.02155,2043.0913977830712,728147.0,,,WB hist + TIAM interp
SLB,2020,1437368862.9268897,1930.655103071989,744498.0,,,WB hist + TIAM interp
SLB,2021,1434092017.05313,1880.5519827182984,762591.0,,,WB hist + TIAM interp
SLB,2022,1397028143.8117,1788.6172792205782,781066.0,,,WB hist + TIAM interp
SLB,2023,1436719369.01707,1795.887986971419,800005.0,,,WB hist + TIAM interp
SLB,2024,1479785892.35403,1806.3836732438676,819198.0,,,WB hist + TIAM interp
SLB,2025,1479785892.3540318,1806.38367324387,819198.0,,,SSP corrected + TIAM Scenario_1
SLB,2030,1927985273.6643538,2179.978880306124,884405.482585967,,,SSP corrected + TIAM Scenario_1
SLB,2035,2471336031.7493706,2608.227956300468,947515.3526284312,,,SSP corrected + TIAM Scenario_1
SLB,2040,3137915622.0508018,3120.7408532584736,1005503.426782264,,,SSP corrected + TIAM Scenario_1
SLB,2045,3951641876.9819527,3741.568478014188,1056145.811630116,,,SSP corrected + TIAM Scenario_1
SLB,2050,4941632157.741643,4489.693505976455,1100661.359436583,,,SSP corrected + TIAM Scenario_1
SLB,2055,6126604767.957681,5376.4772243999705,1139520.2680583152,,,SSP corrected + TIAM Scenario_1
SLB,2060,7517998670.958162,6414.536367569996,1172025.26264672,,,SSP corrected + TIAM Scenario_1
SLB,2065,9120493442.650059,7606.873381029397,1198980.5779330367,,,SSP corrected + TIAM Scenario_1
SLB,2070,10928889554.247858,8960.684381621988,1219648.978672051,,,SSP corrected + TIAM Scenario_1
SLE,2012,6715143020.447701,1025.0436600450157,6551080.0,0.11966679684373935,77.26144526337592,WB hist + TIAM interp
SLE,2013,7699806185.67422,1146.8197345647538,6714051.0,0.12903588706720437,74.83188674185922,WB hist + TIAM interp
SLE,2014,7098065167.70102,1032.237893559046,6876385.0,0.13797370184069357,72.40232822034253,WB hist + TIAM interp
SLE,2015,6788352974.78329,964.5759808889878,7037655.0,0.14652139965147254,69.97276969882581,WB hist + TIAM interp
SLE,2016,7225348888.80731,1002.7786228201284,7205328.0,0.15454866565360395,67.54321117730912,WB hist + TIAM interp
SLE,2017,7457128029.04966,1010.546940712073,7379299.0,0.16207238589043724,65.11365265579242,WB hist + TIAM interp
SLE,2018,7672926606.696781,1015.6678297204988,7554563.0,0.16922055746457923,62.68409413427572,WB hist + TIAM interp
SLE,2019,8095145458.326861,1046.96778078594,7731991.0,0.17599530695181237,60.254535612759014,WB hist + TIAM interp
SLE,2020,7993685031.0635395,1010.252946147572,7912558.0,0.18239372103509607,57.82497709124232,WB hist + TIAM interp
SLE,2021,8465060863.023763,1045.766161575796,8094602.0,0.18387801501235768,57.25057203133363,WB hist + TIAM interp
SLE,2022,8914856495.105082,1077.088845385072,8276807.0,0.18529341080734438,56.67616697142495,WB hist + TIAM interp
SLE,2023,9423896753.16695,1113.8683750069677,8460512.0,0.1866147404758892,56.101761911516256,WB hist + TIAM interp
SLE,2024,9828485690.6466,1137.290056730543,8642022.0,0.18792762882600733,55.52735685160757,WB hist + TIAM interp
SLE,2025,9828485690.646576,1137.29005673054,8642022.0,0.19316002137824143,54.95295179169889,SSP corrected + TIAM Scenario_1
SLE,2026,,,,,54.3463374971889,SSP corrected + TIAM Scenario_1
SLE,2027,,,,,53.73972320267891,SSP corrected + TIAM Scenario_1
SLE,2028,,,,,53.133108908168914,SSP corrected + TIAM Scenario_1
SLE,2029,,,,,52.526494613658926,SSP corrected + TIAM Scenario_1
SLE,2030,13334664243.910002,1418.670330991409,9399410.104383688,0.20670541080313495,51.91988031914894,SSP corrected + TIAM Scenario_1
SLE,2031,,,,,50.93880472298413,SSP corrected + TIAM Scenario_1
SLE,2032,,,,,49.95772912681932,SSP corrected + TIAM Scenario_1
SLE,2033,,,,,48.97665353065453,SSP corrected + TIAM Scenario_1
SLE,2034,,,,,47.99557793448972,SSP corrected + TIAM Scenario_1
SLE,2035,18003529731.48411,1774.5535934589846,10145385.181853753,0.23822690815747846,47.01450233832491,SSP corrected + TIAM Scenario_1
SLE,2036,,,,,46.43217624604892,SSP corrected + TIAM Scenario_1
SLE,2037,,,,,45.84985015377293,SSP corrected + TIAM Scenario_1
SLE,2038,,,,,45.267524061496935,SSP corrected + TIAM Scenario_1
SLE,2039,,,,,44.685197969220944,SSP corrected + TIAM Scenario_1
SLE,2040,24296690922.681942,2236.771726477541,10862391.827951202,0.2619182714058442,44.10287187694495,SSP corrected + TIAM Scenario_1
SLE,2041,,,,,44.195978736700184,SSP corrected + TIAM Scenario_1
SLE,2042,,,,,44.289085596455415,SSP corrected + TIAM Scenario_1
SLE,2043,,,,,44.382192456210646,SSP corrected + TIAM Scenario_1
SLE,2044,,,,,44.47529931596588,SSP corrected + TIAM Scenario_1
SLE,2045,32644247455.805397,2832.90848630657,11523226.963948147,0.2971457152919642,44.56840617572111,SSP corrected + TIAM Scenario_1
SLE,2046,,,,,45.1948165271801,SSP corrected + TIAM Scenario_1
SLE,2047,,,,,45.821226878639095,SSP corrected + TIAM Scenario_1
SLE,2048,,,,,46.44763723009808,SSP corrected + TIAM Scenario_1
SLE,2049,,,,,47.074047581557075,SSP corrected + TIAM Scenario_1
SLE,2050,43541680416.00455,3595.734452623642,12109259.176309358,0.3304951361831768,47.70045793301607,SSP corrected + TIAM Scenario_1
SLE,2051,,,,,49.03421089844681,SSP corrected + TIAM Scenario_1
SLE,2052,,,,,50.36796386387755,SSP corrected + TIAM Scenario_1
SLE,2053,,,,,51.70171682930829,SSP corrected + TIAM Scenario_1
SLE,2054,,,,,53.03546979473903,SSP corrected + TIAM Scenario_1
SLE,2055,57571120998.70997,4558.452971664961,12629530.535154844,0.23472162644017094,54.36922276016977,SSP corrected + TIAM Scenario_1
SLE,2056,,,,,55.70297572560052,SSP corrected + TIAM Scenario_1
SLE,2057,,,,,57.03672869103126,SSP corrected + TIAM Scenario_1
SLE,2058,,,,,58.370481656462,SSP corrected + TIAM Scenario_1
SLE,2059,,,,,59.70423462189274,SSP corrected + TIAM Scenario_1
SLE,2060,75347784986.91385,5753.936682908436,13094997.240885155,0.14713990394798349,61.03798758732348,SSP corrected + TIAM Scenario_1
SLE,2061,,,,,60.93244868938,SSP corrected + TIAM Scenario_1
SLE,2062,,,,,60.826909791436506,SSP corrected + TIAM Scenario_1
SLE,2063,,,,,60.721370893493024,SSP corrected + TIAM Scenario_1
SLE,2064,,,,,60.61583199554954,SSP corrected + TIAM Scenario_1
SLE,2065,97223786919.66608,7212.439036097425,13480015.072997116,0.09331595891712648,60.51029309760605,SSP corrected + TIAM Scenario_1
SLE,2066,,,,,60.40475419966257,SSP corrected + TIAM Scenario_1
SLE,2067,,,,,60.29921530171909,SSP corrected + TIAM Scenario_1
SLE,2068,,,,,60.193676403775605,SSP corrected + TIAM Scenario_1
SLE,2069,,,,,60.088137505832115,SSP corrected + TIAM Scenario_1
SLE,2070,123470105323.66129,8961.658568360093,13777595.339280512,0.04275088756641452,59.98259860788863,SSP corrected + TIAM Scenario_1
SLV,2012,22019127752.9422,3601.442229145883,6113975.0,1.2776373427485466,38.879500250197985,WB hist + TIAM interp
SLV,2013,22499794814.169,3665.1547327058097,6138839.0,1.285692011580818,38.85667685180975,WB hist + TIAM interp
SLV,2014,22888906230.213398,3713.949920162227,6162955.0,1.2938387109317702,38.83385345342151,WB hist + TIAM interp
SLV,2015,23438240000.000004,3790.340891081616,6183676.0,1.3026366909877294,38.81103005503327,WB hist + TIAM interp
SLV,2016,24033351541.724,3875.846913579538,6200800.0,1.312136616699453,38.78820665664504,WB hist + TIAM interp
SLV,2017,24573529736.8617,3954.840142775728,6213533.0,1.3225181588123374,38.7653832582568,WB hist + TIAM interp
SLV,2018,25166352435.577305,4046.16291720584,6219807.0,1.3342413539406337,38.74255985986856,WB hist + TIAM interp
SLV,2019,25779775126.599304,4143.1143709786775,6222318.0,1.3467548915017138,38.71973646148032,WB hist + TIAM interp
SLV,2020,23744951345.511,3808.5319543640862,6234673.0,1.3571121842362692,38.69691306309209,WB hist + TIAM interp
SLV,2021,26571731219.353905,4247.5475039497705,6255782.0,1.3204336125059777,39.00786664522744,WB hist + TIAM interp
SLV,2022,27356823619.6966,4355.960838883599,6280319.0,1.2833008892686577,39.318820227362785,WB hist + TIAM interp
SLV,2023,28325024473.790703,4489.177877127179,6309624.0,1.2455152779106688,39.62977380949813,WB hist + TIAM interp
SLV,2024,29062047321.2665,4585.225997577937,6338193.0,1.2082193177381635,39.94072739163348,WB hist + TIAM interp
SLV,2025,29062047321.26658,4585.22599757795,6338193.0,1.1765374381048006,40.25168097376883,SSP corrected + TIAM Scenario_1
SLV,2026,,,,,41.03311574715632,SSP corrected + TIAM Scenario_1
SLV,2027,,,,,41.81455052054381,SSP corrected + TIAM Scenario_1
SLV,2028,,,,,42.59598529393129,SSP corrected + TIAM Scenario_1
SLV,2029,,,,,43.37742006731878,SSP corrected + TIAM Scenario_1
SLV,2030,32925388708.919346,5208.175004993343,6321866.810802652,1.098985581533624,44.15885484070627,SSP corrected + TIAM Scenario_1
SLV,2031,,,,,43.75068382553754,SSP corrected + TIAM Scenario_1
SLV,2032,,,,,43.34251281036882,SSP corrected + TIAM Scenario_1
SLV,2033,,,,,42.93434179520009,SSP corrected + TIAM Scenario_1
SLV,2034,,,,,42.52617078003136,SSP corrected + TIAM Scenario_1
SLV,2035,37190553518.065414,5922.31809828722,6279729.136606358,1.027780284786579,42.11799976486264,SSP corrected + TIAM Scenario_1
SLV,2036,,,,,42.63433136242324,SSP corrected + TIAM Scenario_1
SLV,2037,,,,,43.15066295998385,SSP corrected + TIAM Scenario_1
SLV,2038,,,,,43.66699455754445,SSP corrected + TIAM Scenario_1
SLV,2039,,,,,44.18332615510506,SSP corrected + TIAM Scenario_1
SLV,2040,42129726608.23565,6775.362512165825,6218077.118764879,0.9328185124659272,44.69965775266566,SSP corrected + TIAM Scenario_1
SLV,2041,,,,,45.21361097692995,SSP corrected + TIAM Scenario_1
SLV,2042,,,,,45.72756420119425,SSP corrected + TIAM Scenario_1
SLV,2043,,,,,46.24151742545854,SSP corrected + TIAM Scenario_1
SLV,2044,,,,,46.75547064972284,SSP corrected + TIAM Scenario_1
SLV,2045,47640207300.473175,7773.4646171511695,6128568.102742896,0.8896316953513181,47.26942387398713,SSP corrected + TIAM Scenario_1
SLV,2046,,,,,46.98986888073011,SSP corrected + TIAM Scenario_1
SLV,2047,,,,,46.71031388747309,SSP corrected + TIAM Scenario_1
SLV,2048,,,,,46.43075889421607,SSP corrected + TIAM Scenario_1
SLV,2049,,,,,46.151203900959054,SSP corrected + TIAM Scenario_1
SLV,2050,53579449297.208954,8914.431921412395,6010416.566030589,0.924563982717856,45.87164890770203,SSP corrected + TIAM Scenario_1
SLV,2051,,,,,45.7537597769145,SSP corrected + TIAM Scenario_1
SLV,2052,,,,,45.63587064612697,SSP corrected + TIAM Scenario_1
SLV,2053,,,,,45.51798151533943,SSP corrected + TIAM Scenario_1
SLV,2054,,,,,45.4000923845519,SSP corrected + TIAM Scenario_1
SLV,2055,59820058860.06467,10197.542619697912,5866124.917635966,0.6939817979341489,45.282203253764365,SSP corrected + TIAM Scenario_1
SLV,2056,,,,,45.16431412297683,SSP corrected + TIAM Scenario_1
SLV,2057,,,,,45.0464249921893,SSP corrected + TIAM Scenario_1
SLV,2058,,,,,44.92853586140176,SSP corrected + TIAM Scenario_1
SLV,2059,,,,,44.81064673061423,SSP corrected + TIAM Scenario_1
SLV,2060,66236325868.34971,11612.905844730854,5703682.330155397,0.4532077711876339,44.6927575998267,SSP corrected + TIAM Scenario_1
SLV,2061,,,,,44.73681582547181,SSP corrected + TIAM Scenario_1
SLV,2062,,,,,44.78087405111692,SSP corrected + TIAM Scenario_1
SLV,2063,,,,,44.82493227676203,SSP corrected + TIAM Scenario_1
SLV,2064,,,,,44.86899050240714,SSP corrected + TIAM Scenario_1
SLV,2065,73246909920.43547,13199.933054745145,5549036.469855769,0.27205477714569165,44.913048728052246,SSP corrected + TIAM Scenario_1
SLV,2066,,,,,44.957106953697355,SSP corrected + TIAM Scenario_1
SLV,2067,,,,,45.001165179342465,SSP corrected + TIAM Scenario_1
SLV,2068,,,,,45.045223404987574,SSP corrected + TIAM Scenario_1
SLV,2069,,,,,45.08928163063269,SSP corrected + TIAM Scenario_1
SLV,2070,81068997698.05087,15007.415863679586,5401929.181842104,0.08040286892463945,45.13333985627779,SSP corrected + TIAM Scenario_1
SMR,2012,1408461048.24799,42082.55544677134,33469.0,,,WB hist + TIAM interp
SMR,2013,1397419106.23211,42293.487068554525,33041.0,,,WB hist + TIAM interp
SMR,2014,1387604046.66243,42492.850916013784,32655.0,,,WB hist + TIAM interp
SMR,2015,1419401070.56043,43146.824043542874,32897.0,,,WB hist + TIAM interp
SMR,2016,1452677592.44342,43886.21468968973,33101.0,,,WB hist + TIAM interp
SMR,2017,1456429357.00178,43057.778477510125,33825.0,,,WB hist + TIAM interp
SMR,2018,1478187032.6214697,42818.696269667744,34522.0,,,WB hist + TIAM interp
SMR,2019,1508721722.60406,43525.422571735275,34663.0,,,WB hist + TIAM interp
SMR,2020,1408423247.99647,40506.85211378976,34770.0,,,WB hist + TIAM interp
SMR,2021,1604162946.37945,46834.1395065821,34252.0,,,WB hist + TIAM interp
SMR,2022,1730866817.58497,51277.34609939179,33755.0,,,WB hist + TIAM interp
SMR,2023,1737823775.34504,51323.79726358654,33860.0,,,WB hist + TIAM interp
SOM,2012,4605859127.18469,369.61720475338495,12461160.0,0.015472678419761075,95.89327490675244,WB hist + TIAM interp
SOM,2013,5110628982.78701,397.10879634485826,12869594.0,0.015860037746356154,95.20050503714818,WB hist + TIAM interp
SOM,2014,5569461554.68169,417.5167969063955,13339491.0,0.01614881496028353,94.50773516754391,WB hist + TIAM interp
SOM,2015,6152149099.999421,445.5830800733964,13806963.0,0.01642082310399878,93.81496529793964,WB hist + TIAM interp
SOM,2016,6584944951.372289,458.9214768246054,14348740.0,0.01658866368960237,93.12219542833536,WB hist + TIAM interp
SOM,2017,7555288980.07721,506.50109887945933,14916629.0,0.016714979465711315,92.42942555873113,WB hist + TIAM interp
SOM,2018,7710498420.373011,498.9810650138719,15452487.0,0.016866920686341474,91.73665568912683,WB hist + TIAM interp
SOM,2019,7926418061.75135,494.44403971233874,16030971.0,0.016963451424047336,91.0438858195226,WB hist + TIAM interp
SOM,2020,7707287719.38597,462.8670537372354,16651191.0,0.017010514325485806,90.35111594991832,WB hist + TIAM interp
SOM,2021,7972973226.06341,461.6278307259781,17271431.0,0.017529213633581127,90.31619345476734,WB hist + TIAM interp
SOM,2022,8189695542.688511,460.046226685196,17801897.0,0.018102783342214095,90.28127095961636,WB hist + TIAM interp
SOM,2023,8531635197.80811,464.72106952556663,18358615.0,0.018616500492339233,90.24634846446536,WB hist + TIAM interp
SOM,2024,8882404280.64207,467.2699101944148,19009151.0,0.01900571182273852,90.21142596931438,WB hist + TIAM interp
SOM,2025,8882404280.642075,467.269910194415,19009151.0,0.020032021767604307,90.1765034741634,SSP corrected + TIAM Scenario_1
SOM,2026,,,,,89.40002543097587,SSP corrected + TIAM Scenario_1
SOM,2027,,,,,88.62354738778835,SSP corrected + TIAM Scenario_1
SOM,2028,,,,,87.84706934460083,SSP corrected + TIAM Scenario_1
SOM,2029,,,,,87.0705913014133,SSP corrected + TIAM Scenario_1
SOM,2030,12820227699.176352,624.1218126796812,20541226.790540155,0.024512086758280063,86.29411325822578,SSP corrected + TIAM Scenario_1
SOM,2031,,,,,84.89296686399332,SSP corrected + TIAM Scenario_1
SOM,2032,,,,,83.49182046976087,SSP corrected + TIAM Scenario_1
SOM,2033,,,,,82.0906740755284,SSP corrected + TIAM Scenario_1
SOM,2034,,,,,80.68952768129594,SSP corrected + TIAM Scenario_1
SOM,2035,18236327870.299587,828.7199623317327,22005416.424371917,0.030652610884943556,79.28838128706349,SSP corrected + TIAM Scenario_1
SOM,2036,,,,,78.9052142249639,SSP corrected + TIAM Scenario_1
SOM,2037,,,,,78.52204716286431,SSP corrected + TIAM Scenario_1
SOM,2038,,,,,78.13888010076471,SSP corrected + TIAM Scenario_1
SOM,2039,,,,,77.75571303866512,SSP corrected + TIAM Scenario_1
SOM,2040,26201181063.12778,1126.1179841025305,23266817.005865544,0.034846115083814584,77.37254597656553,SSP corrected + TIAM Scenario_1
SOM,2041,,,,,77.07855073364088,SSP corrected + TIAM Scenario_1
SOM,2042,,,,,76.78455549071623,SSP corrected + TIAM Scenario_1
SOM,2043,,,,,76.49056024779159,SSP corrected + TIAM Scenario_1
SOM,2044,,,,,76.19656500486694,SSP corrected + TIAM Scenario_1
SOM,2045,37848982372.31992,1557.443937377169,24301987.03399875,0.04134022116693783,75.90256976194229,SSP corrected + TIAM Scenario_1
SOM,2046,,,,,77.21206548678956,SSP corrected + TIAM Scenario_1
SOM,2047,,,,,78.52156121163682,SSP corrected + TIAM Scenario_1
SOM,2048,,,,,79.8310569364841,SSP corrected + TIAM Scenario_1
SOM,2049,,,,,81.14055266133137,SSP corrected + TIAM Scenario_1
SOM,2050,54747214906.224335,2174.147884340227,25180998.634247955,0.03814254731113938,82.45004838617864,SSP corrected + TIAM Scenario_1
SOM,2051,,,,,82.15498802522372,SSP corrected + TIAM Scenario_1
SOM,2052,,,,,81.85992766426878,SSP corrected + TIAM Scenario_1
SOM,2053,,,,,81.56486730331386,SSP corrected + TIAM Scenario_1
SOM,2054,,,,,81.26980694235893,SSP corrected + TIAM Scenario_1
SOM,2055,78641774484.70894,3031.6902660602677,25939910.605348624,0.026951825777639923,80.974746581404,SSP corrected + TIAM Scenario_1
SOM,2056,,,,,80.67968622044908,SSP corrected + TIAM Scenario_1
SOM,2057,,,,,80.38462585949415,SSP corrected + TIAM Scenario_1
SOM,2058,,,,,80.08956549853923,SSP corrected + TIAM Scenario_1
SOM,2059,,,,,79.7945051375843,SSP corrected + TIAM Scenario_1
SOM,2060,111380507048.51047,4192.549374697653,26566295.84870249,0.016479093411837602,79.49944477662937,SSP corrected + TIAM Scenario_1
SOM,2061,,,,,78.8413265381611,SSP corrected + TIAM Scenario_1
SOM,2062,,,,,78.18320829969282,SSP corrected + TIAM Scenario_1
SOM,2063,,,,,77.52509006122453,SSP corrected + TIAM Scenario_1
SOM,2064,,,,,76.86697182275626,SSP corrected + TIAM Scenario_1
SOM,2065,155461190558.89926,5727.537039105245,27142764.769127604,0.008769923187708658,76.20885358428798,SSP corrected + TIAM Scenario_1
SOM,2066,,,,,75.5507353458197,SSP corrected + TIAM Scenario_1
SOM,2067,,,,,74.89261710735143,SSP corrected + TIAM Scenario_1
SOM,2068,,,,,74.23449886888314,SSP corrected + TIAM Scenario_1
SOM,2069,,,,,73.57638063041486,SSP corrected + TIAM Scenario_1
SOM,2070,213470809332.9058,7712.857217788792,27677267.10155617,0.0013834983496312262,72.91826239194658,SSP corrected + TIAM Scenario_1
SRB,2012,41331605760.2741,5739.307502353206,7201497.0,0.0,15.624833278696284,WB hist + TIAM interp
SRB,2013,41518250531.7903,5793.336145255647,7166553.0,0.0,17.800327931391145,WB hist + TIAM interp
SRB,2014,40769149019.8676,5716.540471535059,7131787.0,0.0,19.975822584086004,WB hist + TIAM interp
SRB,2015,41297410634.9586,5820.321557688796,7095383.0,0.0,22.151317236780866,WB hist + TIAM interp
SRB,2016,42526090399.794,6024.957546537831,7058322.0,0.0,24.326811889475728,WB hist + TIAM interp
SRB,2017,43531153349.2666,6200.261185921521,7020858.0,0.0,26.50230654217059,WB hist + TIAM interp
SRB,2018,45555069182.0072,6524.080297551916,6982604.0,0.0,28.677801194865452,WB hist + TIAM interp
SRB,2019,47719029694.9033,6870.75810896295,6945235.0,0.0,30.85329584756031,WB hist + TIAM interp
SRB,2020,47265687464.123,6850.967421688341,6899126.0,0.0,33.02879050025518,WB hist + TIAM interp
SRB,2021,51022863667.9918,7465.676010771479,6834326.0,0.0,36.03026624564535,WB hist + TIAM interp
SRB,2022,52402255080.28259,7862.953873648458,6664449.0,0.0,39.03174199103553,WB hist + TIAM interp
SRB,2023,54366256509.84519,8208.4786891507,6623183.0,0.0,42.033217736425705,WB hist + TIAM interp
SRB,2024,56513683533.7835,8580.261058232581,6586476.0,0.0,45.03469348181588,WB hist + TIAM interp
SRB,2025,56513683533.78356,8580.26105823259,6586476.0,0.0,48.03616922720606,SSP corrected + TIAM Scenario_1
SRB,2026,,,,,45.32300225972651,SSP corrected + TIAM Scenario_1
SRB,2027,,,,,42.60983529224696,SSP corrected + TIAM Scenario_1
SRB,2028,,,,,39.8966683247674,SSP corrected + TIAM Scenario_1
SRB,2029,,,,,37.183501357287845,SSP corrected + TIAM Scenario_1
SRB,2030,63766848061.41868,9672.086856380824,6592873.80358363,0.0,34.47033438980829,SSP corrected + TIAM Scenario_1
SRB,2031,,,,,39.361478929690215,SSP corrected + TIAM Scenario_1
SRB,2032,,,,,44.25262346957214,SSP corrected + TIAM Scenario_1
SRB,2033,,,,,49.143768009454064,SSP corrected + TIAM Scenario_1
SRB,2034,,,,,54.034912549335985,SSP corrected + TIAM Scenario_1
SRB,2035,70692937568.70467,10717.736905192844,6595882.898977794,0.0,58.926057089217906,SSP corrected + TIAM Scenario_1
SRB,2036,,,,,58.70964254691437,SSP corrected + TIAM Scenario_1
SRB,2037,,,,,58.49322800461083,SSP corrected + TIAM Scenario_1
SRB,2038,,,,,58.27681346230728,SSP corrected + TIAM Scenario_1
SRB,2039,,,,,58.06039892000374,SSP corrected + TIAM Scenario_1
SRB,2040,77629484181.43697,11779.15465183704,6590412.170989717,0.0,57.8439843777002,SSP corrected + TIAM Scenario_1
SRB,2041,,,,,60.74191142552966,SSP corrected + TIAM Scenario_1
SRB,2042,,,,,63.63983847335911,SSP corrected + TIAM Scenario_1
SRB,2043,,,,,66.53776552118858,SSP corrected + TIAM Scenario_1
SRB,2044,,,,,69.43569256901803,SSP corrected + TIAM Scenario_1
SRB,2045,84588687855.96985,12866.268481023542,6574453.811587228,0.0,72.33361961684749,SSP corrected + TIAM Scenario_1
SRB,2046,,,,,73.34213396669794,SSP corrected + TIAM Scenario_1
SRB,2047,,,,,74.3506483165484,SSP corrected + TIAM Scenario_1
SRB,2048,,,,,75.35916266639887,SSP corrected + TIAM Scenario_1
SRB,2049,,,,,76.36767701624933,SSP corrected + TIAM Scenario_1
SRB,2050,91804090613.93748,14013.19139321542,6551262.167045334,0.0,77.37619136609979,SSP corrected + TIAM Scenario_1
SRB,2051,,,,,76.98769399779452,SSP corrected + TIAM Scenario_1
SRB,2052,,,,,76.59919662948927,SSP corrected + TIAM Scenario_1
SRB,2053,,,,,76.210699261184,SSP corrected + TIAM Scenario_1
SRB,2054,,,,,75.82220189287875,SSP corrected + TIAM Scenario_1
SRB,2055,99708500430.75803,15284.652785597076,6523439.022750626,0.0,75.43370452457349,SSP corrected + TIAM Scenario_1
SRB,2056,,,,,75.04520715626822,SSP corrected + TIAM Scenario_1
SRB,2057,,,,,74.65670978796297,SSP corrected + TIAM Scenario_1
SRB,2058,,,,,74.2682124196577,SSP corrected + TIAM Scenario_1
SRB,2059,,,,,73.87971505135245,SSP corrected + TIAM Scenario_1
SRB,2060,108360593286.99115,16705.40462828546,6486559.032728596,0.0,73.49121768304718,SSP corrected + TIAM Scenario_1
SRB,2061,,,,,74.7859529841635,SSP corrected + TIAM Scenario_1
SRB,2062,,,,,76.08068828527982,SSP corrected + TIAM Scenario_1
SRB,2063,,,,,77.37542358639612,SSP corrected + TIAM Scenario_1
SRB,2064,,,,,78.67015888751244,SSP corrected + TIAM Scenario_1
SRB,2065,117042314608.6554,18251.8153209887,6412639.649824992,0.0,79.96489418862876,SSP corrected + TIAM Scenario_1
SRB,2066,,,,,81.25962948974508,SSP corrected + TIAM Scenario_1
SRB,2067,,,,,82.5543647908614,SSP corrected + TIAM Scenario_1
SRB,2068,,,,,83.8491000919777,SSP corrected + TIAM Scenario_1
SRB,2069,,,,,85.14383539309402,SSP corrected + TIAM Scenario_1
SRB,2070,125197694956.18796,19869.04652800753,6301142.572679998,0.0,86.43857069421034,SSP corrected + TIAM Scenario_1
SSD,2012,11500530835.4315,1069.1961908093813,10756240.0,0.0,95.89327490675244,WB hist + TIAM interp
SSD,2013,13010519613.8763,1165.1620270749468,11166275.0,0.0,95.20050503714818,WB hist + TIAM interp
SSD,2014,13449448810.700098,1197.0949196947895,11235073.0,0.0,94.50773516754391,WB hist + TIAM interp
SSD,2015,11997800760.2242,1080.147186247656,11107561.0,0.0,93.81496529793964,WB hist + TIAM interp
SSD,2016,,,,,93.12219542833536,WB hist + TIAM interp
SSD,2017,,,,,92.42942555873113,WB hist + TIAM interp
SSD,2018,,,,,91.73665568912683,WB hist + TIAM interp
SSD,2019,,,,,91.0438858195226,WB hist + TIAM interp
SSD,2020,,,,,90.35111594991832,WB hist + TIAM interp
SSD,2021,,,,,90.31619345476734,WB hist + TIAM interp
SSD,2022,,,,,90.28127095961636,WB hist + TIAM interp
SSD,2023,,,,,90.24634846446536,WB hist + TIAM interp
SSD,2024,,,,,90.21142596931438,WB hist + TIAM interp
SSD,2025,,,,,90.1765034741634,SSP corrected + TIAM Scenario_1
SSD,2026,,,,,89.40002543097587,SSP corrected + TIAM Scenario_1
SSD,2027,,,,,88.62354738778835,SSP corrected + TIAM Scenario_1
SSD,2028,,,,,87.84706934460083,SSP corrected + TIAM Scenario_1
SSD,2029,,,,,87.0705913014133,SSP corrected + TIAM Scenario_1
SSD,2030,,,,,86.29411325822578,SSP corrected + TIAM Scenario_1
SSD,2031,,,,,84.89296686399332,SSP corrected + TIAM Scenario_1
SSD,2032,,,,,83.49182046976087,SSP corrected + TIAM Scenario_1
SSD,2033,,,,,82.0906740755284,SSP corrected + TIAM Scenario_1
SSD,2034,,,,,80.68952768129594,SSP corrected + TIAM Scenario_1
SSD,2035,,,,,79.28838128706349,SSP corrected + TIAM Scenario_1
SSD,2036,,,,,78.9052142249639,SSP corrected + TIAM Scenario_1
SSD,2037,,,,,78.52204716286431,SSP corrected + TIAM Scenario_1
SSD,2038,,,,,78.13888010076471,SSP corrected + TIAM Scenario_1
SSD,2039,,,,,77.75571303866512,SSP corrected + TIAM Scenario_1
SSD,2040,,,,,77.37254597656553,SSP corrected + TIAM Scenario_1
SSD,2041,,,,,77.07855073364088,SSP corrected + TIAM Scenario_1
SSD,2042,,,,,76.78455549071623,SSP corrected + TIAM Scenario_1
SSD,2043,,,,,76.49056024779159,SSP corrected + TIAM Scenario_1
SSD,2044,,,,,76.19656500486694,SSP corrected + TIAM Scenario_1
SSD,2045,,,,,75.90256976194229,SSP corrected + TIAM Scenario_1
SSD,2046,,,,,77.21206548678956,SSP corrected + TIAM Scenario_1
SSD,2047,,,,,78.52156121163682,SSP corrected + TIAM Scenario_1
SSD,2048,,,,,79.8310569364841,SSP corrected + TIAM Scenario_1
SSD,2049,,,,,81.14055266133137,SSP corrected + TIAM Scenario_1
SSD,2050,,,,,82.45004838617864,SSP corrected + TIAM Scenario_1
SSD,2051,,,,,82.15498802522372,SSP corrected + TIAM Scenario_1
SSD,2052,,,,,81.85992766426878,SSP corrected + TIAM Scenario_1
SSD,2053,,,,,81.56486730331386,SSP corrected + TIAM Scenario_1
SSD,2054,,,,,81.26980694235893,SSP corrected + TIAM Scenario_1
SSD,2055,,,,,80.974746581404,SSP corrected + TIAM Scenario_1
SSD,2056,,,,,80.67968622044908,SSP corrected + TIAM Scenario_1
SSD,2057,,,,,80.38462585949415,SSP corrected + TIAM Scenario_1
SSD,2058,,,,,80.08956549853923,SSP corrected + TIAM Scenario_1
SSD,2059,,,,,79.7945051375843,SSP corrected + TIAM Scenario_1
SSD,2060,,,,,79.49944477662937,SSP corrected + TIAM Scenario_1
SSD,2061,,,,,78.8413265381611,SSP corrected + TIAM Scenario_1
SSD,2062,,,,,78.18320829969282,SSP corrected + TIAM Scenario_1
SSD,2063,,,,,77.52509006122453,SSP corrected + TIAM Scenario_1
SSD,2064,,,,,76.86697182275626,SSP corrected + TIAM Scenario_1
SSD,2065,,,,,76.20885358428798,SSP corrected + TIAM Scenario_1
SSD,2066,,,,,75.5507353458197,SSP corrected + TIAM Scenario_1
SSD,2067,,,,,74.89261710735143,SSP corrected + TIAM Scenario_1
SSD,2068,,,,,74.23449886888314,SSP corrected + TIAM Scenario_1
SSD,2069,,,,,73.57638063041486,SSP corrected + TIAM Scenario_1
SSD,2070,,,,,72.91826239194658,SSP corrected + TIAM Scenario_1
STP,2012,232194345.227845,1225.6945255615,189439.0,0.24215842398578594,78.5583003157987,WB hist + TIAM interp
STP,2013,244081946.538405,1263.7042399528082,193148.0,0.2522560084826263,76.07160936723295,WB hist + TIAM interp
STP,2014,256057120.59548905,1301.321464450284,196767.0,0.26209291889067426,73.5849184186672,WB hist + TIAM interp
STP,2015,259999643.04738796,1298.1094659639623,200291.0,0.2717033277397402,71.09822747010146,WB hist + TIAM interp
STP,2016,273459368.754364,1342.5338076889966,203689.0,0.28115521732287607,68.61153652153571,WB hist + TIAM interp
STP,2017,284706696.977306,1375.5940328419867,206970.0,0.29046102771531235,66.12484557296996,WB hist + TIAM interp
STP,2018,297171520.830854,1413.843486185416,210187.0,0.2995675886291597,63.63815462440422,WB hist + TIAM interp
STP,2019,303157496.46587294,1420.6600831609103,213392.0,0.30841693501235373,61.15146367583847,WB hist + TIAM interp
STP,2020,311114954.79799,1430.841192990963,217435.0,0.3157826497165369,58.66477272727273,WB hist + TIAM interp
STP,2021,317023957.753826,1428.2867609797488,221961.0,0.30792522269727063,59.64548223751879,WB hist + TIAM interp
STP,2022,317558772.390522,1403.233567046782,226305.0,0.3006234076538415,60.62619174776486,WB hist + TIAM interp
STP,2023,318740893.733006,1380.601694162567,230871.0,0.2933143191786595,61.60690125801092,WB hist + TIAM interp
STP,2024,322247041.6548349,1368.143475540193,235536.0,0.286168399298154,62.58761076825699,WB hist + TIAM interp
STP,2025,322247041.65483415,1368.14347554019,235536.0,0.284831830425428,63.56832027850305,SSP corrected + TIAM Scenario_1
STP,2026,,,,,63.10410596601594,SSP corrected + TIAM Scenario_1
STP,2027,,,,,62.639891653528835,SSP corrected + TIAM Scenario_1
STP,2028,,,,,62.17567734104172,SSP corrected + TIAM Scenario_1
STP,2029,,,,,61.71146302855461,SSP corrected + TIAM Scenario_1
STP,2030,438918833.6646814,1800.6391513779358,243757.24215970733,0.3737058544558222,61.2472487160675,SSP corrected + TIAM Scenario_1
STP,2031,,,,,60.521717257335666,SSP corrected + TIAM Scenario_1
STP,2032,,,,,59.79618579860383,SSP corrected + TIAM Scenario_1
STP,2033,,,,,59.070654339872,SSP corrected + TIAM Scenario_1
STP,2034,,,,,58.34512288114016,SSP corrected + TIAM Scenario_1
STP,2035,566339658.3357029,2264.6783177144075,250075.10069124197,0.39900238874544725,57.61959142240833,SSP corrected + TIAM Scenario_1
STP,2036,,,,,57.68094544679907,SSP corrected + TIAM Scenario_1
STP,2037,,,,,57.74229947118982,SSP corrected + TIAM Scenario_1
STP,2038,,,,,57.80365349558057,SSP corrected + TIAM Scenario_1
STP,2039,,,,,57.865007519971314,SSP corrected + TIAM Scenario_1
STP,2040,706077082.9309893,2774.4919792967403,254488.78144169695,0.3459953143449645,57.92636154436206,SSP corrected + TIAM Scenario_1
STP,2041,,,,,57.8565379848766,SSP corrected + TIAM Scenario_1
STP,2042,,,,,57.78671442539114,SSP corrected + TIAM Scenario_1
STP,2043,,,,,57.71689086590568,SSP corrected + TIAM Scenario_1
STP,2044,,,,,57.64706730642022,SSP corrected + TIAM Scenario_1
STP,2045,854995972.924363,3323.1626712272114,257283.81590439007,0.42125619746477283,57.57724374693476,SSP corrected + TIAM Scenario_1
STP,2046,,,,,58.38797842950047,SSP corrected + TIAM Scenario_1
STP,2047,,,,,59.19871311206618,SSP corrected + TIAM Scenario_1
STP,2048,,,,,60.009447794631896,SSP corrected + TIAM Scenario_1
STP,2049,,,,,60.820182477197605,SSP corrected + TIAM Scenario_1
STP,2050,1012648451.954943,3918.948897983451,258397.97310855857,0.39498921438381185,61.630917159763314,SSP corrected + TIAM Scenario_1
STP,2051,,,,,61.27283330637317,SSP corrected + TIAM Scenario_1
STP,2052,,,,,60.914749452983024,SSP corrected + TIAM Scenario_1
STP,2053,,,,,60.55666559959288,SSP corrected + TIAM Scenario_1
STP,2054,,,,,60.198581746202734,SSP corrected + TIAM Scenario_1
STP,2055,1178138767.300963,4566.233810726369,258011.04720775387,0.286104694517745,59.84049789281259,SSP corrected + TIAM Scenario_1
STP,2056,,,,,59.48241403942245,SSP corrected + TIAM Scenario_1
STP,2057,,,,,59.124330186032296,SSP corrected + TIAM Scenario_1
STP,2058,,,,,58.766246332642154,SSP corrected + TIAM Scenario_1
STP,2059,,,,,58.40816247925201,SSP corrected + TIAM Scenario_1
STP,2060,1346764217.1731596,5252.472147921382,256405.7798395236,0.17773363501852008,58.050078625861865,SSP corrected + TIAM Scenario_1
STP,2061,,,,,57.261940734726494,SSP corrected + TIAM Scenario_1
STP,2062,,,,,56.47380284359112,SSP corrected + TIAM Scenario_1
STP,2063,,,,,55.68566495245576,SSP corrected + TIAM Scenario_1
STP,2064,,,,,54.89752706132039,SSP corrected + TIAM Scenario_1
STP,2065,1522555688.8194728,5971.9717246810105,254950.25077346613,0.10823215780671401,54.10938917018502,SSP corrected + TIAM Scenario_1
STP,2066,,,,,53.32125127904965,SSP corrected + TIAM Scenario_1
STP,2067,,,,,52.53311338791428,SSP corrected + TIAM Scenario_1
STP,2068,,,,,51.74497549677891,SSP corrected + TIAM Scenario_1
STP,2069,,,,,50.95683760564354,SSP corrected + TIAM Scenario_1
STP,2070,1706408934.961668,6735.002774120641,253364.25123959448,0.03795207970922541,50.16869971450817,SSP corrected + TIAM Scenario_1
SUR,2012,5142988298.24504,9140.928986115354,562633.0,4.567732151573339,38.879500250197985,WB hist + TIAM interp
SUR,2013,5293854859.13611,9303.460087758094,569020.0,4.563417806880385,38.85667685180975,WB hist + TIAM interp
SUR,2014,5307380818.79212,9224.243784105476,575373.0,4.559468653040708,38.83385345342151,WB hist + TIAM interp
SUR,2015,5126237646.22072,8813.617053920674,581627.0,4.556381175806668,38.81103005503327,WB hist + TIAM interp
SUR,2016,4874454256.1508,8293.315530314057,587757.0,4.554320018265742,38.78820665664504,WB hist + TIAM interp
SUR,2017,4950790053.58146,8338.692354018625,593713.0,4.553635557602296,38.7653832582568,WB hist + TIAM interp
SUR,2018,5195768566.26648,8666.648706977965,599513.0,4.554149425693265,38.74255985986856,WB hist + TIAM interp
SUR,2019,5256433828.6406,8677.305220217311,605768.0,4.551232388440062,38.71973646148032,WB hist + TIAM interp
SUR,2020,4416708447.1504,7213.107666699439,612317.0,4.546191104142909,38.69691306309209,WB hist + TIAM interp
SUR,2021,4309144555.20541,6973.899418681153,617896.0,4.398224246607512,39.00786664522744,WB hist + TIAM interp
SUR,2022,4412832154.84564,7081.333573257826,623164.0,4.255027953874288,39.318820227362785,WB hist + TIAM interp
SUR,2023,4519472314.04237,7186.473087399576,628886.0,4.11126231242934,39.62977380949813,WB hist + TIAM interp
SUR,2024,4597250505.9213,7246.257679592107,634431.0,3.971196838396547,39.94072739163348,WB hist + TIAM interp
SUR,2025,4597250505.921296,7246.2576795921,634431.0,3.867064270420395,40.25168097376883,SSP corrected + TIAM Scenario_1
SUR,2026,,,,,41.03311574715632,SSP corrected + TIAM Scenario_1
SUR,2027,,,,,41.81455052054381,SSP corrected + TIAM Scenario_1
SUR,2028,,,,,42.59598529393129,SSP corrected + TIAM Scenario_1
SUR,2029,,,,,43.37742006731878,SSP corrected + TIAM Scenario_1
SUR,2030,5627401556.324577,8592.118184087396,654949.2727819463,3.489990519710156,44.15885484070627,SSP corrected + TIAM Scenario_1
SUR,2031,,,,,43.75068382553754,SSP corrected + TIAM Scenario_1
SUR,2032,,,,,43.34251281036882,SSP corrected + TIAM Scenario_1
SUR,2033,,,,,42.93434179520009,SSP corrected + TIAM Scenario_1
SUR,2034,,,,,42.52617078003136,SSP corrected + TIAM Scenario_1
SUR,2035,6738749831.518994,10023.82892421993,672273.0288459521,3.1585669109076133,42.11799976486264,SSP corrected + TIAM Scenario_1
SUR,2036,,,,,42.63433136242324,SSP corrected + TIAM Scenario_1
SUR,2037,,,,,43.15066295998385,SSP corrected + TIAM Scenario_1
SUR,2038,,,,,43.66699455754445,SSP corrected + TIAM Scenario_1
SUR,2039,,,,,44.18332615510506,SSP corrected + TIAM Scenario_1
SUR,2040,7961666812.53324,11605.163879629514,686045.1860148493,2.7816027957817093,44.69965775266566,SSP corrected + TIAM Scenario_1
SUR,2041,,,,,45.21361097692995,SSP corrected + TIAM Scenario_1
SUR,2042,,,,,45.72756420119425,SSP corrected + TIAM Scenario_1
SUR,2043,,,,,46.24151742545854,SSP corrected + TIAM Scenario_1
SUR,2044,,,,,46.75547064972284,SSP corrected + TIAM Scenario_1
SUR,2045,9304210239.232111,13353.233836547985,696775.8037582147,2.5743688861088225,47.26942387398713,SSP corrected + TIAM Scenario_1
SUR,2046,,,,,46.98986888073011,SSP corrected + TIAM Scenario_1
SUR,2047,,,,,46.71031388747309,SSP corrected + TIAM Scenario_1
SUR,2048,,,,,46.43075889421607,SSP corrected + TIAM Scenario_1
SUR,2049,,,,,46.151203900959054,SSP corrected + TIAM Scenario_1
SUR,2050,10729810369.152435,15221.537815129484,704909.7469302684,2.5935976454566676,45.87164890770203,SSP corrected + TIAM Scenario_1
SUR,2051,,,,,45.7537597769145,SSP corrected + TIAM Scenario_1
SUR,2052,,,,,45.63587064612697,SSP corrected + TIAM Scenario_1
SUR,2053,,,,,45.51798151533943,SSP corrected + TIAM Scenario_1
SUR,2054,,,,,45.4000923845519,SSP corrected + TIAM Scenario_1
SUR,2055,12249004246.732706,17242.425410421285,710399.1436917821,1.8853480339372157,45.282203253764365,SSP corrected + TIAM Scenario_1
SUR,2056,,,,,45.16431412297683,SSP corrected + TIAM Scenario_1
SUR,2057,,,,,45.0464249921893,SSP corrected + TIAM Scenario_1
SUR,2058,,,,,44.92853586140176,SSP corrected + TIAM Scenario_1
SUR,2059,,,,,44.81064673061423,SSP corrected + TIAM Scenario_1
SUR,2060,13850015175.247574,19414.19200990275,713396.4250576582,1.192109979768166,44.6927575998267,SSP corrected + TIAM Scenario_1
SUR,2061,,,,,44.73681582547181,SSP corrected + TIAM Scenario_1
SUR,2062,,,,,44.78087405111692,SSP corrected + TIAM Scenario_1
SUR,2063,,,,,44.82493227676203,SSP corrected + TIAM Scenario_1
SUR,2064,,,,,44.86899050240714,SSP corrected + TIAM Scenario_1
SUR,2065,15488215672.369072,21691.847156175256,714010.9166756632,0.6956065433029671,44.913048728052246,SSP corrected + TIAM Scenario_1
SUR,2066,,,,,44.957106953697355,SSP corrected + TIAM Scenario_1
SUR,2067,,,,,45.001165179342465,SSP corrected + TIAM Scenario_1
SUR,2068,,,,,45.045223404987574,SSP corrected + TIAM Scenario_1
SUR,2069,,,,,45.08928163063269,SSP corrected + TIAM Scenario_1
SUR,2070,17185299653.11768,24131.915592536476,712139.8874125332,0.20065486562717744,45.13333985627779,SSP corrected + TIAM Scenario_1
SVK,2012,81977043067.5237,15159.65704200044,5407579.0,5.818404010408456,15.624833278696284,WB hist + TIAM interp
SVK,2013,82553606913.1151,15249.882451378478,5413393.0,5.686256071324879,17.800327931391145,WB hist + TIAM interp
SVK,2014,84789118561.7889,15647.649176351688,5418649.0,5.554963660726991,19.975822584086004,WB hist + TIAM interp
SVK,2015,89178548717.3324,16442.076086001754,5423801.0,5.424029708640067,22.151317236780866,WB hist + TIAM interp
SVK,2016,90915584911.6973,16740.741399642797,5430798.0,5.291545962539713,24.326811889475728,WB hist + TIAM interp
SVK,2017,93529165482.8938,17195.28887219626,5439232.0,5.158040087789195,26.50230654217059,WB hist + TIAM interp
SVK,2018,97328432250.48688,17869.014917367902,5446771.0,5.025773283896618,28.677801194865452,WB hist + TIAM interp
SVK,2019,99543529164.30847,18250.98024756364,5454147.0,4.894018376809409,30.85329584756031,WB hist + TIAM interp
SVK,2020,96969818857.1148,17763.856384735183,5458827.0,4.764971507676824,33.02879050025518,WB hist + TIAM interp
SVK,2021,102454294896.646,18808.45404965958,5447247.0,4.461873328255848,36.03026624564535,WB hist + TIAM interp
SVK,2022,103012252413.418,18964.829840062284,5431752.0,4.160480280231204,39.03174199103553,WB hist + TIAM interp
SVK,2023,105188526684.47002,19383.37320094016,5426740.0,3.8499113767180893,42.033217736425705,WB hist + TIAM interp
SVK,2024,107227789781.41302,19776.175806949897,5422069.0,3.5385457185948472,45.03469348181588,WB hist + TIAM interp
SVK,2025,107227789781.41249,19776.1758069498,5422069.0,3.223863441660474,48.03616922720606,SSP corrected + TIAM Scenario_1
SVK,2026,,,,,45.32300225972651,SSP corrected + TIAM Scenario_1
SVK,2027,,,,,42.60983529224696,SSP corrected + TIAM Scenario_1
SVK,2028,,,,,39.8966683247674,SSP corrected + TIAM Scenario_1
SVK,2029,,,,,37.183501357287845,SSP corrected + TIAM Scenario_1
SVK,2030,121037851045.0279,22263.58510597137,5436584.021347219,2.0900312574069067,34.47033438980829,SSP corrected + TIAM Scenario_1
SVK,2031,,,,,39.361478929690215,SSP corrected + TIAM Scenario_1
SVK,2032,,,,,44.25262346957214,SSP corrected + TIAM Scenario_1
SVK,2033,,,,,49.143768009454064,SSP corrected + TIAM Scenario_1
SVK,2034,,,,,54.034912549335985,SSP corrected + TIAM Scenario_1
SVK,2035,135321964769.37225,24978.006428391374,5417644.725063321,1.402785271568933,58.926057089217906,SSP corrected + TIAM Scenario_1
SVK,2036,,,,,58.70964254691437,SSP corrected + TIAM Scenario_1
SVK,2037,,,,,58.49322800461083,SSP corrected + TIAM Scenario_1
SVK,2038,,,,,58.27681346230728,SSP corrected + TIAM Scenario_1
SVK,2039,,,,,58.06039892000374,SSP corrected + TIAM Scenario_1
SVK,2040,149367176066.27783,27748.530985598503,5382885.895610093,1.3729225222122714,57.8439843777002,SSP corrected + TIAM Scenario_1
SVK,2041,,,,,60.74191142552966,SSP corrected + TIAM Scenario_1
SVK,2042,,,,,63.63983847335911,SSP corrected + TIAM Scenario_1
SVK,2043,,,,,66.53776552118858,SSP corrected + TIAM Scenario_1
SVK,2044,,,,,69.43569256901803,SSP corrected + TIAM Scenario_1
SVK,2045,162477415821.24426,30400.32653563799,5344594.428312264,0.7994628805221086,72.33361961684749,SSP corrected + TIAM Scenario_1
SVK,2046,,,,,73.34213396669794,SSP corrected + TIAM Scenario_1
SVK,2047,,,,,74.3506483165484,SSP corrected + TIAM Scenario_1
SVK,2048,,,,,75.35916266639887,SSP corrected + TIAM Scenario_1
SVK,2049,,,,,76.36767701624933,SSP corrected + TIAM Scenario_1
SVK,2050,174786519425.55896,32959.138733477695,5303127.634461591,0.41885461613695657,77.37619136609979,SSP corrected + TIAM Scenario_1
SVK,2051,,,,,76.98769399779452,SSP corrected + TIAM Scenario_1
SVK,2052,,,,,76.59919662948927,SSP corrected + TIAM Scenario_1
SVK,2053,,,,,76.210699261184,SSP corrected + TIAM Scenario_1
SVK,2054,,,,,75.82220189287875,SSP corrected + TIAM Scenario_1
SVK,2055,186661596106.7257,35543.018951869,5251709.101005059,0.22181814647012635,75.43370452457349,SSP corrected + TIAM Scenario_1
SVK,2056,,,,,75.04520715626822,SSP corrected + TIAM Scenario_1
SVK,2057,,,,,74.65670978796297,SSP corrected + TIAM Scenario_1
SVK,2058,,,,,74.2682124196577,SSP corrected + TIAM Scenario_1
SVK,2059,,,,,73.87971505135245,SSP corrected + TIAM Scenario_1
SVK,2060,199010099849.59714,38397.33986931688,5182913.725974676,0.020955252827857988,73.49121768304718,SSP corrected + TIAM Scenario_1
SVK,2061,,,,,74.7859529841635,SSP corrected + TIAM Scenario_1
SVK,2062,,,,,76.08068828527982,SSP corrected + TIAM Scenario_1
SVK,2063,,,,,77.37542358639612,SSP corrected + TIAM Scenario_1
SVK,2064,,,,,78.67015888751244,SSP corrected + TIAM Scenario_1
SVK,2065,211952107266.91684,41677.18603521885,5085566.647609294,0.021677742980208234,79.96489418862876,SSP corrected + TIAM Scenario_1
SVK,2066,,,,,81.25962948974508,SSP corrected + TIAM Scenario_1
SVK,2067,,,,,82.5543647908614,SSP corrected + TIAM Scenario_1
SVK,2068,,,,,83.8491000919777,SSP corrected + TIAM Scenario_1
SVK,2069,,,,,85.14383539309402,SSP corrected + TIAM Scenario_1
SVK,2070,224707120375.8489,45250.47918189449,4965850.626080401,0.022529462584080735,86.43857069421034,SSP corrected + TIAM Scenario_1
SVN,2012,40926910455.6051,19894.869796454772,2057159.0,6.222922103298726,15.624833278696284,WB hist + TIAM interp
SVN,2013,40589764218.782,19704.21860051273,2059953.0,6.079867811835446,17.800327931391145,WB hist + TIAM interp
SVN,2014,41711191731.4298,20228.708198639077,2061980.0,5.939409531657833,19.975822584086004,WB hist + TIAM interp
SVN,2015,42709468274.8137,20697.27485306191,2063531.0,5.800564853923579,22.151317236780866,WB hist + TIAM interp
SVN,2016,44005450729.606,21309.712213894923,2065042.0,5.662038409424956,24.326811889475728,WB hist + TIAM interp
SVN,2017,46282469720.8281,22397.763498833763,2066388.0,5.5241556031924715,26.50230654217059,WB hist + TIAM interp
SVN,2018,48309217703.4135,23293.96666532306,2073894.0,5.370453155302847,28.677801194865452,WB hist + TIAM interp
SVN,2019,50002578162.6734,23943.180094988904,2088385.0,5.200407158429887,30.85329584756031,WB hist + TIAM interp
SVN,2020,47959972369.98919,22811.8050540778,2102419.0,5.033798700949504,33.02879050025518,WB hist + TIAM interp
SVN,2021,51996698295.6593,24665.44104640258,2108079.0,4.690972651143638,36.03026624564535,WB hist + TIAM interp
SVN,2022,53384233078.3164,25275.71596775703,2112076.0,4.353407661395187,39.03174199103553,WB hist + TIAM interp
SVN,2023,54652553125.664604,25773.90158350689,2120461.0,4.00880504015286,42.033217736425705,WB hist + TIAM interp
SVN,2024,55598805913.76191,26134.627203986984,2127400.0,3.6694094428157604,45.03469348181588,WB hist + TIAM interp
SVN,2025,55598805913.76194,26134.627203987,2127400.0,3.3430894768472883,48.03616922720606,SSP corrected + TIAM Scenario_1
SVN,2026,,,,,45.32300225972651,SSP corrected + TIAM Scenario_1
SVN,2027,,,,,42.60983529224696,SSP corrected + TIAM Scenario_1
SVN,2028,,,,,39.8966683247674,SSP corrected + TIAM Scenario_1
SVN,2029,,,,,37.183501357287845,SSP corrected + TIAM Scenario_1
SVN,2030,61113022668.98252,28485.1183382858,2145436.8538410724,2.154857853903725,34.47033438980829,SSP corrected + TIAM Scenario_1
SVN,2031,,,,,39.361478929690215,SSP corrected + TIAM Scenario_1
SVN,2032,,,,,44.25262346957214,SSP corrected + TIAM Scenario_1
SVN,2033,,,,,49.143768009454064,SSP corrected + TIAM Scenario_1
SVN,2034,,,,,54.034912549335985,SSP corrected + TIAM Scenario_1
SVN,2035,67225394539.25015,31103.60597428794,2161337.646664589,1.4306538863644889,58.926057089217906,SSP corrected + TIAM Scenario_1
SVN,2036,,,,,58.70964254691437,SSP corrected + TIAM Scenario_1
SVN,2037,,,,,58.49322800461083,SSP corrected + TIAM Scenario_1
SVN,2038,,,,,58.27681346230728,SSP corrected + TIAM Scenario_1
SVN,2039,,,,,58.06039892000374,SSP corrected + TIAM Scenario_1
SVN,2040,73773012703.68558,33869.57583203459,2178149.8850041525,1.3804761880118246,57.8439843777002,SSP corrected + TIAM Scenario_1
SVN,2041,,,,,60.74191142552966,SSP corrected + TIAM Scenario_1
SVN,2042,,,,,63.63983847335911,SSP corrected + TIAM Scenario_1
SVN,2043,,,,,66.53776552118858,SSP corrected + TIAM Scenario_1
SVN,2044,,,,,69.43569256901803,SSP corrected + TIAM Scenario_1
SVN,2045,80374933808.41393,36615.223098347975,2195123.421548682,0.7919715724195004,72.33361961684749,SSP corrected + TIAM Scenario_1
SVN,2046,,,,,73.34213396669794,SSP corrected + TIAM Scenario_1
SVN,2047,,,,,74.3506483165484,SSP corrected + TIAM Scenario_1
SVN,2048,,,,,75.35916266639887,SSP corrected + TIAM Scenario_1
SVN,2049,,,,,76.36767701624933,SSP corrected + TIAM Scenario_1
SVN,2050,87043499430.77484,39383.450992835955,2210154.195136645,0.40891052570913194,77.37619136609979,SSP corrected + TIAM Scenario_1
SVN,2051,,,,,76.98769399779452,SSP corrected + TIAM Scenario_1
SVN,2052,,,,,76.59919662948927,SSP corrected + TIAM Scenario_1
SVN,2053,,,,,76.210699261184,SSP corrected + TIAM Scenario_1
SVN,2054,,,,,75.82220189287875,SSP corrected + TIAM Scenario_1
SVN,2055,93949023338.05113,42280.95416776193,2222017.5771171385,0.2133073016251336,75.43370452457349,SSP corrected + TIAM Scenario_1
SVN,2056,,,,,75.04520715626822,SSP corrected + TIAM Scenario_1
SVN,2057,,,,,74.65670978796297,SSP corrected + TIAM Scenario_1
SVN,2058,,,,,74.2682124196577,SSP corrected + TIAM Scenario_1
SVN,2059,,,,,73.87971505135245,SSP corrected + TIAM Scenario_1
SVN,2060,101453525132.19724,45469.52749827057,2231242.1244328087,0.019805037186007922,73.49121768304718,SSP corrected + TIAM Scenario_1
SVN,2061,,,,,74.7859529841635,SSP corrected + TIAM Scenario_1
SVN,2062,,,,,76.08068828527982,SSP corrected + TIAM Scenario_1
SVN,2063,,,,,77.37542358639612,SSP corrected + TIAM Scenario_1
SVN,2064,,,,,78.67015888751244,SSP corrected + TIAM Scenario_1
SVN,2065,109315932669.18448,48924.0475468925,2234400.834567251,0.020074641864800624,79.96489418862876,SSP corrected + TIAM Scenario_1
SVN,2066,,,,,81.25962948974508,SSP corrected + TIAM Scenario_1
SVN,2067,,,,,82.5543647908614,SSP corrected + TIAM Scenario_1
SVN,2068,,,,,83.8491000919777,SSP corrected + TIAM Scenario_1
SVN,2069,,,,,85.14383539309402,SSP corrected + TIAM Scenario_1
SVN,2070,117295173804.98433,52518.51469672693,2233406.1517603127,0.02038131747395869,86.43857069421034,SSP corrected + TIAM Scenario_1
SWE,2012,464448264944.252,48789.790688363755,9519374.0,5.165988506039074,15.096854262136018,WB hist + TIAM interp
SWE,2013,469732138276.917,48928.499414129066,9600379.0,5.029342521486372,16.42103853448346,WB hist + TIAM interp
SWE,2014,480516119003.081,49557.61836479588,9696110.0,4.8875489227620585,17.745222806830903,WB hist + TIAM interp
SWE,2015,501602351911.6,51188.16521204924,9799186.0,4.744968576357263,19.069407079178344,WB hist + TIAM interp
SWE,2016,512292396637.964,51626.32353123691,9923085.0,4.595692499084474,20.393591351525785,WB hist + TIAM interp
SWE,2017,521937949816.044,51894.37481778077,10057698.0,4.445357671375225,21.717775623873223,WB hist + TIAM interp
SWE,2018,531177584320.755,52203.08725897608,10175214.0,4.306217306001904,23.041959896220668,WB hist + TIAM interp
SWE,2019,545031918111.884,53024.40994943168,10278887.0,4.175870430083576,24.36614416856811,WB hist + TIAM interp
SWE,2020,534492107010.626,51624.5811789573,10353442.0,4.059511603567981,25.69032844091555,WB hist + TIAM interp
SWE,2021,562423939232.591,53997.13370687995,10415811.0,3.746605117933013,26.64944492330824,WB hist + TIAM interp
SWE,2022,569484812988.256,54304.187750103294,10486941.0,3.434551950294929,27.608561405700936,WB hist + TIAM interp
SWE,2023,568322714847.714,53937.79671224296,10536632.0,3.133065340834977,28.567677888093627,WB hist + TIAM interp
SWE,2024,572983369203.274,54209.94742648771,10569709.0,2.838864285903009,29.52679437048632,WB hist + TIAM interp
SWE,2025,572983369203.2739,54209.9474264877,10569709.0,2.554467890898651,30.485910852879012,SSP corrected + TIAM Scenario_1
SWE,2026,,,,,31.3335577234195,SSP corrected + TIAM Scenario_1
SWE,2027,,,,,32.18120459395999,SSP corrected + TIAM Scenario_1
SWE,2028,,,,,33.02885146450048,SSP corrected + TIAM Scenario_1
SWE,2029,,,,,33.876498335040964,SSP corrected + TIAM Scenario_1
SWE,2030,632372266255.201,57745.792998867175,10950966.8742034,1.968662813219165,34.72414520558145,SSP corrected + TIAM Scenario_1
SWE,2031,,,,,39.28947030971113,SSP corrected + TIAM Scenario_1
SWE,2032,,,,,43.8547954138408,SSP corrected + TIAM Scenario_1
SWE,2033,,,,,48.42012051797048,SSP corrected + TIAM Scenario_1
SWE,2034,,,,,52.98544562210016,SSP corrected + TIAM Scenario_1
SWE,2035,694961650344.5706,61476.95351526882,11304425.652321326,1.152331032310162,57.550770726229835,SSP corrected + TIAM Scenario_1
SWE,2036,,,,,60.501386688387505,SSP corrected + TIAM Scenario_1
SWE,2037,,,,,63.452002650545175,SSP corrected + TIAM Scenario_1
SWE,2038,,,,,66.40261861270285,SSP corrected + TIAM Scenario_1
SWE,2039,,,,,69.35323457486052,SSP corrected + TIAM Scenario_1
SWE,2040,765062560021.817,65572.21570140058,11667480.682759296,0.43996062906760924,72.30385053701819,SSP corrected + TIAM Scenario_1
SWE,2041,,,,,74.60795847005839,SSP corrected + TIAM Scenario_1
SWE,2042,,,,,76.91206640309858,SSP corrected + TIAM Scenario_1
SWE,2043,,,,,79.21617433613878,SSP corrected + TIAM Scenario_1
SWE,2044,,,,,81.52028226917896,SSP corrected + TIAM Scenario_1
SWE,2045,842151574495.103,69838.76856141958,12058511.222953113,0.059952010446588835,83.82439020221916,SSP corrected + TIAM Scenario_1
SWE,2046,,,,,84.24126685670011,SSP corrected + TIAM Scenario_1
SWE,2047,,,,,84.65814351118105,SSP corrected + TIAM Scenario_1
SWE,2048,,,,,85.075020165662,SSP corrected + TIAM Scenario_1
SWE,2049,,,,,85.49189682014294,SSP corrected + TIAM Scenario_1
SWE,2050,922096292858.9402,73936.26452294874,12471502.297397442,0.02674345049584809,85.90877347462389,SSP corrected + TIAM Scenario_1
SWE,2051,,,,,86.41930556067057,SSP corrected + TIAM Scenario_1
SWE,2052,,,,,86.92983764671725,SSP corrected + TIAM Scenario_1
SWE,2053,,,,,87.44036973276393,SSP corrected + TIAM Scenario_1
SWE,2054,,,,,87.9509018188106,SSP corrected + TIAM Scenario_1
SWE,2055,1001473867930.4227,77723.56088136583,12885074.442986893,0.01653191525081818,88.46143390485727,SSP corrected + TIAM Scenario_1
SWE,2056,,,,,88.97196599090395,SSP corrected + TIAM Scenario_1
SWE,2057,,,,,89.48249807695063,SSP corrected + TIAM Scenario_1
SWE,2058,,,,,89.99303016299731,SSP corrected + TIAM Scenario_1
SWE,2059,,,,,90.503562249044,SSP corrected + TIAM Scenario_1
SWE,2060,1086876403572.3984,81836.7592746365,13281029.371225992,0.006964739742612457,91.01409433509068,SSP corrected + TIAM Scenario_1
SWE,2061,,,,,91.1468228885892,SSP corrected + TIAM Scenario_1
SWE,2062,,,,,91.27955144208777,SSP corrected + TIAM Scenario_1
SWE,2063,,,,,91.4122799955863,SSP corrected + TIAM Scenario_1
SWE,2064,,,,,91.54500854908484,SSP corrected + TIAM Scenario_1
SWE,2065,1185710491371.5037,86985.97210478144,13631054.09620786,0.006976307751182172,91.6777371025834,SSP corrected + TIAM Scenario_1
SWE,2066,,,,,91.81046565608192,SSP corrected + TIAM Scenario_1
SWE,2067,,,,,91.94319420958048,SSP corrected + TIAM Scenario_1
SWE,2068,,,,,92.075922763079,SSP corrected + TIAM Scenario_1
SWE,2069,,,,,92.20865131657756,SSP corrected + TIAM Scenario_1
SWE,2070,1290240996380.111,92495.74225532952,13949193.38901536,0.007003268281351965,92.3413798700761,SSP corrected + TIAM Scenario_1
SWZ,2012,3617154618.7404,3218.50138205493,1123863.0,0.4054439191079459,88.41001096365324,WB hist + TIAM interp
SWZ,2013,3765262097.1870193,3332.1198392791257,1129990.0,0.4173724129891761,87.65506332963693,WB hist + TIAM interp
SWZ,2014,3842727914.0131593,3381.7929207129105,1136299.0,0.4291035076567565,86.90011569562061,WB hist + TIAM interp
SWZ,2015,3908217914.2182393,3419.8227655952805,1142813.0,0.44062599947680875,86.1451680616043,WB hist + TIAM interp
SWZ,2016,4023477834.54531,3500.176888479418,1149507.0,0.4519470990897105,85.39022042758798,WB hist + TIAM interp
SWZ,2017,4165142616.5682306,3596.236054004922,1158195.0,0.4623397508420788,84.63527279357166,WB hist + TIAM interp
SWZ,2018,4167866438.89669,3565.542850675011,1168929.0,0.4717504839214076,83.88032515955535,WB hist + TIAM interp
SWZ,2019,4435938143.62829,3759.6710696466657,1179874.0,0.480903939838485,83.12537752553904,WB hist + TIAM interp
SWZ,2020,4304996589.59367,3609.3669136859,1192729.0,0.48910464053965175,82.37042989152272,WB hist + TIAM interp
SWZ,2021,4487365678.93282,3719.0383823980583,1206593.0,0.48672766311839905,82.53639769925061,WB hist + TIAM interp
SWZ,2022,4504690089.10423,3695.649571795479,1218917.0,0.4850166940356223,82.70236550697851,WB hist + TIAM interp
SWZ,2023,4663821718.37207,3790.165767880913,1230506.0,0.4836286828854298,82.8683333147064,WB hist + TIAM interp
SWZ,2024,4802519614.26982,3864.2055051083903,1242822.0,0.4819844663849037,83.0343011224343,WB hist + TIAM interp
SWZ,2025,4802519614.269819,3864.20550510839,1242822.0,0.4851328676996537,83.2002689301622,SSP corrected + TIAM Scenario_1
SWZ,2026,,,,,83.26566433411503,SSP corrected + TIAM Scenario_1
SWZ,2027,,,,,83.33105973806786,SSP corrected + TIAM Scenario_1
SWZ,2028,,,,,83.39645514202068,SSP corrected + TIAM Scenario_1
SWZ,2029,,,,,83.46185054597352,SSP corrected + TIAM Scenario_1
SWZ,2030,5723282407.448598,4454.855168942432,1284729.1753386646,0.5425937165923916,83.52724594992635,SSP corrected + TIAM Scenario_1
SWZ,2031,,,,,83.62106963975651,SSP corrected + TIAM Scenario_1
SWZ,2032,,,,,83.71489332958666,SSP corrected + TIAM Scenario_1
SWZ,2033,,,,,83.80871701941682,SSP corrected + TIAM Scenario_1
SWZ,2034,,,,,83.90254070924696,SSP corrected + TIAM Scenario_1
SWZ,2035,6897324935.529118,5232.331013161162,1318212.6509542128,0.6108438721672688,83.99636439907712,SSP corrected + TIAM Scenario_1
SWZ,2036,,,,,83.71369668531337,SSP corrected + TIAM Scenario_1
SWZ,2037,,,,,83.4310289715496,SSP corrected + TIAM Scenario_1
SWZ,2038,,,,,83.14836125778584,SSP corrected + TIAM Scenario_1
SWZ,2039,,,,,82.86569354402206,SSP corrected + TIAM Scenario_1
SWZ,2040,8389716301.676775,6229.068558788173,1346865.3013684188,0.7156088644772768,82.58302583025831,SSP corrected + TIAM Scenario_1
SWZ,2041,,,,,82.72102751418252,SSP corrected + TIAM Scenario_1
SWZ,2042,,,,,82.85902919810674,SSP corrected + TIAM Scenario_1
SWZ,2043,,,,,82.99703088203094,SSP corrected + TIAM Scenario_1
SWZ,2044,,,,,83.13503256595516,SSP corrected + TIAM Scenario_1
SWZ,2045,10221446539.170729,7452.806862077082,1371489.524461128,0.8023773964661701,83.27303424987937,SSP corrected + TIAM Scenario_1
SWZ,2046,,,,,83.3971941216431,SSP corrected + TIAM Scenario_1
SWZ,2047,,,,,83.5213539934068,SSP corrected + TIAM Scenario_1
SWZ,2048,,,,,83.64551386517053,SSP corrected + TIAM Scenario_1
SWZ,2049,,,,,83.76967373693424,SSP corrected + TIAM Scenario_1
SWZ,2050,12391815980.23496,8901.406943076054,1392118.803182447,0.9550691578025903,83.89383360869796,SSP corrected + TIAM Scenario_1
SWZ,2051,,,,,84.69351874831936,SSP corrected + TIAM Scenario_1
SWZ,2052,,,,,85.49320388794078,SSP corrected + TIAM Scenario_1
SWZ,2053,,,,,86.29288902756218,SSP corrected + TIAM Scenario_1
SWZ,2054,,,,,87.09257416718359,SSP corrected + TIAM Scenario_1
SWZ,2055,14903623295.973421,10575.516805818352,1409257.208855634,0.7009013975367494,87.89225930680499,SSP corrected + TIAM Scenario_1
SWZ,2056,,,,,88.6919444464264,SSP corrected + TIAM Scenario_1
SWZ,2057,,,,,89.49162958604781,SSP corrected + TIAM Scenario_1
SWZ,2058,,,,,90.2913147256692,SSP corrected + TIAM Scenario_1
SWZ,2059,,,,,91.09099986529064,SSP corrected + TIAM Scenario_1
SWZ,2060,17781356858.545048,12509.347633139476,1421445.5765414245,0.4544183555773808,91.89068500491204,SSP corrected + TIAM Scenario_1
SWZ,2061,,,,,91.87394604553712,SSP corrected + TIAM Scenario_1
SWZ,2062,,,,,91.8572070861622,SSP corrected + TIAM Scenario_1
SWZ,2063,,,,,91.84046812678729,SSP corrected + TIAM Scenario_1
SWZ,2064,,,,,91.82372916741237,SSP corrected + TIAM Scenario_1
SWZ,2065,21067696402.284195,14746.833602908244,1428625.0845150517,0.25460203723777947,91.80699020803743,SSP corrected + TIAM Scenario_1
SWZ,2066,,,,,91.79025124866251,SSP corrected + TIAM Scenario_1
SWZ,2067,,,,,91.7735122892876,SSP corrected + TIAM Scenario_1
SWZ,2068,,,,,91.7567733299127,SSP corrected + TIAM Scenario_1
SWZ,2069,,,,,91.74003437053778,SSP corrected + TIAM Scenario_1
SWZ,2070,24755645249.43103,17286.27861068236,1432098.012936853,0.05693098640026736,91.72329541116288,SSP corrected + TIAM Scenario_1
SXM,2012,1376368434.1966,39298.98735678269,35023.0,,,WB hist + TIAM interp
SXM,2013,1394353867.67664,38889.77150880348,35854.0,,,WB hist + TIAM interp
SXM,2014,1416389988.22102,38623.199940581915,36672.0,,,WB hist + TIAM interp
SXM,2015,1417888715.0838,37839.62838151638,37471.0,,,WB hist + TIAM interp
SXM,2016,1431610451.70303,37428.70275570682,38249.0,,,WB hist + TIAM interp
SXM,2017,1323735540.53767,33945.41851824982,38996.0,,,WB hist + TIAM interp
SXM,2018,1232967219.6602497,31047.724105062694,39712.0,,,WB hist + TIAM interp
SXM,2019,1368162086.82719,33877.976645467126,40385.0,,,WB hist + TIAM interp
SXM,2020,1185966832.3477602,28920.37730071596,41008.0,,,WB hist + TIAM interp
SXM,2021,1240255611.86927,29834.635006838183,41571.0,,,WB hist + TIAM interp
SXM,2022,1412651141.9191,33523.60383300743,42139.0,,,WB hist + TIAM interp
SXM,2023,1466331885.3120303,34300.963421648,42749.0,,,WB hist + TIAM interp
SXM,2024,1510321841.87139,34840.1808966872,43350.0,,,WB hist + TIAM interp
SYC,2012,1248162998.34204,14135.001057065332,88303.0,,,WB hist + TIAM interp
SYC,2013,1263811654.2403598,14050.313558131384,89949.0,,,WB hist + TIAM interp
SYC,2014,1315169064.95728,14395.6158118771,91359.0,,,WB hist + TIAM interp
SYC,2015,1432403352.12944,15333.105172710477,93419.0,,,WB hist + TIAM interp
SYC,2016,1605975218.58763,16962.67539727315,94677.0,,,WB hist + TIAM interp
SYC,2017,1717657339.98638,17921.57319769185,95843.0,,,WB hist + TIAM interp
SYC,2018,1802500555.7617702,18628.186227669645,96762.0,,,WB hist + TIAM interp
SYC,2019,1901895701.0371497,19481.646105374133,97625.0,,,WB hist + TIAM interp
SYC,2020,1678615792.63838,17048.36172978794,98462.0,,,WB hist + TIAM interp
SYC,2021,1687886479.31967,17005.04220636795,99258.0,,,WB hist + TIAM interp
SYC,2022,1902424765.1769,15869.673878250387,119878.0,,,WB hist + TIAM interp
SYC,2023,1945405357.9961305,16242.43659252194,119773.0,,,WB hist + TIAM interp
SYC,2024,2012826895.3276002,16586.407496478074,121354.0,,,WB hist + TIAM interp
SYR,2012,25998267919.356102,1142.290801505978,22759763.0,1.3646860365518438,5.320786333541271,WB hist + TIAM interp
SYR,2013,19160700666.0922,884.3298133321044,21666917.0,1.443808273013431,6.013934125758187,WB hist + TIAM interp
SYR,2014,17185167298.461903,847.6598772062755,20273659.0,1.5540271871624847,6.707081917975103,WB hist + TIAM interp
SYR,2015,16466863117.000898,847.7316319425637,19424618.0,1.633430347161907,7.400229710192019,WB hist + TIAM interp
SYR,2016,15412063258.1149,802.969498335502,19193834.0,1.6646858453185263,8.093377502408934,WB hist + TIAM interp
SYR,2017,15300590613.036701,795.8832169708575,19224668.0,1.673612622655409,8.78652529462585,WB hist + TIAM interp
SYR,2018,15513754781.2974,792.4138116987543,19577845.0,1.6548088048059202,9.479673086842766,WB hist + TIAM interp
SYR,2019,15703131995.8402,771.5186952713077,20353534.0,1.6026962953505568,10.172820879059682,WB hist + TIAM interp
SYR,2020,15593656903.8252,740.8113970134391,21049429.0,1.5603025047880228,10.865968671276596,WB hist + TIAM interp
SYR,2021,15882796969.6273,734.3342363234245,21628839.0,1.4466315398872343,14.615636948329604,WB hist + TIAM interp
SYR,2022,15999183136.033398,712.2722782000387,22462173.0,1.3237563678290825,18.36530522538261,WB hist + TIAM interp
SYR,2023,,,,,22.114973502435618,WB hist + TIAM interp
SYR,2024,,,,,25.864641779488625,WB hist + TIAM interp
SYR,2025,,,24672760.0,1.0161366693667326,29.61431005654163,SSP corrected + TIAM Scenario_1
SYR,2026,,,,,29.999789297855635,SSP corrected + TIAM Scenario_1
SYR,2027,,,,,30.38526853916964,SSP corrected + TIAM Scenario_1
SYR,2028,,,,,30.77074778048364,SSP corrected + TIAM Scenario_1
SYR,2029,,,,,31.156227021797648,SSP corrected + TIAM Scenario_1
SYR,2030,,,26413900.49956678,0.8475555416566972,31.541706263111653,SSP corrected + TIAM Scenario_1
SYR,2031,,,,,32.73054287229533,SSP corrected + TIAM Scenario_1
SYR,2032,,,,,33.91937948147901,SSP corrected + TIAM Scenario_1
SYR,2033,,,,,35.108216090662694,SSP corrected + TIAM Scenario_1
SYR,2034,,,,,36.297052699846375,SSP corrected + TIAM Scenario_1
SYR,2035,,,28024453.772914644,0.6501459772028878,37.48588930903006,SSP corrected + TIAM Scenario_1
SYR,2036,,,,,37.34916053233583,SSP corrected + TIAM Scenario_1
SYR,2037,,,,,37.2124317556416,SSP corrected + TIAM Scenario_1
SYR,2038,,,,,37.07570297894738,SSP corrected + TIAM Scenario_1
SYR,2039,,,,,36.93897420225315,SSP corrected + TIAM Scenario_1
SYR,2040,,,29444001.14784337,0.45588003851539927,36.80224542555893,SSP corrected + TIAM Scenario_1
SYR,2041,,,,,37.63671770140919,SSP corrected + TIAM Scenario_1
SYR,2042,,,,,38.471189977259456,SSP corrected + TIAM Scenario_1
SYR,2043,,,,,39.30566225310971,SSP corrected + TIAM Scenario_1
SYR,2044,,,,,40.14013452895998,SSP corrected + TIAM Scenario_1
SYR,2045,,,30669994.37148075,0.4048979006563964,40.97460680481024,SSP corrected + TIAM Scenario_1
SYR,2046,,,,,42.679716748621615,SSP corrected + TIAM Scenario_1
SYR,2047,,,,,44.38482669243299,SSP corrected + TIAM Scenario_1
SYR,2048,,,,,46.08993663624437,SSP corrected + TIAM Scenario_1
SYR,2049,,,,,47.79504658005574,SSP corrected + TIAM Scenario_1
SYR,2050,,,31748019.635067023,0.280440078085213,49.50015652386711,SSP corrected + TIAM Scenario_1
SYR,2051,,,,,50.5759059964259,SSP corrected + TIAM Scenario_1
SYR,2052,,,,,51.651655468984686,SSP corrected + TIAM Scenario_1
SYR,2053,,,,,52.72740494154347,SSP corrected + TIAM Scenario_1
SYR,2054,,,,,53.803154414102266,SSP corrected + TIAM Scenario_1
SYR,2055,,,32704808.65622023,0.1835785846364471,54.87890388666105,SSP corrected + TIAM Scenario_1
SYR,2056,,,,,55.95465335921984,SSP corrected + TIAM Scenario_1
SYR,2057,,,,,57.03040283177863,SSP corrected + TIAM Scenario_1
SYR,2058,,,,,58.106152304337414,SSP corrected + TIAM Scenario_1
SYR,2059,,,,,59.18190177689621,SSP corrected + TIAM Scenario_1
SYR,2060,,,33498725.65820468,0.0926718196386093,60.257651249454995,SSP corrected + TIAM Scenario_1
SYR,2061,,,,,60.68564254738791,SSP corrected + TIAM Scenario_1
SYR,2062,,,,,61.11363384532082,SSP corrected + TIAM Scenario_1
SYR,2063,,,,,61.54162514325374,SSP corrected + TIAM Scenario_1
SYR,2064,,,,,61.96961644118665,SSP corrected + TIAM Scenario_1
SYR,2065,,,34123884.0434753,0.05916823062061696,62.397607739119564,SSP corrected + TIAM Scenario_1
SYR,2066,,,,,62.82559903705248,SSP corrected + TIAM Scenario_1
SYR,2067,,,,,63.25359033498539,SSP corrected + TIAM Scenario_1
SYR,2068,,,,,63.68158163291831,SSP corrected + TIAM Scenario_1
SYR,2069,,,,,64.10957293085121,SSP corrected + TIAM Scenario_1
SYR,2070,,,34578522.43325321,0.02700265232538548,64.53756422878413,SSP corrected + TIAM Scenario_1
TCA,2012,881607724.52549,27441.333598701716,32127.0,,,WB hist + TIAM interp
TCA,2013,891048689.69461,26477.54107195822,33653.0,,,WB hist + TIAM interp
TCA,2014,968670576.849373,27636.821022806645,35050.0,,,WB hist + TIAM interp
TCA,2015,1078274000.0,29457.01406911624,36605.0,,,WB hist + TIAM interp
TCA,2016,1156461656.30247,30183.000294988124,38315.0,,,WB hist + TIAM interp
TCA,2017,2019043138.3592896,50586.10323351514,39913.0,,,WB hist + TIAM interp
TCA,2018,2155382023.58255,51863.183030933134,41559.0,,,WB hist + TIAM interp
TCA,2019,2262756808.26439,52419.88621286174,43166.0,,,WB hist + TIAM interp
TCA,2020,1497558135.76773,33739.42539917384,44386.0,,,WB hist + TIAM interp
TCA,2021,1941275299.16352,42907.74924659108,45243.0,,,WB hist + TIAM interp
TCA,2022,2214745146.4168396,48307.30792454991,45847.0,,,WB hist + TIAM interp
TCA,2023,2518855082.8172503,54523.03309271506,46198.0,,,WB hist + TIAM interp
TCA,2024,2660838540.233,57179.29601876007,46535.0,,,WB hist + TIAM interp
TCD,2012,13427942676.053802,1016.421520618942,13210998.0,0.059843352661891135,78.5583003157987,WB hist + TIAM interp
TCD,2013,13809056592.536701,1008.6171142929422,13691079.0,0.061330517298175846,76.07160936723295,WB hist + TIAM interp
TCD,2014,14093914057.311598,993.3211577083924,14188678.0,0.06263948639547995,73.5849184186672,WB hist + TIAM interp
TCD,2015,14559599499.501099,993.9907306108684,14647621.0,0.06402828470654036,71.09822747010146,WB hist + TIAM interp
TCD,2016,13959379525.7795,923.5658720479892,15114655.0,0.06529772547055508,68.61153652153571,WB hist + TIAM interp
TCD,2017,13733590857.5857,879.0758954667161,15622759.0,0.06631627216951927,66.12484557296996,WB hist + TIAM interp
TCD,2018,14522052213.2592,898.8347940074017,16156531.0,0.0671637793405936,63.63815462440422,WB hist + TIAM interp
TCD,2019,15303748438.862898,917.2037100650616,16685223.0,0.0679777685982449,61.15146367583847,WB hist + TIAM interp
TCD,2020,15243505756.0454,884.9805419331994,17224679.0,0.0686987997404635,58.66477272727273,WB hist + TIAM interp
TCD,2021,15288236703.0071,857.5276305790863,17828273.0,0.06606861921836772,59.64548223751879,WB hist + TIAM interp
TCD,2022,15919594857.6964,862.6021281725222,18455316.0,0.06352987871361539,60.62619174776486,WB hist + TIAM interp
TCD,2023,16553201687.350496,856.8324887453397,19319064.0,0.06040865095973515,61.60690125801092,WB hist + TIAM interp
TCD,2024,17248313422.9922,849.7073210006264,20299123.0,0.057224797395834484,62.58761076825699,WB hist + TIAM interp
TCD,2025,17248313422.992172,849.707321000625,20299123.0,0.05695752510743756,63.56832027850305,SSP corrected + TIAM Scenario_1
TCD,2026,,,,,63.10410596601594,SSP corrected + TIAM Scenario_1
TCD,2027,,,,,62.639891653528835,SSP corrected + TIAM Scenario_1
TCD,2028,,,,,62.17567734104172,SSP corrected + TIAM Scenario_1
TCD,2029,,,,,61.71146302855461,SSP corrected + TIAM Scenario_1
TCD,2030,23222454840.70199,1025.8653614707137,22636942.149415717,0.06935092171768255,61.2472487160675,SSP corrected + TIAM Scenario_1
TCD,2031,,,,,60.521717257335666,SSP corrected + TIAM Scenario_1
TCD,2032,,,,,59.79618579860383,SSP corrected + TIAM Scenario_1
TCD,2033,,,,,59.070654339872,SSP corrected + TIAM Scenario_1
TCD,2034,,,,,58.34512288114016,SSP corrected + TIAM Scenario_1
TCD,2035,31484231758.895382,1261.547363673255,24956836.869939275,0.06890313418742036,57.61959142240833,SSP corrected + TIAM Scenario_1
TCD,2036,,,,,57.68094544679907,SSP corrected + TIAM Scenario_1
TCD,2037,,,,,57.74229947118982,SSP corrected + TIAM Scenario_1
TCD,2038,,,,,57.80365349558057,SSP corrected + TIAM Scenario_1
TCD,2039,,,,,57.865007519971314,SSP corrected + TIAM Scenario_1
TCD,2040,43062296302.98731,1584.802721791517,27172023.186777577,0.055846949046724874,57.92636154436206,SSP corrected + TIAM Scenario_1
TCD,2041,,,,,57.8565379848766,SSP corrected + TIAM Scenario_1
TCD,2042,,,,,57.78671442539114,SSP corrected + TIAM Scenario_1
TCD,2043,,,,,57.71689086590568,SSP corrected + TIAM Scenario_1
TCD,2044,,,,,57.64706730642022,SSP corrected + TIAM Scenario_1
TCD,2045,58771852267.56248,2006.595957835662,29289330.539145753,0.06377227285626037,57.57724374693476,SSP corrected + TIAM Scenario_1
TCD,2046,,,,,58.38797842950047,SSP corrected + TIAM Scenario_1
TCD,2047,,,,,59.19871311206618,SSP corrected + TIAM Scenario_1
TCD,2048,,,,,60.009447794631896,SSP corrected + TIAM Scenario_1
TCD,2049,,,,,60.820182477197605,SSP corrected + TIAM Scenario_1
TCD,2050,79807366159.3309,2549.975020140042,31297312.92620583,0.056201752314456205,61.630917159763314,SSP corrected + TIAM Scenario_1
TCD,2051,,,,,61.27283330637317,SSP corrected + TIAM Scenario_1
TCD,2052,,,,,60.914749452983024,SSP corrected + TIAM Scenario_1
TCD,2053,,,,,60.55666559959288,SSP corrected + TIAM Scenario_1
TCD,2054,,,,,60.198581746202734,SSP corrected + TIAM Scenario_1
TCD,2055,107322303110.71884,3234.403352305083,33181484.008243054,0.038339818194357556,59.84049789281259,SSP corrected + TIAM Scenario_1
TCD,2056,,,,,59.48241403942245,SSP corrected + TIAM Scenario_1
TCD,2057,,,,,59.124330186032296,SSP corrected + TIAM Scenario_1
TCD,2058,,,,,58.766246332642154,SSP corrected + TIAM Scenario_1
TCD,2059,,,,,58.40816247925201,SSP corrected + TIAM Scenario_1
TCD,2060,142531027354.19156,4087.657937377286,34868628.81820341,0.022523980036558845,58.050078625861865,SSP corrected + TIAM Scenario_1
TCD,2061,,,,,57.261940734726494,SSP corrected + TIAM Scenario_1
TCD,2062,,,,,56.47380284359112,SSP corrected + TIAM Scenario_1
TCD,2063,,,,,55.68566495245576,SSP corrected + TIAM Scenario_1
TCD,2064,,,,,54.89752706132039,SSP corrected + TIAM Scenario_1
TCD,2065,186784172395.56982,5137.816058719008,36354779.98060912,0.013080754927712216,54.10938917018502,SSP corrected + TIAM Scenario_1
TCD,2066,,,,,53.32125127904965,SSP corrected + TIAM Scenario_1
TCD,2067,,,,,52.53311338791428,SSP corrected + TIAM Scenario_1
TCD,2068,,,,,51.74497549677891,SSP corrected + TIAM Scenario_1
TCD,2069,,,,,50.95683760564354,SSP corrected + TIAM Scenario_1
TCD,2070,241554169940.7524,6408.3644822296465,37693575.42171338,0.004396389397850478,50.16869971450817,SSP corrected + TIAM Scenario_1
TGO,2012,4881723795.11932,687.4954645714641,7100736.0,0.19508214199707724,77.26144526337592,WB hist + TIAM interp
TGO,2013,5166047627.07863,709.0918611497601,7285442.0,0.21012298170887359,74.83188674185922,WB hist + TIAM interp
TGO,2014,5457063353.66745,730.2910496112319,7472450.0,0.22435088941088402,72.40232822034253,WB hist + TIAM interp
TGO,2015,5755457836.01866,751.0519875872478,7663195.0,0.2377680342271939,69.97276969882581,WB hist + TIAM interp
TGO,2016,5998044851.32381,763.2761853533015,7858289.0,0.2503948147645068,67.54321117730912,WB hist + TIAM interp
TGO,2017,6238441246.41392,774.274897347436,8057140.0,0.2622874650300556,65.11365265579242,WB hist + TIAM interp
TGO,2018,6537585941.16754,791.5924052163092,8258778.0,0.2735148993547911,62.68409413427572,WB hist + TIAM interp
TGO,2019,6859420393.24743,810.512262603518,8463068.0,0.28411810479779487,60.254535612759014,WB hist + TIAM interp
TGO,2020,7007740719.48155,808.3006970792079,8669720.0,0.2941413157986838,57.82497709124232,WB hist + TIAM interp
TGO,2021,7367160812.92227,829.786700130989,8878379.0,0.2962278858250026,57.25057203133363,WB hist + TIAM interp
TGO,2022,7830882103.10093,861.5080108030539,9089738.0,0.29813004874728366,56.67616697142495,WB hist + TIAM interp
TGO,2023,8315779388.69167,893.7530303009952,9304337.0,0.2998413132883055,56.101761911516256,WB hist + TIAM interp
TGO,2024,8858969845.088459,931.0299655298576,9515236.0,0.301592647588973,55.52735685160757,WB hist + TIAM interp
TGO,2025,8858969845.088455,931.029965529857,9515236.0,0.3099897690389229,54.95295179169889,SSP corrected + TIAM Scenario_1
TGO,2026,,,,,54.3463374971889,SSP corrected + TIAM Scenario_1
TGO,2027,,,,,53.73972320267891,SSP corrected + TIAM Scenario_1
TGO,2028,,,,,53.133108908168914,SSP corrected + TIAM Scenario_1
TGO,2029,,,,,52.526494613658926,SSP corrected + TIAM Scenario_1
TGO,2030,11536747825.939634,1129.2008394488746,10216736.848663997,0.33602728941118487,51.91988031914894,SSP corrected + TIAM Scenario_1
TGO,2031,,,,,50.93880472298413,SSP corrected + TIAM Scenario_1
TGO,2032,,,,,49.95772912681932,SSP corrected + TIAM Scenario_1
TGO,2033,,,,,48.97665353065453,SSP corrected + TIAM Scenario_1
TGO,2034,,,,,47.99557793448972,SSP corrected + TIAM Scenario_1
TGO,2035,14835598967.821106,1363.1248106653802,10883522.07497377,0.39239566823114663,47.01450233832491,SSP corrected + TIAM Scenario_1
TGO,2036,,,,,46.43217624604892,SSP corrected + TIAM Scenario_1
TGO,2037,,,,,45.84985015377293,SSP corrected + TIAM Scenario_1
TGO,2038,,,,,45.267524061496935,SSP corrected + TIAM Scenario_1
TGO,2039,,,,,44.685197969220944,SSP corrected + TIAM Scenario_1
TGO,2040,19222251258.570126,1673.3593527643543,11487222.530423827,0.43763347943407943,44.10287187694495,SSP corrected + TIAM Scenario_1
TGO,2041,,,,,44.195978736700184,SSP corrected + TIAM Scenario_1
TGO,2042,,,,,44.289085596455415,SSP corrected + TIAM Scenario_1
TGO,2043,,,,,44.382192456210646,SSP corrected + TIAM Scenario_1
TGO,2044,,,,,44.47529931596588,SSP corrected + TIAM Scenario_1
TGO,2045,25057089600.187664,2085.408856877529,12015432.617710035,0.5035452324239001,44.56840617572111,SSP corrected + TIAM Scenario_1
TGO,2046,,,,,45.1948165271801,SSP corrected + TIAM Scenario_1
TGO,2047,,,,,45.821226878639095,SSP corrected + TIAM Scenario_1
TGO,2048,,,,,46.44763723009808,SSP corrected + TIAM Scenario_1
TGO,2049,,,,,47.074047581557075,SSP corrected + TIAM Scenario_1
TGO,2050,32756624412.199318,2623.9026554955576,12483932.795141293,0.5664551602036432,47.70045793301607,SSP corrected + TIAM Scenario_1
TGO,2051,,,,,49.03421089844681,SSP corrected + TIAM Scenario_1
TGO,2052,,,,,50.36796386387755,SSP corrected + TIAM Scenario_1
TGO,2053,,,,,51.70171682930829,SSP corrected + TIAM Scenario_1
TGO,2054,,,,,53.03546979473903,SSP corrected + TIAM Scenario_1
TGO,2055,42813430960.249855,3322.480358216653,12885984.669366123,0.406496691525542,54.36922276016977,SSP corrected + TIAM Scenario_1
TGO,2056,,,,,55.70297572560052,SSP corrected + TIAM Scenario_1
TGO,2057,,,,,57.03672869103126,SSP corrected + TIAM Scenario_1
TGO,2058,,,,,58.370481656462,SSP corrected + TIAM Scenario_1
TGO,2059,,,,,59.70423462189274,SSP corrected + TIAM Scenario_1
TGO,2060,55760701660.82443,4218.974585706703,13216647.91481179,0.2576017868368538,61.03798758732348,SSP corrected + TIAM Scenario_1
TGO,2061,,,,,60.93244868938,SSP corrected + TIAM Scenario_1
TGO,2062,,,,,60.826909791436506,SSP corrected + TIAM Scenario_1
TGO,2063,,,,,60.721370893493024,SSP corrected + TIAM Scenario_1
TGO,2064,,,,,60.61583199554954,SSP corrected + TIAM Scenario_1
TGO,2065,72184061979.67401,5355.843042028572,13477628.342210282,0.16491764988284272,60.51029309760605,SSP corrected + TIAM Scenario_1
TGO,2066,,,,,60.40475419966257,SSP corrected + TIAM Scenario_1
TGO,2067,,,,,60.29921530171909,SSP corrected + TIAM Scenario_1
TGO,2068,,,,,60.193676403775605,SSP corrected + TIAM Scenario_1
TGO,2069,,,,,60.088137505832115,SSP corrected + TIAM Scenario_1
TGO,2070,92724524406.42378,6780.334892658648,13675508.050025744,0.07610433643321728,59.98259860788863,SSP corrected + TIAM Scenario_1
THA,2012,375224234353.836,5403.8784603627355,69436098.0,0.025762382565024174,87.04270501721462,WB hist + TIAM interp
THA,2013,385308369004.167,5516.611641641346,69845114.0,0.02686439584981591,86.72866523260423,WB hist + TIAM interp
THA,2014,389101609925.933,5541.4659936184535,70216367.0,0.027968611090980085,86.41462544799384,WB hist + TIAM interp
THA,2015,401296238228.084,5688.853353978843,70540795.0,0.02908050201330361,86.10058566338344,WB hist + TIAM interp
THA,2016,415081396923.293,5857.78052935926,70859841.0,0.03018450466450449,85.78654587877305,WB hist + TIAM interp
THA,2017,432422173710.333,6076.7430770008095,71160187.0,0.031286829970859346,85.47250609416267,WB hist + TIAM interp
THA,2018,450682801200.339,6314.199484120429,71376079.0,0.03241820192359635,85.15846630955228,WB hist + TIAM interp
THA,2019,460212749509.626,6434.537705180334,71522271.0,0.033575438505155604,84.84442652494188,WB hist + TIAM interp
THA,2020,432369701127.278,6035.186277370776,71641484.0,0.034741031912216995,84.5303867403315,WB hist + TIAM interp
THA,2021,439080796986.82,6121.526965297134,71727332.0,0.03753005547914938,84.05247289067427,WB hist + TIAM interp
THA,2022,450410744554.857,6278.785513827601,71735329.0,0.0403561600279292,83.57455904101704,WB hist + TIAM interp
THA,2023,459498911646.803,6408.414325772939,71702435.0,0.04320626048793091,83.09664519135981,WB hist + TIAM interp
THA,2024,471178549995.253,6574.461093879848,71668011.0,0.04605996044284971,82.61873134170258,WB hist + TIAM interp
THA,2025,471178549995.2531,6574.46109387985,71668011.0,0.04889290731295028,82.14081749204536,SSP corrected + TIAM Scenario_1
THA,2026,,,,,82.01079626821716,SSP corrected + TIAM Scenario_1
THA,2027,,,,,81.88077504438897,SSP corrected + TIAM Scenario_1
THA,2028,,,,,81.75075382056077,SSP corrected + TIAM Scenario_1
THA,2029,,,,,81.62073259673258,SSP corrected + TIAM Scenario_1
THA,2030,580375139061.4495,8003.432212346368,72515781.1877438,0.06232919300142138,81.49071137290439,SSP corrected + TIAM Scenario_1
THA,2031,,,,,81.5880391184722,SSP corrected + TIAM Scenario_1
THA,2032,,,,,81.68536686403999,SSP corrected + TIAM Scenario_1
THA,2033,,,,,81.7826946096078,SSP corrected + TIAM Scenario_1
THA,2034,,,,,81.8800223551756,SSP corrected + TIAM Scenario_1
THA,2035,695083701492.4072,9538.675183308102,72870046.22075261,0.08308525624256466,81.97735010074341,SSP corrected + TIAM Scenario_1
THA,2036,,,,,82.03792403663869,SSP corrected + TIAM Scenario_1
THA,2037,,,,,82.09849797253396,SSP corrected + TIAM Scenario_1
THA,2038,,,,,82.15907190842923,SSP corrected + TIAM Scenario_1
THA,2039,,,,,82.2196458443245,SSP corrected + TIAM Scenario_1
THA,2040,815833719165.3354,11220.282688316012,72710620.74174704,0.10456309877484907,82.28021978021978,SSP corrected + TIAM Scenario_1
THA,2041,,,,,82.25375238807501,SSP corrected + TIAM Scenario_1
THA,2042,,,,,82.22728499593026,SSP corrected + TIAM Scenario_1
THA,2043,,,,,82.2008176037855,SSP corrected + TIAM Scenario_1
THA,2044,,,,,82.17435021164074,SSP corrected + TIAM Scenario_1
THA,2045,940662757983.4393,13050.091372887651,72080932.70041946,0.12697277260149964,82.14788281949598,SSP corrected + TIAM Scenario_1
THA,2046,,,,,82.59189796357335,SSP corrected + TIAM Scenario_1
THA,2047,,,,,83.03591310765071,SSP corrected + TIAM Scenario_1
THA,2048,,,,,83.4799282517281,SSP corrected + TIAM Scenario_1
THA,2049,,,,,83.92394339580547,SSP corrected + TIAM Scenario_1
THA,2050,1067685683735.8013,15016.96635167025,71098626.62887627,0.12539500010826346,84.36795853988284,SSP corrected + TIAM Scenario_1
THA,2051,,,,,84.49889956921484,SSP corrected + TIAM Scenario_1
THA,2052,,,,,84.62984059854683,SSP corrected + TIAM Scenario_1
THA,2053,,,,,84.76078162787883,SSP corrected + TIAM Scenario_1
THA,2054,,,,,84.89172265721083,SSP corrected + TIAM Scenario_1
THA,2055,1196663000822.263,17124.86477816151,69878683.20854175,0.09264065350319485,85.02266368654284,SSP corrected + TIAM Scenario_1
THA,2056,,,,,85.15360471587483,SSP corrected + TIAM Scenario_1
THA,2057,,,,,85.28454574520683,SSP corrected + TIAM Scenario_1
THA,2058,,,,,85.41548677453883,SSP corrected + TIAM Scenario_1
THA,2059,,,,,85.54642780387084,SSP corrected + TIAM Scenario_1
THA,2060,1326127351871.7285,19359.65247805107,68499543.23174036,0.058858807996701366,85.67736883320283,SSP corrected + TIAM Scenario_1
THA,2061,,,,,85.79652825022882,SSP corrected + TIAM Scenario_1
THA,2062,,,,,85.91568766725482,SSP corrected + TIAM Scenario_1
THA,2063,,,,,86.03484708428081,SSP corrected + TIAM Scenario_1
THA,2064,,,,,86.1540065013068,SSP corrected + TIAM Scenario_1
THA,2065,1452439386766.1655,21715.505637149086,66884898.33188377,0.03722649415911127,86.27316591833278,SSP corrected + TIAM Scenario_1
THA,2066,,,,,86.39232533535878,SSP corrected + TIAM Scenario_1
THA,2067,,,,,86.51148475238477,SSP corrected + TIAM Scenario_1
THA,2068,,,,,86.63064416941076,SSP corrected + TIAM Scenario_1
THA,2069,,,,,86.74980358643674,SSP corrected + TIAM Scenario_1
THA,2070,1574205026639.0042,24180.74624593485,65101589.94384435,0.01456153516447459,86.86896300346274,SSP corrected + TIAM Scenario_1
TJK,2012,6808117273.38834,849.5190808317383,8014084.0,1.0669356035454431,5.768678807715448,WB hist + TIAM interp
TJK,2013,7311917934.39479,889.8823830999787,8216724.0,1.0541912833180471,5.895922002931266,WB hist + TIAM interp
TJK,2014,7801816486.46336,925.9709614828038,8425552.0,1.0412951088612972,6.023165198147083,WB hist + TIAM interp
TJK,2015,8271431485.07484,956.9163109306558,8643840.0,1.027896554758399,6.150408393362901,WB hist + TIAM interp
TJK,2016,8842160257.545008,997.3526145567088,8865631.0,1.0147569445095512,6.277651588578719,WB hist + TIAM interp
TJK,2017,9469953672.84779,1042.2639175764186,9085946.0,1.002421530299154,6.4048947837945365,WB hist + TIAM interp
TJK,2018,10189670046.8255,1094.800201822101,9307333.0,0.9905560660999018,6.532137979010354,WB hist + TIAM interp
TJK,2019,10943705646.910498,1148.3467671249298,9529966.0,0.9791139266591419,6.659381174226172,WB hist + TIAM interp
TJK,2020,11425228817.455402,1171.9012748035914,9749310.0,0.9685208183978594,6.78662436944199,WB hist + TIAM interp
TJK,2021,12499200274.9255,1254.0699959230587,9966908.0,0.9462611807001597,7.555521212509997,WB hist + TIAM interp
TJK,2022,13499136339.2248,1325.755452908491,10182222.0,0.9251602021646455,8.324418055578004,WB hist + TIAM interp
TJK,2023,14619564549.617397,1407.1075436221045,10389799.0,0.905607028201482,9.093314898646012,WB hist + TIAM interp
TJK,2024,15847607943.9846,1496.338133950371,10590927.0,0.8873598532022892,9.86221174171402,WB hist + TIAM interp
TJK,2025,15847607943.98459,1496.33813395037,10590927.0,0.8863106940489337,10.631108584782028,SSP corrected + TIAM Scenario_1
TJK,2026,,,,,11.36865758846334,SSP corrected + TIAM Scenario_1
TJK,2027,,,,,12.10620659214465,SSP corrected + TIAM Scenario_1
TJK,2028,,,,,12.843755595825964,SSP corrected + TIAM Scenario_1
TJK,2029,,,,,13.581304599507272,SSP corrected + TIAM Scenario_1
TJK,2030,20713203034.036003,1915.9633134204164,10810855.765843645,0.8273919483025348,14.318853603188586,SSP corrected + TIAM Scenario_1
TJK,2031,,,,,15.140987670864307,SSP corrected + TIAM Scenario_1
TJK,2032,,,,,15.963121738540032,SSP corrected + TIAM Scenario_1
TJK,2033,,,,,16.785255806215755,SSP corrected + TIAM Scenario_1
TJK,2034,,,,,17.607389873891478,SSP corrected + TIAM Scenario_1
TJK,2035,26438607323.40949,2414.9569225348473,10947858.769943746,0.6057294853895631,18.4295239415672,SSP corrected + TIAM Scenario_1
TJK,2036,,,,,19.81444105487761,SSP corrected + TIAM Scenario_1
TJK,2037,,,,,21.19935816818802,SSP corrected + TIAM Scenario_1
TJK,2038,,,,,22.584275281498428,SSP corrected + TIAM Scenario_1
TJK,2039,,,,,23.969192394808836,SSP corrected + TIAM Scenario_1
TJK,2040,33304467580.09903,3021.694324049785,11021785.795812452,0.4417619288653141,25.354109508119247,SSP corrected + TIAM Scenario_1
TJK,2041,,,,,25.21252981982985,SSP corrected + TIAM Scenario_1
TJK,2042,,,,,25.07095013154045,SSP corrected + TIAM Scenario_1
TJK,2043,,,,,24.929370443251052,SSP corrected + TIAM Scenario_1
TJK,2044,,,,,24.78779075496165,SSP corrected + TIAM Scenario_1
TJK,2045,41096882615.76454,3728.805611319521,11021460.193850515,0.38980946543593126,24.646211066672254,SSP corrected + TIAM Scenario_1
TJK,2046,,,,,25.413577469286473,SSP corrected + TIAM Scenario_1
TJK,2047,,,,,26.180943871900695,SSP corrected + TIAM Scenario_1
TJK,2048,,,,,26.948310274514913,SSP corrected + TIAM Scenario_1
TJK,2049,,,,,27.715676677129135,SSP corrected + TIAM Scenario_1
TJK,2050,49446912297.200714,4515.999112167777,10949274.140460389,0.33691036777674177,28.483043079743354,SSP corrected + TIAM Scenario_1
TJK,2051,,,,,28.64920050842412,SSP corrected + TIAM Scenario_1
TJK,2052,,,,,28.815357937104885,SSP corrected + TIAM Scenario_1
TJK,2053,,,,,28.981515365785647,SSP corrected + TIAM Scenario_1
TJK,2054,,,,,29.147672794466413,SSP corrected + TIAM Scenario_1
TJK,2055,58135925434.35989,5370.949242507361,10824143.51903647,0.2721739632521403,29.31383022314718,SSP corrected + TIAM Scenario_1
TJK,2056,,,,,29.479987651827944,SSP corrected + TIAM Scenario_1
TJK,2057,,,,,29.64614508050871,SSP corrected + TIAM Scenario_1
TJK,2058,,,,,29.812302509189472,SSP corrected + TIAM Scenario_1
TJK,2059,,,,,29.978459937870237,SSP corrected + TIAM Scenario_1
TJK,2060,67152885356.59063,6302.282084831142,10655328.41162724,0.20676754559880456,30.144617366551003,SSP corrected + TIAM Scenario_1
TJK,2061,,,,,30.377975575544003,SSP corrected + TIAM Scenario_1
TJK,2062,,,,,30.611333784537,SSP corrected + TIAM Scenario_1
TJK,2063,,,,,30.84469199353,SSP corrected + TIAM Scenario_1
TJK,2064,,,,,31.078050202522995,SSP corrected + TIAM Scenario_1
TJK,2065,76858323305.1734,7323.273897566239,10495076.980626918,0.16213784838915268,31.311408411515995,SSP corrected + TIAM Scenario_1
TJK,2066,,,,,31.54476662050899,SSP corrected + TIAM Scenario_1
TJK,2067,,,,,31.77812482950199,SSP corrected + TIAM Scenario_1
TJK,2068,,,,,32.01148303849499,SSP corrected + TIAM Scenario_1
TJK,2069,,,,,32.24484124748799,SSP corrected + TIAM Scenario_1
TJK,2070,87242253720.94727,8433.816201828331,10344338.984057346,0.11601730175925187,32.478199456480986,SSP corrected + TIAM Scenario_1
TKM,2012,27654947984.180603,4761.079275980702,5808546.0,13.81821930561866,5.768678807715448,WB hist + TIAM interp
TKM,2013,30475752706.6088,5131.167364629981,5939341.0,13.690120656282986,5.895922002931266,WB hist + TIAM interp
TKM,2014,33614755226.4132,5533.035288465278,6075283.0,13.556047898154352,6.023165198147083,WB hist + TIAM interp
TKM,2015,35799714285.7143,5759.497903834006,6215770.0,13.418025405843087,6.150408393362901,WB hist + TIAM interp
TKM,2016,38019296559.4106,5977.838281138534,6360041.0,13.278199340367726,6.277651588578719,WB hist + TIAM interp
TKM,2017,40490550853.5767,6222.555905588821,6507061.0,13.139023077384104,6.4048947837945365,WB hist + TIAM interp
TKM,2018,43000964982.7593,6460.943568494276,6655524.0,13.003177072005228,6.532137979010354,WB hist + TIAM interp
TKM,2019,45710025794.8484,6718.166080562743,6803944.0,12.873340743694385,6.659381174226172,WB hist + TIAM interp
TKM,2020,48406917338.9257,6965.112268892857,6949912.0,12.753545936559966,6.78662436944199,WB hist + TIAM interp
TKM,2021,51408146222.3962,7248.707632257193,7092043.0,12.483246014514402,7.555521212509997,WB hist + TIAM interp
TKM,2022,54595451255.3951,7551.03650143158,7230193.0,12.230297736447723,8.324418055578004,WB hist + TIAM interp
TKM,2023,58035050718.9991,7880.445285709391,7364438.0,11.993190607273165,9.093314898646012,WB hist + TIAM interp
TKM,2024,61690926131.84899,8231.495442636584,7494498.0,11.77114253908814,9.86221174171402,WB hist + TIAM interp
TKM,2025,61690926131.84904,8231.49544263659,7494498.0,11.757225071562685,10.631108584782028,SSP corrected + TIAM Scenario_1
TKM,2026,,,,,11.36865758846334,SSP corrected + TIAM Scenario_1
TKM,2027,,,,,12.10620659214465,SSP corrected + TIAM Scenario_1
TKM,2028,,,,,12.843755595825964,SSP corrected + TIAM Scenario_1
TKM,2029,,,,,13.581304599507272,SSP corrected + TIAM Scenario_1
TKM,2030,81815211002.94305,10582.298195566178,7731327.306314463,10.860372466114894,14.318853603188586,SSP corrected + TIAM Scenario_1
TKM,2031,,,,,15.140987670864307,SSP corrected + TIAM Scenario_1
TKM,2032,,,,,15.963121738540032,SSP corrected + TIAM Scenario_1
TKM,2033,,,,,16.785255806215755,SSP corrected + TIAM Scenario_1
TKM,2034,,,,,17.607389873891478,SSP corrected + TIAM Scenario_1
TKM,2035,102689942094.23485,12976.754570666772,7913376.301834337,7.866354222767912,18.4295239415672,SSP corrected + TIAM Scenario_1
TKM,2036,,,,,19.81444105487761,SSP corrected + TIAM Scenario_1
TKM,2037,,,,,21.19935816818802,SSP corrected + TIAM Scenario_1
TKM,2038,,,,,22.584275281498428,SSP corrected + TIAM Scenario_1
TKM,2039,,,,,23.969192394808836,SSP corrected + TIAM Scenario_1
TKM,2040,120740530163.62369,14991.218400850335,8054083.859973317,5.674812554477247,25.354109508119247,SSP corrected + TIAM Scenario_1
TKM,2041,,,,,25.21252981982985,SSP corrected + TIAM Scenario_1
TKM,2042,,,,,25.07095013154045,SSP corrected + TIAM Scenario_1
TKM,2043,,,,,24.929370443251052,SSP corrected + TIAM Scenario_1
TKM,2044,,,,,24.78779075496165,SSP corrected + TIAM Scenario_1
TKM,2045,136756782309.66156,16778.951960371007,8150496.087756704,4.9480592316287675,24.646211066672254,SSP corrected + TIAM Scenario_1
TKM,2046,,,,,25.413577469286473,SSP corrected + TIAM Scenario_1
TKM,2047,,,,,26.180943871900695,SSP corrected + TIAM Scenario_1
TKM,2048,,,,,26.948310274514913,SSP corrected + TIAM Scenario_1
TKM,2049,,,,,27.715676677129135,SSP corrected + TIAM Scenario_1
TKM,2050,149990323937.32727,18288.964720793432,8201138.021049243,4.22233804469793,28.483043079743354,SSP corrected + TIAM Scenario_1
TKM,2051,,,,,28.64920050842412,SSP corrected + TIAM Scenario_1
TKM,2052,,,,,28.815357937104885,SSP corrected + TIAM Scenario_1
TKM,2053,,,,,28.981515365785647,SSP corrected + TIAM Scenario_1
TKM,2054,,,,,29.147672794466413,SSP corrected + TIAM Scenario_1
TKM,2055,160804725265.10107,19605.333368975054,8202090.841238664,3.37165368655976,29.31383022314718,SSP corrected + TIAM Scenario_1
TKM,2056,,,,,29.479987651827944,SSP corrected + TIAM Scenario_1
TKM,2057,,,,,29.64614508050871,SSP corrected + TIAM Scenario_1
TKM,2058,,,,,29.812302509189472,SSP corrected + TIAM Scenario_1
TKM,2059,,,,,29.978459937870237,SSP corrected + TIAM Scenario_1
TKM,2060,169736537213.7047,20805.58241209358,8158220.897245473,2.535018704336461,30.144617366551003,SSP corrected + TIAM Scenario_1
TKM,2061,,,,,30.377975575544003,SSP corrected + TIAM Scenario_1
TKM,2062,,,,,30.611333784537,SSP corrected + TIAM Scenario_1
TKM,2063,,,,,30.84469199353,SSP corrected + TIAM Scenario_1
TKM,2064,,,,,31.078050202522995,SSP corrected + TIAM Scenario_1
TKM,2065,177173671597.44287,21919.844187389368,8082797.947048002,1.9762219903091691,31.311408411515995,SSP corrected + TIAM Scenario_1
TKM,2066,,,,,31.54476662050899,SSP corrected + TIAM Scenario_1
TKM,2067,,,,,31.77812482950199,SSP corrected + TIAM Scenario_1
TKM,2068,,,,,32.01148303849499,SSP corrected + TIAM Scenario_1
TKM,2069,,,,,32.24484124748799,SSP corrected + TIAM Scenario_1
TKM,2070,182543841961.29935,22870.023030915316,7981795.283482646,1.411407224017758,32.478199456480986,SSP corrected + TIAM Scenario_1
TLS,2012,1440641467.2507703,1269.4162556124809,1134885.0,0.00391909979091441,87.04270501721462,WB hist + TIAM interp
TLS,2013,1485364306.0252,1281.928640431865,1158695.0,0.004026343481260211,86.72866523260423,WB hist + TIAM interp
TLS,2014,1551797213.1655698,1312.9649498863864,1181903.0,0.004131371655563697,86.41462544799384,WB hist + TIAM interp
TLS,2015,1590282371.46446,1319.59295003154,1205131.0,0.004232284330610199,86.10058566338344,WB hist + TIAM interp
TLS,2016,1638148814.59482,1333.6585611756784,1228312.0,0.004329546191390705,85.78654587877305,WB hist + TIAM interp
TLS,2017,1586016118.47795,1267.0866159767534,1251703.0,0.0044224628647901295,85.47250609416267,WB hist + TIAM interp
TLS,2018,1578617315.6726797,1237.2006590123035,1275959.0,0.004508911751124605,85.15846630955228,WB hist + TIAM interp
TLS,2019,1960846014.9776905,1507.2474355008785,1300945.0,0.004589558377072128,84.84442652494188,WB hist + TIAM interp
TLS,2020,2582938981.94735,1947.8399294352112,1326053.0,0.004666736183747557,84.5303867403315,WB hist + TIAM interp
TLS,2021,2721637681.7497196,2015.8203575703833,1350139.0,0.004957380409423252,84.05247289067427,WB hist + TIAM interp
TLS,2022,2163090172.13552,1579.7108527640282,1369295.0,0.00525669467903527,83.57455904101704,WB hist + TIAM interp
TLS,2023,1770794193.37577,1279.2112275756383,1384286.0,0.005564441778982739,83.09664519135981,WB hist + TIAM interp
TLS,2024,1609639637.8194997,1149.2188829801132,1400638.0,0.00585989525087296,82.61873134170258,WB hist + TIAM interp
TLS,2025,1609639637.8194954,1149.21888298011,1400638.0,0.006220311798140275,82.14081749204536,SSP corrected + TIAM Scenario_1
TLS,2026,,,,,82.01079626821716,SSP corrected + TIAM Scenario_1
TLS,2027,,,,,81.88077504438897,SSP corrected + TIAM Scenario_1
TLS,2028,,,,,81.75075382056077,SSP corrected + TIAM Scenario_1
TLS,2029,,,,,81.62073259673258,SSP corrected + TIAM Scenario_1
TLS,2030,2218137715.6294947,1453.017255203666,1526573.554227051,0.007361615740521427,81.49071137290439,SSP corrected + TIAM Scenario_1
TLS,2031,,,,,81.5880391184722,SSP corrected + TIAM Scenario_1
TLS,2032,,,,,81.68536686403999,SSP corrected + TIAM Scenario_1
TLS,2033,,,,,81.7826946096078,SSP corrected + TIAM Scenario_1
TLS,2034,,,,,81.8800223551756,SSP corrected + TIAM Scenario_1
TLS,2035,2970980277.620764,1810.4963982104225,1640975.5250313764,0.00917355671360331,81.97735010074341,SSP corrected + TIAM Scenario_1
TLS,2036,,,,,82.03792403663869,SSP corrected + TIAM Scenario_1
TLS,2037,,,,,82.09849797253396,SSP corrected + TIAM Scenario_1
TLS,2038,,,,,82.15907190842923,SSP corrected + TIAM Scenario_1
TLS,2039,,,,,82.2196458443245,SSP corrected + TIAM Scenario_1
TLS,2040,3953251113.7808733,2270.763496698183,1740934.7646855875,0.010858270213092895,82.28021978021978,SSP corrected + TIAM Scenario_1
TLS,2041,,,,,82.25375238807501,SSP corrected + TIAM Scenario_1
TLS,2042,,,,,82.22728499593026,SSP corrected + TIAM Scenario_1
TLS,2043,,,,,82.2008176037855,SSP corrected + TIAM Scenario_1
TLS,2044,,,,,82.17435021164074,SSP corrected + TIAM Scenario_1
TLS,2045,5214278958.3827715,2853.805665314122,1827131.756642872,0.012454548263805787,82.14788281949598,SSP corrected + TIAM Scenario_1
TLS,2046,,,,,82.59189796357335,SSP corrected + TIAM Scenario_1
TLS,2047,,,,,83.03591310765071,SSP corrected + TIAM Scenario_1
TLS,2048,,,,,83.4799282517281,SSP corrected + TIAM Scenario_1
TLS,2049,,,,,83.92394339580547,SSP corrected + TIAM Scenario_1
TLS,2050,6763002575.35513,3551.6219766303725,1904201.1283451903,0.011641138575235205,84.36795853988284,SSP corrected + TIAM Scenario_1
TLS,2051,,,,,84.49889956921484,SSP corrected + TIAM Scenario_1
TLS,2052,,,,,84.62984059854683,SSP corrected + TIAM Scenario_1
TLS,2053,,,,,84.76078162787883,SSP corrected + TIAM Scenario_1
TLS,2054,,,,,84.89172265721083,SSP corrected + TIAM Scenario_1
TLS,2055,8614982035.240412,4375.306851707874,1969000.6500635736,0.00817461500880079,85.02266368654284,SSP corrected + TIAM Scenario_1
TLS,2056,,,,,85.15360471587483,SSP corrected + TIAM Scenario_1
TLS,2057,,,,,85.28454574520683,SSP corrected + TIAM Scenario_1
TLS,2058,,,,,85.41548677453883,SSP corrected + TIAM Scenario_1
TLS,2059,,,,,85.54642780387084,SSP corrected + TIAM Scenario_1
TLS,2060,10746380634.228884,5325.495840614169,2017911.7505403112,0.004967796693699139,85.67736883320283,SSP corrected + TIAM Scenario_1
TLS,2061,,,,,85.79652825022882,SSP corrected + TIAM Scenario_1
TLS,2062,,,,,85.91568766725482,SSP corrected + TIAM Scenario_1
TLS,2063,,,,,86.03484708428081,SSP corrected + TIAM Scenario_1
TLS,2064,,,,,86.1540065013068,SSP corrected + TIAM Scenario_1
TLS,2065,13257180102.189201,6425.675533806284,2063157.4116124471,0.003000645498987165,86.27316591833278,SSP corrected + TIAM Scenario_1
TLS,2066,,,,,86.39232533535878,SSP corrected + TIAM Scenario_1
TLS,2067,,,,,86.51148475238477,SSP corrected + TIAM Scenario_1
TLS,2068,,,,,86.63064416941076,SSP corrected + TIAM Scenario_1
TLS,2069,,,,,86.74980358643674,SSP corrected + TIAM Scenario_1
TLS,2070,16234781686.42379,7700.66846644357,2108230.182505385,0.0011180148632546102,86.86896300346274,SSP corrected + TIAM Scenario_1
TON,2012,422596497.997101,3932.593504532859,107460.0,,,WB hist + TIAM interp
TON,2013,424261200.8142831,3962.169640955967,107078.0,,,WB hist + TIAM interp
TON,2014,432706273.83226395,4058.815614368993,106609.0,,,WB hist + TIAM interp
TON,2015,437525514.240726,4123.903239933324,106095.0,,,WB hist + TIAM interp
TON,2016,466396529.430219,4419.814728689388,105524.0,,,WB hist + TIAM interp
TON,2017,481332022.4906299,4568.624686687326,105356.0,,,WB hist + TIAM interp
TON,2018,483872624.14682,4583.5594849415065,105567.0,,,WB hist + TIAM interp
TON,2019,482492576.867438,4566.074978162356,105669.0,,,WB hist + TIAM interp
TON,2020,491207296.77196896,4647.007651290102,105704.0,,,WB hist + TIAM interp
TON,2021,486614870.548582,4612.900469699327,105490.0,,,WB hist + TIAM interp
TON,2022,476257056.368298,4533.967902061061,105042.0,,,WB hist + TIAM interp
TON,2023,489545312.4729449,4680.299745431943,104597.0,,,WB hist + TIAM interp
TON,2025,,,104175.0,,,SSP corrected + TIAM Scenario_1
TON,2030,,,104856.24351964524,,,SSP corrected + TIAM Scenario_1
TON,2035,,,104961.24306161018,,,SSP corrected + TIAM Scenario_1
TON,2040,,,104326.86007186564,,,SSP corrected + TIAM Scenario_1
TON,2045,,,102999.01266416948,,,SSP corrected + TIAM Scenario_1
TON,2050,,,101002.98903506786,,,SSP corrected + TIAM Scenario_1
TON,2055,,,98457.78102853875,,,SSP corrected + TIAM Scenario_1
TON,2060,,,95690.44810278782,,,SSP corrected + TIAM Scenario_1
TON,2065,,,93395.84968238322,,,SSP corrected + TIAM Scenario_1
TON,2070,,,91495.02271209752,,,SSP corrected + TIAM Scenario_1
TTO,2012,25149270114.892395,18835.66741229544,1335194.0,22.332500000328878,38.879500250197985,WB hist + TIAM interp
TTO,2013,25996346049.551796,19392.1974593783,1340557.0,22.474413320144258,38.85667685180975,WB hist + TIAM interp
TTO,2014,26950637730.5197,20032.540200171778,1345343.0,22.62489505574871,38.83385345342151,WB hist + TIAM interp
TTO,2015,26841141793.214306,19887.232771649826,1349667.0,22.78210571997363,38.81103005503327,WB hist + TIAM interp
TTO,2016,24818295899.894104,18331.034459758033,1353895.0,22.939938748967354,38.78820665664504,WB hist + TIAM interp
TTO,2017,23608962518.1707,17402.615532845433,1356633.0,23.122156444894575,38.7653832582568,WB hist + TIAM interp
TTO,2018,23385751652.646797,17205.615135338983,1359193.0,23.30669195329889,38.74255985986856,WB hist + TIAM interp
TTO,2019,23495134887.9587,17225.361633712026,1363985.0,23.45209415635339,38.71973646148032,WB hist + TIAM interp
TTO,2020,21430194900.9331,15679.961148682509,1366725.0,23.63190600861709,38.69691306309209,WB hist + TIAM interp
TTO,2021,21276595987.8665,15558.094053682917,1367558.0,23.05700438010311,39.00786664522744,WB hist + TIAM interp
TTO,2022,21459842974.326595,15712.230497272009,1365805.0,22.525371376194197,39.318820227362785,WB hist + TIAM interp
TTO,2023,21774542874.5018,15922.766834978758,1367510.0,21.93676017643803,39.62977380949813,WB hist + TIAM interp
TTO,2024,22320911476.712097,16312.48495557156,1368333.0,21.363376433440273,39.94072739163348,WB hist + TIAM interp
TTO,2025,22320911476.712154,16312.4849555716,1368333.0,20.803186813236607,40.25168097376883,SSP corrected + TIAM Scenario_1
TTO,2026,,,,,41.03311574715632,SSP corrected + TIAM Scenario_1
TTO,2027,,,,,41.81455052054381,SSP corrected + TIAM Scenario_1
TTO,2028,,,,,42.59598529393129,SSP corrected + TIAM Scenario_1
TTO,2029,,,,,43.37742006731878,SSP corrected + TIAM Scenario_1
TTO,2030,24498839493.08609,18043.02324865165,1357801.2484641054,19.53221931830891,44.15885484070627,SSP corrected + TIAM Scenario_1
TTO,2031,,,,,43.75068382553754,SSP corrected + TIAM Scenario_1
TTO,2032,,,,,43.34251281036882,SSP corrected + TIAM Scenario_1
TTO,2033,,,,,42.93434179520009,SSP corrected + TIAM Scenario_1
TTO,2034,,,,,42.52617078003136,SSP corrected + TIAM Scenario_1
TTO,2035,26500024659.96378,19764.986714871735,1340756.0066824842,18.375615816568235,42.11799976486264,SSP corrected + TIAM Scenario_1
TTO,2036,,,,,42.63433136242324,SSP corrected + TIAM Scenario_1
TTO,2037,,,,,43.15066295998385,SSP corrected + TIAM Scenario_1
TTO,2038,,,,,43.66699455754445,SSP corrected + TIAM Scenario_1
TTO,2039,,,,,44.18332615510506,SSP corrected + TIAM Scenario_1
TTO,2040,28242056088.577023,21452.304714951584,1316504.5184582518,16.81827175626524,44.69965775266566,SSP corrected + TIAM Scenario_1
TTO,2041,,,,,45.21361097692995,SSP corrected + TIAM Scenario_1
TTO,2042,,,,,45.72756420119425,SSP corrected + TIAM Scenario_1
TTO,2043,,,,,46.24151742545854,SSP corrected + TIAM Scenario_1
TTO,2044,,,,,46.75547064972284,SSP corrected + TIAM Scenario_1
TTO,2045,29531086782.70412,22993.96822035701,1284297.1034707995,16.205193459871385,47.26942387398713,SSP corrected + TIAM Scenario_1
TTO,2046,,,,,46.98986888073011,SSP corrected + TIAM Scenario_1
TTO,2047,,,,,46.71031388747309,SSP corrected + TIAM Scenario_1
TTO,2048,,,,,46.43075889421607,SSP corrected + TIAM Scenario_1
TTO,2049,,,,,46.151203900959054,SSP corrected + TIAM Scenario_1
TTO,2050,30350012595.61957,24393.330592836697,1244193.0584309837,17.049208786600275,45.87164890770203,SSP corrected + TIAM Scenario_1
TTO,2051,,,,,45.7537597769145,SSP corrected + TIAM Scenario_1
TTO,2052,,,,,45.63587064612697,SSP corrected + TIAM Scenario_1
TTO,2053,,,,,45.51798151533943,SSP corrected + TIAM Scenario_1
TTO,2054,,,,,45.4000923845519,SSP corrected + TIAM Scenario_1
TTO,2055,31100003514.156742,25953.822885408037,1198282.1818377296,12.968529804263872,45.282203253764365,SSP corrected + TIAM Scenario_1
TTO,2056,,,,,45.16431412297683,SSP corrected + TIAM Scenario_1
TTO,2057,,,,,45.0464249921893,SSP corrected + TIAM Scenario_1
TTO,2058,,,,,44.92853586140176,SSP corrected + TIAM Scenario_1
TTO,2059,,,,,44.81064673061423,SSP corrected + TIAM Scenario_1
TTO,2060,31953137620.523106,27812.676164691944,1148869.581312979,8.58879834111054,44.6927575998267,SSP corrected + TIAM Scenario_1
TTO,2061,,,,,44.73681582547181,SSP corrected + TIAM Scenario_1
TTO,2062,,,,,44.78087405111692,SSP corrected + TIAM Scenario_1
TTO,2063,,,,,44.82493227676203,SSP corrected + TIAM Scenario_1
TTO,2064,,,,,44.86899050240714,SSP corrected + TIAM Scenario_1
TTO,2065,32774136663.344772,29839.2584537211,1098356.271627041,5.246638726567105,44.913048728052246,SSP corrected + TIAM Scenario_1
TTO,2066,,,,,44.957106953697355,SSP corrected + TIAM Scenario_1
TTO,2067,,,,,45.001165179342465,SSP corrected + TIAM Scenario_1
TTO,2068,,,,,45.045223404987574,SSP corrected + TIAM Scenario_1
TTO,2069,,,,,45.08928163063269,SSP corrected + TIAM Scenario_1
TTO,2070,33381593025.836452,31874.767632437462,1047273.298138982,1.5831091553518082,45.13333985627779,SSP corrected + TIAM Scenario_1
TUN,2012,42938131960.3014,3900.046201327018,11009647.0,1.6949026612751525,30.471699316125253,WB hist + TIAM interp
TUN,2013,43981498924.3673,3947.5876353317426,11141361.0,1.7086260825764465,30.48198506441344,WB hist + TIAM interp
TUN,2014,45340671513.9524,4021.5995470359103,11274288.0,1.7218435434681107,30.492270812701623,WB hist + TIAM interp
TUN,2015,45779494041.9295,4014.947736864319,11402264.0,1.7355062117488247,30.502556560989813,WB hist + TIAM interp
TUN,2016,46290957182.3198,4015.288938027027,11528674.0,1.7491031492433562,30.512842309278,WB hist + TIAM interp
TUN,2017,47333713938.692,4062.80606534519,11650498.0,1.7630988821250388,30.523128057566183,WB hist + TIAM interp
TUN,2018,48567689496.9783,4127.970056979942,11765514.0,1.7778330806456903,30.533413805854373,WB hist + TIAM interp
TUN,2019,49320533876.2551,4153.279786155151,11875081.0,1.793104400719456,30.54369955414256,WB hist + TIAM interp
TUN,2020,44893953703.8732,3749.268414529278,11974057.0,1.8096957447254511,30.553985302430743,WB hist + TIAM interp
TUN,2021,47020147729.5282,3902.533229901992,12048622.0,1.6177368665063938,36.1510292730939,WB hist + TIAM interp
TUN,2022,48314277429.712296,3986.545583256662,12119334.0,1.4285933533971422,41.748073243757055,WB hist + TIAM interp
TUN,2023,48403183212.3138,3967.3338763453353,12200431.0,1.2405873202348343,47.345117214420206,WB hist + TIAM interp
TUN,2024,49184626298.0351,4006.205882674423,12277109.0,1.05544391599032,52.94216118508336,WB hist + TIAM interp
TUN,2025,49184626298.03519,4006.20588267443,12277109.0,0.8780487328083509,58.539205155746515,SSP corrected + TIAM Scenario_1
TUN,2026,,,,,57.20790733447375,SSP corrected + TIAM Scenario_1
TUN,2027,,,,,55.87660951320099,SSP corrected + TIAM Scenario_1
TUN,2028,,,,,54.545311691928234,SSP corrected + TIAM Scenario_1
TUN,2029,,,,,53.21401387065547,SSP corrected + TIAM Scenario_1
TUN,2030,62234181856.06504,4937.014201585804,12605631.524429277,0.9111483211088081,51.88271604938271,SSP corrected + TIAM Scenario_1
TUN,2031,,,,,52.94267230588824,SSP corrected + TIAM Scenario_1
TUN,2032,,,,,54.00262856239376,SSP corrected + TIAM Scenario_1
TUN,2033,,,,,55.06258481889929,SSP corrected + TIAM Scenario_1
TUN,2034,,,,,56.12254107540481,SSP corrected + TIAM Scenario_1
TUN,2035,76492320800.25789,5957.135135493002,12840454.188207284,0.7741937983104872,57.18249733191034,SSP corrected + TIAM Scenario_1
TUN,2036,,,,,58.57528410541054,SSP corrected + TIAM Scenario_1
TUN,2037,,,,,59.96807087891074,SSP corrected + TIAM Scenario_1
TUN,2038,,,,,61.36085765241093,SSP corrected + TIAM Scenario_1
TUN,2039,,,,,62.753644425911126,SSP corrected + TIAM Scenario_1
TUN,2040,91541767361.13448,7036.965394766817,13008699.37902656,0.636497143853561,64.14643119941132,SSP corrected + TIAM Scenario_1
TUN,2041,,,,,64.85985852736826,SSP corrected + TIAM Scenario_1
TUN,2042,,,,,65.57328585532518,SSP corrected + TIAM Scenario_1
TUN,2043,,,,,66.28671318328212,SSP corrected + TIAM Scenario_1
TUN,2044,,,,,67.00014051123904,SSP corrected + TIAM Scenario_1
TUN,2045,106556113335.74908,8123.721710061401,13116662.182528617,0.6340637491661538,67.71356783919597,SSP corrected + TIAM Scenario_1
TUN,2046,,,,,68.87527416085953,SSP corrected + TIAM Scenario_1
TUN,2047,,,,,70.0369804825231,SSP corrected + TIAM Scenario_1
TUN,2048,,,,,71.19868680418666,SSP corrected + TIAM Scenario_1
TUN,2049,,,,,72.36039312585024,SSP corrected + TIAM Scenario_1
TUN,2050,120335199478.64217,9143.784600820412,13160327.449953848,0.5706392966708693,73.5220994475138,SSP corrected + TIAM Scenario_1
TUN,2051,,,,,74.67143033481172,SSP corrected + TIAM Scenario_1
TUN,2052,,,,,75.82076122210965,SSP corrected + TIAM Scenario_1
TUN,2053,,,,,76.97009210940757,SSP corrected + TIAM Scenario_1
TUN,2054,,,,,78.11942299670551,SSP corrected + TIAM Scenario_1
TUN,2055,133190438191.12752,10140.379258483496,13134660.42995381,0.5303296599974984,79.26875388400343,SSP corrected + TIAM Scenario_1
TUN,2056,,,,,80.41808477130135,SSP corrected + TIAM Scenario_1
TUN,2057,,,,,81.56741565859929,SSP corrected + TIAM Scenario_1
TUN,2058,,,,,82.71674654589721,SSP corrected + TIAM Scenario_1
TUN,2059,,,,,83.86607743319514,SSP corrected + TIAM Scenario_1
TUN,2060,145627839524.75348,11176.67785746571,13029617.689793048,0.49284638681535986,85.01540832049307,SSP corrected + TIAM Scenario_1
TUN,2061,,,,,85.08082427573953,SSP corrected + TIAM Scenario_1
TUN,2062,,,,,85.146240230986,SSP corrected + TIAM Scenario_1
TUN,2063,,,,,85.21165618623246,SSP corrected + TIAM Scenario_1
TUN,2064,,,,,85.27707214147893,SSP corrected + TIAM Scenario_1
TUN,2065,158004025435.9387,12299.259975525736,12846628.63866204,0.39355850801074954,85.34248809672539,SSP corrected + TIAM Scenario_1
TUN,2066,,,,,85.40790405197184,SSP corrected + TIAM Scenario_1
TUN,2067,,,,,85.4733200072183,SSP corrected + TIAM Scenario_1
TUN,2068,,,,,85.53873596246477,SSP corrected + TIAM Scenario_1
TUN,2069,,,,,85.60415191771123,SSP corrected + TIAM Scenario_1
TUN,2070,169464226448.03894,13445.099905052504,12604162.6796954,0.2927762909585978,85.6695678729577,SSP corrected + TIAM Scenario_1
TUR,2012,720809935556.199,9588.320665314382,75175827.0,,,WB hist + TIAM interp
TUR,2013,781994134596.37,10269.448914077346,76147624.0,,,WB hist + TIAM interp
TUR,2014,817972077517.761,10597.98018817163,77181884.0,,,WB hist + TIAM interp
TUR,2015,865460050683.656,11064.649450466251,78218479.0,,,WB hist + TIAM interp
TUR,2016,894225044186.9269,11279.61695315688,79277962.0,,,WB hist + TIAM interp
TUR,2017,964205820086.0889,12005.64598248323,80312698.0,,,WB hist + TIAM interp
TUR,2018,997645953748.995,12255.008214616915,81407204.0,,,WB hist + TIAM interp
TUR,2019,1010631549472.6,12238.295022012742,82579440.0,,,WB hist + TIAM interp
TUR,2020,1028853867659.9401,12338.643833135056,83384680.0,,,WB hist + TIAM interp
TUR,2021,1150372769727.98,13670.938029516044,84147318.0,,,WB hist + TIAM interp
TUR,2022,1212967141770.1104,14273.574765487348,84979913.0,,,WB hist + TIAM interp
TUR,2023,1274162834489.9897,14932.88513631214,85325965.0,,,WB hist + TIAM interp
TUR,2024,1316562171166.7798,15395.027889489287,85518661.0,,,WB hist + TIAM interp
TUR,2025,1316562171166.781,15395.0278894893,85518661.0,,,SSP corrected + TIAM Scenario_1
TUR,2030,1538413971151.8523,17341.911849937347,88710747.95351414,,,SSP corrected + TIAM Scenario_1
TUR,2035,1766722055934.0928,19318.713646616976,91451329.95143674,,,SSP corrected + TIAM Scenario_1
TUR,2040,2011445215625.5938,21456.55171736133,93745036.11398356,,,SSP corrected + TIAM Scenario_1
TUR,2045,2264983013692.9746,23700.26779726992,95567823.66627446,,,SSP corrected + TIAM Scenario_1
TUR,2050,2524837774679.4404,26053.664334010187,96909123.5041185,,,SSP corrected + TIAM Scenario_1
TUR,2055,2794680902489.5386,28598.233678400906,97722150.7424862,,,SSP corrected + TIAM Scenario_1
TUR,2060,3071399059065.5757,31318.61983636043,98069425.636047,,,SSP corrected + TIAM Scenario_1
TUR,2065,3354961111026.9688,34211.192206098516,98066185.2067497,,,SSP corrected + TIAM Scenario_1
TUR,2070,3642651449252.879,37276.60253859637,97719513.0774394,,,SSP corrected + TIAM Scenario_1
TUV,2012,31949982.2602472,2922.0762996384856,10934.0,,,WB hist + TIAM interp
TUV,2013,33339111.9237362,3030.552851898573,11001.0,,,WB hist + TIAM interp
TUV,2014,33339111.923736203,3035.2432559847234,10984.0,,,WB hist + TIAM interp
TUV,2015,36811936.0824587,3357.8341770007023,10963.0,,,WB hist + TIAM interp
TUV,2016,38895630.5776922,3558.6121297065147,10930.0,,,WB hist + TIAM interp
TUV,2017,39847948.41849711,3666.201897000378,10869.0,,,WB hist + TIAM interp
TUV,2018,40400752.56808259,3757.8599728474182,10751.0,,,WB hist + TIAM interp
TUV,2019,45984984.3588252,4345.996064533144,10581.0,,,WB hist + TIAM interp
TUV,2020,44019157.5155388,4233.0183205634,10399.0,,,WB hist + TIAM interp
TUV,2021,44813322.9441554,4396.048944884776,10194.0,,,WB hist + TIAM interp
TUV,2022,45116847.7756278,4515.29701517492,9992.0,,,WB hist + TIAM interp
TUV,2023,46855113.8352982,4773.340855266728,9816.0,,,WB hist + TIAM interp
TZA,2012,39187673997.62719,827.1933745799341,47374260.0,0.08970480377571753,95.89327490675244,WB hist + TIAM interp
TZA,2013,41845219654.6812,857.0602562462805,48824128.0,0.09214435522794927,95.20050503714818,WB hist + TIAM interp
TZA,2014,44662433111.6494,887.0127497194006,50351512.0,0.09429780164166478,94.50773516754391,WB hist + TIAM interp
TZA,2015,47413919817.124,911.4387353529526,52020962.0,0.09606139132415395,93.81496529793964,WB hist + TIAM interp
TZA,2016,50669888784.2555,941.3993115722438,53824013.0,0.09747275968716754,93.12219542833536,WB hist + TIAM interp
TZA,2017,54078588995.42149,971.7121428091424,55652890.0,0.09874678891527504,92.42942555873113,WB hist + TIAM interp
TZA,2018,57054358529.8857,993.335558894609,57437145.0,0.10001738906350689,91.73665568912683,WB hist + TIAM interp
TZA,2019,60363511324.6004,1020.0865655096924,59174891.0,0.10129097449404849,91.0438858195226,WB hist + TIAM interp
TZA,2020,61565931105.41409,1009.7278315063398,60972798.0,0.10239076566202748,90.35111594991832,WB hist + TIAM interp
TZA,2021,64226431583.1539,1022.2188513287784,62830412.0,0.10620745846953063,90.31619345476734,WB hist + TIAM interp
TZA,2022,67159014151.451,1037.8167870048194,64711821.0,0.10976457105805845,90.28127095961636,WB hist + TIAM interp
TZA,2023,70563656177.7408,1059.2343438120668,66617606.0,0.1130792988236206,90.24634846446536,WB hist + TIAM interp
TZA,2024,74463225268.4644,1086.1005652082215,68560157.0,0.1161473285005106,90.21142596931438,WB hist + TIAM interp
TZA,2025,76840453051.38876,1120.77416992188,68560157.0,0.12241929344565156,90.1765034741634,SSP corrected + TIAM Scenario_1
TZA,2026,,,,,89.40002543097587,SSP corrected + TIAM Scenario_1
TZA,2027,,,,,88.62354738778835,SSP corrected + TIAM Scenario_1
TZA,2028,,,,,87.84706934460083,SSP corrected + TIAM Scenario_1
TZA,2029,,,,,87.0705913014133,SSP corrected + TIAM Scenario_1
TZA,2030,107931677000.08865,1414.0246786611992,76329415.3410947,0.14539480685151135,86.29411325822578,SSP corrected + TIAM Scenario_1
TZA,2031,,,,,84.89296686399332,SSP corrected + TIAM Scenario_1
TZA,2032,,,,,83.49182046976087,SSP corrected + TIAM Scenario_1
TZA,2033,,,,,82.0906740755284,SSP corrected + TIAM Scenario_1
TZA,2034,,,,,80.68952768129594,SSP corrected + TIAM Scenario_1
TZA,2035,148230086624.19858,1760.3183593638032,84206408.36681975,0.1765574662651774,79.28838128706349,SSP corrected + TIAM Scenario_1
TZA,2036,,,,,78.9052142249639,SSP corrected + TIAM Scenario_1
TZA,2037,,,,,78.52204716286431,SSP corrected + TIAM Scenario_1
TZA,2038,,,,,78.13888010076471,SSP corrected + TIAM Scenario_1
TZA,2039,,,,,77.75571303866512,SSP corrected + TIAM Scenario_1
TZA,2040,200659206918.61948,2178.9929549229587,92088047.5842172,0.19405384103924364,77.37254597656553,SSP corrected + TIAM Scenario_1
TZA,2041,,,,,77.07855073364088,SSP corrected + TIAM Scenario_1
TZA,2042,,,,,76.78455549071623,SSP corrected + TIAM Scenario_1
TZA,2043,,,,,76.49056024779159,SSP corrected + TIAM Scenario_1
TZA,2044,,,,,76.19656500486694,SSP corrected + TIAM Scenario_1
TZA,2045,268275817470.5587,2691.875181611596,99661313.90607232,0.22218878807600598,75.90256976194229,SSP corrected + TIAM Scenario_1
TZA,2046,,,,,77.21206548678956,SSP corrected + TIAM Scenario_1
TZA,2047,,,,,78.52156121163682,SSP corrected + TIAM Scenario_1
TZA,2048,,,,,79.8310569364841,SSP corrected + TIAM Scenario_1
TZA,2049,,,,,81.14055266133137,SSP corrected + TIAM Scenario_1
TZA,2050,354393112006.97394,3315.8294000709434,106879175.3880316,0.1980722872765286,82.45004838617864,SSP corrected + TIAM Scenario_1
TZA,2051,,,,,82.15498802522372,SSP corrected + TIAM Scenario_1
TZA,2052,,,,,81.85992766426878,SSP corrected + TIAM Scenario_1
TZA,2053,,,,,81.56486730331386,SSP corrected + TIAM Scenario_1
TZA,2054,,,,,81.26980694235893,SSP corrected + TIAM Scenario_1
TZA,2055,462588774430.4626,4075.1965628608577,113513242.1945599,0.13575139634242903,80.974746581404,SSP corrected + TIAM Scenario_1
TZA,2056,,,,,80.67968622044908,SSP corrected + TIAM Scenario_1
TZA,2057,,,,,80.38462585949415,SSP corrected + TIAM Scenario_1
TZA,2058,,,,,80.08956549853923,SSP corrected + TIAM Scenario_1
TZA,2059,,,,,79.7945051375843,SSP corrected + TIAM Scenario_1
TZA,2060,596015487254.5167,4987.05711631896,119512464.6365484,0.08073935685741106,79.49944477662937,SSP corrected + TIAM Scenario_1
TZA,2061,,,,,78.8413265381611,SSP corrected + TIAM Scenario_1
TZA,2062,,,,,78.18320829969282,SSP corrected + TIAM Scenario_1
TZA,2063,,,,,77.52509006122453,SSP corrected + TIAM Scenario_1
TZA,2064,,,,,76.86697182275626,SSP corrected + TIAM Scenario_1
TZA,2065,758337751767.6357,6060.99760501069,125117645.83782545,0.04193392134479131,76.20885358428798,SSP corrected + TIAM Scenario_1
TZA,2066,,,,,75.5507353458197,SSP corrected + TIAM Scenario_1
TZA,2067,,,,,74.89261710735143,SSP corrected + TIAM Scenario_1
TZA,2068,,,,,74.23449886888314,SSP corrected + TIAM Scenario_1
TZA,2069,,,,,73.57638063041486,SSP corrected + TIAM Scenario_1
TZA,2070,952159584794.5203,7306.284063864656,130320635.83507536,0.006476238411595435,72.91826239194658,SSP corrected + TIAM Scenario_1
UGA,2012,28279643267.764103,823.5804682854936,34337438.0,0.05086721903148953,95.89327490675244,WB hist + TIAM interp
UGA,2013,29294007439.772594,828.9886697299846,35337042.0,0.052326390953909764,95.20050503714818,WB hist + TIAM interp
UGA,2014,30789849487.572395,845.9786647910997,36395539.0,0.05361837806461026,94.50773516754391,WB hist + TIAM interp
UGA,2015,32387183730.1002,862.9346103558121,37531446.0,0.054724234847967346,93.81496529793964,WB hist + TIAM interp
UGA,2016,33935615078.9833,874.6483706392165,38799152.0,0.05557568784514524,93.12219542833536,WB hist + TIAM interp
UGA,2017,34998276801.8745,871.0938800171504,40177388.0,0.05621817563971256,92.42942555873113,WB hist + TIAM interp
UGA,2018,37204541496.6985,895.0751278543788,41565831.0,0.056804093498080604,91.73665568912683,WB hist + TIAM interp
UGA,2019,39600047064.27999,920.9391015156708,42999637.0,0.05729162889374985,91.0438858195226,WB hist + TIAM interp
UGA,2020,40768765796.4748,917.035031764401,44457152.0,0.05771690324855926,90.35111594991832,WB hist + TIAM interp
UGA,2021,42210585952.78259,919.4016752172652,45910930.0,0.059738811365403176,90.31619345476734,WB hist + TIAM interp
UGA,2022,44147216889.62399,933.0940563704232,47312719.0,0.06170433014154115,90.28127095961636,WB hist + TIAM interp
UGA,2023,46503341915.459,955.7457972754612,48656601.0,0.0636323708526147,90.24634846446536,WB hist + TIAM interp
UGA,2024,49319389340.66999,986.0901453639232,50015092.0,0.06543765080846879,90.21142596931438,WB hist + TIAM interp
UGA,2025,49319389340.67003,986.090145363924,50015092.0,0.06897128913886988,90.1765034741634,SSP corrected + TIAM Scenario_1
UGA,2026,,,,,89.40002543097587,SSP corrected + TIAM Scenario_1
UGA,2027,,,,,88.62354738778835,SSP corrected + TIAM Scenario_1
UGA,2028,,,,,87.84706934460083,SSP corrected + TIAM Scenario_1
UGA,2029,,,,,87.0705913014133,SSP corrected + TIAM Scenario_1
UGA,2030,70013691784.20215,1223.4134380747462,57228153.30063798,0.07970376599508107,86.29411325822578,SSP corrected + TIAM Scenario_1
UGA,2031,,,,,84.89296686399332,SSP corrected + TIAM Scenario_1
UGA,2032,,,,,83.49182046976087,SSP corrected + TIAM Scenario_1
UGA,2033,,,,,82.0906740755284,SSP corrected + TIAM Scenario_1
UGA,2034,,,,,80.68952768129594,SSP corrected + TIAM Scenario_1
UGA,2035,97916857048.78426,1508.4159347327989,64913698.39985765,0.09413315646974019,79.28838128706349,SSP corrected + TIAM Scenario_1
UGA,2036,,,,,78.9052142249639,SSP corrected + TIAM Scenario_1
UGA,2037,,,,,78.52204716286431,SSP corrected + TIAM Scenario_1
UGA,2038,,,,,78.13888010076471,SSP corrected + TIAM Scenario_1
UGA,2039,,,,,77.75571303866512,SSP corrected + TIAM Scenario_1
UGA,2040,136554724033.44365,1874.0789176548749,72864980.62969576,0.10079857637080132,77.37254597656553,SSP corrected + TIAM Scenario_1
UGA,2041,,,,,77.07855073364088,SSP corrected + TIAM Scenario_1
UGA,2042,,,,,76.78455549071623,SSP corrected + TIAM Scenario_1
UGA,2043,,,,,76.49056024779159,SSP corrected + TIAM Scenario_1
UGA,2044,,,,,76.19656500486694,SSP corrected + TIAM Scenario_1
UGA,2045,189562784662.23126,2342.0555865414863,80938636.02193944,0.11244511957803649,75.90256976194229,SSP corrected + TIAM Scenario_1
UGA,2046,,,,,77.21206548678956,SSP corrected + TIAM Scenario_1
UGA,2047,,,,,78.52156121163682,SSP corrected + TIAM Scenario_1
UGA,2048,,,,,79.8310569364841,SSP corrected + TIAM Scenario_1
UGA,2049,,,,,81.14055266133137,SSP corrected + TIAM Scenario_1
UGA,2050,261294216967.1822,2935.788116925118,89003091.01354909,0.09775961102198069,82.45004838617864,SSP corrected + TIAM Scenario_1
UGA,2051,,,,,82.15498802522372,SSP corrected + TIAM Scenario_1
UGA,2052,,,,,81.85992766426878,SSP corrected + TIAM Scenario_1
UGA,2053,,,,,81.56486730331386,SSP corrected + TIAM Scenario_1
UGA,2054,,,,,81.26980694235893,SSP corrected + TIAM Scenario_1
UGA,2055,356742704418.34235,3684.1744621166704,96831110.49344358,0.06540691485724798,80.974746581404,SSP corrected + TIAM Scenario_1
UGA,2056,,,,,80.67968622044908,SSP corrected + TIAM Scenario_1
UGA,2057,,,,,80.38462585949415,SSP corrected + TIAM Scenario_1
UGA,2058,,,,,80.08956549853923,SSP corrected + TIAM Scenario_1
UGA,2059,,,,,79.7945051375843,SSP corrected + TIAM Scenario_1
UGA,2060,481197475978.0943,4611.130945746255,104355630.24337804,0.038004090748788584,79.49944477662937,SSP corrected + TIAM Scenario_1
UGA,2061,,,,,78.8413265381611,SSP corrected + TIAM Scenario_1
UGA,2062,,,,,78.18320829969282,SSP corrected + TIAM Scenario_1
UGA,2063,,,,,77.52509006122453,SSP corrected + TIAM Scenario_1
UGA,2064,,,,,76.86697182275626,SSP corrected + TIAM Scenario_1
UGA,2065,640552970008.7334,5740.24884733857,111589756.3057256,0.019324463911369993,76.20885358428798,SSP corrected + TIAM Scenario_1
UGA,2066,,,,,75.5507353458197,SSP corrected + TIAM Scenario_1
UGA,2067,,,,,74.89261710735143,SSP corrected + TIAM Scenario_1
UGA,2068,,,,,74.23449886888314,SSP corrected + TIAM Scenario_1
UGA,2069,,,,,73.57638063041486,SSP corrected + TIAM Scenario_1
UGA,2070,840650445508.489,7100.946919684078,118385682.22192676,0.0029301144259193065,72.91826239194658,SSP corrected + TIAM Scenario_1
UKR,2012,112148546939.271,2426.9294748154166,46210056.0,3.57095003928109,5.768678807715448,WB hist + TIAM interp
UKR,2013,112199506223.48701,2432.416278518678,46126770.0,3.6240422040743763,5.895922002931266,WB hist + TIAM interp
UKR,2014,100891035818.548,2194.6011021954487,45972380.0,3.683014043364348,6.023165198147083,WB hist + TIAM interp
UKR,2015,91030967789.0717,1988.2313981683328,45784896.0,3.7450883600594564,6.150408393362901,WB hist + TIAM interp
UKR,2016,93253017277.0895,2044.2677228679424,45616832.0,3.806052138942556,6.277651588578719,WB hist + TIAM interp
UKR,2017,95453762636.0202,2100.838024950726,45436041.0,3.868550099570376,6.4048947837945365,WB hist + TIAM interp
UKR,2018,98783535744.14449,2185.0458747906578,45208907.0,3.9355775812913176,6.532137979010354,WB hist + TIAM interp
UKR,2019,101944118786.821,2267.5685708658393,44957458.0,4.0054471227695885,6.659381174226172,WB hist + TIAM interp
UKR,2020,98118341608.38597,2196.023072158974,44680014.0,4.07847411870518,6.78662436944199,WB hist + TIAM interp
UKR,2021,101499127457.564,2291.24703281103,44298640.0,4.108745592363367,7.555521212509997,WB hist + TIAM interp
UKR,2022,72309415409.67378,1761.5490660468035,41048766.0,4.428815301609749,8.324418055578004,WB hist + TIAM interp
UKR,2023,76311548883.8968,2022.417527373156,37732836.0,4.812332794129348,9.093314898646012,WB hist + TIAM interp
UKR,2024,78535131747.3225,2074.34425032338,37860221.0,4.790477193030937,9.86221174171402,WB hist + TIAM interp
UKR,2025,84013438718.93506,2219.04248046875,37860221.0,4.784813230459415,10.631108584782028,SSP corrected + TIAM Scenario_1
UKR,2026,,,,,11.36865758846334,SSP corrected + TIAM Scenario_1
UKR,2027,,,,,12.10620659214465,SSP corrected + TIAM Scenario_1
UKR,2028,,,,,12.843755595825964,SSP corrected + TIAM Scenario_1
UKR,2029,,,,,13.581304599507272,SSP corrected + TIAM Scenario_1
UKR,2030,99668907463.62079,2687.2781626540445,37089166.59568449,4.654279495990311,14.318853603188586,SSP corrected + TIAM Scenario_1
UKR,2031,,,,,15.140987670864307,SSP corrected + TIAM Scenario_1
UKR,2032,,,,,15.963121738540032,SSP corrected + TIAM Scenario_1
UKR,2033,,,,,16.785255806215755,SSP corrected + TIAM Scenario_1
UKR,2034,,,,,17.607389873891478,SSP corrected + TIAM Scenario_1
UKR,2035,116533608008.98203,3197.367780771741,36446732.43715948,3.511377105929611,18.4295239415672,SSP corrected + TIAM Scenario_1
UKR,2036,,,,,19.81444105487761,SSP corrected + TIAM Scenario_1
UKR,2037,,,,,21.19935816818802,SSP corrected + TIAM Scenario_1
UKR,2038,,,,,22.584275281498428,SSP corrected + TIAM Scenario_1
UKR,2039,,,,,23.969192394808836,SSP corrected + TIAM Scenario_1
UKR,2040,134224016674.20816,3735.265821704772,35934260.928435996,2.614927822532428,25.354109508119247,SSP corrected + TIAM Scenario_1
UKR,2041,,,,,25.21252981982985,SSP corrected + TIAM Scenario_1
UKR,2042,,,,,25.07095013154045,SSP corrected + TIAM Scenario_1
UKR,2043,,,,,24.929370443251052,SSP corrected + TIAM Scenario_1
UKR,2044,,,,,24.78779075496165,SSP corrected + TIAM Scenario_1
UKR,2045,152085593509.39133,4284.806616459088,35494155.77477637,2.335946204332418,24.646211066672254,SSP corrected + TIAM Scenario_1
UKR,2046,,,,,25.413577469286473,SSP corrected + TIAM Scenario_1
UKR,2047,,,,,26.180943871900695,SSP corrected + TIAM Scenario_1
UKR,2048,,,,,26.948310274514913,SSP corrected + TIAM Scenario_1
UKR,2049,,,,,27.715676677129135,SSP corrected + TIAM Scenario_1
UKR,2050,170143657139.6706,4848.389457435274,35092819.71536875,2.028661610759998,28.483043079743354,SSP corrected + TIAM Scenario_1
UKR,2051,,,,,28.64920050842412,SSP corrected + TIAM Scenario_1
UKR,2052,,,,,28.815357937104885,SSP corrected + TIAM Scenario_1
UKR,2053,,,,,28.981515365785647,SSP corrected + TIAM Scenario_1
UKR,2054,,,,,29.147672794466413,SSP corrected + TIAM Scenario_1
UKR,2055,189840299396.93326,5466.506995807568,34727898.371396504,1.6371549606489706,29.31383022314718,SSP corrected + TIAM Scenario_1
UKR,2056,,,,,29.479987651827944,SSP corrected + TIAM Scenario_1
UKR,2057,,,,,29.64614508050871,SSP corrected + TIAM Scenario_1
UKR,2058,,,,,29.812302509189472,SSP corrected + TIAM Scenario_1
UKR,2059,,,,,29.978459937870237,SSP corrected + TIAM Scenario_1
UKR,2060,212187908686.40448,6167.5641953661325,34403842.74327089,1.2358632822118765,30.144617366551003,SSP corrected + TIAM Scenario_1
UKR,2061,,,,,30.377975575544003,SSP corrected + TIAM Scenario_1
UKR,2062,,,,,30.611333784537,SSP corrected + TIAM Scenario_1
UKR,2063,,,,,30.84469199353,SSP corrected + TIAM Scenario_1
UKR,2064,,,,,31.078050202522995,SSP corrected + TIAM Scenario_1
UKR,2065,236242742171.01904,6948.323492630776,33999963.07333307,0.965872407501342,31.311408411515995,SSP corrected + TIAM Scenario_1
UKR,2066,,,,,31.54476662050899,SSP corrected + TIAM Scenario_1
UKR,2067,,,,,31.77812482950199,SSP corrected + TIAM Scenario_1
UKR,2068,,,,,32.01148303849499,SSP corrected + TIAM Scenario_1
UKR,2069,,,,,32.24484124748799,SSP corrected + TIAM Scenario_1
UKR,2070,260556824113.04764,7770.40201292243,33531961.88301882,0.6907083589261415,32.478199456480986,SSP corrected + TIAM Scenario_1
URY,2012,53197370201.0395,15949.317698543442,3335401.0,2.276310694649413,38.879500250197985,WB hist + TIAM interp
URY,2013,55664418793.7377,16639.405475065054,3345337.0,2.2931457192969646,38.85667685180975,WB hist + TIAM interp
URY,2014,57467273107.59459,17122.03645632246,3356334.0,2.309150839894704,38.83385345342151,WB hist + TIAM interp
URY,2015,57680327998.66889,17125.90168002979,3368017.0,2.324577853668361,38.81103005503327,WB hist + TIAM interp
URY,2016,58655009160.0858,17357.23499928411,3379283.0,2.3401869517557286,38.78820665664504,WB hist + TIAM interp
URY,2017,59675827116.7172,17611.603670103217,3388438.0,2.357159917578942,38.7653832582568,WB hist + TIAM interp
URY,2018,59774159517.755394,17608.944119503707,3394534.0,2.376180792625072,38.74255985986856,WB hist + TIAM interp
URY,2019,60329073609.821495,17758.43843729862,3397206.0,2.397547497744958,38.71973646148032,WB hist + TIAM interp
URY,2020,55890466349.1545,16443.36350008429,3398968.0,2.4195282210763858,38.69691306309209,WB hist + TIAM interp
URY,2021,59156857853.7605,17416.00522088692,3396695.0,2.363686981542281,39.00786664522744,WB hist + TIAM interp
URY,2022,61810768801.32091,18228.355844376103,3390913.0,2.310159094321783,39.318820227362785,WB hist + TIAM interp
URY,2023,62269484309.020615,18378.983356366218,3388081.0,2.2544836614703603,39.62977380949813,WB hist + TIAM interp
URY,2024,64204978531.94908,18958.60332935364,3386588.0,2.197845740749203,39.94072739163348,WB hist + TIAM interp
URY,2025,64204978531.94929,18958.6033293537,3386588.0,2.140213915807462,40.25168097376883,SSP corrected + TIAM Scenario_1
URY,2026,,,,,41.03311574715632,SSP corrected + TIAM Scenario_1
URY,2027,,,,,41.81455052054381,SSP corrected + TIAM Scenario_1
URY,2028,,,,,42.59598529393129,SSP corrected + TIAM Scenario_1
URY,2029,,,,,43.37742006731878,SSP corrected + TIAM Scenario_1
URY,2030,73357136833.258,21621.778679304723,3392742.933932246,1.9903741371177377,44.15885484070627,SSP corrected + TIAM Scenario_1
URY,2031,,,,,43.75068382553754,SSP corrected + TIAM Scenario_1
URY,2032,,,,,43.34251281036882,SSP corrected + TIAM Scenario_1
URY,2033,,,,,42.93434179520009,SSP corrected + TIAM Scenario_1
URY,2034,,,,,42.52617078003136,SSP corrected + TIAM Scenario_1
URY,2035,82330225357.62106,24326.008459000324,3384452.71431943,1.8535362397617259,42.11799976486264,SSP corrected + TIAM Scenario_1
URY,2036,,,,,42.63433136242324,SSP corrected + TIAM Scenario_1
URY,2037,,,,,43.15066295998385,SSP corrected + TIAM Scenario_1
URY,2038,,,,,43.66699455754445,SSP corrected + TIAM Scenario_1
URY,2039,,,,,44.18332615510506,SSP corrected + TIAM Scenario_1
URY,2040,91275696155.19138,27148.167318863532,3362131.0449110763,1.6768219934077515,44.69965775266566,SSP corrected + TIAM Scenario_1
URY,2041,,,,,45.21361097692995,SSP corrected + TIAM Scenario_1
URY,2042,,,,,45.72756420119425,SSP corrected + TIAM Scenario_1
URY,2043,,,,,46.24151742545854,SSP corrected + TIAM Scenario_1
URY,2044,,,,,46.75547064972284,SSP corrected + TIAM Scenario_1
URY,2045,100233639474.53911,30130.005930731433,3326704.9367655353,1.5929543094839442,47.26942387398713,SSP corrected + TIAM Scenario_1
URY,2046,,,,,46.98986888073011,SSP corrected + TIAM Scenario_1
URY,2047,,,,,46.71031388747309,SSP corrected + TIAM Scenario_1
URY,2048,,,,,46.43075889421607,SSP corrected + TIAM Scenario_1
URY,2049,,,,,46.151203900959054,SSP corrected + TIAM Scenario_1
URY,2050,109424997130.00516,33383.88325679515,3277779.169316145,1.6478215986044136,45.87164890770203,SSP corrected + TIAM Scenario_1
URY,2051,,,,,45.7537597769145,SSP corrected + TIAM Scenario_1
URY,2052,,,,,45.63587064612697,SSP corrected + TIAM Scenario_1
URY,2053,,,,,45.51798151533943,SSP corrected + TIAM Scenario_1
URY,2054,,,,,45.4000923845519,SSP corrected + TIAM Scenario_1
URY,2055,118496084039.76135,36830.601181657534,3217326.903118135,1.2298511006923998,45.282203253764365,SSP corrected + TIAM Scenario_1
URY,2056,,,,,45.16431412297683,SSP corrected + TIAM Scenario_1
URY,2057,,,,,45.0464249921893,SSP corrected + TIAM Scenario_1
URY,2058,,,,,44.92853586140176,SSP corrected + TIAM Scenario_1
URY,2059,,,,,44.81064673061423,SSP corrected + TIAM Scenario_1
URY,2060,127234867333.59328,40395.4765841601,3149730.566206136,0.7976779926753294,44.6927575998267,SSP corrected + TIAM Scenario_1
URY,2061,,,,,44.73681582547181,SSP corrected + TIAM Scenario_1
URY,2062,,,,,44.78087405111692,SSP corrected + TIAM Scenario_1
URY,2063,,,,,44.82493227676203,SSP corrected + TIAM Scenario_1
URY,2064,,,,,44.86899050240714,SSP corrected + TIAM Scenario_1
URY,2065,135922869645.90364,44131.60123839183,3079944.2084974465,0.476408414868681,44.913048728052246,SSP corrected + TIAM Scenario_1
URY,2066,,,,,44.957106953697355,SSP corrected + TIAM Scenario_1
URY,2067,,,,,45.001165179342465,SSP corrected + TIAM Scenario_1
URY,2068,,,,,45.045223404987574,SSP corrected + TIAM Scenario_1
URY,2069,,,,,45.08928163063269,SSP corrected + TIAM Scenario_1
URY,2070,144571672604.05637,48051.91940319483,3008655.5209373017,0.14031248112363873,45.13333985627779,SSP corrected + TIAM Scenario_1
USA,2012,16892000920975.498,53738.14767145941,314339099.0,17.86359240025689,8.623652044335392,WB hist + TIAM interp
USA,2013,17249744800617.5,54462.62524124064,316726282.0,17.35303958766516,9.146695478422544,WB hist + TIAM interp
USA,2014,17685097277697.8,55394.451043533,319257560.0,16.842520127009674,9.669738912509697,WB hist + TIAM interp
USA,2015,18206020741000.0,56572.91889960633,321815121.0,16.338697925881487,10.192782346596848,WB hist + TIAM interp
USA,2016,18537270454435.6,57151.470844837306,324353340.0,15.843765382530052,10.715825780684,WB hist + TIAM interp
USA,2017,18992846546661.7,58151.702139185494,326608609.0,15.369822630731694,11.238869214771151,WB hist + TIAM interp
USA,2018,19556270302218.305,59526.66569871213,328529577.0,14.917544425535848,11.761912648858305,WB hist + TIAM interp
USA,2019,20061570168697.6,60750.9898621638,330226227.0,14.480354190643977,12.284956082945456,WB hist + TIAM interp
USA,2020,19627632559934.5,59194.66651720297,331577720.0,14.062256354256855,12.807999517032608,WB hist + TIAM interp
USA,2021,20816096100824.5,62680.2503585805,332099760.0,13.738099238614325,13.892142910784886,WB hist + TIAM interp
USA,2022,21339074561820.0,63886.13170698414,334017321.0,13.358912066718839,14.976286304537162,WB hist + TIAM interp
USA,2023,21955252291273.6,65186.59772441562,336806231.0,12.950462843426433,16.06042969828944,WB hist + TIAM interp
USA,2024,22568462768174.3,66356.17067501007,340110988.0,12.529689690590061,17.144573092041718,WB hist + TIAM interp
USA,2025,22568462768174.312,66356.1706750101,340110988.0,12.234752321498064,18.228716485793996,SSP corrected + TIAM Scenario_1
USA,2026,,,,,19.784799631992943,SSP corrected + TIAM Scenario_1
USA,2027,,,,,21.34088277819189,SSP corrected + TIAM Scenario_1
USA,2028,,,,,22.89696592439084,SSP corrected + TIAM Scenario_1
USA,2029,,,,,24.45304907058979,SSP corrected + TIAM Scenario_1
USA,2030,24790336996142.348,70397.46118529781,352148168.1120582,11.120916292126813,26.009132216788736,SSP corrected + TIAM Scenario_1
USA,2031,,,,,28.72297079210322,SSP corrected + TIAM Scenario_1
USA,2032,,,,,31.436809367417705,SSP corrected + TIAM Scenario_1
USA,2033,,,,,34.150647942732185,SSP corrected + TIAM Scenario_1
USA,2034,,,,,36.86448651804667,SSP corrected + TIAM Scenario_1
USA,2035,26827357834170.14,73825.4046706099,363389241.8723197,8.048827711381938,39.57832509336115,SSP corrected + TIAM Scenario_1
USA,2036,,,,,40.853296250818666,SSP corrected + TIAM Scenario_1
USA,2037,,,,,42.12826740827619,SSP corrected + TIAM Scenario_1
USA,2038,,,,,43.4032385657337,SSP corrected + TIAM Scenario_1
USA,2039,,,,,44.67820972319122,SSP corrected + TIAM Scenario_1
USA,2040,28756666951566.625,76929.38897232534,373805997.106146,6.257354665542744,45.95318088064874,SSP corrected + TIAM Scenario_1
USA,2041,,,,,46.591095876710874,SSP corrected + TIAM Scenario_1
USA,2042,,,,,47.22901087277301,SSP corrected + TIAM Scenario_1
USA,2043,,,,,47.86692586883515,SSP corrected + TIAM Scenario_1
USA,2044,,,,,48.50484086489729,SSP corrected + TIAM Scenario_1
USA,2045,30578856736191.21,79765.76125585535,383358175.9234638,5.654741012834933,49.142755860959426,SSP corrected + TIAM Scenario_1
USA,2046,,,,,49.92582385543187,SSP corrected + TIAM Scenario_1
USA,2047,,,,,50.70889184990432,SSP corrected + TIAM Scenario_1
USA,2048,,,,,51.491959844376765,SSP corrected + TIAM Scenario_1
USA,2049,,,,,52.27502783884921,SSP corrected + TIAM Scenario_1
USA,2050,32258380369257.42,82206.10279912603,392408583.6799987,3.8967773988526555,53.05809583332166,SSP corrected + TIAM Scenario_1
USA,2051,,,,,53.305808754203184,SSP corrected + TIAM Scenario_1
USA,2052,,,,,53.5535216750847,SSP corrected + TIAM Scenario_1
USA,2053,,,,,53.80123459596622,SSP corrected + TIAM Scenario_1
USA,2054,,,,,54.04894751684775,SSP corrected + TIAM Scenario_1
USA,2055,33947639973646.855,84564.84770165151,401439142.8151756,2.8646157719837766,54.29666043772927,SSP corrected + TIAM Scenario_1
USA,2056,,,,,54.54437335861079,SSP corrected + TIAM Scenario_1
USA,2057,,,,,54.79208627949231,SSP corrected + TIAM Scenario_1
USA,2058,,,,,55.039799200373835,SSP corrected + TIAM Scenario_1
USA,2059,,,,,55.28751212125536,SSP corrected + TIAM Scenario_1
USA,2060,35722811188965.73,87006.65103515553,410575637.19504297,1.877385870398903,55.53522504213688,SSP corrected + TIAM Scenario_1
USA,2061,,,,,56.34187151728724,SSP corrected + TIAM Scenario_1
USA,2062,,,,,57.14851799243759,SSP corrected + TIAM Scenario_1
USA,2063,,,,,57.95516446758795,SSP corrected + TIAM Scenario_1
USA,2064,,,,,58.76181094273831,SSP corrected + TIAM Scenario_1
USA,2065,37580248642419.79,89650.66427996705,419185389.69283813,1.1739901058111901,59.568457417888666,SSP corrected + TIAM Scenario_1
USA,2066,,,,,60.37510389303902,SSP corrected + TIAM Scenario_1
USA,2067,,,,,61.18175036818938,SSP corrected + TIAM Scenario_1
USA,2068,,,,,61.988396843339736,SSP corrected + TIAM Scenario_1
USA,2069,,,,,62.79504331849009,SSP corrected + TIAM Scenario_1
USA,2070,39363748760094.64,92214.3751230932,426872152.0646817,0.49998600041649016,63.601689793640446,SSP corrected + TIAM Scenario_1
UZB,2012,70106848438.9456,2395.8403675572845,29261903.0,3.976992826499331,5.768678807715448,WB hist + TIAM interp
UZB,2013,75222229947.9017,2530.684478987033,29724065.0,3.966205330033729,5.895922002931266,WB hist + TIAM interp
UZB,2014,80392884506.0999,2659.9907509527316,30222994.0,3.9509358915870085,6.023165198147083,WB hist + TIAM interp
UZB,2015,86196264755.3105,2803.1901802175075,30749346.0,3.9326520459449315,6.150408393362901,WB hist + TIAM interp
UZB,2016,91309557164.505,2918.6772585290296,31284568.0,3.9138736124123037,6.277651588578719,WB hist + TIAM interp
UZB,2017,95322862968.5109,2995.767614377433,31819178.0,3.895801830061987,6.4048947837945365,WB hist + TIAM interp
UZB,2018,100622047495.601,3108.161878611203,32373490.0,3.8759669901520635,6.532137979010354,WB hist + TIAM interp
UZB,2019,107444145839.577,3259.369646324928,32964701.0,3.852482851537701,6.659381174226172,WB hist + TIAM interp
UZB,2020,109123866128.148,3249.051910940187,33586372.0,3.8263529035263906,6.78662436944199,WB hist + TIAM interp
UZB,2021,117891622986.822,3442.724844503409,34243696.0,3.748487928713071,7.555521212509997,WB hist + TIAM interp
UZB,2022,124966702851.263,3576.715527160529,34938955.0,3.6695673971909772,8.324418055578004,WB hist + TIAM interp
UZB,2023,132828878427.532,3725.67414578619,35652307.0,3.591902740805112,9.093314898646012,WB hist + TIAM interp
UZB,2024,141462755525.29095,3890.415930750157,36361859.0,3.517652612280574,9.86221174171402,WB hist + TIAM interp
UZB,2025,141462755525.2907,3890.41593075015,36361859.0,3.513493558404989,10.631108584782028,SSP corrected + TIAM Scenario_1
UZB,2026,,,,,11.36865758846334,SSP corrected + TIAM Scenario_1
UZB,2027,,,,,12.10620659214465,SSP corrected + TIAM Scenario_1
UZB,2028,,,,,12.843755595825964,SSP corrected + TIAM Scenario_1
UZB,2029,,,,,13.581304599507272,SSP corrected + TIAM Scenario_1
UZB,2030,181826092089.7023,4871.37068821742,37325447.74912991,3.2616068711714585,14.318853603188586,SSP corrected + TIAM Scenario_1
UZB,2031,,,,,15.140987670864307,SSP corrected + TIAM Scenario_1
UZB,2032,,,,,15.963121738540032,SSP corrected + TIAM Scenario_1
UZB,2033,,,,,16.785255806215755,SSP corrected + TIAM Scenario_1
UZB,2034,,,,,17.607389873891478,SSP corrected + TIAM Scenario_1
UZB,2035,226614382440.13913,5963.806587690051,37998278.29894685,2.3752496220070505,18.4295239415672,SSP corrected + TIAM Scenario_1
UZB,2036,,,,,19.81444105487761,SSP corrected + TIAM Scenario_1
UZB,2037,,,,,21.19935816818802,SSP corrected + TIAM Scenario_1
UZB,2038,,,,,22.584275281498428,SSP corrected + TIAM Scenario_1
UZB,2039,,,,,23.969192394808836,SSP corrected + TIAM Scenario_1
UZB,2040,275615717263.796,7159.729362084219,38495270.32730794,1.7214648295804162,25.354109508119247,SSP corrected + TIAM Scenario_1
UZB,2041,,,,,25.21252981982985,SSP corrected + TIAM Scenario_1
UZB,2042,,,,,25.07095013154045,SSP corrected + TIAM Scenario_1
UZB,2043,,,,,24.929370443251052,SSP corrected + TIAM Scenario_1
UZB,2044,,,,,24.78779075496165,SSP corrected + TIAM Scenario_1
UZB,2045,326769188701.5658,8414.20208303491,38835433.886287615,1.5056659578021565,24.646211066672254,SSP corrected + TIAM Scenario_1
UZB,2046,,,,,25.413577469286473,SSP corrected + TIAM Scenario_1
UZB,2047,,,,,26.180943871900695,SSP corrected + TIAM Scenario_1
UZB,2048,,,,,26.948310274514913,SSP corrected + TIAM Scenario_1
UZB,2049,,,,,27.715676677129135,SSP corrected + TIAM Scenario_1
UZB,2050,377931280179.1794,9704.455660998636,38944098.81205933,1.2892089825717195,28.483043079743354,SSP corrected + TIAM Scenario_1
UZB,2051,,,,,28.64920050842412,SSP corrected + TIAM Scenario_1
UZB,2052,,,,,28.815357937104885,SSP corrected + TIAM Scenario_1
UZB,2053,,,,,28.981515365785647,SSP corrected + TIAM Scenario_1
UZB,2054,,,,,29.147672794466413,SSP corrected + TIAM Scenario_1
UZB,2055,429482710123.0303,11067.85362679735,38804516.630322255,1.033292119805158,29.31383022314718,SSP corrected + TIAM Scenario_1
UZB,2056,,,,,29.479987651827944,SSP corrected + TIAM Scenario_1
UZB,2057,,,,,29.64614508050871,SSP corrected + TIAM Scenario_1
UZB,2058,,,,,29.812302509189472,SSP corrected + TIAM Scenario_1
UZB,2059,,,,,29.978459937870237,SSP corrected + TIAM Scenario_1
UZB,2060,482497391830.21295,12553.04688573675,38436675.67102333,0.7801330360590606,30.144617366551003,SSP corrected + TIAM Scenario_1
UZB,2061,,,,,30.377975575544003,SSP corrected + TIAM Scenario_1
UZB,2062,,,,,30.611333784537,SSP corrected + TIAM Scenario_1
UZB,2063,,,,,30.84469199353,SSP corrected + TIAM Scenario_1
UZB,2064,,,,,31.078050202522995,SSP corrected + TIAM Scenario_1
UZB,2065,539171280450.7125,14200.502751209142,37968464.20841003,0.6099753422091293,31.311408411515995,SSP corrected + TIAM Scenario_1
UZB,2066,,,,,31.54476662050899,SSP corrected + TIAM Scenario_1
UZB,2067,,,,,31.77812482950199,SSP corrected + TIAM Scenario_1
UZB,2068,,,,,32.01148303849499,SSP corrected + TIAM Scenario_1
UZB,2069,,,,,32.24484124748799,SSP corrected + TIAM Scenario_1
UZB,2070,597881653484.0957,15981.836738860944,37410071.39875888,0.43661861096177984,32.478199456480986,SSP corrected + TIAM Scenario_1
VCT,2012,738391734.91399,6790.683259582751,108736.0,,,WB hist + TIAM interp
VCT,2013,756574514.5147429,6996.5738615133205,108135.0,,,WB hist + TIAM interp
VCT,2014,765242794.4232188,7116.220713472068,107535.0,,,WB hist + TIAM interp
VCT,2015,786555555.5555551,7353.735560541839,106960.0,,,WB hist + TIAM interp
VCT,2016,819195102.035842,7702.894263564696,106349.0,,,WB hist + TIAM interp
VCT,2017,831877075.6021911,7872.926905370764,105663.0,,,WB hist + TIAM interp
VCT,2018,858294259.20171,8179.995989570841,104926.0,,,WB hist + TIAM interp
VCT,2019,864031342.481725,8294.674344866657,104167.0,,,WB hist + TIAM interp
VCT,2020,827146498.160775,7989.746519335963,103526.0,,,WB hist + TIAM interp
VCT,2021,844461993.2483901,8211.335880129423,102841.0,,,WB hist + TIAM interp
VCT,2022,870731795.635827,8532.73813413389,102046.0,,,WB hist + TIAM interp
VCT,2023,917110146.812992,9051.352080110064,101323.0,,,WB hist + TIAM interp
VCT,2024,954361646.8322879,9485.187712016856,100616.0,,,WB hist + TIAM interp
VCT,2025,954361646.8322883,9485.18771201686,100616.0,,,SSP corrected + TIAM Scenario_1
VCT,2030,1046929511.4840533,10433.730562437444,100340.8613265434,,,SSP corrected + TIAM Scenario_1
VCT,2035,1142104921.6189666,11459.45198348866,99664.88129315148,,,SSP corrected + TIAM Scenario_1
VCT,2040,1252925604.6527712,12715.041695849695,98538.85143465456,,,SSP corrected + TIAM Scenario_1
VCT,2045,1377435901.4731047,14195.660513594124,97032.18107773409,,,SSP corrected + TIAM Scenario_1
VCT,2050,1514983925.7091763,15901.977463634692,95270.15927256248,,,SSP corrected + TIAM Scenario_1
VCT,2055,1665569677.3609953,17853.719817102454,93289.78467364045,,,SSP corrected + TIAM Scenario_1
VCT,2060,1828541270.0577636,20059.204439488058,91157.21790332532,,,SSP corrected + TIAM Scenario_1
VCT,2065,2002594931.0579152,22516.970616730938,88937.13835421154,,,SSP corrected + TIAM Scenario_1
VCT,2070,2189034433.1030197,25259.23310140647,86662.74325569811,,,SSP corrected + TIAM Scenario_1
VEN,2012,137347654100.449,4647.373037265937,29553826.0,20.27217525067651,7.69307999648147,WB hist + TIAM interp
VEN,2013,139192362251.361,4653.364565564891,29912198.0,18.924729637053087,8.07925652926709,WB hist + TIAM interp
VEN,2014,133771673722.298,4421.607867233308,30254079.0,17.618787205520285,8.465433062052709,WB hist + TIAM interp
VEN,2015,125449241571.39099,4103.138498700496,30573972.0,16.353782884343584,8.851609594838328,WB hist + TIAM interp
VEN,2016,104072271054.897,3382.7347793224735,30765720.0,15.177932452092783,9.237786127623949,WB hist + TIAM interp
VEN,2017,87762679935.5076,2871.315311652607,30565323.0,14.196478146165836,9.623962660409566,WB hist + TIAM interp
VEN,2018,70512625399.3064,2365.5928127071247,29807592.0,13.448917980358829,10.010139193195188,WB hist + TIAM interp
VEN,2019,51010266124.708,1762.7373480008257,28938098.0,12.711263193593442,10.396315725980806,WB hist + TIAM interp
VEN,2020,35707915777.1561,1255.3726309050596,28444077.0,11.77045400348199,10.782492258766425,WB hist + TIAM interp
VEN,2021,36049081141.1399,1276.6238144940726,28237826.0,11.006495330058339,11.738150602039903,WB hist + TIAM interp
VEN,2022,38933336798.9515,1379.9777882298622,28213017.0,10.16549559375376,12.693808945313387,WB hist + TIAM interp
VEN,2023,40491326652.42781,1430.745752493116,28300854.0,9.285907061320481,13.649467288586868,WB hist + TIAM interp
VEN,2024,42637366965.0064,1501.0227744988506,28405543.0,8.406771171387218,14.60512563186035,WB hist + TIAM interp
VEN,2025,42637366965.006386,1501.02277449885,28405543.0,7.561858613299524,15.56078397513383,SSP corrected + TIAM Scenario_1
VEN,2026,,,,,15.847647369478535,SSP corrected + TIAM Scenario_1
VEN,2027,,,,,16.134510763823243,SSP corrected + TIAM Scenario_1
VEN,2028,,,,,16.421374158167946,SSP corrected + TIAM Scenario_1
VEN,2029,,,,,16.708237552512653,SSP corrected + TIAM Scenario_1
VEN,2030,49694892675.845665,1666.1869455216745,29825520.36517514,6.0127668454493675,16.99510094685736,SSP corrected + TIAM Scenario_1
VEN,2031,,,,,17.352773132306048,SSP corrected + TIAM Scenario_1
VEN,2032,,,,,17.71044531775474,SSP corrected + TIAM Scenario_1
VEN,2033,,,,,18.06811750320343,SSP corrected + TIAM Scenario_1
VEN,2034,,,,,18.42578968865212,SSP corrected + TIAM Scenario_1
VEN,2035,57512645884.115585,1850.9180419849688,31072497.31189483,2.811447664573723,18.78346187410081,SSP corrected + TIAM Scenario_1
VEN,2036,,,,,18.802431244716132,SSP corrected + TIAM Scenario_1
VEN,2037,,,,,18.821400615331456,SSP corrected + TIAM Scenario_1
VEN,2038,,,,,18.840369985946783,SSP corrected + TIAM Scenario_1
VEN,2039,,,,,18.859339356562103,SSP corrected + TIAM Scenario_1
VEN,2040,65922841526.087616,2050.915704781193,32143125.81078058,2.264151297183149,18.87830872717743,SSP corrected + TIAM Scenario_1
VEN,2041,,,,,19.0331326748235,SSP corrected + TIAM Scenario_1
VEN,2042,,,,,19.187956622469567,SSP corrected + TIAM Scenario_1
VEN,2043,,,,,19.342780570115632,SSP corrected + TIAM Scenario_1
VEN,2044,,,,,19.4976045177617,SSP corrected + TIAM Scenario_1
VEN,2045,75153556031.63708,2274.7489552279258,33038175.86504038,2.0827239458099513,19.65242846540777,SSP corrected + TIAM Scenario_1
VEN,2046,,,,,22.718256656695093,SSP corrected + TIAM Scenario_1
VEN,2047,,,,,25.78408484798242,SSP corrected + TIAM Scenario_1
VEN,2048,,,,,28.849913039269744,SSP corrected + TIAM Scenario_1
VEN,2049,,,,,31.915741230557067,SSP corrected + TIAM Scenario_1
VEN,2050,85184665009.8931,2524.0459999706914,33749252.19702107,0.6884300684461029,34.98156942184439,SSP corrected + TIAM Scenario_1
VEN,2051,,,,,39.94530808223341,SSP corrected + TIAM Scenario_1
VEN,2052,,,,,44.90904674262242,SSP corrected + TIAM Scenario_1
VEN,2053,,,,,49.872785403011434,SSP corrected + TIAM Scenario_1
VEN,2054,,,,,54.836524063400454,SSP corrected + TIAM Scenario_1
VEN,2055,96004306523.14703,2800.073615827754,34286350.89465902,0.5078566119065314,59.80026272378947,SSP corrected + TIAM Scenario_1
VEN,2056,,,,,64.76400138417848,SSP corrected + TIAM Scenario_1
VEN,2057,,,,,69.7277400445675,SSP corrected + TIAM Scenario_1
VEN,2058,,,,,74.69147870495652,SSP corrected + TIAM Scenario_1
VEN,2059,,,,,79.65521736534554,SSP corrected + TIAM Scenario_1
VEN,2060,107529037975.1021,3102.886175206017,34654522.24265451,0.33447582739239434,84.61895602573455,SSP corrected + TIAM Scenario_1
VEN,2061,,,,,84.72581298418667,SSP corrected + TIAM Scenario_1
VEN,2062,,,,,84.8326699426388,SSP corrected + TIAM Scenario_1
VEN,2063,,,,,84.93952690109093,SSP corrected + TIAM Scenario_1
VEN,2064,,,,,85.04638385954306,SSP corrected + TIAM Scenario_1
VEN,2065,119333711156.98366,3424.5974363684254,34846055.156640455,0.20093666179787611,85.15324081799518,SSP corrected + TIAM Scenario_1
VEN,2066,,,,,85.2600977764473,SSP corrected + TIAM Scenario_1
VEN,2067,,,,,85.36695473489942,SSP corrected + TIAM Scenario_1
VEN,2068,,,,,85.47381169335155,SSP corrected + TIAM Scenario_1
VEN,2069,,,,,85.58066865180368,SSP corrected + TIAM Scenario_1
VEN,2070,131229353130.122,3764.979499787549,34855263.65748526,0.06921766605205087,85.6875256102558,SSP corrected + TIAM Scenario_1
VNM,2012,199081239731.688,2224.1140425325534,89510356.0,0.024435319451088556,87.04270501721462,WB hist + TIAM interp
VNM,2013,210137237901.38898,2320.0843144493424,90573104.0,0.02532992069901661,86.72866523260423,WB hist + TIAM interp
VNM,2014,223632762207.56,2439.2865574442326,91679578.0,0.026191273922823975,86.41462544799384,WB hist + TIAM interp
VNM,2015,239258328381.74097,2577.5688534011206,92823254.0,0.02702124986126891,86.10058566338344,WB hist + TIAM interp
VNM,2016,255264731908.12396,2715.57887431272,94000117.0,0.027821196626948364,85.78654587877305,WB hist + TIAM interp
VNM,2017,272980590259.18704,2868.136800133787,95176977.0,0.02860136161664679,85.47250609416267,WB hist + TIAM interp
VNM,2018,293358610036.841,3048.2832760214465,96237319.0,0.029398019031467375,85.15846630955228,WB hist + TIAM interp
VNM,2019,314947640805.601,3241.076489665288,97173776.0,0.03021578511307947,84.84442652494188,WB hist + TIAM interp
VNM,2020,323972192107.065,3303.169498074928,98079191.0,0.03102775728427085,84.5303867403315,WB hist + TIAM interp
VNM,2021,332245562394.76996,3358.217347647141,98935098.0,0.03326851899910097,84.05247289067427,WB hist + TIAM interp
VNM,2022,360611028837.66406,3617.66311465012,99680655.0,0.03551011018132045,83.57455904101704,WB hist + TIAM interp
VNM,2023,378876063686.799,3775.4637555580152,100352192.0,0.037746239728390446,83.09664519135981,WB hist + TIAM interp
VNM,2024,405742875627.91895,4017.746041115537,100987686.0,0.039966900033799574,82.61873134170258,WB hist + TIAM interp
VNM,2025,405742875627.91925,4017.74604111554,100987686.0,0.042425089386759644,82.14081749204536,SSP corrected + TIAM Scenario_1
VNM,2026,,,,,82.01079626821716,SSP corrected + TIAM Scenario_1
VNM,2027,,,,,81.88077504438897,SSP corrected + TIAM Scenario_1
VNM,2028,,,,,81.75075382056077,SSP corrected + TIAM Scenario_1
VNM,2029,,,,,81.62073259673258,SSP corrected + TIAM Scenario_1
VNM,2030,513753328259.1584,4969.958636538535,103371751.3224569,0.05346162220766531,81.49071137290439,SSP corrected + TIAM Scenario_1
VNM,2031,,,,,81.5880391184722,SSP corrected + TIAM Scenario_1
VNM,2032,,,,,81.68536686403999,SSP corrected + TIAM Scenario_1
VNM,2033,,,,,81.7826946096078,SSP corrected + TIAM Scenario_1
VNM,2034,,,,,81.8800223551756,SSP corrected + TIAM Scenario_1
VNM,2035,629091954496.0049,5987.93911467093,105059844.87295124,0.07046220447088397,81.97735010074341,SSP corrected + TIAM Scenario_1
VNM,2036,,,,,82.03792403663869,SSP corrected + TIAM Scenario_1
VNM,2037,,,,,82.09849797253396,SSP corrected + TIAM Scenario_1
VNM,2038,,,,,82.15907190842923,SSP corrected + TIAM Scenario_1
VNM,2039,,,,,82.2196458443245,SSP corrected + TIAM Scenario_1
VNM,2040,758365792327.8773,7147.537834250623,106101682.83318888,0.08761409884893531,82.28021978021978,SSP corrected + TIAM Scenario_1
VNM,2041,,,,,82.25375238807501,SSP corrected + TIAM Scenario_1
VNM,2042,,,,,82.22728499593026,SSP corrected + TIAM Scenario_1
VNM,2043,,,,,82.2008176037855,SSP corrected + TIAM Scenario_1
VNM,2044,,,,,82.17435021164074,SSP corrected + TIAM Scenario_1
VNM,2045,899662037690.4735,8454.577606088144,106411234.19845678,0.10516312748013643,82.14788281949598,SSP corrected + TIAM Scenario_1
VNM,2046,,,,,82.59189796357335,SSP corrected + TIAM Scenario_1
VNM,2047,,,,,83.03591310765071,SSP corrected + TIAM Scenario_1
VNM,2048,,,,,83.4799282517281,SSP corrected + TIAM Scenario_1
VNM,2049,,,,,83.92394339580547,SSP corrected + TIAM Scenario_1
VNM,2050,1045768029199.0613,9882.204811585236,105823351.0777952,0.10301012040395954,84.36795853988284,SSP corrected + TIAM Scenario_1
VNM,2051,,,,,84.49889956921484,SSP corrected + TIAM Scenario_1
VNM,2052,,,,,84.62984059854683,SSP corrected + TIAM Scenario_1
VNM,2053,,,,,84.76078162787883,SSP corrected + TIAM Scenario_1
VNM,2054,,,,,84.89172265721083,SSP corrected + TIAM Scenario_1
VNM,2055,1195438584269.308,11432.873850012851,104561512.70032288,0.07569974871903115,85.02266368654284,SSP corrected + TIAM Scenario_1
VNM,2056,,,,,85.15360471587483,SSP corrected + TIAM Scenario_1
VNM,2057,,,,,85.28454574520683,SSP corrected + TIAM Scenario_1
VNM,2058,,,,,85.41548677453883,SSP corrected + TIAM Scenario_1
VNM,2059,,,,,85.54642780387084,SSP corrected + TIAM Scenario_1
VNM,2060,1351089670368.3008,13151.334522804464,102734035.6999897,0.0479849185766853,85.67736883320283,SSP corrected + TIAM Scenario_1
VNM,2061,,,,,85.79652825022882,SSP corrected + TIAM Scenario_1
VNM,2062,,,,,85.91568766725482,SSP corrected + TIAM Scenario_1
VNM,2063,,,,,86.03484708428081,SSP corrected + TIAM Scenario_1
VNM,2064,,,,,86.1540065013068,SSP corrected + TIAM Scenario_1
VNM,2065,1520699462073.344,15134.804705043936,100476979.49921644,0.030299370887760392,86.27316591833278,SSP corrected + TIAM Scenario_1
VNM,2066,,,,,86.39232533535878,SSP corrected + TIAM Scenario_1
VNM,2067,,,,,86.51148475238477,SSP corrected + TIAM Scenario_1
VNM,2068,,,,,86.63064416941076,SSP corrected + TIAM Scenario_1
VNM,2069,,,,,86.74980358643674,SSP corrected + TIAM Scenario_1
VNM,2070,1692526174763.1787,17292.672703259657,97875337.36437044,0.011842556339028983,86.86896300346274,SSP corrected + TIAM Scenario_1
VUT,2012,709081226.945817,2849.054483214269,248883.0,,,WB hist + TIAM interp
VUT,2013,712367041.3870069,2799.2826266180195,254482.0,,,WB hist + TIAM interp
VUT,2014,730710779.902669,2807.8342295675875,260240.0,,,WB hist + TIAM interp
VUT,2015,759690180.951654,2854.894122726536,266101.0,,,WB hist + TIAM interp
VUT,2016,786063165.282252,2889.0140480149803,272087.0,,,WB hist + TIAM interp
VUT,2017,820749507.202776,2946.961861650788,278507.0,,,WB hist + TIAM interp
VUT,2018,844553132.872594,2960.653766831525,285259.0,,,WB hist + TIAM interp
VUT,2019,871926684.758592,2986.203691143696,291985.0,,,WB hist + TIAM interp
VUT,2020,828395819.755769,2771.870988080523,298858.0,,,WB hist + TIAM interp
VUT,2021,815536673.766002,2666.3026984385488,305868.0,,,WB hist + TIAM interp
VUT,2022,857832270.181912,2740.2754553066065,313046.0,,,WB hist + TIAM interp
VUT,2023,875793075.435631,2733.3597852608104,320409.0,,,WB hist + TIAM interp
VUT,2024,884044669.596211,2697.091832545331,327777.0,,,WB hist + TIAM interp
VUT,2025,884044669.5962106,2697.09183254533,327777.0,,,SSP corrected + TIAM Scenario_1
VUT,2030,1130113792.4826856,3189.5108887464344,354321.9734631009,,,SSP corrected + TIAM Scenario_1
VUT,2035,1437324326.758466,3785.742581778104,379667.7390789147,,,SSP corrected + TIAM Scenario_1
VUT,2040,1828729591.4719825,4538.37077160315,402948.4772188403,,,SSP corrected + TIAM Scenario_1
VUT,2045,2318863200.805937,5467.342267002593,424129.8765583276,,,SSP corrected + TIAM Scenario_1
VUT,2050,2921757609.833284,6593.620198903699,443118.8818426447,,,SSP corrected + TIAM Scenario_1
VUT,2055,3652447591.846479,7942.739234792312,459847.3503759668,,,SSP corrected + TIAM Scenario_1
VUT,2060,4520455169.930741,9530.21132442074,474328.95410695433,,,SSP corrected + TIAM Scenario_1
VUT,2065,5529789616.964066,11377.396854724882,486032.93772490823,,,SSP corrected + TIAM Scenario_1
VUT,2070,6684460205.82441,13502.57622850639,495050.729038826,,,SSP corrected + TIAM Scenario_1
WSM,2012,787546481.622133,4007.910928468142,196498.0,,,WB hist + TIAM interp
WSM,2013,788391466.046139,3976.392892681315,198268.0,,,WB hist + TIAM interp
WSM,2014,793594248.721633,3967.237304706794,200037.0,,,WB hist + TIAM interp
WSM,2015,824150498.653536,4084.360838199324,201782.0,,,WB hist + TIAM interp
WSM,2016,889949544.378272,4373.237924403914,203499.0,,,WB hist + TIAM interp
WSM,2017,902464748.1871899,4393.373162559647,205415.0,,,WB hist + TIAM interp
WSM,2018,896962897.99084,4321.005183449624,207582.0,,,WB hist + TIAM interp
WSM,2019,936894420.7462119,4466.080754820345,209780.0,,,WB hist + TIAM interp
WSM,2020,907769700.5048012,4283.0639249273445,211944.0,,,WB hist + TIAM interp
WSM,2021,861986288.32084,4032.137339592944,213779.0,,,WB hist + TIAM interp
WSM,2022,881527953.232608,4095.1586828668824,215261.0,,,WB hist + TIAM interp
WSM,2023,1015816489.37016,4688.463140315421,216663.0,,,WB hist + TIAM interp
WSM,2024,1064051361.64931,4880.544180320569,218019.0,,,WB hist + TIAM interp
WSM,2025,1064051361.6493082,4880.54418032056,218019.0,,,SSP corrected + TIAM Scenario_1
WSM,2030,1210996750.4764907,5573.78511064223,217266.49421131983,,,SSP corrected + TIAM Scenario_1
WSM,2035,1357942139.3036716,6317.34334033207,214954.62034398335,,,SSP corrected + TIAM Scenario_1
WSM,2040,1522604348.060373,7218.773458662989,210922.8606188148,,,SSP corrected + TIAM Scenario_1
WSM,2045,1722700196.676108,8378.868512206556,205600.5765177521,,,SSP corrected + TIAM Scenario_1
WSM,2050,1962398348.6637077,9845.347502749975,199322.40564546615,,,SSP corrected + TIAM Scenario_1
WSM,2055,2226066315.85007,11577.93873833438,192267.9300832365,,,SSP corrected + TIAM Scenario_1
WSM,2060,2489734283.0364337,13469.788760187275,184838.405958923,,,SSP corrected + TIAM Scenario_1
WSM,2065,2765908240.7612796,15483.41048760489,178636.88642599146,,,SSP corrected + TIAM Scenario_1
WSM,2070,3069178511.319509,17691.017760333045,173487.9560293726,,,SSP corrected + TIAM Scenario_1
YEM,2012,56340077330.5769,1981.4580004660288,28433647.0,0.38633898531538036,5.320786333541271,WB hist + TIAM interp
YEM,2013,59057651713.08681,2014.7289059487016,29312952.0,0.3774398124943335,6.013934125758187,WB hist + TIAM interp
YEM,2014,58946215687.1767,1950.1625450588988,30226309.0,0.36864322012572165,6.707081917975103,WB hist + TIAM interp
YEM,2015,42444490073.8555,1362.1738120601024,31159379.0,0.36013466950078715,7.400229710192019,WB hist + TIAM interp
YEM,2016,38465266584.2701,1197.9586597117166,32109010.0,0.35193926669662046,8.093377502408934,WB hist + TIAM interp
YEM,2017,36514386855.1096,1103.4563484984174,33090921.0,0.34387892103378265,8.78652529462585,WB hist + TIAM interp
YEM,2018,36789138480.0859,1079.3293836625517,34085182.0,0.3361612968718732,9.479673086842766,WB hist + TIAM interp
YEM,2019,,,,,10.172820879059682,WB hist + TIAM interp
YEM,2020,,,,,10.865968671276596,WB hist + TIAM interp
YEM,2021,,,,,14.615636948329604,WB hist + TIAM interp
YEM,2022,,,,,18.36530522538261,WB hist + TIAM interp
YEM,2023,,,,,22.114973502435618,WB hist + TIAM interp
YEM,2024,,,,,25.864641779488625,WB hist + TIAM interp
YEM,2025,,,40583164.0,0.21848648317539188,29.61431005654163,SSP corrected + TIAM Scenario_1
YEM,2026,,,,,29.999789297855635,SSP corrected + TIAM Scenario_1
YEM,2027,,,,,30.38526853916964,SSP corrected + TIAM Scenario_1
YEM,2028,,,,,30.77074778048364,SSP corrected + TIAM Scenario_1
YEM,2029,,,,,31.156227021797648,SSP corrected + TIAM Scenario_1
YEM,2030,,,45167131.714075685,0.17529874716117097,31.541706263111653,SSP corrected + TIAM Scenario_1
YEM,2031,,,,,32.73054287229533,SSP corrected + TIAM Scenario_1
YEM,2032,,,,,33.91937948147901,SSP corrected + TIAM Scenario_1
YEM,2033,,,,,35.108216090662694,SSP corrected + TIAM Scenario_1
YEM,2034,,,,,36.297052699846375,SSP corrected + TIAM Scenario_1
YEM,2035,,,49813267.01179416,0.12936107895134485,37.48588930903006,SSP corrected + TIAM Scenario_1
YEM,2036,,,,,37.34916053233583,SSP corrected + TIAM Scenario_1
YEM,2037,,,,,37.2124317556416,SSP corrected + TIAM Scenario_1
YEM,2038,,,,,37.07570297894738,SSP corrected + TIAM Scenario_1
YEM,2039,,,,,36.93897420225315,SSP corrected + TIAM Scenario_1
YEM,2040,,,54520593.89397742,0.08707378903696694,36.80224542555893,SSP corrected + TIAM Scenario_1
YEM,2041,,,,,37.63671770140919,SSP corrected + TIAM Scenario_1
YEM,2042,,,,,38.471189977259456,SSP corrected + TIAM Scenario_1
YEM,2043,,,,,39.30566225310971,SSP corrected + TIAM Scenario_1
YEM,2044,,,,,40.14013452895998,SSP corrected + TIAM Scenario_1
YEM,2045,,,59169013.65275719,0.07422761570467992,40.97460680481024,SSP corrected + TIAM Scenario_1
YEM,2046,,,,,42.679716748621615,SSP corrected + TIAM Scenario_1
YEM,2047,,,,,44.38482669243299,SSP corrected + TIAM Scenario_1
YEM,2048,,,,,46.08993663624437,SSP corrected + TIAM Scenario_1
YEM,2049,,,,,47.79504658005574,SSP corrected + TIAM Scenario_1
YEM,2050,,,63614452.36992494,0.04949958361412439,49.50015652386711,SSP corrected + TIAM Scenario_1
YEM,2051,,,,,50.5759059964259,SSP corrected + TIAM Scenario_1
YEM,2052,,,,,51.651655468984686,SSP corrected + TIAM Scenario_1
YEM,2053,,,,,52.72740494154347,SSP corrected + TIAM Scenario_1
YEM,2054,,,,,53.803154414102266,SSP corrected + TIAM Scenario_1
YEM,2055,,,67644462.68214332,0.031390772058350336,54.87890388666105,SSP corrected + TIAM Scenario_1
YEM,2056,,,,,55.95465335921984,SSP corrected + TIAM Scenario_1
YEM,2057,,,,,57.03040283177863,SSP corrected + TIAM Scenario_1
YEM,2058,,,,,58.106152304337414,SSP corrected + TIAM Scenario_1
YEM,2059,,,,,59.18190177689621,SSP corrected + TIAM Scenario_1
YEM,2060,,,71202845.6045051,0.01541981791115652,60.257651249454995,SSP corrected + TIAM Scenario_1
YEM,2061,,,,,60.68564254738791,SSP corrected + TIAM Scenario_1
YEM,2062,,,,,61.11363384532082,SSP corrected + TIAM Scenario_1
YEM,2063,,,,,61.54162514325374,SSP corrected + TIAM Scenario_1
YEM,2064,,,,,61.96961644118665,SSP corrected + TIAM Scenario_1
YEM,2065,,,74424604.50445752,0.009594693884289686,62.397607739119564,SSP corrected + TIAM Scenario_1
YEM,2066,,,,,62.82559903705248,SSP corrected + TIAM Scenario_1
YEM,2067,,,,,63.25359033498539,SSP corrected + TIAM Scenario_1
YEM,2068,,,,,63.68158163291831,SSP corrected + TIAM Scenario_1
YEM,2069,,,,,64.10957293085121,SSP corrected + TIAM Scenario_1
YEM,2070,,,77353114.68623532,0.004269093529343,64.53756422878413,SSP corrected + TIAM Scenario_1
ZAF,2012,329233094599.263,6121.557838607127,53782567.0,6.077745229230133,15.8814942496433,WB hist + TIAM interp
ZAF,2013,337416077838.151,6170.876708633718,54678791.0,5.993161224065836,15.901142413419548,WB hist + TIAM interp
ZAF,2014,342186555600.731,6155.005894625163,55594838.0,5.909197540965944,15.920790577195795,WB hist + TIAM interp
ZAF,2015,346709790458.563,6112.27382485974,56723537.0,5.8061074364950125,15.940438740972043,WB hist + TIAM interp
ZAF,2016,349013858372.625,6095.295060427998,57259551.0,5.766112626345953,15.960086904748293,WB hist + TIAM interp
ZAF,2017,353055253707.071,6125.692050749696,57635162.0,5.74279794685057,15.97973506852454,WB hist + TIAM interp
ZAF,2018,358551560868.533,6117.270140604694,58613001.0,5.661016401463559,15.999383232300788,WB hist + TIAM interp
ZAF,2019,359483563936.676,6032.829725986684,59587885.0,5.582195609057109,16.019031396077036,WB hist + TIAM interp
ZAF,2020,337307318679.639,5569.58483319272,60562381.0,5.505947660809439,16.038679559853286,WB hist + TIAM interp
ZAF,2021,353695896167.047,5750.909374795844,61502603.0,4.881345265988173,20.307813029858856,WB hist + TIAM interp
ZAF,2022,360975440918.611,5786.865053447355,62378410.0,4.279967700362994,24.576946499864423,WB hist + TIAM interp
ZAF,2023,363885280375.697,5756.550494531214,63212384.0,3.697688731372638,28.84607996986999,WB hist + TIAM interp
ZAF,2024,365831497261.341,5715.475314691474,64007187.0,3.1324897936852,33.11521343987556,WB hist + TIAM interp
ZAF,2025,365831497261.34143,5715.47531469148,64007187.0,2.613206545071259,37.38434690988113,SSP corrected + TIAM Scenario_1
ZAF,2026,,,,,38.22617263455484,SSP corrected + TIAM Scenario_1
ZAF,2027,,,,,39.067998359228554,SSP corrected + TIAM Scenario_1
ZAF,2028,,,,,39.90982408390226,SSP corrected + TIAM Scenario_1
ZAF,2029,,,,,40.75164980857597,SSP corrected + TIAM Scenario_1
ZAF,2030,434288881787.1815,6583.432502207324,65966937.7094048,2.5780535811616723,41.59347553324968,SSP corrected + TIAM Scenario_1
ZAF,2031,,,,,41.939404981612576,SSP corrected + TIAM Scenario_1
ZAF,2032,,,,,42.28533442997547,SSP corrected + TIAM Scenario_1
ZAF,2033,,,,,42.63126387833837,SSP corrected + TIAM Scenario_1
ZAF,2034,,,,,42.97719332670127,SSP corrected + TIAM Scenario_1
ZAF,2035,505659499863.60565,7481.162141485698,67591036.03162727,2.350953755548972,43.32312277506416,SSP corrected + TIAM Scenario_1
ZAF,2036,,,,,43.656710590448185,SSP corrected + TIAM Scenario_1
ZAF,2037,,,,,43.990298405832206,SSP corrected + TIAM Scenario_1
ZAF,2038,,,,,44.32388622121623,SSP corrected + TIAM Scenario_1
ZAF,2039,,,,,44.65747403660025,SSP corrected + TIAM Scenario_1
ZAF,2040,580748508019.8738,8420.104270555163,68971652.76809372,2.070275167685336,44.99106185198427,SSP corrected + TIAM Scenario_1
ZAF,2041,,,,,44.35330154955792,SSP corrected + TIAM Scenario_1
ZAF,2042,,,,,43.71554124713157,SSP corrected + TIAM Scenario_1
ZAF,2043,,,,,43.07778094470521,SSP corrected + TIAM Scenario_1
ZAF,2044,,,,,42.44002064227886,SSP corrected + TIAM Scenario_1
ZAF,2045,657856555350.626,9385.376227154518,70093786.2722288,2.1318494540963897,41.80226033985251,SSP corrected + TIAM Scenario_1
ZAF,2046,,,,,42.296178650530194,SSP corrected + TIAM Scenario_1
ZAF,2047,,,,,42.79009696120789,SSP corrected + TIAM Scenario_1
ZAF,2048,,,,,43.28401527188557,SSP corrected + TIAM Scenario_1
ZAF,2049,,,,,43.777933582563264,SSP corrected + TIAM Scenario_1
ZAF,2050,736179333306.0917,10370.430937380885,70988306.82652599,1.979292171925663,44.27185189324095,SSP corrected + TIAM Scenario_1
ZAF,2051,,,,,44.82647983090062,SSP corrected + TIAM Scenario_1
ZAF,2052,,,,,45.38110776856028,SSP corrected + TIAM Scenario_1
ZAF,2053,,,,,45.935735706219944,SSP corrected + TIAM Scenario_1
ZAF,2054,,,,,46.4903636438796,SSP corrected + TIAM Scenario_1
ZAF,2055,817711713645.1852,11412.780470300033,71648772.68717745,1.2423729906532006,47.04499158153927,SSP corrected + TIAM Scenario_1
ZAF,2056,,,,,47.59961951919894,SSP corrected + TIAM Scenario_1
ZAF,2057,,,,,48.1542474568586,SSP corrected + TIAM Scenario_1
ZAF,2058,,,,,48.708875394518266,SSP corrected + TIAM Scenario_1
ZAF,2059,,,,,49.263503332177926,SSP corrected + TIAM Scenario_1
ZAF,2060,904097080626.6859,12537.601351366557,72110849.21982643,0.5203433381517223,49.81813126983759,SSP corrected + TIAM Scenario_1
ZAF,2061,,,,,49.676914941184975,SSP corrected + TIAM Scenario_1
ZAF,2062,,,,,49.53569861253236,SSP corrected + TIAM Scenario_1
ZAF,2063,,,,,49.39448228387974,SSP corrected + TIAM Scenario_1
ZAF,2064,,,,,49.25326595522712,SSP corrected + TIAM Scenario_1
ZAF,2065,992454423920.7703,13732.714918477475,72269353.13318236,0.3088383807568912,49.1120496265745,SSP corrected + TIAM Scenario_1
ZAF,2066,,,,,48.970833297921885,SSP corrected + TIAM Scenario_1
ZAF,2067,,,,,48.82961696926927,SSP corrected + TIAM Scenario_1
ZAF,2068,,,,,48.68840064061665,SSP corrected + TIAM Scenario_1
ZAF,2069,,,,,48.54718431196403,SSP corrected + TIAM Scenario_1
ZAF,2070,1080915644702.8315,14992.889993450886,72095216.1441184,0.09871251354283633,48.40596798331141,SSP corrected + TIAM Scenario_1
ZMB,2012,18773117888.8094,1258.7893857899642,14913629.0,0.2873523067841861,88.41001096365324,WB hist + TIAM interp
ZMB,2013,19722575262.791695,1280.7701217677811,15398997.0,0.28804461746860094,87.65506332963693,WB hist + TIAM interp
ZMB,2014,20648211567.0616,1299.0124176250424,15895315.0,0.28849574260445515,86.90011569562061,WB hist + TIAM interp
ZMB,2015,21251216798.7762,1295.8778868006752,16399089.0,0.2887881887492857,86.1451680616043,WB hist + TIAM interp
ZMB,2016,22049221308.108803,1303.575138691329,16914423.0,0.2888656452567098,85.39022042758798,WB hist + TIAM interp
ZMB,2017,22826646593.616898,1308.768292400856,17441320.0,0.28874696517416887,84.63527279357166,WB hist + TIAM interp
ZMB,2018,23747586257.2512,1321.250457115735,17973569.0,0.2885492983181657,83.88032515955535,WB hist + TIAM interp
ZMB,2019,24089861649.0155,1301.1813297617798,18513839.0,0.28823807033294035,83.12537752553904,WB hist + TIAM interp
ZMB,2020,23418945736.8993,1228.7350011319509,19059395.0,0.28786463224075765,82.37042989152272,WB hist + TIAM interp
ZMB,2021,24879098747.886105,1269.1082180889518,19603607.0,0.28175050443109295,82.53639769925061,WB hist + TIAM interp
ZMB,2022,26175604214.189503,1298.8480495593,20152938.0,0.27589657594498007,82.70236550697851,WB hist + TIAM interp
ZMB,2023,27580695690.340004,1330.8599821675052,20723965.0,0.27007027940570466,82.8683333147064,WB hist + TIAM interp
ZMB,2024,28634291574.827003,1343.3896638035285,21314956.0,0.2643086594434731,83.0343011224343,WB hist + TIAM interp
ZMB,2025,28634291574.827038,1343.38966380353,21314956.0,0.26603516680818784,83.2002689301622,SSP corrected + TIAM Scenario_1
ZMB,2026,,,,,83.26566433411503,SSP corrected + TIAM Scenario_1
ZMB,2027,,,,,83.33105973806786,SSP corrected + TIAM Scenario_1
ZMB,2028,,,,,83.39645514202068,SSP corrected + TIAM Scenario_1
ZMB,2029,,,,,83.46185054597352,SSP corrected + TIAM Scenario_1
ZMB,2030,40041564920.465614,1680.3957286456873,23828651.928755533,0.27513176343972356,83.52724594992635,SSP corrected + TIAM Scenario_1
ZMB,2031,,,,,83.62106963975651,SSP corrected + TIAM Scenario_1
ZMB,2032,,,,,83.71489332958666,SSP corrected + TIAM Scenario_1
ZMB,2033,,,,,83.80871701941682,SSP corrected + TIAM Scenario_1
ZMB,2034,,,,,83.90254070924696,SSP corrected + TIAM Scenario_1
ZMB,2035,54936671579.07307,2082.3112446350738,26382545.70281627,0.2870468966163378,83.99636439907712,SSP corrected + TIAM Scenario_1
ZMB,2036,,,,,83.71369668531337,SSP corrected + TIAM Scenario_1
ZMB,2037,,,,,83.4310289715496,SSP corrected + TIAM Scenario_1
ZMB,2038,,,,,83.14836125778584,SSP corrected + TIAM Scenario_1
ZMB,2039,,,,,82.86569354402206,SSP corrected + TIAM Scenario_1
ZMB,2040,74860840540.5,2591.3152740498904,28889128.73326378,0.313775687867168,82.58302583025831,SSP corrected + TIAM Scenario_1
ZMB,2041,,,,,82.72102751418252,SSP corrected + TIAM Scenario_1
ZMB,2042,,,,,82.85902919810674,SSP corrected + TIAM Scenario_1
ZMB,2043,,,,,82.99703088203094,SSP corrected + TIAM Scenario_1
ZMB,2044,,,,,83.13503256595516,SSP corrected + TIAM Scenario_1
ZMB,2045,101213104072.3194,3235.5812384466844,31281274.24824267,0.33085720989553175,83.27303424987937,SSP corrected + TIAM Scenario_1
ZMB,2046,,,,,83.3971941216431,SSP corrected + TIAM Scenario_1
ZMB,2047,,,,,83.5213539934068,SSP corrected + TIAM Scenario_1
ZMB,2048,,,,,83.64551386517053,SSP corrected + TIAM Scenario_1
ZMB,2049,,,,,83.76967373693424,SSP corrected + TIAM Scenario_1
ZMB,2050,135471620037.56462,4035.3492166584074,33571225.87515387,0.37247555694568896,83.89383360869796,SSP corrected + TIAM Scenario_1
ZMB,2051,,,,,84.69351874831936,SSP corrected + TIAM Scenario_1
ZMB,2052,,,,,85.49320388794078,SSP corrected + TIAM Scenario_1
ZMB,2053,,,,,86.29288902756218,SSP corrected + TIAM Scenario_1
ZMB,2054,,,,,87.09257416718359,SSP corrected + TIAM Scenario_1
ZMB,2055,179333575121.48767,5017.570594410137,35741116.49196836,0.25991595181225535,87.89225930680499,SSP corrected + TIAM Scenario_1
ZMB,2056,,,,,88.6919444464264,SSP corrected + TIAM Scenario_1
ZMB,2057,,,,,89.49162958604781,SSP corrected + TIAM Scenario_1
ZMB,2058,,,,,90.2913147256692,SSP corrected + TIAM Scenario_1
ZMB,2059,,,,,91.09099986529064,SSP corrected + TIAM Scenario_1
ZMB,2060,234439391995.20517,6208.65647335681,37760084.327624545,0.16088183267227402,91.89068500491204,SSP corrected + TIAM Scenario_1
ZMB,2061,,,,,91.87394604553712,SSP corrected + TIAM Scenario_1
ZMB,2062,,,,,91.8572070861622,SSP corrected + TIAM Scenario_1
ZMB,2063,,,,,91.84046812678729,SSP corrected + TIAM Scenario_1
ZMB,2064,,,,,91.82372916741237,SSP corrected + TIAM Scenario_1
ZMB,2065,302399677888.0677,7634.013015583107,39612151.20681447,0.0863585965713357,91.80699020803743,SSP corrected + TIAM Scenario_1
ZMB,2066,,,,,91.79025124866251,SSP corrected + TIAM Scenario_1
ZMB,2067,,,,,91.7735122892876,SSP corrected + TIAM Scenario_1
ZMB,2068,,,,,91.7567733299127,SSP corrected + TIAM Scenario_1
ZMB,2069,,,,,91.74003437053778,SSP corrected + TIAM Scenario_1
ZMB,2070,384905885746.5247,9310.319396197989,41341856.20997137,0.01854749816751786,91.72329541116288,SSP corrected + TIAM Scenario_1
ZWE,2012,18794430788.926205,1360.1523003427517,13817887.0,0.35328046976102384,88.41001096365324,WB hist + TIAM interp
ZWE,2013,19168343271.8446,1367.818316894637,14013808.0,0.36054483508255303,87.65506332963693,WB hist + TIAM interp
ZWE,2014,19623972034.3634,1381.2540412587166,14207359.0,0.36767020373120585,86.90011569562061,WB hist + TIAM interp
ZWE,2015,19973250000.0,1387.1263259502578,14399013.0,0.37465339199195097,86.1451680616043,WB hist + TIAM interp
ZWE,2016,20124206636.7998,1378.3425619237394,14600294.0,0.3812016076909147,85.39022042758798,WB hist + TIAM interp
ZWE,2017,21076969325.2127,1422.9194894692664,14812482.0,0.38728634602451056,84.63527279357166,WB hist + TIAM interp
ZWE,2018,22132908952.043,1472.1460384484249,15034452.0,0.3929433884991387,83.88032515955535,WB hist + TIAM interp
ZWE,2019,20731353612.1651,1357.5308781875403,15271368.0,0.39804587230701727,83.12537752553904,WB hist + TIAM interp
ZWE,2020,19110793941.1996,1230.8193336101606,15526888.0,0.40250960016297455,82.37042989152272,WB hist + TIAM interp
ZWE,2021,20729099176.6536,1312.2000135880703,15797210.0,0.39827545389653735,82.53639769925061,WB hist + TIAM interp
ZWE,2022,22001713149.7897,1369.1976149557074,16069056.0,0.39414639450149097,82.70236550697851,WB hist + TIAM interp
ZWE,2023,23178995952.203495,1418.4718462879955,16340822.0,0.3901566266272395,82.8683333147064,WB hist + TIAM interp
ZWE,2024,23582865676.3961,1417.7189411585337,16634373.0,0.38579148671427604,83.0343011224343,WB hist + TIAM interp
ZWE,2025,23582865676.39604,1417.71894115853,16634373.0,0.3883115397630824,83.2002689301622,SSP corrected + TIAM Scenario_1
ZWE,2026,,,,,83.26566433411503,SSP corrected + TIAM Scenario_1
ZWE,2027,,,,,83.33105973806786,SSP corrected + TIAM Scenario_1
ZWE,2028,,,,,83.39645514202068,SSP corrected + TIAM Scenario_1
ZWE,2029,,,,,83.46185054597352,SSP corrected + TIAM Scenario_1
ZWE,2030,30943008215.111732,1850.365816906381,16722643.669912374,0.44657922159806634,83.52724594992635,SSP corrected + TIAM Scenario_1
ZWE,2031,,,,,83.62106963975651,SSP corrected + TIAM Scenario_1
ZWE,2032,,,,,83.71489332958666,SSP corrected + TIAM Scenario_1
ZWE,2033,,,,,83.80871701941682,SSP corrected + TIAM Scenario_1
ZWE,2034,,,,,83.90254070924696,SSP corrected + TIAM Scenario_1
ZWE,2035,41704897305.33474,2491.6784570018176,16737672.225780422,0.5153920784791975,83.99636439907712,SSP corrected + TIAM Scenario_1
ZWE,2036,,,,,83.71369668531337,SSP corrected + TIAM Scenario_1
ZWE,2037,,,,,83.4310289715496,SSP corrected + TIAM Scenario_1
ZWE,2038,,,,,83.14836125778584,SSP corrected + TIAM Scenario_1
ZWE,2039,,,,,82.86569354402206,SSP corrected + TIAM Scenario_1
ZWE,2040,57208614921.901054,3425.343293609167,16701571.205618428,0.6182436266472398,82.58302583025831,SSP corrected + TIAM Scenario_1
ZWE,2041,,,,,82.72102751418252,SSP corrected + TIAM Scenario_1
ZWE,2042,,,,,82.85902919810674,SSP corrected + TIAM Scenario_1
ZWE,2043,,,,,82.99703088203094,SSP corrected + TIAM Scenario_1
ZWE,2044,,,,,83.13503256595516,SSP corrected + TIAM Scenario_1
ZWE,2045,78536534967.56322,4727.870815930968,16611396.128449108,0.7097119975231574,83.27303424987937,SSP corrected + TIAM Scenario_1
ZWE,2046,,,,,83.3971941216431,SSP corrected + TIAM Scenario_1
ZWE,2047,,,,,83.5213539934068,SSP corrected + TIAM Scenario_1
ZWE,2048,,,,,83.64551386517053,SSP corrected + TIAM Scenario_1
ZWE,2049,,,,,83.76967373693424,SSP corrected + TIAM Scenario_1
ZWE,2050,106704027246.33173,6479.732785989727,16467349.931010088,0.8649768950740906,83.89383360869796,SSP corrected + TIAM Scenario_1
ZWE,2051,,,,,84.69351874831936,SSP corrected + TIAM Scenario_1
ZWE,2052,,,,,85.49320388794078,SSP corrected + TIAM Scenario_1
ZWE,2053,,,,,86.29288902756218,SSP corrected + TIAM Scenario_1
ZWE,2054,,,,,87.09257416718359,SSP corrected + TIAM Scenario_1
ZWE,2055,142747078207.98346,8776.658882759195,16264398.572946113,0.6506183137329807,87.89225930680499,SSP corrected + TIAM Scenario_1
ZWE,2056,,,,,88.6919444464264,SSP corrected + TIAM Scenario_1
ZWE,2057,,,,,89.49162958604781,SSP corrected + TIAM Scenario_1
ZWE,2058,,,,,90.2913147256692,SSP corrected + TIAM Scenario_1
ZWE,2059,,,,,91.09099986529064,SSP corrected + TIAM Scenario_1
ZWE,2060,187523855732.5577,11704.092070834588,16022076.261673314,0.43190119809579847,91.89068500491204,SSP corrected + TIAM Scenario_1
ZWE,2061,,,,,91.87394604553712,SSP corrected + TIAM Scenario_1
ZWE,2062,,,,,91.8572070861622,SSP corrected + TIAM Scenario_1
ZWE,2063,,,,,91.84046812678729,SSP corrected + TIAM Scenario_1
ZWE,2064,,,,,91.82372916741237,SSP corrected + TIAM Scenario_1
ZWE,2065,242730078934.36746,15364.866114157156,15797734.723553268,0.24666210317484336,91.80699020803743,SSP corrected + TIAM Scenario_1
ZWE,2066,,,,,91.79025124866251,SSP corrected + TIAM Scenario_1
ZWE,2067,,,,,91.7735122892876,SSP corrected + TIAM Scenario_1
ZWE,2068,,,,,91.7567733299127,SSP corrected + TIAM Scenario_1
ZWE,2069,,,,,91.74003437053778,SSP corrected + TIAM Scenario_1
ZWE,2070,309355346810.2129,19847.24885815762,15586812.510947157,0.0560378211136749,91.72329541116288,SSP corrected + TIAM Scenario_1
