country_iso3,t,gdp,gdpcap,pop,source
ABW,2012,2615208379.88827,25119.6655449838,104110.0,WB
ABW,2013,2727849162.01117,25813.5714408438,105675.0,WB
ABW,2014,2790849720.67039,26129.8390617693,106807.0,WB
ABW,2015,2962906703.91061,27458.2201537506,107906.0,WB
ABW,2016,2983637430.1676,27441.5502144601,108727.0,WB
ABW,2017,3092427932.96089,28440.0416881491,108735.0,WB
ABW,2018,3276187709.49721,30082.1584226798,108908.0,WB
ABW,2019,3346623191.45988,30645.8906024548,109203.0,WB
ABW,2020,2471419181.71957,22759.8071750722,108587.0,WB
ABW,2021,2880902798.92288,26749.3296093118,107700.0,WB
ABW,2022,3324034443.26581,30975.9989121779,107310.0,WB
ABW,2023,3834729616.12027,35718.7531191634,107359.0,WB
ABW,2024,4265650673.00236,39498.5941293797,107995.0,WB
ABW,2025,4942995574.328924,40932.35906102944,120760.0951354649,OptionA
ABW,2030,6388315917.699954,50589.85066387235,126276.63125841232,OptionA
ABW,2035,8122700329.74519,61962.46006084244,131090.66879799985,OptionA
ABW,2040,10334040455.102869,76319.98447559611,135404.12155622564,OptionA
ABW,2045,13080149107.50782,93993.94407463116,139159.48773382875,OptionA
ABW,2050,16462198710.996035,115590.7184250375,142417.99804775885,OptionA
ABW,2055,20552455282.736053,141423.6985164793,145325.39806502935,OptionA
ABW,2060,25466544450.197556,172097.1594257667,147977.71523464588,OptionA
ABW,2065,31233372620.247967,208456.215573859,149831.81256680514,OptionA
ABW,2070,37881846199.75471,251254.62951761845,150770.73912024518,OptionA
AFG,2012,19907329777.5872,651.417134470046,30560034.0,WB
AFG,2013,20146416757.5987,637.087099117099,31622704.0,WB
AFG,2014,20497128555.6972,625.054941813938,32792523.0,WB
AFG,2015,19134221644.7325,565.569730408751,33831764.0,WB
AFG,2016,18116572395.0772,522.082215583898,34700612.0,WB
AFG,2017,18753456497.8159,525.469770891619,35688935.0,WB
AFG,2018,18053222687.4126,491.337221382603,36743039.0,WB
AFG,2019,18799444490.1128,496.6025042585,37856121.0,WB
AFG,2020,19955929052.1496,510.787063366811,39068979.0,WB
AFG,2021,14259995441.0759,356.496214115892,40000412.0,WB
AFG,2022,14497243872.1337,357.261152798144,40578842.0,WB
AFG,2023,17152234636.8715,413.757894705303,41454761.0,WB
AFG,2024,,,42647492.0,WB
AFG,2025,30874060364.352104,710.2008415821062,43472294.81673707,OptionA
AFG,2030,40462813089.37763,827.286309117805,48910289.75509826,OptionA
AFG,2035,53257347101.89773,976.474449533855,54540440.99906708,OptionA
AFG,2040,70613755935.51747,1173.3879323001809,60179378.01447644,OptionA
AFG,2045,93916327162.16875,1428.7281378751763,65734218.19902166,OptionA
AFG,2050,124836451025.75896,1755.2712930943333,71120886.84917033,OptionA
AFG,2055,165187282160.0922,2164.767719528547,76307162.50520746,OptionA
AFG,2060,216906664326.22052,2671.021614705704,81207378.90401517,OptionA
AFG,2065,282689709328.7055,3294.272901477702,85812474.49229243,OptionA
AFG,2070,365523396833.66064,4061.073333072794,90006598.46668883,OptionA
AGO,2012,143572907527.976,5702.45306277434,25177394.0,WB
AGO,2013,148845200696.792,5688.57916215215,26165620.0,WB
AGO,2014,153449860496.402,5649.68762469139,27160769.0,WB
AGO,2015,102543067840.732,3641.72893919944,28157798.0,WB
AGO,2016,59878249719.3279,2051.81462126253,29183070.0,WB
AGO,2017,84376935689.3366,2790.71886869768,30234839.0,WB
AGO,2018,89512794227.495,2860.0936483682,31297155.0,WB
AGO,2019,80734428592.5368,2493.67884440177,32375632.0,WB
AGO,2020,58852456453.8769,1759.35619918264,33451132.0,WB
AGO,2021,79559543805.2963,2303.90812662776,34532429.0,WB
AGO,2022,131212208930.344,3682.1131513698,35635029.0,WB
AGO,2023,107167747140.127,2916.13663284275,36749906.0,WB
AGO,2024,100998916781.079,2665.87444776753,37885849.0,WB
AGO,2025,159427499734.63077,4363.757773137204,36534452.19073531,OptionA
AGO,2030,174077533999.61588,4272.060888288692,40747905.64826151,OptionA
AGO,2035,181805777706.19907,4055.6346527906617,44827947.60151766,OptionA
AGO,2040,195038940728.6285,3995.2522597617735,48817678.59640937,OptionA
AGO,2045,219588745210.86288,4172.2190946182145,52631163.47224251,OptionA
AGO,2050,258845163180.92905,4601.476977210612,56252625.94225549,OptionA
AGO,2055,314272879309.1405,5278.363364953568,59539834.14552307,OptionA
AGO,2060,387644974874.8484,6202.858396579392,62494571.06559418,OptionA
AGO,2065,480915425292.4209,7391.018724374266,65067542.544094406,OptionA
AGO,2070,595664464349.2528,8853.368228895766,67281112.56065387,OptionA
AIA,2012,,,,WB
AIA,2013,,,,WB
AIA,2014,,,,WB
AIA,2015,,,,WB
AIA,2016,,,,WB
AIA,2017,,,,WB
AIA,2018,,,,WB
AIA,2019,,,,WB
AIA,2020,,,,WB
AIA,2021,,,,WB
AIA,2022,,,,WB
AIA,2023,,,,WB
AIA,2024,,,,WB
ALB,2012,12246499747.9714,4280.93316338873,2860708.0,WB
ALB,2013,12796985886.1478,4542.92903556739,2816902.0,WB
ALB,2014,13296322588.1684,4793.59751131525,2773767.0,WB
ALB,2015,11470171826.9575,4199.53912925398,2731293.0,WB
ALB,2016,11988668784.6628,4457.63412207495,2689469.0,WB
ALB,2017,13258268435.6048,5006.36012951959,2648285.0,WB
ALB,2018,15379508329.7568,5897.65452588774,2607733.0,WB
ALB,2019,15585111614.0376,6069.43903131027,2567801.0,WB
ALB,2020,15241458744.5927,6027.91350716348,2528480.0,WB
ALB,2021,18031989573.0294,7242.45513146613,2489762.0,WB
ALB,2022,19017247013.8821,7756.96188744253,2451636.0,WB
ALB,2023,23491242727.4082,9730.86921906893,2414095.0,WB
ALB,2024,27046429296.6673,11377.7757431099,2377128.0,WB
ALB,2025,14736922994.092749,5309.541628247689,2775554.657240042,OptionA
ALB,2030,16601877582.094393,5966.592804558801,2782472.0281581236,OptionA
ALB,2035,18507199152.520317,6664.194626552188,2777109.641843589,OptionA
ALB,2040,20543819644.72626,7442.279218130849,2760420.4360779016,OptionA
ALB,2045,22665423257.825424,8290.499611378727,2733903.1807826255,OptionA
ALB,2050,24732212757.948463,9163.629743073678,2698953.739007437,OptionA
ALB,2055,26801976667.302757,10087.038095843622,2657071.026463809,OptionA
ALB,2060,28928254352.051044,11087.0913520463,2609183.367710944,OptionA
ALB,2065,31027762353.71797,12166.5762566974,2550245.9935380714,OptionA
ALB,2070,33023590947.89517,13316.529217834017,2479894.75393248,OptionA
AND,2012,3188653258.61001,41500.5499988288,76834.0,WB
AND,2013,3193513470.43941,42470.3230369366,75194.0,WB
AND,2014,3271686452.47686,44369.6712976777,73737.0,WB
AND,2015,2789882569.1005,38654.95287916,72174.0,WB
AND,2016,2896611878.6258,40129.8385811474,72181.0,WB
AND,2017,3000160414.63795,40672.9717424447,73763.0,WB
AND,2018,3218418631.67579,42819.7577456133,75162.0,WB
AND,2019,3155150255.91195,41257.816459345,76474.0,WB
AND,2020,2891002460.29153,37361.1070081615,77380.0,WB
AND,2021,3324648075.56293,42425.7066454357,78364.0,WB
AND,2022,3380611694.73392,42414.0479861228,79705.0,WB
AND,2023,3785065524.84754,46812.4261013102,80856.0,WB
AND,2024,4039842405.48117,49303.6491674336,81938.0,WB
ARE,2012,392793464942.138,53141.6124340099,7391448.0,WB
ARE,2013,409632675289.313,53247.2409495441,7693031.0,WB
ARE,2014,424935874744.724,52725.2358407934,8059440.0,WB
ARE,2015,381973042886.317,44910.334995523,8505237.0,WB
ARE,2016,381717086453.37,42721.0999383185,8935095.0,WB
ARE,2017,403365010211.028,43733.6192287435,9223225.0,WB
ARE,2018,440560108917.631,47135.3591943971,9346701.0,WB
ARE,2019,433926208304.969,45938.6073581994,9445785.0,WB
ARE,2020,357161878829.135,37991.7492971665,9401038.0,WB
ARE,2021,422441388699.796,44118.5047192771,9575152.0,WB
ARE,2022,511403403675.97,50759.7589231191,10074977.0,WB
ARE,2023,522622191967.325,49850.6872175164,10483751.0,WB
ARE,2024,552324846834.581,50273.5060469837,10986400.0,WB
ARE,2025,562338836093.9594,52608.909674795876,10689041.829037702,OptionA
ARE,2030,667108837328.1036,57204.92892100711,11661737.020061646,OptionA
ARE,2035,768993886336.2065,61175.98347443264,12570192.462170929,OptionA
ARE,2040,869216537903.1326,64836.12120718745,13406362.406003632,OptionA
ARE,2045,960225005319.538,67899.11583202642,14141936.806585371,OptionA
ARE,2050,1039957742591.9639,70426.36819997863,14766596.222013893,OptionA
ARE,2055,1117339745982.7258,73134.0052006531,15277978.320989696,OptionA
ARE,2060,1202569650627.042,76687.56436133935,15681416.676121425,OptionA
ARE,2065,1284964821301.352,80742.92601605052,15914271.190096822,OptionA
ARE,2070,1361399604483.4436,85222.92933596323,15974569.462598214,OptionA
ARG,2012,545982375701.128,12949.717486654,42161721.0,WB
ARG,2013,552025140252.246,12963.675773326,42582455.0,WB
ARG,2014,526319673731.638,12233.1444119186,43024071.0,WB
ARG,2015,594749285413.212,13679.6264980954,43477012.0,WB
ARG,2016,557532320662.955,12699.9623137756,43900313.0,WB
ARG,2017,643628393281.364,14532.5009308511,44288894.0,WB
ARG,2018,524819892360.176,11752.7998922979,44654882.0,WB
ARG,2019,447754683615.225,9955.97478680428,44973465.0,WB
ARG,2020,385740508436.965,8535.59938004389,45191965.0,WB
ARG,2021,486564085480.036,10738.0179223384,45312281.0,WB
ARG,2022,633993756301.08,13962.1894087223,45407904.0,WB
ARG,2023,649461687959.174,14261.8465667948,45538401.0,WB
ARG,2024,638365455340.04,13969.7836603737,45696159.0,WB
ARG,2025,850295518749.085,18297.984101484028,46469354.98649401,OptionA
ARG,2030,991104885446.9298,20766.02214954268,47727238.19273959,OptionA
ARG,2035,1137987165295.98,23306.61585260991,48826786.88714675,OptionA
ARG,2040,1285382276274.6616,25820.704759817032,49781068.65134885,OptionA
ARG,2045,1431159487754.0566,28329.543636574672,50518268.353125446,OptionA
ARG,2050,1580974003658.8176,30963.893021047956,51058631.502961785,OptionA
ARG,2055,1735397382554.3882,33765.77356899134,51395161.40533748,OptionA
ARG,2060,1892624789723.2612,36727.70665264744,51531254.25507164,OptionA
ARG,2065,2051667784520.4226,39817.29456877876,51527051.41672687,OptionA
ARG,2070,2209665265530.7246,43027.33085816905,51354923.05610223,OptionA
ARM,2012,10619320682.9474,3511.56399687426,3024100.0,WB
ARM,2013,11121464437.0415,3680.16692158886,3022000.0,WB
ARM,2014,11609513246.7958,3852.11800610384,3013800.0,WB
ARM,2015,10553337518.414,3512.39350276709,3004600.0,WB
ARM,2016,10546136235.5219,3524.42476874707,2992300.0,WB
ARM,2017,11527458709.0158,3869.05373867752,2979400.0,WB
ARM,2018,12457940694.7395,4196.00562301769,2969000.0,WB
ARM,2019,13619290539.2116,4597.22887399548,2962500.0,WB
ARM,2020,12641698583.2152,4268.68093304583,2961500.0,WB
ARM,2021,13878908628.9378,4685.17997128509,2962300.0,WB
ARM,2022,19513506553.1251,6571.97445545099,2969200.0,WB
ARM,2023,24185982215.6543,8159.08720967996,2964300.0,WB
ARM,2024,25955275380.0321,8556.21406956719,3033500.0,WB
ARM,2025,14554328116.054472,4998.875955772832,2911520.1586962277,OptionA
ARM,2030,16801261241.540968,5889.364295366047,2852814.055798989,OptionA
ARM,2035,19118936519.62343,6855.987785662794,2788647.9844093146,OptionA
ARM,2040,21409938527.05495,7888.507980660025,2714066.9160182048,OptionA
ARM,2045,23494512613.796616,8941.293558397261,2627641.342983491,OptionA
ARM,2050,25296697943.864235,9990.550729773624,2532062.408579295,OptionA
ARM,2055,26923187599.86156,11065.875483207936,2432992.0972557953,OptionA
ARM,2060,28638974727.168537,12265.952455034803,2334834.96957573,OptionA
ARM,2065,30600619827.431976,13644.08698059727,2242775.1941883643,OptionA
ARM,2070,32437016526.37797,15061.797778311708,2153595.274867239,OptionA
ASM,2012,640000000.0,11745.4899153958,54489.0,WB
ASM,2013,638000000.0,11813.5022034589,54006.0,WB
ASM,2014,643000000.0,12026.3344929488,53466.0,WB
ASM,2015,673000000.0,12727.4102651386,52878.0,WB
ASM,2016,671000000.0,12843.3342903627,52245.0,WB
ASM,2017,612000000.0,11863.6839452565,51586.0,WB
ASM,2018,639000000.0,12552.0546868861,50908.0,WB
ASM,2019,647000000.0,12886.1359517218,50209.0,WB
ASM,2020,721000000.0,14489.2586563775,49761.0,WB
ASM,2021,750000000.0,15236.1604875571,49225.0,WB
ASM,2022,871000000.0,18017.4589383973,48342.0,WB
ASM,2023,,,47521.0,WB
ASM,2024,,,46765.0,WB
ATF,2012,,,,WB
ATF,2013,,,,WB
ATF,2014,,,,WB
ATF,2015,,,,WB
ATF,2016,,,,WB
ATF,2017,,,,WB
ATF,2018,,,,WB
ATF,2019,,,,WB
ATF,2020,,,,WB
ATF,2021,,,,WB
ATF,2022,,,,WB
ATF,2023,,,,WB
ATF,2024,,,,WB
ATG,2012,1364729629.62963,15639.8078114787,87260.0,WB
ATG,2013,1325496296.2963,15051.5113587425,88064.0,WB
ATG,2014,1378707407.40741,15532.1062063584,88765.0,WB
ATG,2015,1437485185.18519,16077.6340769406,89409.0,WB
ATG,2016,1489603703.7037,16556.8551801588,89969.0,WB
ATG,2017,1534855555.55556,16965.7288273816,90468.0,WB
ATG,2018,1661529629.62963,18273.4270684912,90926.0,WB
ATG,2019,1726448148.14815,18896.3721832248,91364.0,WB
ATG,2020,1411637037.03704,15369.6082250401,91846.0,WB
ATG,2021,1602125925.92593,17348.6006987182,92349.0,WB
ATG,2022,1866566666.66667,20105.1989085164,92840.0,WB
ATG,2023,2005785185.18518,21494.5474000727,93316.0,WB
ATG,2024,2207622874.07407,23542.4526945578,93772.0,WB
AUS,2012,1552728401401.58,68301.4402512587,22733465.0,WB
AUS,2013,1583737461925.39,68476.6788496118,23128129.0,WB
AUS,2014,1474677007565.64,62817.2061751737,23475686.0,WB
AUS,2015,1356805839935.9,56970.3613028094,23815995.0,WB
AUS,2016,1211588128417.61,50084.4440606385,24190907.0,WB
AUS,2017,1330890554614.09,54117.547718609,24592588.0,WB
AUS,2018,1433144978761.67,57410.1737346009,24963258.0,WB
AUS,2019,1398349602956.35,55194.7585097428,25334826.0,WB
AUS,2020,1333336461648.09,51983.4523666382,25649248.0,WB
AUS,2021,1560617493202.69,60758.9044397144,25685412.0,WB
AUS,2022,1695627535475.8,65169.5191118657,26018721.0,WB
AUS,2023,1734451264655.6,65058.3773146674,26659922.0,WB
AUS,2024,1757022451652.83,64603.9856308464,27196812.0,WB
AUS,2025,1838008520894.1677,66965.09440813342,27447262.445297588,OptionA
AUS,2030,2069866176524.2551,70969.8494111206,29165430.01991939,OptionA
AUS,2035,2303050818307.612,74755.71712598868,30807688.118705247,OptionA
AUS,2040,2548900965973.4287,78628.88816332749,32416851.179160334,OptionA
AUS,2045,2811765383926.172,82689.98198757626,34003700.52503609,OptionA
AUS,2050,3074188434745.3267,86476.30837932274,35549487.395560384,OptionA
AUS,2055,3343591144255.4316,90305.2607593949,37025430.36959872,OptionA
AUS,2060,3639983598222.043,94775.30489363406,38406456.2209236,OptionA
AUS,2065,3955712548243.803,99925.70320164258,39586537.01201854,OptionA
AUS,2070,4282373267891.2515,105548.74140610808,40572471.17153622,OptionA
AUT,2012,406750487603.59,48250.4059142637,8429991.0,WB
AUT,2013,426580502769.417,50305.3545774973,8479823.0,WB
AUT,2014,438556021078.034,51314.9722616322,8546356.0,WB
AUT,2015,379546097300.633,43915.228020857,8642699.0,WB
AUT,2016,393687359770.273,45061.4993920192,8736668.0,WB
AUT,2017,414926138132.691,47163.7425775142,8797566.0,WB
AUT,2018,452582294972.775,51194.0749841299,8840521.0,WB
AUT,2019,442983642371.842,49885.9947355204,8879920.0,WB
AUT,2020,434397601557.696,48716.4098900349,8916864.0,WB
AUT,2021,480466363176.806,53648.6437976214,8955797.0,WB
AUT,2022,473221298968.216,52336.7725223758,9041851.0,WB
AUT,2023,516670509628.876,56579.504175468,9131761.0,WB
AUT,2024,534790720466.822,58268.8787651601,9177982.0,WB
AUT,2025,447543048641.39465,50168.633261015704,8920774.187985798,OptionA
AUT,2030,480945503069.6568,53219.521490842315,9037012.915503476,OptionA
AUT,2035,517121351138.99194,56649.227390937,9128480.209806416,OptionA
AUT,2040,558214661556.5985,60660.775120243554,9202234.235386692,OptionA
AUT,2045,601967673702.0417,64975.37963427352,9264550.31260045,OptionA
AUT,2050,644591805537.2676,69254.83284801838,9307535.3593278,OptionA
AUT,2055,687300919206.6296,73727.78762567349,9322142.184655732,OptionA
AUT,2060,731148100411.5214,78556.73917365585,9307261.326049456,OptionA
AUT,2065,776524954630.8679,83936.63689311028,9251323.181076927,OptionA
AUT,2070,821839795079.3583,89630.99157276863,9169147.642555444,OptionA
AZE,2012,69679944504.1972,7495.86527658099,9295784.0,WB
AZE,2013,74160560123.6902,7875.34536661549,9416801.0,WB
AZE,2014,75239785452.1022,7890.84028062087,9535079.0,WB
AZE,2015,53076235354.746,5500.50364628486,9649341.0,WB
AZE,2016,37866996882.9157,3880.6852276838,9757812.0,WB
AZE,2017,40866627351.9817,4147.1981423222,9854033.0,WB
AZE,2018,47112470051.7701,4739.7943123408,9939771.0,WB
AZE,2019,48174235294.1176,4805.75371765917,10024283.0,WB
AZE,2020,42693000000.0,4229.91064904503,10093121.0,WB
AZE,2021,54825411764.7059,5408.04535175023,10137750.0,WB
AZE,2022,78807470588.2353,7770.594223351,10141756.0,WB
AZE,2023,72428470588.2353,7133.02838048328,10153958.0,WB
AZE,2024,74315882352.9412,7283.8499076179,10202830.0,WB
AZE,2025,66994502744.49278,6464.332063377278,10363716.171704773,OptionA
AZE,2030,73040664307.16415,6912.427168513468,10566572.714121154,OptionA
AZE,2035,75686113192.29588,7051.242153807037,10733727.69525894,OptionA
AZE,2040,79192736424.63303,7287.356866288061,10867141.252679065,OptionA
AZE,2045,84086035554.7552,7689.769544838788,10934792.657237953,OptionA
AZE,2050,89906486099.00583,8225.919005897684,10929658.562714532,OptionA
AZE,2055,96982815899.5977,8924.176157809166,10867425.091640776,OptionA
AZE,2060,106330724539.42427,9865.641529867047,10777882.433445483,OptionA
AZE,2065,118416681456.55524,11107.03221640382,10661415.142171578,OptionA
AZE,2070,131553641474.84547,12518.534385801206,10508709.519866517,OptionA
BDI,2012,2327402362.81574,231.098787811507,10071028.0,WB
BDI,2013,2451624637.67157,234.844770150871,10439341.0,WB
BDI,2014,2705826648.21019,250.544492155185,10799785.0,WB
BDI,2015,2810532912.49975,254.402585226788,11047580.0,WB
BDI,2016,2618093125.14687,232.937812100153,11239451.0,WB
BDI,2017,2831362208.34039,246.060725714184,11506762.0,WB
BDI,2018,2913411408.44783,245.661678332009,11859446.0,WB
BDI,2019,2871555326.31029,234.31061590725,12255336.0,WB
BDI,2020,3227847281.31544,255.8324539389,12617036.0,WB
BDI,2021,3435598072.7935,264.980379269655,12965481.0,WB
BDI,2022,4036192552.88879,302.992505263552,13321097.0,WB
BDI,2023,3430949249.91221,250.627253097255,13689450.0,WB
BDI,2024,3082433067.32634,219.424830882698,14047786.0,WB
BDI,2025,5458610095.115397,395.7801661505687,13792025.376629788,OptionA
BDI,2030,7710548981.437023,514.2622271860888,14993418.870421754,OptionA
BDI,2035,10844041933.526236,671.9163672135147,16138975.715827929,OptionA
BDI,2040,15280595710.001293,885.7698923856324,17251202.418775227,OptionA
BDI,2045,21340731075.228165,1165.9927050936394,18302628.294329096,OptionA
BDI,2050,29366922270.584187,1524.7068713992564,19260700.41491551,OptionA
BDI,2055,39844585065.54293,1983.6093313543288,20086911.487928245,OptionA
BDI,2060,53408906728.29997,2571.6731114289564,20768155.365836207,OptionA
BDI,2065,70533594507.25615,3313.4163876487387,21287271.581736844,OptionA
BDI,2070,91663084348.1305,4224.39589716908,21698507.095312074,OptionA
BEL,2012,498414364944.961,44874.1709182123,11106932.0,WB
BEL,2013,524097026598.55,46964.5946777056,11159407.0,WB
BEL,2014,537987419164.351,47995.7786961339,11209057.0,WB
BEL,2015,461044767544.531,40893.804537772,11274196.0,WB
BEL,2016,474271566739.729,41854.5498296444,11331422.0,WB
BEL,2017,500908767351.53,44035.3239358548,11375158.0,WB
BEL,2018,542638913427.921,47487.2100392561,11427054.0,WB
BEL,2019,536726344405.489,46716.6227467964,11488980.0,WB
BEL,2020,529694473501.791,45906.2875805246,11538604.0,WB
BEL,2021,598522422241.851,51658.238294958,11586195.0,WB
BEL,2022,591085783326.267,50605.7496677086,11680210.0,WB
BEL,2023,651330595110.011,55291.4754541329,11779946.0,WB
BEL,2024,671370081636.406,56614.5679499036,11858610.0,WB
BEL,2025,545952875832.9591,46220.641700398,11811884.382130029,OptionA
BEL,2030,600857363315.296,49807.696555523886,12063544.489464218,OptionA
BEL,2035,664054572973.9989,53991.64552895126,12299209.747514017,OptionA
BEL,2040,732607822614.9304,58506.99361814837,12521713.684288193,OptionA
BEL,2045,802808625040.9375,63094.92943666641,12723821.584534504,OptionA
BEL,2050,873502856981.2565,67692.43503914049,12903995.202361798,OptionA
BEL,2055,946864953583.7024,72493.16402220173,13061437.810794352,OptionA
BEL,2060,1024519767486.204,77610.44184211367,13200798.026255663,OptionA
BEL,2065,1104812577436.165,83024.88027800308,13307005.969015269,OptionA
BEL,2070,1185105387386.1257,88516.7267322294,13388490.866490915,OptionA
BEN,2012,11141358115.8991,1071.5258366283,10397657.0,WB
BEN,2013,12517845123.9315,1168.92699279226,10708834.0,WB
BEN,2014,13284527846.9081,1204.39918670094,11030004.0,WB
BEN,2015,11388160996.7738,1002.41886879614,11360681.0,WB
BEN,2016,11821065853.3838,1010.5338961993,11697842.0,WB
BEN,2017,12701655836.9467,1054.97408066814,12039780.0,WB
BEN,2018,14262408089.9261,1151.7409703472,12383347.0,WB
BEN,2019,14391686313.4641,1130.82135339795,12726755.0,WB
BEN,2020,15686741883.934,1200.19426557789,13070169.0,WB
BEN,2021,17687623530.3355,1318.65158075198,13413417.0,WB
BEN,2022,17425405090.862,1266.42711031904,13759501.0,WB
BEN,2023,19673291004.1444,1394.17784721831,14111034.0,WB
BEN,2024,21482643706.4249,1485.38018885134,14462724.0,WB
BEN,2025,18974264288.94393,1313.4515741501332,14446108.7583082,OptionA
BEN,2030,24920514425.85172,1561.213715455305,15962269.725886963,OptionA
BEN,2035,32591424769.072037,1869.0546211471951,17437384.868435763,OptionA
BEN,2040,42957398123.98437,2276.4698411654995,18870181.079135746,OptionA
BEN,2045,56798959562.201004,2805.8840516557257,20242803.521651037,OptionA
BEN,2050,74971684642.98924,3484.289009533662,21517068.313751467,OptionA
BEN,2055,98424962035.18518,4343.924321733109,22658074.76036237,OptionA
BEN,2060,128256029868.30536,5414.995522100401,23685343.661846027,OptionA
BEN,2065,165473566696.43323,6726.375391164089,24600703.510214858,OptionA
BEN,2070,210973675342.16992,8310.056956188035,25387753.231350552,OptionA
BES,2012,,,,WB
BES,2013,,,,WB
BES,2014,,,,WB
BES,2015,,,,WB
BES,2016,,,,WB
BES,2017,,,,WB
BES,2018,,,,WB
BES,2019,,,,WB
BES,2020,,,,WB
BES,2021,,,,WB
BES,2022,,,,WB
BES,2023,,,,WB
BES,2024,,,,WB
BFA,2012,12561015156.5683,731.470138867833,17172287.0,WB
BFA,2013,13444300485.8412,759.762065168498,17695409.0,WB
BFA,2014,13943016076.7436,764.861675106225,18229461.0,WB
BFA,2015,11832159315.6298,630.124750752312,18777487.0,WB
BFA,2016,12833363045.3367,663.742364842886,19334856.0,WB
BFA,2017,14106955615.3442,709.091535894695,19894407.0,WB
BFA,2018,15890066221.2882,777.465618514048,20438288.0,WB
BFA,2019,16032813503.3707,764.853077774946,20961952.0,WB
BFA,2020,17725010532.5268,825.237038782475,21478690.0,WB
BFA,2021,19697516284.3787,895.535288442991,21995243.0,WB
BFA,2022,18622421394.6133,827.330843486661,22509038.0,WB
BFA,2023,20112614449.2039,873.482589651003,23025776.0,WB
BFA,2024,23124729853.0218,981.992649769081,23548781.0,WB
BFA,2025,22621804653.515144,935.3195444594996,24186177.64112668,OptionA
BFA,2030,31007304202.508743,1145.061572377946,27079158.84218869,OptionA
BFA,2035,41957912201.23077,1398.8068776997395,29995500.358296946,OptionA
BFA,2040,56816075957.64742,1728.1119549338132,32877543.49215383,OptionA
BFA,2045,76831595666.8015,2155.4076547886843,35645969.566872515,OptionA
BFA,2050,103408683378.60822,2699.799499281234,38302356.67727868,OptionA
BFA,2055,138065254417.93414,3384.3051119460315,40795746.79321521,OptionA
BFA,2060,182242018182.2098,4230.031448827721,43082899.11951245,OptionA
BFA,2065,237688039863.8987,5262.533534344347,45166085.55797298,OptionA
BFA,2070,306033534318.68365,6497.616188060575,47099355.43453965,OptionA
BGD,2012,133310747603.483,859.680536375497,155070101.0,WB
BGD,2013,149998957434.186,958.262989798283,156532141.0,WB
BGD,2014,172886611653.786,1094.46199702838,157964929.0,WB
BGD,2015,195146608978.131,1224.38647668165,159383179.0,WB
BGD,2016,265224515675.034,1649.28380858601,160811932.0,WB
BGD,2017,293732446624.596,1811.08221668646,162186147.0,WB
BGD,2018,321362752441.78,1965.24372731467,163523103.0,WB
BGD,2019,351231654603.692,2129.79896954606,164913055.0,WB
BGD,2020,373979442362.193,2248.85078828233,166298024.0,WB
BGD,2021,416271647911.014,2482.84917843357,167658854.0,WB
BGD,2022,460131689083.083,2716.48592780431,169384897.0,WB
BGD,2023,437415333018.291,2551.01773827307,171466990.0,WB
BGD,2024,450119432068.852,2593.41611680774,173562364.0,WB
BGD,2025,373051312505.5789,2113.0677349019497,176544890.79730764,OptionA
BGD,2030,485801881275.0671,2647.552469104189,183490936.2304122,OptionA
BGD,2035,612464915338.2135,3237.923016345106,189153637.1453173,OptionA
BGD,2040,763021616829.507,3941.9154009979616,193566208.1018622,OptionA
BGD,2045,937119304527.261,4766.183321956314,196618392.79455447,OptionA
BGD,2050,1135134603148.9468,5724.008473591069,198311132.5544209,OptionA
BGD,2055,1359733006184.7068,6845.080192865662,198643838.7678641,OptionA
BGD,2060,1612914119093.2783,8159.391340544555,197675788.7660813,OptionA
BGD,2065,1893239390763.0854,9672.16076064236,195741100.4237019,OptionA
BGD,2070,2201528724144.36,11399.954004677182,193117333.9156557,OptionA
BGR,2012,54297052002.2338,7431.95789508871,7305888.0,WB
BGR,2013,55819262374.9039,7795.98092108928,7160005.0,WB
BGR,2014,57080897012.1077,8069.60005667684,7073572.0,WB
BGR,2015,50765918159.1476,7268.65445473873,6984225.0,WB
BGR,2016,53929397039.2106,7822.49923292968,6894139.0,WB
BGR,2017,59167647387.606,8696.68930427924,6803468.0,WB
BGR,2018,66097226262.2191,9849.38397225174,6710798.0,WB
BGR,2019,68507731353.9114,10353.7204584127,6616726.0,WB
BGR,2020,70486877546.4901,10760.211975413,6550696.0,WB
BGR,2021,84374613233.36,12966.1457543396,6507301.0,WB
BGR,2022,90506153293.6733,13999.1949530956,6465097.0,WB
BGR,2023,102199231384.542,15853.208636704,6446596.0,WB
BGR,2024,113343355779.985,17596.0173663521,6441421.0,WB
BGR,2025,74719996704.72252,11267.964604769044,6631188.446678124,OptionA
BGR,2030,87145343284.74025,13426.60150931054,6490498.971337624,OptionA
BGR,2035,99020470531.26686,15555.030994280884,6365816.343771588,OptionA
BGR,2040,110120960769.89388,17602.313128005517,6256050.552508917,OptionA
BGR,2045,120217115910.34428,19526.662173063032,6156562.491063291,OptionA
BGR,2050,129680149188.16916,21389.77084339285,6062718.022443258,OptionA
BGR,2055,139254071199.2312,23318.31992040131,5971874.117628738,OptionA
BGR,2060,149683948622.56683,25443.92270081975,5882895.90337988,OptionA
BGR,2065,160150788956.98145,27716.078728581204,5778262.882181517,OptionA
BGR,2070,169580027573.24835,29954.966068782385,5661165.737389249,OptionA
BHR,2012,31963404255.3191,26438.6733230428,1208964.0,WB
BHR,2013,33823324468.0851,26989.7601148469,1253191.0,WB
BHR,2014,34772526595.7447,26451.7965647453,1314562.0,WB
BHR,2015,32523297872.3404,23734.0551143019,1370322.0,WB
BHR,2016,33884680851.0638,23800.001440631,1423726.0,WB
BHR,2017,37204813829.7872,24784.7693514607,1501116.0,WB
BHR,2018,39567978723.4043,26324.4066549559,1503091.0,WB
BHR,2019,40446808510.6383,27259.7438599327,1483756.0,WB
BHR,2020,35837632978.7234,24342.8444554718,1472204.0,WB
BHR,2021,40840212765.9574,27147.8083882286,1504365.0,WB
BHR,2022,46458191489.3617,30470.5219276023,1524693.0,WB
BHR,2023,46192260638.2979,29290.1284215098,1577059.0,WB
BHR,2024,47109734308.5106,29653.5682731534,1588670.0,WB
BHR,2025,52879341838.835236,29743.06715253799,1777871.1781015166,OptionA
BHR,2030,65849833241.64113,33432.450849937464,1969638.227756919,OptionA
BHR,2035,80265784103.46725,37201.04825477811,2157621.568987855,OptionA
BHR,2040,95460130065.44046,40718.73375720329,2344378.649754874,OptionA
BHR,2045,110674717980.3726,43842.69138083427,2524359.5795479333,OptionA
BHR,2050,125926109446.13911,46824.51688058563,2689319.9937819447,OptionA
BHR,2055,142426061373.96188,50242.80575343627,2834755.3294079504,OptionA
BHR,2060,160630937794.18732,54269.01736221919,2959901.3507477804,OptionA
BHR,2065,179171646615.77643,58511.397479539715,3062166.592046092,OptionA
BHR,2070,197334198952.54227,62748.697261481255,3144833.3999704774,OptionA
BHS,2012,10720400000.0,28552.0242683151,375469.0,WB
BHS,2013,10475300000.0,27642.7419759179,378953.0,WB
BHS,2014,11139100000.0,29137.2175632622,382298.0,WB
BHS,2015,11837600000.0,30719.405417469,385346.0,WB
BHS,2016,11880900000.0,30616.5363157284,388055.0,WB
BHS,2017,12446900000.0,31875.4881749619,390485.0,WB
BHS,2018,12819200000.0,32642.3353203452,392717.0,WB
BHS,2019,13277000000.0,33640.3369861278,394675.0,WB
BHS,2020,10363200000.0,26178.7537607708,395863.0,WB
BHS,2021,12037000000.0,30367.8605757708,396373.0,WB
BHS,2022,13896800000.0,34957.1613279737,397538.0,WB
BHS,2023,15271300000.0,38231.774484278,399440.0,WB
BHS,2024,15832800000.0,39455.4466548546,401283.0,WB
BHS,2025,15133239944.979378,35259.100047414155,429200.9700936546,OptionA
BHS,2030,16624744979.367273,37058.269284038746,448610.9389498032,OptionA
BHS,2035,18093454085.281994,38835.27638531098,465902.5445258746,OptionA
BHS,2040,19595814323.704735,40750.42801197329,480873.8283177565,OptionA
BHS,2045,21171989949.564434,42910.87990250868,493394.4490923074,OptionA
BHS,2050,22694975075.653385,45028.67469560333,504011.6154666519,OptionA
BHS,2055,24221216762.952793,47241.337195061926,512712.3447615832,OptionA
BHS,2060,25768083337.918404,49597.11540371353,519548.0246818759,OptionA
BHS,2065,27382252177.90007,52339.31512993632,523167.949559935,OptionA
BHS,2070,29077835048.143074,55514.967617076014,523783.6982759751,OptionA
BIH,2012,17226735995.6905,4693.78899115381,3670113.0,WB
BIH,2013,18179109209.3892,5034.56634817068,3610859.0,WB
BIH,2014,18558734107.1478,5206.06573475132,3564829.0,WB
BIH,2015,16404348361.0926,4662.25869219448,3518541.0,WB
BIH,2016,17116926553.8513,4928.5665903114,3473003.0,WB
BIH,2017,18326373135.6099,5345.01978766473,3428682.0,WB
BIH,2018,20484058033.1144,6047.84707207392,3387000.0,WB
BIH,2019,20482608984.3316,6122.37541352353,3345533.0,WB
BIH,2020,20226038369.9191,6130.31187968266,3299349.0,WB
BIH,2021,23672712121.2671,7295.34378682258,3244907.0,WB
BIH,2022,24534663636.1778,7655.59421024383,3204802.0,WB
BIH,2023,27592361498.4057,8663.02326458629,3185073.0,WB
BIH,2024,29613572022.8993,9358.78768951134,3164253.0,WB
BIH,2025,24283501732.737953,7022.065173042679,3458170.9417851856,OptionA
BIH,2030,28704682754.731007,8410.757894285014,3412853.2904550033,OptionA
BIH,2035,33089144772.087868,9865.520372690233,3354019.2024422097,OptionA
BIH,2040,37341631236.549416,11383.498557713609,3280329.9484099494,OptionA
BIH,2045,41107191769.96572,12864.611488228253,3195369.8568807,OptionA
BIH,2050,44186266564.531425,14246.401977682302,3101573.76113291,OptionA
BIH,2055,46822052506.02535,15596.197995088403,3002145.299820551,OptionA
BIH,2060,49422715921.345535,17042.10798138842,2900035.369762929,OptionA
BIH,2065,51408202969.13755,18413.53093030548,2791870.9976764186,OptionA
BIH,2070,53123885156.77665,19828.196031178595,2679209.196501924,OptionA
BLM,2013,,,,WB
BLM,2014,,,,WB
BLM,2015,,,,WB
BLM,2016,,,,WB
BLM,2017,,,,WB
BLM,2018,,,,WB
BLM,2019,,,,WB
BLM,2020,,,,WB
BLM,2021,,,,WB
BLM,2022,,,,WB
BLM,2023,,,,WB
BLM,2024,,,,WB
BLR,2012,65685890438.8922,6953.21591683101,9446836.0,WB
BLR,2013,75527558966.4473,7998.0802045456,9443211.0,WB
BLR,2014,78813069120.9984,8341.31809294883,9448515.0,WB
BLR,2015,56454769844.7632,5967.05595058777,9461076.0,WB
BLR,2016,47723545321.259,5039.77560949445,9469379.0,WB
BLR,2017,54725405751.1559,5785.54491935194,9458989.0,WB
BLR,2018,60031026576.26,6360.037502312,9438785.0,WB
BLR,2019,64410170653.4569,6837.77339645635,9419758.0,WB
BLR,2020,61371673344.7424,6542.85579976768,9379952.0,WB
BLR,2021,69673747131.87,7489.71894713888,9302585.0,WB
BLR,2022,73775179924.603,7994.64806074889,9228071.0,WB
BLR,2023,72478760370.4258,7896.75388295584,9178298.0,WB
BLR,2024,75961865471.9129,8317.63399913792,9132629.0,WB
BLR,2025,79955264657.995,8760.264532350206,9127037.701057252,OptionA
BLR,2030,91040198593.11201,10179.2026848432,8943745.538014542,OptionA
BLR,2035,101820334702.06813,11620.282039039635,8762294.612126568,OptionA
BLR,2040,111734223740.7505,13008.352317780911,8589421.70470143,OptionA
BLR,2045,120201779145.73955,14283.290073254551,8415552.616327332,OptionA
BLR,2050,127193491828.13301,15451.925999219551,8231562.320098952,OptionA
BLR,2055,134089688249.07994,16683.840494051714,8037099.629242254,OptionA
BLR,2060,142243903723.22586,18148.703083884095,7837689.727236616,OptionA
BLR,2065,151006161739.7513,19788.695780776852,7630930.477310274,OptionA
BLR,2070,159181732475.6028,21445.75662664333,7422528.160085615,OptionA
BLZ,2012,1917083500.0,5732.66519942347,334414.0,WB
BLZ,2013,2035191450.0,5957.34953619006,341627.0,WB
BLZ,2014,2138242200.0,6128.12053089077,348923.0,WB
BLZ,2015,2193095150.0,6154.62264230369,356333.0,WB
BLZ,2016,2239604950.0,6140.86713919469,364705.0,WB
BLZ,2017,2266028250.0,6071.85451846453,373202.0,WB
BLZ,2018,2285915050.0,6011.99036888587,380226.0,WB
BLZ,2019,2381187850.0,6171.61449761423,385829.0,WB
BLZ,2020,2047284600.0,5238.54078175696,390812.0,WB
BLZ,2021,2428606250.0,6142.98930557031,395346.0,WB
BLZ,2022,2846604350.0,7068.21728043145,402733.0,WB
BLZ,2023,3052362650.0,7424.75821321022,411106.0,WB
BLZ,2024,3203631800.0,7681.24400583113,417072.0,WB
BLZ,2025,2948079413.084317,7290.517853970404,404371.7431511121,OptionA
BLZ,2030,3499946082.5469637,8276.307116289472,422887.41021443624,OptionA
BLZ,2035,4134209511.6863265,9427.649857342272,438519.6283532524,OptionA
BLZ,2040,4867157432.066406,10779.703096025538,451511.2697177087,OptionA
BLZ,2045,5699747945.543907,12343.2069316071,461772.04814970994,OptionA
BLZ,2050,6629106746.548714,14124.086243315183,469347.65423754166,OptionA
BLZ,2055,7664814853.647884,16148.489861719938,474645.92164852266,OptionA
BLZ,2060,8814537081.695065,18443.783108737895,477913.7246262186,OptionA
BLZ,2065,10097435467.824379,21054.10199639889,479594.6875127446,OptionA
BLZ,2070,11514468113.892532,23991.941033017916,479930.6608017343,OptionA
BMU,2012,6378188000.0,100213.493385287,63646.0,WB
BMU,2013,6465756000.0,101704.40746217,63574.0,WB
BMU,2014,6413988000.0,100961.576602811,63529.0,WB
BMU,2015,6654541000.0,104855.366822135,63464.0,WB
BMU,2016,6899911000.0,108747.356144305,63449.0,WB
BMU,2017,7142316000.0,112339.425587467,63578.0,WB
BMU,2018,7225977000.0,113204.82210838,63831.0,WB
BMU,2019,7423465000.0,115798.040775578,64107.0,WB
BMU,2020,6887364000.0,106976.546239632,64382.0,WB
BMU,2021,7290037000.0,112765.08167306,64648.0,WB
BMU,2022,7874381000.0,121613.939983629,64749.0,WB
BMU,2023,8579242000.0,132604.439086216,64698.0,WB
BMU,2024,9233600000.0,142855.374713782,64636.0,WB
BOL,2012,27084497481.9103,2575.59857098084,10515807.0,WB
BOL,2013,30659338885.6729,2870.02377000756,10682608.0,WB
BOL,2014,32996188017.3661,3041.43503162408,10848888.0,WB
BOL,2015,33000198248.9146,2996.01289811344,11014705.0,WB
BOL,2016,33941126193.9219,3035.87347732132,11180020.0,WB
BOL,2017,45927439594.7902,4048.40119739839,11344587.0,WB
BOL,2018,48414038842.2576,4206.8552936661,11508368.0,WB
BOL,2019,49056643589.0014,4203.15492855788,11671386.0,WB
BOL,2020,42313784081.042,3580.96761778303,11816299.0,WB
BOL,2021,47877892402.3155,4010.76053686204,11937360.0,WB
BOL,2022,50959081953.6903,4219.46113742445,12077154.0,WB
BOL,2023,52340206946.4544,4274.70820547613,12244159.0,WB
BOL,2024,54881327452.9667,4421.16609889999,12413315.0,WB
BOL,2025,54038443031.866455,4352.295871796602,12416077.54243962,OptionA
BOL,2030,68775048436.59767,5274.814162807744,13038383.213862691,OptionA
BOL,2035,85968961374.83704,6328.830093722446,13583705.0610838,OptionA
BOL,2040,106453965055.84268,7574.471185659989,14054309.858275209,OptionA
BOL,2045,130605322255.41673,9041.241963536106,14445506.798972549,OptionA
BOL,2050,158543092929.16138,10738.69438728232,14763721.474085497,OptionA
BOL,2055,190355361265.60916,12693.999197359935,14995696.652099896,OptionA
BOL,2060,225920257360.0782,14910.71015446106,15151542.416139465,OptionA
BOL,2065,265437478927.6657,17400.4556029654,15254628.096199367,OptionA
BOL,2070,308751370347.54083,20160.272463812867,15314841.15116703,OptionA
BRA,2012,2465228293706.86,12521.7238454434,196876111.0,WB
BRA,2013,2472819362043.74,12458.8903396625,198478299.0,WB
BRA,2014,2456043766032.38,12274.9941630213,200085127.0,WB
BRA,2015,1802211999456.42,8936.1955889444,201675532.0,WB
BRA,2016,1795693265999.04,8836.28546025694,203218114.0,WB
BRA,2017,2063514688805.78,10080.5078722821,204703445.0,WB
BRA,2018,1916933708352.71,9300.66072904004,206107261.0,WB
BRA,2019,1873288158838.63,9029.83304401079,207455459.0,WB
BRA,2020,1476107292151.95,7074.19407495707,208660842.0,WB
BRA,2021,1670647464062.96,7972.53696080695,209550294.0,WB
BRA,2022,1951923832083.87,9281.33282136864,210306415.0,WB
BRA,2023,2191131869706.02,10377.5897719195,211140729.0,WB
BRA,2024,2185821648943.86,10310.5488778166,211998573.0,WB
BRA,2025,2577185447580.541,11940.139886546487,215842148.59026703,OptionA
BRA,2030,2941792132272.37,13299.13669628067,221201736.5830289,OptionA
BRA,2035,3291814393768.362,14611.2057385332,225293822.60952428,OptionA
BRA,2040,3652090390540.441,16005.84639937604,228172275.26829267,OptionA
BRA,2045,4015003440489.0537,17467.86502497618,229850839.51291457,OptionA
BRA,2050,4372834028126.379,18997.030645708528,230185133.1231185,OptionA
BRA,2055,4738444896435.506,20680.416697040273,229127147.9608851,OptionA
BRA,2060,5110347298408.945,22512.03172067001,227005157.1452232,OptionA
BRA,2065,5473434853501.293,24444.73806293972,223910554.46814057,OptionA
BRA,2070,5834068430009.865,26521.8412313806,219972225.1224023,OptionA
BRB,2012,5761450000.0,20804.1150004694,276938.0,WB
BRB,2013,5667200000.0,20410.2065438568,277665.0,WB
BRB,2014,5620600000.0,20192.7084081797,278348.0,WB
BRB,2015,5698150000.0,20424.2087530019,278990.0,WB
BRB,2016,5674600000.0,20295.5672072046,279598.0,WB
BRB,2017,5683150000.0,20284.5762052461,280171.0,WB
BRB,2018,6001950000.0,21381.2426303209,280711.0,WB
BRB,2019,6161850000.0,21912.1501242857,281207.0,WB
BRB,2020,5407050000.0,19194.4919736739,281698.0,WB
BRB,2021,5947550000.0,21079.6145271791,282147.0,WB
BRB,2022,6884900000.0,24387.0387293761,282318.0,WB
BRB,2023,7223250000.0,25583.878782727,282336.0,WB
BRB,2024,7498050000.0,26544.8707282621,282467.0,WB
BRB,2025,6857742029.128124,24202.628563493377,283346.9931225638,OptionA
BRB,2030,7427444882.897069,26172.744945342627,283785.4760136179,OptionA
BRB,2035,7992661887.423736,28254.991610626887,282876.1019492798,OptionA
BRB,2040,8565729128.124386,30575.81460997148,280147.2090732426,OptionA
BRB,2045,9161225615.036413,33217.74321984765,275793.13725209865,OptionA
BRB,2050,9735414318.04763,36002.842716617255,270406.8230021795,OptionA
BRB,2055,10291659624.089748,38941.86490454237,264282.6595315233,OptionA
BRB,2060,10823232759.299349,41981.0928052868,257812.07767741455,OptionA
BRB,2065,11357048819.130095,45278.90581507621,250824.27710407737,OptionA
BRB,2070,11927873135.209604,48983.96975143048,243505.64471882713,OptionA
BRN,2012,19048443340.7732,46968.5971164922,405557.0,WB
BRN,2013,18094148098.6536,44003.0644273461,411202.0,WB
BRN,2014,17097797386.0336,41026.5084247957,416750.0,WB
BRN,2015,12930296870.1247,30625.1287744656,422212.0,WB
BRN,2016,11400266044.6651,26663.2972950602,427564.0,WB
BRN,2017,12128168045.1245,28024.3824580252,432772.0,WB
BRN,2018,13566908391.0895,30988.1190267227,437810.0,WB
BRN,2019,13469235364.7032,30426.5730656528,442680.0,WB
BRN,2020,12005799653.9835,26834.3592233943,447404.0,WB
BRN,2021,14006496617.4458,31006.9636289785,451721.0,WB
BRN,2022,16681536466.7183,36632.9280952155,455370.0,WB
BRN,2023,15095084656.1634,32890.5491812019,458949.0,WB
BRN,2024,15340808592.48,33153.4738913513,462721.0,WB
BRN,2025,17563591570.009068,36195.93786341506,485236.53776523407,OptionA
BRN,2030,19887640349.18431,38700.93580568576,513880.089335269,OptionA
BRN,2035,22331345567.627064,41299.850334080154,540712.50590464,OptionA
BRN,2040,24863251151.09691,43941.32269269846,565828.4645862135,OptionA
BRN,2045,27473488527.283108,46625.693279963016,589234.9602679174,OptionA
BRN,2050,30226820201.974804,49459.04955895547,611148.4242321369,OptionA
BRN,2055,33109060102.475304,52491.52158710521,630750.6260326944,OptionA
BRN,2060,36109106084.93507,55760.52528354418,647574.7117036474,OptionA
BRN,2065,39017250987.75121,59206.55053172708,659002.2664273102,OptionA
BRN,2070,41702119442.037254,62655.255000261546,665580.5557229505,OptionA
BTN,2012,1973387227.96519,2751.2128864294,717279.0,WB
BTN,2013,1943696951.65411,2679.95217201538,725273.0,WB
BTN,2014,2089079570.58285,2849.49998647303,733139.0,WB
BTN,2015,2187815803.36833,2954.04081911097,740618.0,WB
BTN,2016,2357504760.78592,3152.30905106786,747866.0,WB
BTN,2017,2591358009.20276,3435.28804735662,754335.0,WB
BTN,2018,2583335721.85904,3400.20417245342,759759.0,WB
BTN,2019,2735683570.46155,3576.87987100503,764824.0,WB
BTN,2020,2457604333.90927,3191.66906999331,770006.0,WB
BTN,2021,2768802960.11204,3570.61257980872,775442.0,WB
BTN,2022,2898227743.75576,3711.32767981591,780914.0,WB
BTN,2023,3012896789.24928,3831.32535494609,786385.0,WB
BTN,2024,,,791524.0,WB
BTN,2025,5583724931.004645,6394.930396632222,873148.6638142639,OptionA
BTN,2030,7698369637.270357,8228.719338986342,935548.9378276308,OptionA
BTN,2035,10141514058.42309,10203.848904239105,993891.0457807624,OptionA
BTN,2040,12972080183.182322,12357.02106400218,1049774.0609160163,OptionA
BTN,2045,16171967792.791098,14662.67692937154,1102934.1961696108,OptionA
BTN,2050,19656452459.025322,17068.797878616147,1151601.4542331067,OptionA
BTN,2055,23362375971.75432,19570.254158141914,1193769.676314334,OptionA
BTN,2060,27302061884.17431,22233.454915491617,1227972.0802703963,OptionA
BTN,2065,31418898873.790127,25083.620070276604,1252566.3674447315,OptionA
BTN,2070,35578483188.55537,28050.57749940219,1268369.009134076,OptionA
BWA,2012,13907464500.1489,6595.53845015424,2108617.0,WB
BWA,2013,14271738933.2042,6666.91219583487,2140682.0,WB
BWA,2014,15470088500.7414,7122.36423421503,2172044.0,WB
BWA,2015,13530748844.505,6141.20394726616,2203273.0,WB
BWA,2016,15082637184.0496,6749.05994339013,2234776.0,WB
BWA,2017,16105155856.7708,7104.96401088027,2266747.0,WB
BWA,2018,17031943186.1353,7407.95940141786,2299141.0,WB
BWA,2019,16725908148.5481,7172.08956480028,2332083.0,WB
BWA,2020,14960251607.8135,6323.2974967659,2365894.0,WB
BWA,2021,18750182236.2211,7807.88794570471,2401441.0,WB
BWA,2022,20321150599.1523,8328.7090572666,2439892.0,WB
BWA,2023,19411266967.1044,7826.35376483298,2480244.0,WB
BWA,2024,19402063512.9066,7695.75319445165,2521139.0,WB
BWA,2025,20288290454.021816,8381.217502475689,2420685.35365285,OptionA
BWA,2030,23677287430.962852,9425.806258928546,2511964.152513178,OptionA
BWA,2035,27043221125.960144,10411.829320271856,2597355.401639838,OptionA
BWA,2040,30664591547.39098,11450.630194820502,2677982.8730528373,OptionA
BWA,2045,34500929162.78802,12522.660031159896,2755079.917281154,OptionA
BWA,2050,38553539440.94054,13622.246294836736,2830189.574208004,OptionA
BWA,2055,42845050507.52921,14766.484764789084,2901506.430947866,OptionA
BWA,2060,47443346739.59597,15970.523616440383,2970681.9813194363,OptionA
BWA,2065,52146950787.33039,17247.047665452603,3023529.1163359773,OptionA
BWA,2070,56816177490.28073,18594.297275549616,3055570.030333472,OptionA
CAF,2012,2510126512.22831,544.395849142785,4610848.0,WB
CAF,2013,1691544110.18543,364.36696260838,4642419.0,WB
CAF,2014,1894813389.40325,409.8504859647,4623182.0,WB
CAF,2015,1695825714.19282,366.322853938121,4629320.0,WB
CAF,2016,1825018144.65595,387.176203444318,4713663.0,WB
CAF,2017,2072349972.6818,432.324025684263,4793511.0,WB
CAF,2018,2220979146.11241,455.243962859534,4878657.0,WB
CAF,2019,2221301351.43918,449.228467602439,4944703.0,WB
CAF,2020,2326720900.38047,462.879071294011,5026628.0,WB
CAF,2021,2516498412.46384,492.263142830507,5112100.0,WB
CAF,2022,2382618615.01694,467.359825026238,5098039.0,WB
CAF,2023,2555492085.94725,495.978897288721,5152421.0,WB
CAF,2024,2751494281.06887,516.160999996036,5330690.0,WB
CAF,2025,2948649437.090402,539.740344773107,5463088.80861952,OptionA
CAF,2030,3899826674.8614993,665.7325959381249,5857947.618391755,OptionA
CAF,2035,5122705929.162581,822.9151694957691,6225071.695180263,OptionA
CAF,2040,6761725224.988519,1029.7859137679188,6566146.550060888,OptionA
CAF,2045,8932258838.402287,1300.7905340608352,6866792.619190865,OptionA
CAF,2050,11758488242.112892,1650.77298416309,7123019.552003522,OptionA
CAF,2055,15380447862.792185,2094.671764183436,7342652.975889008,OptionA
CAF,2060,19940814286.105835,2652.414710535718,7517985.105005814,OptionA
CAF,2065,25566851503.58896,3343.068995992945,7647718.768064251,OptionA
CAF,2070,32398593941.913406,4188.212231081717,7735661.937443321,OptionA
CAN,2012,1828366481521.6,52670.3447335415,34713395.0,WB
CAN,2013,1846597421834.98,52638.1187235237,35080992.0,WB
CAN,2014,1805749878439.94,50960.8431174661,35434066.0,WB
CAN,2015,1556508816217.14,43594.1941045394,35704498.0,WB
CAN,2016,1527994741907.43,42314.0615817218,36110803.0,WB
CAN,2017,1649265644244.09,45129.628116623,36545075.0,WB
CAN,2018,1725329192783.02,46539.1761570405,37072620.0,WB
CAN,2019,1743725183672.52,46352.8693445211,37618495.0,WB
CAN,2020,1655684730000.19,43537.839298904,38028638.0,WB
CAN,2021,2022378748423.23,52886.6616372703,38239864.0,WB
CAN,2022,2190411080134.32,56256.8007264015,38935934.0,WB
CAN,2023,2173339670064.33,54220.3285039875,40083484.0,WB
CAN,2024,2243636826633.76,54340.3477224733,41288599.0,WB
CAN,2025,1947861121997.3567,49348.85885166992,39471249.534910835,OptionA
CAN,2030,2140382867660.9585,51943.2599588321,41206171.29840002,OptionA
CAN,2035,2353213086020.6787,54972.023555670894,42807467.03161743,OptionA
CAN,2040,2581830862473.0454,58215.80177576144,44349313.824069135,OptionA
CAN,2045,2814659114326.7124,61360.82669591848,45870619.186327465,OptionA
CAN,2050,3043890870534.4844,64243.13099817248,47380798.900057875,OptionA
CAN,2055,3275014006325.8555,67052.83460404322,48842290.19795049,OptionA
CAN,2060,3527150426779.756,70194.07122287233,50248551.84109131,OptionA
CAN,2065,3807882896852.9277,73970.66599559119,51478283.25731021,OptionA
CAN,2070,4110954341959.382,78251.02317105413,52535470.78832404,OptionA
CCK,2012,,,,WB
CCK,2013,,,,WB
CCK,2014,,,,WB
CCK,2015,,,,WB
CCK,2016,,,,WB
CCK,2017,,,,WB
CCK,2018,,,,WB
CCK,2019,,,,WB
CCK,2020,,,,WB
CCK,2021,,,,WB
CCK,2022,,,,WB
CCK,2023,,,,WB
CCK,2024,,,,WB
CHE,2012,686420221557.99,85836.2076767359,7996861.0,WB
CHE,2013,706234937370.968,87304.3305813557,8089346.0,WB
CHE,2014,726537808338.0,88724.9909402638,8188649.0,WB
CHE,2015,694118186379.628,83806.4476003837,8282396.0,WB
CHE,2016,687895460902.713,82153.0745447889,8373338.0,WB
CHE,2017,695200833086.499,82254.3769269767,8451840.0,WB
CHE,2018,725568717468.001,85217.3691512274,8514329.0,WB
CHE,2019,721369112726.724,84121.9310304414,8575280.0,WB
CHE,2020,741999406005.627,85897.7843338323,8638167.0,WB
CHE,2021,815309330986.719,93664.7736696111,8704546.0,WB
CHE,2022,828508926958.393,94394.5106803525,8777088.0,WB
CHE,2023,894424821645.205,100623.549627296,8888822.0,WB
CHE,2024,936564198048.516,103998.186685604,9005582.0,WB
CHE,2025,835582221635.9025,95878.23465998424,8715035.53021342,OptionA
CHE,2030,902089344223.7517,100993.06708319572,8932190.7956378,OptionA
CHE,2035,973253966998.653,106583.17087801402,9131403.757095538,OptionA
CHE,2040,1058713929996.4757,113723.49741375896,9309544.23732299,OptionA
CHE,2045,1156202898791.635,122077.49780555523,9471056.661345012,OptionA
CHE,2050,1261229097556.7837,131157.5058608404,9616141.21341223,OptionA
CHE,2055,1372197698362.8066,140891.76694438586,9739374.614447512,OptionA
CHE,2060,1489209857637.0562,151366.05705870985,9838466.341627974,OptionA
CHE,2065,1611716747954.5342,162837.09959488298,9897724.48639942,OptionA
CHE,2070,1737460643947.301,175044.12836874882,9925843.615200607,OptionA
CHL,2012,267024782486.855,15241.9069981119,17519119.0,WB
CHL,2013,277395018842.417,15683.5486369155,17687006.0,WB
CHL,2014,259560978224.359,14529.6767206336,17864195.0,WB
CHL,2015,242450355830.884,13433.9202987032,18047625.0,WB
CHL,2016,249344863928.438,13649.8520452803,18267221.0,WB
CHL,2017,276154259981.097,14879.9086227187,18558868.0,WB
CHL,2018,295857562991.709,15659.4808675628,18893191.0,WB
CHL,2019,278285058719.466,14495.716721687,19197744.0,WB
CHL,2020,254042159309.311,13114.815470545,19370624.0,WB
CHL,2021,315325547162.072,16206.8325493421,19456334.0,WB
CHL,2022,301226575540.242,15405.6165774073,19553036.0,WB
CHL,2023,335518054097.637,17067.0364799154,19658835.0,WB
CHL,2024,330267137371.592,16709.8893972307,19764771.0,WB
CHL,2025,360583747294.2384,18613.715333304714,19371938.424837817,OptionA
CHL,2030,418534135462.2366,21051.760028544828,19881194.48895158,OptionA
CHL,2035,475931701221.7702,23479.008628205094,20270519.45668772,OptionA
CHL,2040,536557618612.9296,26123.086460317827,20539595.098304536,OptionA
CHL,2045,600397944043.8097,29006.394551660414,20698813.255625423,OptionA
CHL,2050,663991385876.8442,32017.608682144182,20738319.106484175,OptionA
CHL,2055,726526755147.6846,35109.72329887065,20693035.628994953,OptionA
CHL,2060,790153005432.26,38410.49692681019,20571277.87067863,OptionA
CHL,2065,855876535981.5884,42005.32950433716,20375427.263181373,OptionA
CHL,2070,922025756189.6599,45838.969280728896,20114452.193349984,OptionA
CHN,2012,8673664713189.24,6405.0574241349,1354190000.0,WB
CHN,2013,9743124247267.24,7147.03518622344,1363240000.0,WB
CHN,2014,10674533168257.4,7781.06597484974,1371860000.0,WB
CHN,2015,11280814787468.9,8175.33285077393,1379860000.0,WB
CHN,2016,11456024084962.0,8254.86859320357,1387790000.0,WB
CHN,2017,12537559062282.9,8979.67652709856,1396215000.0,WB
CHN,2018,14147765772963.8,10085.6638148819,1402760000.0,WB
CHN,2019,14560167101283.4,10342.9009524335,1407745000.0,WB
CHN,2020,14996414166715.1,10627.4637989619,1411100000.0,WB
CHN,2021,18201698719564.0,12887.4357242941,1412360000.0,WB
CHN,2022,18316765021690.2,12970.6056414327,1412175000.0,WB
CHN,2023,18270356654533.2,12951.1782397043,1410710000.0,WB
CHN,2024,18743803170827.2,13303.1481543868,1408975000.0,WB
CHN,2025,22139816784307.254,15793.315115558396,1401847339.9860651,OptionA
CHN,2030,27289495169811.566,19530.17531058532,1397299037.8135884,OptionA
CHN,2035,31616281022538.785,22881.540654426262,1381737423.193261,OptionA
CHN,2040,35440589898001.83,26141.14834635014,1355739595.997897,OptionA
CHN,2045,38799024394886.42,29374.125237249515,1320857185.7549355,OptionA
CHN,2050,41416950038086.23,32398.2766501846,1278368923.3004384,OptionA
CHN,2055,43277773237805.664,35183.52695879771,1230057841.7987163,OptionA
CHN,2060,44801436958518.625,38037.35470763837,1177827356.8935103,OptionA
CHN,2065,46001312773197.0,40932.505583409824,1123833298.6838117,OptionA
CHN,2070,46919134129006.89,43854.033713562654,1069893237.9964012,OptionA
CIV,2012,36302302877.2977,1546.9460184731,23467078.0,WB
CIV,2013,42760235484.6093,1786.15862031324,23939775.0,WB
CIV,2014,48843005613.7091,1991.36539423404,24527395.0,WB
CIV,2015,45815005169.2651,1814.71855088017,25246342.0,WB
CIV,2016,48407761036.8238,1862.59597081287,25989405.0,WB
CIV,2017,52512343996.69,1964.29930338343,26733372.0,WB
CIV,2018,58522477786.6889,2130.86619381144,27464173.0,WB
CIV,2019,60382894697.3557,2141.76836170115,28193009.0,WB
CIV,2020,63027852805.4204,2179.72934832935,28915449.0,WB
CIV,2021,72794636653.7793,2455.98127641148,29639736.0,WB
CIV,2022,70922824813.9102,2333.37128301259,30395002.0,WB
CIV,2023,80780312569.1646,2591.9659048119,31165654.0,WB
CIV,2024,87113179149.284,2727.8935220697,31934230.0,WB
CIV,2025,101920826512.65082,3506.5283980863805,29066020.559899677,OptionA
CIV,2030,151971212667.93787,4935.02535187428,30794413.77342074,OptionA
CIV,2035,216227519455.08923,6672.7424196045695,32404595.570752304,OptionA
CIV,2040,296662208527.569,8770.160076652746,33826316.27412601,OptionA
CIV,2045,394849052481.2264,11274.822920382405,35020421.630518556,OptionA
CIV,2050,510352916998.3318,14169.80116459812,36016942.72700165,OptionA
CIV,2055,644346676813.4758,17510.325643665958,36798097.87241487,OptionA
CIV,2060,796303532257.7322,21287.6839870938,37406771.57461148,OptionA
CIV,2065,966122982765.3309,25477.75396759434,37920257.17785649,OptionA
CIV,2070,1152650928432.65,30092.53993997284,38303544.02559248,OptionA
CMR,2012,30155062329.2821,1449.09874362279,20809529.0,WB
CMR,2013,33728621180.3231,1575.92882118897,21402376.0,WB
CMR,2014,36386544706.0806,1649.4433905949,22059893.0,WB
CMR,2015,32210233020.4569,1415.00009710569,22763414.0,WB
CMR,2016,33814337044.3765,1441.7201725688,23454161.0,WB
CMR,2017,36098547033.1655,1496.08951771242,24128601.0,WB
CMR,2018,39955552189.795,1610.69641591017,24806383.0,WB
CMR,2019,39667757527.6578,1555.22660476477,25506095.0,WB
CMR,2020,40773241177.0505,1555.60370660749,26210558.0,WB
CMR,2021,45011937346.8384,1672.32657340872,26915758.0,WB
CMR,2022,44347206072.5513,1604.87726954895,27632771.0,WB
CMR,2023,48814501547.4313,1720.47510154506,28372687.0,WB
CMR,2024,53296694320.2057,1830.00833684727,29123744.0,WB
CMR,2025,55650028651.70401,2075.2137708403147,26816528.221653853,OptionA
CMR,2030,73704378689.34438,2567.3822434338235,28707988.020812284,OptionA
CMR,2035,96289018498.54417,3155.1905122563057,30517655.946450923,OptionA
CMR,2040,124783395863.67717,3877.483580447793,32181540.753105264,OptionA
CMR,2045,159845420844.26474,4756.088500161001,33608588.41017229,OptionA
CMR,2050,202484864489.10815,5810.884846076823,34845788.5249291,OptionA
CMR,2055,253799304025.16522,7068.418668615225,35906093.84133822,OptionA
CMR,2060,314509640900.635,8557.263562762417,36753529.746266976,OptionA
CMR,2065,384963282168.2242,10289.82286295976,37412041.71297984,OptionA
CMR,2070,464785460879.1338,12260.802738190368,37908240.65959434,OptionA
COD,2012,30029369928.7318,409.931424783784,73254618.0,WB
COD,2013,34891189160.3002,460.370334930107,75789395.0,WB
COD,2014,38352980552.8665,489.175952097319,78403242.0,WB
COD,2015,40179574490.3032,495.826633014883,81035531.0,WB
COD,2016,38600224214.4728,459.765036590388,83956415.0,WB
COD,2017,37537521565.5308,431.052559128788,87083398.0,WB
COD,2018,46659954092.4862,518.169626875371,90047644.0,WB
COD,2019,46845900350.0332,504.00419142286,92947442.0,WB
COD,2020,46691989748.9186,486.425572682256,95989998.0,WB
COD,2021,59067289573.5102,595.743074403567,99148932.0,WB
COD,2022,70422346142.2023,687.738587554685,102396968.0,WB
COD,2023,69843655425.2929,660.21205238997,105789731.0,WB
COD,2024,70962185790.7094,649.383338556725,109276265.0,WB
COD,2025,99339659195.40358,956.877818902722,103816450.99613564,OptionA
COD,2030,158385763141.4217,1373.0455061957955,115353615.32208094,OptionA
COD,2035,240949897044.75076,1905.47794518593,126451160.2737232,OptionA
COD,2040,358090908363.9694,2615.1880204468066,136927404.67004332,OptionA
COD,2045,521760493837.13403,3549.702510236556,146987104.50593883,OptionA
COD,2050,743164047613.072,4746.146571118045,156582616.3345827,OptionA
COD,2055,1034295330757.5963,6255.7600963988325,165334877.7477888,OptionA
COD,2060,1407994818546.8455,8142.161122700681,172926425.46968248,OptionA
COD,2065,1877653893259.1895,10451.578047360646,179652669.17117423,OptionA
COD,2070,2457004522536.4443,13252.24060151218,185402951.57756808,OptionA
COG,2012,17692911296.3044,3732.32737320389,4740450.0,WB
COG,2013,17958720699.0868,3697.41705884249,4857099.0,WB
COG,2014,17919321078.0284,3601.2365808718,4975880.0,WB
COG,2015,12434793867.3568,2439.35189403696,5097581.0,WB
COG,2016,10931328150.8478,2093.10728558843,5222536.0,WB
COG,2017,11834473039.3645,2211.63309874797,5351011.0,WB
COG,2018,14773900288.5135,2694.43413191427,5483118.0,WB
COG,2019,13976637779.9763,2488.42466724916,5616661.0,WB
COG,2020,11468687464.0046,1993.586671931,5752791.0,WB
COG,2021,14825690210.9157,2516.16255145432,5892183.0,WB
COG,2022,15817030154.6941,2620.83804267402,6035104.0,WB
COG,2023,15321055822.5167,2477.97845544866,6182885.0,WB
COG,2024,15719986076.6464,2482.2489948456,6332961.0,WB
COG,2025,22289764080.885612,3574.142134491975,6236395.543920879,OptionA
COG,2030,29164177302.093323,4291.827554603925,6795281.714151901,OptionA
COG,2035,37279712655.10441,5076.506501586894,7343576.265183731,OptionA
COG,2040,46938427690.54768,5972.132839251989,7859575.289759752,OptionA
COG,2045,58250510371.53821,6999.995272600885,8321507.101517645,OptionA
COG,2050,71453330787.77159,8172.025262191285,8743650.257465279,OptionA
COG,2055,86739854924.40453,9509.315025664682,9121567.083465256,OptionA
COG,2060,104191764405.83577,11026.831231249953,9448930.723683983,OptionA
COG,2065,123626509024.51642,12714.917362677592,9722950.255846754,OptionA
COG,2070,144920195846.79486,14565.30109865726,9949687.607910467,OptionA
COK,2012,,,,WB
COK,2013,,,,WB
COK,2014,,,,WB
COK,2015,,,,WB
COK,2016,,,,WB
COK,2017,,,,WB
COK,2018,,,,WB
COK,2019,,,,WB
COK,2020,,,,WB
COK,2021,,,,WB
COK,2022,,,,WB
COK,2023,,,,WB
COK,2024,,,,WB
COL,2012,370691143018.039,8108.59838244229,45715810.0,WB
COL,2013,382093697077.685,8279.10255642981,46151584.0,WB
COL,2014,381240864422.407,8187.20824890084,46565429.0,WB
COL,2015,293492370193.166,6248.51490534512,46969940.0,WB
COL,2016,282720100286.228,5959.84250367574,47437512.0,WB
COL,2017,311866875156.879,6479.53231292429,48131078.0,WB
COL,2018,334198218098.276,6816.96818309544,49024465.0,WB
COL,2019,323031701192.84,6472.54544924705,49907985.0,WB
COL,2020,270348342541.465,5339.68711357943,50629997.0,WB
COL,2021,318524633225.395,6222.62164397614,51188173.0,WB
COL,2022,345632492851.448,6680.44506854481,51737944.0,WB
COL,2023,366291836137.916,7000.83660501046,52321152.0,WB
COL,2024,418818154879.271,7919.20886825345,52886363.0,WB
COL,2025,420402077286.33844,8040.537419745066,52285320.6620196,OptionA
COL,2030,493267799701.39514,9037.11949075077,54582414.25337359,OptionA
COL,2035,575187716023.0702,10166.538702799511,56576553.02730353,OptionA
COL,2040,667925583937.7225,11458.16606881992,58292538.258394465,OptionA
COL,2045,769937595318.802,12890.153882319988,59730675.23847338,OptionA
COL,2050,881268334536.5398,14485.02477750908,60839960.44693597,OptionA
COL,2055,1002085438823.007,16258.949382912211,61632853.09665679,OptionA
COL,2060,1131973976305.9153,18207.76306006115,62169854.285335466,OptionA
COL,2065,1271156868836.4224,20363.013680361873,62424790.78930877,OptionA
COL,2070,1418307285556.4377,22712.31322295156,62446624.06835734,OptionA
COM,2012,1015843490.82374,1490.31511351281,681630.0,WB
COM,2013,1116224106.83728,1603.32797107303,696192.0,WB
COM,2014,1149587661.00693,1615.71723662012,711503.0,WB
COM,2015,966029600.862227,1329.37048235986,726682.0,WB
COM,2016,1012835493.19325,1365.48403444497,741741.0,WB
COM,2017,1077439756.59451,1423.9248027797,756669.0,WB
COM,2018,1178530633.24599,1527.40527125285,771590.0,WB
COM,2019,1187915408.87243,1510.23218151592,786578.0,WB
COM,2020,1218763671.26563,1519.34665556206,802163.0,WB
COM,2021,1272238390.85864,1554.97289190153,818174.0,WB
COM,2022,1222485532.31976,1465.479642862,834188.0,WB
COM,2023,1326836543.00797,1560.27378476855,850387.0,WB
COM,2024,1440991455.45188,1662.75663312504,866628.0,WB
COM,2025,1612357649.2288322,1869.8740748606813,862281.4075589364,OptionA
COM,2030,2215981880.1140714,2390.581659010573,926963.474249708,OptionA
COM,2035,3015812839.967744,3043.993817919561,990742.1040785564,OptionA
COM,2040,4074175019.1680574,3881.6503874444825,1049598.653280654,OptionA
COM,2045,5446467964.717866,4956.470068911947,1098860.2551802525,OptionA
COM,2050,7212328525.433766,6338.294373543133,1137897.37433764,OptionA
COM,2055,9473322537.487656,8099.684769571852,1169591.5096691367,OptionA
COM,2060,12296391120.17464,10278.962736716268,1196267.700850024,OptionA
COM,2065,15719621462.059193,12891.674955792838,1219362.2253092586,OptionA
COM,2070,19752246820.975113,15950.560108887004,1238341.894336987,OptionA
CPV,2012,1913081210.41411,3736.81517011087,511955.0,WB
CPV,2013,2028910915.16446,3960.97596791345,512225.0,WB
CPV,2014,2041930125.42979,3985.60706548134,512326.0,WB
CPV,2015,1749857620.35329,3415.06266730931,512394.0,WB
CPV,2016,1849789985.99572,3608.96605234906,512554.0,WB
CPV,2017,1996741539.95088,3893.09571382506,512893.0,WB
CPV,2018,2205099506.99994,4294.96510035729,513415.0,WB
CPV,2019,2252177124.32402,4380.78117331128,514104.0,WB
CPV,2020,1821565613.68613,3539.22661248299,514679.0,WB
CPV,2021,2051842618.70539,3971.44409203423,516649.0,WB
CPV,2022,2247003344.34242,4323.31362032709,519741.0,WB
CPV,2023,2504525548.71164,4794.90121917259,522331.0,WB
CPV,2024,2725414150.72735,5192.48157325878,524877.0,WB
CPV,2025,2722091597.2692018,5005.425948546544,543828.1627280157,OptionA
CPV,2030,3283844954.831215,5914.749496150256,555195.9481916482,OptionA
CPV,2035,3893024360.047663,6911.775433494103,563245.2034223031,OptionA
CPV,2040,4576613598.652966,8051.434971279061,568422.1030137587,OptionA
CPV,2045,5322347313.495112,9327.969873663742,570579.3849658583,OptionA
CPV,2050,6111418623.607693,10731.739467705023,569471.3929646502,OptionA
CPV,2055,6938921386.129904,12277.80881129842,565159.5893678108,OptionA
CPV,2060,7822027101.074552,14022.899362394088,557803.8392011337,OptionA
CPV,2065,8814703339.910482,16023.42963751948,550113.3988987297,OptionA
CPV,2070,9930033150.2665,18304.588047577767,542488.753336382,OptionA
CRI,2012,47231655431.7355,10126.9991024177,4663934.0,WB
CRI,2013,50949668841.6696,10803.2401962173,4716147.0,WB
CRI,2014,52016408854.2658,10911.497878334,4767119.0,WB
CRI,2015,56441920820.5194,11714.7105980732,4818038.0,WB
CRI,2016,58847019609.6549,12091.0301606154,4866998.0,WB
CRI,2017,60516044656.5206,12317.0902771304,4913177.0,WB
CRI,2018,62420164991.5374,12590.2493781614,4957818.0,WB
CRI,2019,64417670521.3545,12884.6859951989,4999553.0,WB
CRI,2020,62395610760.0492,12394.0493969492,5034320.0,WB
CRI,2021,64960725734.1965,12838.1185358931,5059988.0,WB
CRI,2022,69243626028.5936,13625.9008491328,5081765.0,WB
CRI,2023,86497941439.0174,16942.0268119375,5105525.0,WB
CRI,2024,95350423176.5962,18587.1532203482,5129910.0,WB
CRI,2025,84632172895.18578,15602.684194895215,5424205.978794032,OptionA
CRI,2030,99643896222.1983,17499.303865244696,5694163.435843907,OptionA
CRI,2035,115543369614.54498,19462.99176480401,5936567.7697859565,OptionA
CRI,2040,132805176440.48616,21584.38458296996,6152835.904585818,OptionA
CRI,2045,150972413888.61816,23827.928265452352,6335943.780203087,OptionA
CRI,2050,169734276380.51172,26155.649420145124,6489392.545909493,OptionA
CRI,2055,189287111152.83923,28620.582076657214,6613670.911578725,OptionA
CRI,2060,210371640482.33655,31350.455112670552,6710321.739390413,OptionA
CRI,2065,232532822668.84805,34368.72384524855,6765826.503069173,OptionA
CRI,2070,255471949357.05695,37680.10219215772,6780022.730676876,OptionA
CUB,2012,73141000000.0,6470.83673392653,11303175.0,WB
CUB,2013,77148000000.0,6828.36428245396,11298167.0,WB
CUB,2014,80656100000.0,7146.70459051328,11285775.0,WB
CUB,2015,87132800000.0,7727.91997207998,11275065.0,WB
CUB,2016,91370407900.0,8110.55874283616,11265612.0,WB
CUB,2017,96850649700.0,8610.60829605429,11247829.0,WB
CUB,2018,100050036100.0,8911.46205998726,11227118.0,WB
CUB,2019,103427600000.0,9232.26115935183,11202846.0,WB
CUB,2020,107352000000.0,9605.27914559614,11176354.0,WB
CUB,2021,,,11122168.0,WB
CUB,2022,,,11059820.0,WB
CUB,2023,,,11019931.0,WB
CUB,2024,,,10979783.0,WB
CUB,2025,108479838999.25255,9859.76773875361,11002271.237371529,OptionA
CUB,2030,119023110027.14288,11045.38934029549,10775818.430675505,OptionA
CUB,2035,129471551027.3658,12349.038305946968,10484342.814372497,OptionA
CUB,2040,141389286191.20673,13954.274044291797,10132328.327681376,OptionA
CUB,2045,155371573885.10803,15977.494827695908,9724401.45095725,OptionA
CUB,2050,169342436274.47116,18283.785988401953,9261891.185003534,OptionA
CUB,2055,182226752202.24744,20814.93945762844,8754613.60688529,OptionA
CUB,2060,194609497260.7948,23679.547368120468,8218463.564164051,OptionA
CUB,2065,206760308637.21585,26890.473343505895,7688979.885032366,OptionA
CUB,2070,218853993490.9457,30430.730914137617,7191874.362415322,OptionA
CUW,2012,3012836256.55523,19809.8223170482,152088.0,WB
CUW,2013,3033568606.16651,19721.292182955,153822.0,WB
CUW,2014,3059406995.39666,19623.0300713664,155909.0,WB
CUW,2015,3058779211.89831,19361.8129630226,157980.0,WB
CUW,2016,3024690188.01683,18944.0962772875,159664.0,WB
CUW,2017,3033433248.15988,18938.2440965187,160175.0,WB
CUW,2018,3046364819.53197,19119.1244887029,159336.0,WB
CUW,2019,3026124115.73275,19220.6865793075,157441.0,WB
CUW,2020,2534327592.49914,16299.8134349902,155482.0,WB
CUW,2021,2739594359.5908,17795.5826616182,153948.0,WB
CUW,2022,3075180834.72417,20057.1404747175,153321.0,WB
CUW,2023,3281419347.37053,21217.8110321785,154654.0,WB
CUW,2024,3561178196.20713,22832.8953958667,155967.0,WB
CXR,2012,,,,WB
CXR,2013,,,,WB
CXR,2014,,,,WB
CXR,2015,,,,WB
CXR,2016,,,,WB
CXR,2017,,,,WB
CXR,2018,,,,WB
CXR,2019,,,,WB
CXR,2020,,,,WB
CXR,2021,,,,WB
CXR,2022,,,,WB
CXR,2023,,,,WB
CXR,2024,,,,WB
CYM,2012,4291004485.56803,75101.5906883232,57136.0,WB
CYM,2013,4405796081.15984,75113.7342282813,58655.0,WB
CYM,2014,4562853582.32463,75845.3055572577,60160.0,WB
CYM,2015,4708167255.28727,76379.2098777987,61642.0,WB
CYM,2016,4909322200.00212,77802.2535658023,63100.0,WB
CYM,2017,5166281293.18715,80053.9442657031,64535.0,WB
CYM,2018,5530178498.90783,83865.5540393356,65941.0,WB
CYM,2019,5941896599.57333,88254.2902486867,67327.0,WB
CYM,2020,5655357984.24218,82338.7977439023,68684.0,WB
CYM,2021,6060813808.15072,86449.6749037302,70108.0,WB
CYM,2022,6660161212.01997,93030.7051447803,71591.0,WB
CYM,2023,7241244269.45972,99143.5180243123,73038.0,WB
CYM,2024,,,74457.0,WB
CYP,2012,25047436974.6819,28991.935546875,1165397.0,WB
CYP,2013,23959712860.8331,27764.73046875,1183895.0,WB
CYP,2014,23225918259.9824,26993.103515625,1201801.0,WB
CYP,2015,19909278416.8575,23088.44140625,1219502.0,WB
CYP,2016,21046462280.5979,24280.056640625,1237112.0,WB
CYP,2017,22946570628.7576,26247.44921875,1254275.0,WB
CYP,2018,25754001367.5448,29120.375,1270737.0,WB
CYP,2019,26196667099.5303,29227.173828125,1286671.0,WB
CYP,2020,25555093854.2968,28130.341796875,1302247.0,WB
CYP,2021,30372642502.4897,32937.83984375,1317309.0,WB
CYP,2022,31218038929.0919,33231.04296875,1331370.0,WB
CYP,2023,35075423857.0996,36623.69140625,1344976.0,WB
CYP,2024,37634533331.8902,38674.29296875,1358282.0,WB
CYP,2025,33965124407.85174,24902.974138258105,1363898.3126787085,OptionA
CYP,2030,37515349599.033714,26276.380448860054,1427721.35880919,OptionA
CYP,2035,41443114878.90954,27906.87750906888,1485050.23055488,OptionA
CYP,2040,45806399618.24293,29772.71960924279,1538535.955715062,OptionA
CYP,2045,50416433772.68697,31720.52867505264,1589394.498722153,OptionA
CYP,2050,55135684881.36029,33694.55964675766,1636337.8972565338,OptionA
CYP,2055,60282365304.73346,35947.18890724313,1676970.2204053833,OptionA
CYP,2060,66061425376.668846,38634.60631717131,1709902.8998596931,OptionA
CYP,2065,72401402151.80656,41871.28119970531,1729142.2683363254,OptionA
CYP,2070,79055546215.03595,45561.63677346732,1735134.0253226748,OptionA
CZE,2012,210363223087.728,20014.0354015165,10510785.0,WB
CZE,2013,213024360541.119,20260.4954999375,10514272.0,WB
CZE,2014,210911285077.683,20038.4163180257,10525347.0,WB
CZE,2015,189107698561.919,17931.5987670768,10546059.0,WB
CZE,2016,198160659303.939,18753.9686718096,10566332.0,WB
CZE,2017,221563575696.217,20913.197632212,10594438.0,WB
CZE,2018,251992360762.236,23705.9329811299,10629928.0,WB
CZE,2019,256794209028.77,24062.7190013343,10671870.0,WB
CZE,2020,251109660602.536,23472.8915454417,10697858.0,WB
CZE,2021,290972714482.313,27696.4619527544,10505772.0,WB
CZE,2022,301831228325.556,28282.2236715857,10672118.0,WB
CZE,2023,345059295659.911,31761.5944102491,10864042.0,WB
CZE,2024,347034062928.479,31823.3078290564,10905028.0,WB
CZE,2025,259223828383.99042,23712.58736775902,10931908.204013444,OptionA
CZE,2030,299509632541.7484,27062.192437821937,11067456.313079637,OptionA
CZE,2035,342267116847.4406,30667.725977811915,11160498.730654849,OptionA
CZE,2040,385417898235.33826,34260.267576105965,11249704.847726848,OptionA
CZE,2045,425891743422.29877,37495.236233992386,11358556.078017035,OptionA
CZE,2050,468372463114.5872,40830.50208724978,11471141.40584734,OptionA
CZE,2055,511129285303.9793,44216.22485125117,11559767.642386504,OptionA
CZE,2060,556175705658.8033,47922.12158948495,11605823.932904487,OptionA
CZE,2065,605719882039.5895,52326.69006683944,11575734.701848596,OptionA
CZE,2070,655712311155.4818,57086.62512515068,11486268.626284486,OptionA
DEU,2012,3596483233406.25,44718.0159214069,80425823.0,WB
DEU,2013,3807023797050.99,47206.8353514242,80645605.0,WB
DEU,2014,3964870735760.77,48959.5991203133,80982500.0,WB
DEU,2015,3425099578746.09,41929.7549110722,81686611.0,WB
DEU,2016,3536787895179.0,42948.9381932694,82348669.0,WB
DEU,2017,3765351626105.89,45553.9341495339,82657002.0,WB
DEU,2018,4055433215301.96,48916.1686612154,82905782.0,WB
DEU,2019,3959894794039.21,47656.199739747,83092962.0,WB
DEU,2020,3941398957073.94,47394.8734504469,83160871.0,WB
DEU,2021,4355251953410.78,52349.2459994422,83196078.0,WB
DEU,2022,4201021706478.62,50506.5179638543,83177813.0,WB
DEU,2023,4562207532490.28,54776.7668235491,83287273.0,WB
DEU,2024,4685592577804.69,56103.7323182554,83516593.0,WB
DEU,2025,3830265091626.6885,47142.367842113315,81248890.68904656,OptionA
DEU,2030,4002166391544.847,49455.54797346882,80924518.18938231,OptionA
DEU,2035,4209572027847.6064,52303.76446746637,80483155.86282544,OptionA
DEU,2040,4483545569594.387,56086.85676250997,79939326.75848068,OptionA
DEU,2045,4766750628946.095,60117.2807571635,79290855.6227087,OptionA
DEU,2050,5039368990793.38,64185.744193364626,78512277.98515326,OptionA
DEU,2055,5312609289563.212,68457.0658368875,77604980.94121583,OptionA
DEU,2060,5618567830902.257,73293.4962965494,76658477.42027794,OptionA
DEU,2065,5932215669875.9375,78459.27419001138,75608852.2500144,OptionA
DEU,2070,6256805926734.094,83943.76475465416,74535684.03825006,OptionA
DJI,2012,1353632941.5207,1400.19357858954,966747.0,WB
DJI,2013,2044440443.16654,2075.94498424748,984824.0,WB
DJI,2014,2220637966.25047,2214.62084142432,1002717.0,WB
DJI,2015,2424391785.43897,2376.12554719873,1020313.0,WB
DJI,2016,2604955228.70117,2510.4300076241,1037653.0,WB
DJI,2017,2762581334.22612,2618.95521147369,1054841.0,WB
DJI,2018,2913464658.08768,2718.08338799203,1071882.0,WB
DJI,2019,3088851450.30694,2837.16902340932,1088709.0,WB
DJI,2020,3144136196.6228,2844.88810647853,1105188.0,WB
DJI,2021,3392796953.08939,3025.91126413549,1121248.0,WB
DJI,2022,3562814908.76149,3133.25779772463,1137096.0,WB
DJI,2023,3898447007.38798,3381.29779710722,1152944.0,WB
DJI,2024,4152145939.98458,3552.72335079222,1168722.0,WB
DJI,2025,4408910722.784869,3748.170194382571,1176283.491446722,OptionA
DJI,2030,5990212882.712098,4809.422160931759,1245516.1311003685,OptionA
DJI,2035,7994078079.580602,6111.202002518337,1308102.4119782588,OptionA
DJI,2040,10453089487.323202,7664.328771101304,1363862.3550097493,OptionA
DJI,2045,13368265330.125296,9466.421678550983,1412177.2496586656,OptionA
DJI,2050,16739605607.986897,11527.429004113474,1452154.3010166013,OptionA
DJI,2055,20539618267.90217,13857.04327920356,1482251.1450713093,OptionA
DJI,2060,24785613121.02293,16483.769787340847,1503637.4227974056,OptionA
DJI,2065,29496936426.8718,19439.8617848441,1517342.908778729,OptionA
DJI,2070,34605367165.02692,22694.41800058919,1524840.4768136595,OptionA
DMA,2012,520355555.555556,7528.51001990155,69118.0,WB
DMA,2013,545325925.925926,7822.21797211398,69715.0,WB
DMA,2014,572255555.555555,8131.74876096735,70373.0,WB
DMA,2015,583177777.777778,8282.59874702141,70410.0,WB
DMA,2016,612711111.111111,8802.56172041363,69606.0,WB
DMA,2017,563355555.555555,8224.64896571414,68496.0,WB
DMA,2018,628244444.444444,9215.3085405645,68174.0,WB
DMA,2019,644259259.259259,9491.14995962374,67880.0,WB
DMA,2020,528944444.444444,7827.74842680426,67573.0,WB
DMA,2021,562911111.111111,8376.40414141113,67202.0,WB
DMA,2022,623062962.962963,9323.66089490562,66826.0,WB
DMA,2023,659311111.111111,9912.96212766668,66510.0,WB
DMA,2024,688881481.481481,10405.2787777582,66205.0,WB
DNK,2012,326792574244.963,58443.7747103968,5591572.0,WB
DNK,2013,344631016965.12,61377.5940590412,5614932.0,WB
DNK,2014,352832602064.452,62520.4509747011,5643475.0,WB
DNK,2015,301758922337.637,53094.0133607574,5683483.0,WB
DNK,2016,312181849372.233,54500.9260410217,5728010.0,WB
DNK,2017,331610593961.988,57521.5514992225,5764980.0,WB
DNK,2018,355293374912.393,61324.7665045565,5793636.0,WB
DNK,2019,345401473012.615,59404.2663247723,5814422.0,WB
DNK,2020,355631021931.621,60985.4885601514,5831404.0,WB
DNK,2021,406110162088.054,69340.7334922138,5856733.0,WB
DNK,2022,400114306337.077,67781.0940939514,5903037.0,WB
DNK,2023,404651706117.557,68043.5466971243,5946952.0,WB
DNK,2024,424524722037.047,71026.4832271897,5976992.0,WB
DNK,2025,353178281986.3805,59342.988683080584,5951474.467733977,OptionA
DNK,2030,377843902060.39264,62020.2942513954,6092262.32511613,OptionA
DNK,2035,405822837589.3796,65211.03075186324,6223223.784540229,OptionA
DNK,2040,439839128309.20044,69340.34365197536,6343192.218901995,OptionA
DNK,2045,480615764218.24255,74399.40848374317,6459940.66368499,OptionA
DNK,2050,527053489555.517,80102.70102494113,6579721.817263207,OptionA
DNK,2055,576423600133.5621,85976.05941193932,6704466.3837374635,OptionA
DNK,2060,629102361714.9796,92100.21976137848,6830628.236772013,OptionA
DNK,2065,685736578255.3158,98702.46568517742,6947512.1365513755,OptionA
DNK,2070,746338688292.1775,105817.1235056955,7053099.380952332,OptionA
DOM,2012,60561635555.6383,6013.81965002603,10070411.0,WB
DOM,2013,62555417414.582,6136.59429329301,10193833.0,WB
DOM,2014,67014329099.5549,6496.45166971142,10315528.0,WB
DOM,2015,70966782572.4386,6800.95309395474,10434829.0,WB
DOM,2016,75552902635.7075,7160.44200982307,10551430.0,WB
DOM,2017,79070274743.1658,7412.71571571512,10666843.0,WB
DOM,2018,84994732049.3461,7882.98221584944,10782053.0,WB
DOM,2019,89146130744.723,8183.01623600375,10894043.0,WB
DOM,2020,78546672406.8291,7135.22273255899,11008300.0,WB
DOM,2021,94850719516.7127,8527.0754858205,11123476.0,WB
DOM,2022,113478087134.8,10104.2449349081,11230734.0,WB
DOM,2023,120456239153.739,10630.431743829,11331265.0,WB
DOM,2024,124282245638.568,10875.6618443092,11427557.0,WB
DOM,2025,105062917445.30396,9163.792486785607,11465003.992267068,OptionA
DOM,2030,123558987086.3765,10377.799100584858,11906087.783045745,OptionA
DOM,2035,143078179661.57825,11646.546803087856,12285030.239490716,OptionA
DOM,2040,164320778113.1484,13050.847777231877,12590812.5600712,OptionA
DOM,2045,187022640629.5406,14569.753647466372,12836362.58750766,OptionA
DOM,2050,210936688823.72702,16196.96389979104,13023223.989926184,OptionA
DOM,2055,236038351364.401,17968.237126694443,13136422.326803086,OptionA
DOM,2060,261986359761.19257,19870.21964731041,13184874.873622974,OptionA
DOM,2065,288981379886.43915,21917.331888361587,13185062.002911603,OptionA
DOM,2070,316743571578.0376,24081.611968596415,13152922.3206107,OptionA
DZA,2012,227143746075.934,6033.64884689543,37646166.0,WB
DZA,2013,229701430292.157,5979.60138960585,38414171.0,WB
DZA,2014,238942664192.59,6094.69392314956,39205031.0,WB
DZA,2015,187493855609.345,4685.05902729002,40019529.0,WB
DZA,2016,180763839522.151,4424.98529027556,40850721.0,WB
DZA,2017,189880896903.073,4554.66753957828,41689299.0,WB
DZA,2018,194554483655.528,4577.21029180491,42505035.0,WB
DZA,2019,193459662090.677,4468.45341883656,43294546.0,WB
DZA,2020,164873415325.201,3743.5419522929,44042091.0,WB
DZA,2021,186231205262.082,4160.55926736925,44761099.0,WB
DZA,2022,225581644702.568,4960.30334332888,45477389.0,WB
DZA,2023,247923887214.655,5370.477235078,46164219.0,WB
DZA,2024,269322281664.773,5752.99076651465,46814308.0,WB
DZA,2025,278396312269.05945,6197.6399456262025,44919729.88290958,OptionA
DZA,2030,327340419143.0573,6991.659309579258,46818702.778404675,OptionA
DZA,2035,367362248172.49164,7583.402501795763,48442931.53178927,OptionA
DZA,2040,403259594041.7374,8083.341001740563,49887737.50295882,OptionA
DZA,2045,446224310517.3475,8723.395888592266,51152591.974059395,OptionA
DZA,2050,500335273205.28754,9606.370281839416,52083696.393752165,OptionA
DZA,2055,564346675755.9937,10728.7330566267,52601427.65947745,OptionA
DZA,2060,638500958326.1251,12110.716030617496,52721982.475017175,OptionA
DZA,2065,723182184530.1909,13759.38278414701,52559202.391215645,OptionA
DZA,2070,812867639611.4298,15580.51046703073,52172080.069616795,OptionA
ECU,2012,87735048000.0,5634.08393191094,15572194.0,WB
ECU,2013,96570334000.0,6109.29031510341,15807128.0,WB
ECU,2014,102717794000.0,6405.79979300441,16035124.0,WB
ECU,2015,97209558000.0,5976.1596805651,16266225.0,WB
ECU,2016,97671433000.0,5917.63771271481,16505139.0,WB
ECU,2017,104467486000.0,6233.32244797718,16759519.0,WB
ECU,2018,107478961000.0,6303.91886658338,17049547.0,WB
ECU,2019,107595830000.0,6205.05765246766,17340021.0,WB
ECU,2020,95865473000.0,5463.64515348598,17546065.0,WB
ECU,2021,107179074000.0,6061.32350181711,17682454.0,WB
ECU,2022,116133121000.0,6515.58528418336,17823897.0,WB
ECU,2023,121147057000.0,6737.84748379638,17980083.0,WB
ECU,2024,124676074700.0,6874.705739766,18135478.0,WB
ECU,2025,138267757199.0272,7626.649406476133,18129554.64841714,OptionA
ECU,2030,164658980000.92886,8693.16540656545,18941199.47108925,OptionA
ECU,2035,194037310938.5902,9871.39598084702,19656521.86530367,OptionA
ECU,2040,228346206637.22385,11262.35378862696,20275176.124178786,OptionA
ECU,2045,267600204764.49857,12878.9985222743,20778028.99827052,OptionA
ECU,2050,311702132489.15393,14723.515411687356,21170360.730680417,OptionA
ECU,2055,361054453663.49744,16835.562390398853,21445939.57071509,OptionA
ECU,2060,415408497656.35065,19221.69962387309,21611434.25321343,OptionA
ECU,2065,474150621864.00433,21849.97215903556,21700284.94374672,OptionA
ECU,2070,537054344726.9853,24726.37593530556,21719897.25191196,OptionA
EGY,2012,279116666666.667,2996.0677072015,93161001.0,WB
EGY,2013,288434108527.132,3025.52563552448,95333553.0,WB
EGY,2014,305595408895.265,3133.39102265541,97528654.0,WB
EGY,2015,329366576819.407,3306.98159414141,99597342.0,WB
EGY,2016,332441717791.411,3270.6287768197,101644589.0,WB
EGY,2017,248362771739.13,2395.10333299491,103696057.0,WB
EGY,2018,262588632526.73,2484.70315630508,105682094.0,WB
EGY,2019,318678815489.749,2962.98892023003,107553158.0,WB
EGY,2020,383817841547.099,3511.11381026379,109315124.0,WB
EGY,2021,424671765455.704,3827.35415374308,110957008.0,WB
EGY,2022,476747720364.742,4233.30783744856,112618250.0,WB
EGY,2023,395926075163.006,3456.78968456253,114535772.0,WB
EGY,2024,389059911003.566,3338.47371395895,116538258.0,WB
EGY,2025,580837445472.3894,5088.621923024141,114144350.72181602,OptionA
EGY,2030,750463482191.9446,6221.188926572675,120630235.00001366,OptionA
EGY,2035,952358334647.5115,7520.213620717752,126639798.10677446,OptionA
EGY,2040,1187322224909.4138,8985.094301609555,132143546.3060996,OptionA
EGY,2045,1448741716749.1313,10571.31580032172,137044597.29649183,OptionA
EGY,2050,1731980101929.338,12267.77049788478,141181325.6718462,OptionA
EGY,2055,2043016456568.669,14119.342575796269,144696287.7769436,OptionA
EGY,2060,2382443056398.9863,16142.21396332552,147590848.55471525,OptionA
EGY,2065,2742952691842.326,18308.92018315049,149815099.1103581,OptionA
EGY,2070,3114469867689.9756,20589.605154898843,151264186.18809482,OptionA
ERI,2012,,,3036988.0,WB
ERI,2013,,,3074360.0,WB
ERI,2014,,,3095173.0,WB
ERI,2015,,,3105546.0,WB
ERI,2016,,,3124698.0,WB
ERI,2017,,,3150347.0,WB
ERI,2018,,,3192760.0,WB
ERI,2019,,,3240194.0,WB
ERI,2020,,,3291271.0,WB
ERI,2021,,,3350183.0,WB
ERI,2022,,,3409447.0,WB
ERI,2023,,,3470390.0,WB
ERI,2024,,,3535603.0,WB
ERI,2025,,,3939648.350742473,OptionA
ERI,2030,,,4353604.189924001,OptionA
ERI,2035,,,4778455.824438182,OptionA
ERI,2040,,,5196794.514680196,OptionA
ERI,2045,,,5583760.870075573,OptionA
ERI,2050,,,5931260.173092232,OptionA
ERI,2055,,,6241943.284409648,OptionA
ERI,2060,,,6521331.134877782,OptionA
ERI,2065,,,6766458.2646256685,OptionA
ERI,2070,,,6977598.978913674,OptionA
ESP,2012,1330994811670.31,28456.4438151477,46773055.0,WB
ESP,2013,1362186923157.65,29228.846559842,46604197.0,WB
ESP,2014,1380244561361.96,29707.765509467,46460733.0,WB
ESP,2015,1206164777553.12,25982.4416197775,46422303.0,WB
ESP,2016,1243015667917.12,26755.6061149398,46458139.0,WB
ESP,2017,1321754088818.83,28381.3425596906,46571232.0,WB
ESP,2018,1431642809327.06,30602.4212881113,46782011.0,WB
ESP,2019,1403496387686.27,29786.5245689007,47118501.0,WB
ESP,2020,1289783836971.21,27233.9426461608,47359424.0,WB
ESP,2021,1461244901852.69,30799.4775937775,47443821.0,WB
ESP,2022,1448850658406.62,30319.4987196616,47786102.0,WB
ESP,2023,1619481980719.64,33493.2225409111,48352528.0,WB
ESP,2024,1725671652742.19,35326.7683069278,48848840.0,WB
ESP,2025,1355424559254.055,28182.761039737656,48094101.118868664,OptionA
ESP,2030,1444886739997.9326,29639.351271685024,48748932.685927495,OptionA
ESP,2035,1542375005819.8633,31194.423202674858,49443934.12241736,OptionA
ESP,2040,1641856678393.2056,32723.796894619525,50173171.64265743,OptionA
ESP,2045,1741435904574.8809,34275.64893680394,50806796.037200354,OptionA
ESP,2050,1852977411899.147,36171.63962771469,51227354.66156189,OptionA
ESP,2055,1986132565371.5688,38653.29975277646,51383260.370388046,OptionA
ESP,2060,2141417662862.665,41735.31798716731,51309484.77548688,OptionA
ESP,2065,2310379592178.66,45299.34092848897,51002499.03913395,OptionA
ESP,2070,2476954219041.672,48982.4661048143,50568181.14754376,OptionA
EST,2012,23237406116.3988,17568.2137969714,1322696.0,WB
EST,2013,25451032780.7573,19310.3874900757,1317997.0,WB
EST,2014,27055689003.0038,20581.7898991695,1314545.0,WB
EST,2015,23311847750.9394,17722.1557669523,1315407.0,WB
EST,2016,24561027787.7896,18666.3736521706,1315790.0,WB
EST,2017,27469461919.1189,20851.5223496861,1317384.0,WB
EST,2018,31222632740.7247,23618.1361254581,1321977.0,WB
EST,2019,31873748770.0313,24021.2501413306,1326898.0,WB
EST,2020,31820771493.8974,23933.9939421065,1329522.0,WB
EST,2021,37201101170.5847,27951.1659277744,1330932.0,WB
EST,2022,38226641740.29,28340.3826549406,1348840.0,WB
EST,2023,41470344395.1086,30264.0064885057,1370286.0,WB
EST,2024,43130419829.35,31428.3547816104,1372341.0,WB
EST,2025,31455390423.217583,24321.600751754264,1293310.861578417,OptionA
EST,2030,35734514643.22367,27952.633119115155,1278395.2943161891,OptionA
EST,2035,40419091561.0955,31966.60371641771,1264416.1988449425,OptionA
EST,2040,45292935817.18264,36098.685035397095,1254697.6648254634,OptionA
EST,2045,50109579277.720276,40153.872834473834,1247938.8846073905,OptionA
EST,2050,54542640932.80814,43937.25024360784,1241375.8400992155,OptionA
EST,2055,58530714046.04757,47471.24429432169,1232971.9794820875,OptionA
EST,2060,63109301254.5188,51604.9239418873,1222931.7753783858,OptionA
EST,2065,68174936413.3308,56302.631875726125,1210865.8892502538,OptionA
EST,2070,73284313356.97481,61154.49213046003,1198347.1827488716,OptionA
ETH,2012,43310721414.0829,452.101031885754,95798767.0,WB
ETH,2013,47648276605.0123,484.039833104062,98438751.0,WB
ETH,2014,55612228233.5179,549.986577082588,101115610.0,WB
ETH,2015,62103418181.8182,597.912113218663,103867135.0,WB
ETH,2016,68475871209.607,641.651523286233,106718162.0,WB
ETH,2017,76366081766.6667,696.348429076216,109666481.0,WB
ETH,2018,83337901071.9697,739.702022272086,112664152.0,WB
ETH,2019,91834517112.628,793.473247210264,115737383.0,WB
ETH,2020,98676811061.4035,829.790982547947,118917671.0,WB
ETH,2021,109070960371.859,893.00983544905,122138588.0,WB
ETH,2022,123140304666.0,982.103161506992,125384287.0,WB
ETH,2023,135874093202.492,1055.81091592527,128691692.0,WB
ETH,2024,149740297952.986,1133.88279681719,132059767.0,WB
ETH,2025,117139534578.0664,918.5256935220574,127529948.70388286,OptionA
ETH,2030,158606638680.16055,1140.553387881648,139061126.26147294,OptionA
ETH,2035,212464967340.91574,1417.7815058023218,149857341.53774416,OptionA
ETH,2040,286322097227.9868,1789.8666581942769,159968395.36462757,OptionA
ETH,2045,385626806971.1342,2275.6790110581837,169455711.94235295,OptionA
ETH,2050,515343986833.9484,2892.568165468724,178161397.5380386,OptionA
ETH,2055,681032886987.5747,3659.5530000185513,186097287.5605634,OptionA
ETH,2060,888294184431.1776,4600.61853926332,193081468.6873424,OptionA
ETH,2065,1143889082721.073,5749.6502412937225,198949333.3882667,OptionA
ETH,2070,1455448173429.3713,7139.85518599155,203848416.4615792,OptionA
FIN,2012,257443384492.969,47551.6740841369,5413971.0,WB
FIN,2013,270268036626.275,49691.0145200739,5438972.0,WB
FIN,2014,273478528954.901,50073.7760815871,5461512.0,WB
FIN,2015,233210733506.25,42560.3456767103,5479531.0,WB
FIN,2016,238777818792.608,43451.2562442158,5495303.0,WB
FIN,2017,253846138440.0,46085.0174739036,5508214.0,WB
FIN,2018,273869255596.078,49654.2497035329,5515525.0,WB
FIN,2019,267014821129.411,48358.1807773701,5521606.0,WB
FIN,2020,270000311606.226,48828.6846862799,5529543.0,WB
FIN,2021,294223210496.119,53099.1351400148,5541017.0,WB
FIN,2022,280253099309.34,50440.560224974,5556106.0,WB
FIN,2023,295021982462.75,52834.2916752703,5583911.0,WB
FIN,2024,298696961297.656,53149.7671934051,5619911.0,WB
FIN,2025,275938375647.3801,48208.055287800446,5723905.973805361,OptionA
FIN,2030,298208570355.0573,51146.515546677096,5830476.762056402,OptionA
FIN,2035,323257330357.3027,54609.56501887694,5919426.940052754,OptionA
FIN,2040,351437644981.34845,58599.302779584235,5997300.792182598,OptionA
FIN,2045,380604613801.3041,62647.80754690549,6075306.20311555,OptionA
FIN,2050,411382096426.75714,66776.84505022793,6160550.0546982335,OptionA
FIN,2055,444327766968.4391,71051.57518342686,6253594.882609735,OptionA
FIN,2060,479706367421.7743,75539.05644479481,6350441.612576292,OptionA
FIN,2065,518972753104.20996,80566.60617613963,6441536.732596134,OptionA
FIN,2070,561043442886.3241,85981.2851411683,6525180.9386795685,OptionA
FJI,2012,3972028104.47328,4341.40338748749,914918.0,WB
FJI,2013,4189967998.51424,4572.44377544245,916352.0,WB
FJI,2014,4857104768.86844,5293.35676680464,917585.0,WB
FJI,2015,4682479893.97558,5097.53106864695,918578.0,WB
FJI,2016,4930213644.36653,5363.79026679243,919166.0,WB
FJI,2017,5353469174.47838,5826.84814459328,918759.0,WB
FJI,2018,5581425327.44397,6085.41979485376,917180.0,WB
FJI,2019,5344907153.46698,5842.07344577597,914899.0,WB
FJI,2020,4227719873.3865,4620.6457238014,914963.0,WB
FJI,2021,4158873156.17978,4536.73312110335,916711.0,WB
FJI,2022,4977861885.60316,5414.12092119088,919422.0,WB
FJI,2023,5476673518.13788,5926.20586394763,924145.0,WB
FJI,2024,5968125909.27126,6425.74151715712,928784.0,WB
FJI,2025,6038090381.611998,6237.4824301553945,968033.2488666538,OptionA
FJI,2030,7079956957.262695,7197.595103399901,983655.9094465264,OptionA
FJI,2035,8304150183.652265,8351.386363267924,994343.911590126,OptionA
FJI,2040,9760395510.982216,9768.884702625048,999130.9968434216,OptionA
FJI,2045,11455796574.995626,11474.257765194894,998391.0776124216,OptionA
FJI,2050,13414032161.502733,13504.174140983769,993324.8802525832,OptionA
FJI,2055,15659964995.604292,15916.759474551594,983866.4095315458,OptionA
FJI,2060,18180571745.104675,18731.209805152073,970603.1769557168,OptionA
FJI,2065,21039785131.691532,21994.24656970396,956604.0402890112,OptionA
FJI,2070,24205638794.521038,25683.090863111953,942473.7436601548,OptionA
FLK,2012,,,,WB
FLK,2013,,,,WB
FLK,2014,,,,WB
FLK,2015,,,,WB
FLK,2016,,,,WB
FLK,2017,,,,WB
FLK,2018,,,,WB
FLK,2019,,,,WB
FLK,2020,,,,WB
FLK,2021,,,,WB
FLK,2022,,,,WB
FLK,2023,,,,WB
FLK,2024,,,,WB
FRA,2012,2683007095787.23,40863.5814412333,65657659.0,WB
FRA,2013,2816077607875.26,42669.1795111893,65997932.0,WB
FRA,2014,2861236112552.42,43148.0459288416,66312067.0,WB
FRA,2015,2442483452642.5,36702.4323733379,66548272.0,WB
FRA,2016,2470407619777.13,37024.2157133669,66724104.0,WB
FRA,2017,2588868323334.71,38687.1626407164,66918020.0,WB
FRA,2018,2781576320884.39,41418.1766484844,67158348.0,WB
FRA,2019,2722793515171.76,40408.2848574751,67382061.0,WB
FRA,2020,2647926055110.05,39169.8606000707,67601110.0,WB
FRA,2021,2966433692008.09,43725.0999521245,67842811.0,WB
FRA,2022,2794788137066.94,40988.6396406579,68184457.0,WB
FRA,2023,3056250648138.29,44700.1384177544,68372286.0,WB
FRA,2024,3160442622465.08,46103.0840855884,68551653.0,WB
FRA,2025,2910894602403.5103,41312.45318577542,70460463.56321877,OptionA
FRA,2030,3185655384371.3247,44038.5149805938,72337938.41084626,OptionA
FRA,2035,3490052801558.086,47077.22138399923,74134638.76914997,OptionA
FRA,2040,3821260224666.287,50400.4905043493,75817917.37396945,OptionA
FRA,2045,4170748825008.987,53928.87538701621,77337952.90700845,OptionA
FRA,2050,4523872174596.157,57486.55689940466,78694436.03158301,OptionA
FRA,2055,4891989312445.981,61195.95907183196,79939744.17009713,OptionA
FRA,2060,5290464066974.08,65214.175013832166,81124449.79717912,OptionA
FRA,2065,5709379362080.932,69458.75801454142,82198120.5147039,OptionA
FRA,2070,6137893021284.589,73789.90204155921,83180663.63372682,OptionA
FSM,2012,322838077.579294,2992.28916099077,107890.0,WB
FSM,2013,312808581.662958,2893.13437410825,108121.0,WB
FSM,2014,313994033.967662,2896.73082002714,108396.0,WB
FSM,2015,310175057.802073,2853.07643587028,108716.0,WB
FSM,2016,325000000.0,2979.60119184048,109075.0,WB
FSM,2017,359000000.0,3279.10779039285,109481.0,WB
FSM,2018,392000000.0,3566.58690371125,109909.0,WB
FSM,2019,394000000.0,3572.65918282222,110282.0,WB
FSM,2020,372902700.0,3362.02802120524,110916.0,WB
FSM,2021,391601900.0,3508.22314197664,111624.0,WB
FSM,2022,415956900.0,3710.12451611752,112114.0,WB
FSM,2023,441469400.0,3919.64307910859,112630.0,WB
FSM,2024,471425099.488675,4166.00476748564,113160.0,WB
GAB,2012,17170464016.0593,9296.96587941088,1846889.0,WB
GAB,2013,17595744798.3398,9197.70106323947,1913059.0,WB
GAB,2014,18203966895.8433,9201.36276648105,1978399.0,WB
GAB,2015,14383107762.6952,7047.12654634355,2040989.0,WB
GAB,2016,14023890265.3665,6677.07003901644,2100306.0,WB
GAB,2017,14929487485.1623,6921.73373135624,2156900.0,WB
GAB,2018,16867326401.9626,7624.2775233771,2212318.0,WB
GAB,2019,16874405465.391,7441.1786472281,2267706.0,WB
GAB,2020,15342236163.9864,6605.80346077565,2322539.0,WB
GAB,2021,19444935097.2395,8181.40914134656,2376722.0,WB
GAB,2022,20440655695.1804,8409.2074145028,2430747.0,WB
GAB,2023,19388372070.9778,7802.82433276138,2484789.0,WB
GAB,2024,20895684425.6752,8230.04311451151,2538952.0,WB
GAB,2025,19480465418.26557,8307.904057459491,2344811.0719062136,OptionA
GAB,2030,22780754162.28957,9200.68485669034,2475984.6160500096,OptionA
GAB,2035,26408866422.516064,10185.017988675312,2592913.085856107,OptionA
GAB,2040,30566264650.7204,11336.85499924495,2696185.5517033744,OptionA
GAB,2045,35245200291.06508,12656.269784851856,2784801.5955893775,OptionA
GAB,2050,40372360084.47205,14126.632233538408,2857889.9356226586,OptionA
GAB,2055,45922710235.15862,15733.043428950585,2918870.11197437,OptionA
GAB,2060,51853931707.39681,17472.717693020782,2967708.4365707515,OptionA
GAB,2065,58191058296.96935,19393.64817959434,3000521.4984871685,OptionA
GAB,2070,64840511291.069374,21487.931737339262,3017531.51879187,OptionA
GBR,2012,2719715961539.83,42688.3263728372,63711000.0,WB
GBR,2013,2796908333283.39,43606.9837896348,64139000.0,WB
GBR,2014,3085362169410.29,47746.2421759562,64620000.0,WB
GBR,2015,2945579890258.46,45255.3449216209,65088000.0,WB
GBR,2016,2706807606538.73,41257.9085545556,65607000.0,WB
GBR,2017,2699118387873.1,40916.8115070354,65966000.0,WB
GBR,2018,2897028009916.05,43702.9976303165,66289000.0,WB
GBR,2019,2875710080015.3,43158.7411267323,66631000.0,WB
GBR,2020,2724001478304.59,40812.6794663879,66744000.0,WB
GBR,2021,3194559188925.93,47691.3768799404,66984000.0,WB
GBR,2022,3181244350465.41,47057.043229179,67604000.0,WB
GBR,2023,3420796653789.08,49944.4702124201,68492000.0,WB
GBR,2024,3686033044482.13,53246.3676145108,69226000.0,WB
GBR,2025,3682359147911.1646,53245.719027210325,69157844.33353895,OptionA
GBR,2030,4027927429174.9966,56707.47499739236,71029920.29463871,OptionA
GBR,2035,4385416968088.2236,60266.30722131716,72767308.47276853,OptionA
GBR,2040,4782930085203.036,64255.04586358196,74436645.72829871,OptionA
GBR,2045,5216493926094.297,68557.33174598195,76089512.13886803,OptionA
GBR,2050,5653695171850.894,72784.03642212706,77677681.1203633,OptionA
GBR,2055,6101227994612.031,77084.3997231251,79149970.89588389,OptionA
GBR,2060,6594135422287.765,81922.13547114837,80492718.90147579,OptionA
GBR,2065,7136116830344.834,87397.90252711202,81650893.48833187,OptionA
GBR,2070,7715621437555.322,93314.13125082504,82684383.74908093,OptionA
GEO,2012,16894392033.2256,4530.69533409431,3728874.0,WB
GEO,2013,17517660143.6859,4712.00229382665,3717668.0,WB
GEO,2014,17966015109.3043,4830.33486170249,3719414.0,WB
GEO,2015,15223796148.8396,4086.6223465965,3725276.0,WB
GEO,2016,15444548901.9637,4143.40125686315,3727505.0,WB
GEO,2017,16473125375.0684,4418.75206546679,3728004.0,WB
GEO,2018,17902544880.6471,4804.0546040444,3726549.0,WB
GEO,2019,17638337116.9126,4741.2832715876,3720161.0,WB
GEO,2020,16010869215.68,4300.85701291207,3722716.0,WB
GEO,2021,18853115588.8106,5083.60695484577,3708610.0,WB
GEO,2022,24984568959.605,6729.84659930283,3712502.0,WB
GEO,2023,30777833600.6515,8283.66960652261,3715483.0,WB
GEO,2024,34189423544.9955,9241.49122313713,3699557.0,WB
GEO,2025,23069975125.447353,6606.046287025995,3492251.5106737656,OptionA
GEO,2030,26734797809.672626,7953.925316880893,3361208.050688185,OptionA
GEO,2035,30515087509.976242,9443.745697966484,3231248.3294152063,OptionA
GEO,2040,34537467475.87403,11140.99306933723,3100034.912590484,OptionA
GEO,2045,38492910041.1467,12989.136520675662,2963469.5100690494,OptionA
GEO,2050,42197337354.07518,14950.572502247263,2822456.2870573937,OptionA
GEO,2055,45620627584.37814,17011.37512201522,2681771.8883488937,OptionA
GEO,2060,49044475626.353,19254.058245396896,2547227.9662433323,OptionA
GEO,2065,52890029292.2661,21809.92752798484,2425043.789091075,OptionA
GEO,2070,56769051658.49177,24534.33823191957,2313861.1329909163,OptionA
GHA,2012,41271701060.954,1543.77524235764,26734268.0,WB
GHA,2013,62845721959.827,2294.79584693743,27386193.0,WB
GHA,2014,54678533805.9064,1949.90832923846,28041592.0,WB
GHA,2015,49436806230.4839,1722.77282833606,28696068.0,WB
GHA,2016,56144179397.8516,1912.47991339951,29356742.0,WB
GHA,2017,60385409434.8567,2012.28662641265,30008354.0,WB
GHA,2018,67259353965.6087,2195.32166016377,30637585.0,WB
GHA,2019,68352629246.1555,2186.65822682613,31258945.0,WB
GHA,2020,70008243859.8666,2195.45481659987,31887809.0,WB
GHA,2021,79514204730.3979,2445.18662529344,32518665.0,WB
GHA,2022,73919003209.9866,2229.89122647803,33149152.0,WB
GHA,2023,80547146878.3843,2383.90410483418,33787914.0,WB
GHA,2024,82308110386.4641,2390.77237652715,34427414.0,WB
GHA,2025,96391982068.81764,2768.4947915070716,34817469.176579244,OptionA
GHA,2030,129551561035.97336,3423.6355498938365,37840348.117658325,OptionA
GHA,2035,170520169020.05563,4177.064739564704,40822965.32416821,OptionA
GHA,2040,222356209489.0053,5087.692932952285,43704722.8320001,OptionA
GHA,2045,287176289014.3491,6189.526125451447,46397136.58101787,OptionA
GHA,2050,367101444068.3498,7516.396855506276,48840082.70524232,OptionA
GHA,2055,465392967572.6439,9127.098893349204,50990240.49271227,OptionA
GHA,2060,584924979124.5668,11050.912181802967,52930017.85750646,OptionA
GHA,2065,727599678100.036,13305.809603320096,54682856.57104876,OptionA
GHA,2070,893719183729.2275,15895.419048010534,56224952.67534864,OptionA
GIB,2012,,,32029.0,WB
GIB,2013,,,32407.0,WB
GIB,2014,,,32813.0,WB
GIB,2015,,,33193.0,WB
GIB,2016,,,33658.0,WB
GIB,2017,,,34245.0,WB
GIB,2018,,,34854.0,WB
GIB,2019,,,35494.0,WB
GIB,2020,,,36173.0,WB
GIB,2021,,,36858.0,WB
GIB,2022,,,37609.0,WB
GIB,2023,,,38471.0,WB
GIB,2024,,,39329.0,WB
GIN,2012,7638044556.84656,699.353377212197,10921581.0,WB
GIN,2013,8376613539.28278,748.455020824734,11191873.0,WB
GIN,2014,8778473372.82124,765.146999389279,11472924.0,WB
GIN,2015,8794201742.84609,747.356966759448,11767070.0,WB
GIN,2016,8595955222.49719,711.996509782316,12073030.0,WB
GIN,2017,10324668271.1362,833.598621691121,12385659.0,WB
GIN,2018,11857030366.7891,933.273615633705,12704774.0,WB
GIN,2019,13442861496.4454,1031.34146480732,13034346.0,WB
GIN,2020,14088693742.9464,1053.66097696415,13371183.0,WB
GIN,2021,17069115737.8259,1244.96550477914,13710513.0,WB
GIN,2022,19910452541.9219,1416.59612011764,14055137.0,WB
GIN,2023,22407615556.0571,1555.49375806861,14405468.0,WB
GIN,2024,25008678293.4084,1694.95375862193,14754785.0,WB
GIN,2025,27208626692.439964,1999.129502815994,13610237.182790618,OptionA
GIN,2030,41140421776.51388,2852.758458090807,14421277.644391555,OptionA
GIN,2035,58452400756.569695,3858.443512069137,15149217.702353736,OptionA
GIN,2040,80442132782.59467,5098.145700959387,15778704.160506198,OptionA
GIN,2045,107676775899.09453,6604.3062721053475,16304025.201540038,OptionA
GIN,2050,140661699143.43277,8415.292452752035,16715010.195211036,OptionA
GIN,2055,179623245404.9304,10561.559776210712,17007264.95053516,OptionA
GIN,2060,224463853093.36285,13043.325432626458,17209097.039922886,OptionA
GIN,2065,275770842981.8824,15854.595050643842,17393748.758703463,OptionA
GIN,2070,333405027201.7683,18995.579173609967,17551716.85762331,OptionA
GMB,2012,1415004738.26621,692.579361628102,2043094.0,WB
GMB,2013,1375609453.43746,653.862713272743,2103820.0,WB
GMB,2014,1229461721.40861,568.00453558864,2164528.0,WB
GMB,2015,1378176608.93204,619.536364296461,2224529.0,WB
GMB,2016,1484578885.97132,650.056501323611,2283769.0,WB
GMB,2017,1504909462.69521,642.522641296331,2342189.0,WB
GMB,2018,1670671327.81651,696.219806960615,2399632.0,WB
GMB,2019,1813609692.49994,738.186751987483,2456844.0,WB
GMB,2020,1812170891.19069,720.335143352133,2515733.0,WB
GMB,2021,2014158842.14596,781.890925169531,2576010.0,WB
GMB,2022,2204734527.88096,836.244875868476,2636470.0,WB
GMB,2023,2382262184.68273,883.024111719809,2697845.0,WB
GMB,2024,2404888749.21907,871.340291776294,2759988.0,WB
GMB,2025,2408467221.2835174,883.8334980473933,2725023.6912319083,OptionA
GMB,2030,3228890008.6084843,1092.9590693629634,2954264.3444922953,OptionA
GMB,2035,4261185727.5684943,1343.04464041671,3172780.4120095107,OptionA
GMB,2040,5578874953.809774,1650.7609044232815,3379577.8291459107,OptionA
GMB,2045,7223062372.807264,2027.586104939705,3562394.886811507,OptionA
GMB,2050,9250225154.034657,2488.5831295724956,3717064.961227041,OptionA
GMB,2055,11716506282.53089,3046.652521175965,3845698.254426627,OptionA
GMB,2060,14665349734.814196,3709.034908379926,3953953.008552268,OptionA
GMB,2065,18141870409.576565,4479.777383636852,4049725.880541035,OptionA
GMB,2070,22167456110.642372,5362.312184542641,4133936.135710656,OptionA
GNB,2012,1049412177.11413,635.461653303881,1651417.0,WB
GNB,2013,1109682824.13594,654.304534409417,1695973.0,WB
GNB,2014,1135250721.0374,652.022501029449,1741122.0,WB
GNB,2015,1152384166.79638,645.066837207039,1786457.0,WB
GNB,2016,1245074264.10396,679.665386626818,1831893.0,WB
GNB,2017,1469978606.12143,783.123186602022,1877072.0,WB
GNB,2018,1554133593.91699,808.531613218504,1922168.0,WB
GNB,2019,1596227316.34846,811.216425885129,1967696.0,WB
GNB,2020,1705057581.09946,846.915855715971,2013255.0,WB
GNB,2021,1908094558.33981,926.780921081233,2058841.0,WB
GNB,2022,1859601384.05928,883.199131457831,2105529.0,WB
GNB,2023,2127688181.12014,988.087886357022,2153339.0,WB
GNB,2024,2218393804.54798,1007.74151728028,2201352.0,WB
GNB,2025,1909779514.5172067,913.467303796216,2090692.7993815271,OptionA
GNB,2030,2618587236.157834,1176.1748677658793,2226358.7736165356,OptionA
GNB,2035,3612632903.845779,1533.568420619796,2355703.765982429,OptionA
GNB,2040,4983375578.437898,2013.076615986898,2475502.1934397807,OptionA
GNB,2045,6826847273.833884,2644.5924851546806,2581436.3884629225,OptionA
GNB,2050,9237365146.542372,3458.842463782578,2670652.174323205,OptionA
GNB,2055,12314390925.245195,4488.672286442656,2743437.2882241635,OptionA
GNB,2060,16145953956.01707,5763.560336940436,2801385.4305528253,OptionA
GNB,2065,20817225489.28095,7312.932287147224,2846631.7848817045,OptionA
GNB,2070,26386510676.333076,9161.133149350444,2880267.129203768,OptionA
GNQ,2012,22388344143.9131,17308.5723924575,1293483.0,WB
GNQ,2013,21948834283.7856,16304.0713196418,1346218.0,WB
GNQ,2014,21765453081.9826,15548.6624656619,1399828.0,WB
GNQ,2015,13185496881.0174,9068.91003238645,1453923.0,WB
GNQ,2016,11240808847.8878,7453.19797948517,1508186.0,WB
GNQ,2017,12200913878.9827,7809.10465655488,1562396.0,WB
GNQ,2018,13097012133.6159,8102.47084834031,1616422.0,WB
GNQ,2019,11364133549.7478,6804.14923073888,1670177.0,WB
GNQ,2020,9893816007.7398,5764.05502912947,1716468.0,WB
GNQ,2021,12215878032.7166,6945.63069794539,1758786.0,WB
GNQ,2022,13687643435.6249,7589.29964909381,1803545.0,WB
GNQ,2023,12337550583.754,6677.793435386,1847549.0,WB
GNQ,2024,12765777677.0622,6745.40013244916,1892516.0,WB
GNQ,2025,17380243926.317604,9537.474696257905,1822310.8820552744,OptionA
GNQ,2030,20362597250.27933,10195.893231623437,1997137.159804988,OptionA
GNQ,2035,23575882711.638863,10877.83673090224,2167331.914870854,OptionA
GNQ,2040,27138166966.22796,11647.371074911638,2329982.1729457383,OptionA
GNQ,2045,31040087900.36833,12497.836228897906,2483636.9537789607,OptionA
GNQ,2050,35225472831.990234,13412.407222246064,2626334.873993732,OptionA
GNQ,2055,39649071544.981964,14368.50048630196,2759443.936601522,OptionA
GNQ,2060,44356654372.88178,15396.03974833841,2881043.1187454485,OptionA
GNQ,2065,49240036890.96282,16481.894527122342,2987522.8730492243,OptionA
GNQ,2070,54218080780.67989,17632.095026754407,3074965.3230890045,OptionA
GRC,2012,238841140018.233,21624.346052551,11045011.0,WB
GRC,2013,236556279640.705,21573.3449762805,10965211.0,WB
GRC,2014,233911581521.062,21474.7257123892,10892413.0,WB
GRC,2015,194567373678.099,17980.7298238137,10820883.0,WB
GRC,2016,193097239005.87,17919.2426377048,10775971.0,WB
GRC,2017,200381103984.298,18631.9930129293,10754679.0,WB
GRC,2018,213298873494.394,19873.4015238771,10732882.0,WB
GRC,2019,207305649887.019,19335.3602002969,10721582.0,WB
GRC,2020,191362985554.861,17886.733165236,10698599.0,WB
GRC,2021,218303801895.326,20654.7001960815,10569207.0,WB
GRC,2022,217990189600.69,20886.5243087629,10436882.0,WB
GRC,2023,242946187738.269,23343.7103964562,10407351.0,WB
GRC,2024,256238371778.118,24626.1481858973,10405134.0,WB
GRC,2025,240441832522.7292,22311.375895342888,10776647.4667713,OptionA
GRC,2030,265547642407.595,24690.91990055616,10754870.352222623,OptionA
GRC,2035,291947323963.0565,27177.44345397366,10742265.896256344,OptionA
GRC,2040,319399839584.3979,29773.447321805863,10727674.096055102,OptionA
GRC,2045,347318512837.5004,32472.63145008383,10695730.445233252,OptionA
GRC,2050,376680379799.33997,35431.70973891489,10631165.771422803,OptionA
GRC,2055,408650455559.37476,38790.728295701294,10534745.634168992,OptionA
GRC,2060,443352290839.51874,42559.211178276266,10417305.174721412,OptionA
GRC,2065,479147891099.551,46663.34958295016,10268184.675594354,OptionA
GRC,2070,514566775354.7293,50949.88748660667,10099468.3352342,OptionA
GRD,2012,799881481.481481,7092.71985352677,112775.0,WB
GRD,2013,842618518.518518,7424.80212287327,113487.0,WB
GRD,2014,911496296.296296,7986.33421210788,114132.0,WB
GRD,2015,997007407.407407,8694.12438005692,114676.0,WB
GRD,2016,1061640740.74074,9221.23461079424,115130.0,WB
GRD,2017,1125685185.18519,9751.42661155932,115438.0,WB
GRD,2018,1166514814.81481,10083.021279225,115691.0,WB
GRD,2019,1213485185.18519,10462.7929159533,115981.0,WB
GRD,2020,1043411111.11111,8968.55890108484,116341.0,WB
GRD,2021,1122222222.22222,9617.28902905373,116688.0,WB
GRD,2022,1224007407.40741,10469.3867012856,116913.0,WB
GRD,2023,1336418518.51852,11414.4781691181,117081.0,WB
GRD,2024,1371918518.51852,11705.0902976658,117207.0,WB
GRL,2012,2609678486.36749,45936.9562817724,56810.0,WB
GRL,2013,2684946990.12448,47535.4883792376,56483.0,WB
GRL,2014,2842065708.35962,50485.2244135291,56295.0,WB
GRL,2015,2499113022.81675,44536.3549705377,56114.0,WB
GRL,2016,2707139544.46695,48181.7453541266,56186.0,WB
GRL,2017,2851613679.03433,50765.7494665372,56172.0,WB
GRL,2018,3055782146.15957,54545.135857765,56023.0,WB
GRL,2019,2997309971.87623,53309.2035905065,56225.0,WB
GRL,2020,3089625554.40473,54812.6661771023,56367.0,WB
GRL,2021,3293578467.57327,58135.9939910203,56653.0,WB
GRL,2022,3152334771.77992,55635.0006491223,56661.0,WB
GRL,2023,3326543974.39193,58498.9707973609,56865.0,WB
GRL,2024,,,56836.0,WB
GTM,2012,49593929487.1263,3286.61959336267,15089647.0,WB
GTM,2013,52996420177.4409,3444.15802275864,15387337.0,WB
GTM,2014,57852159007.6243,3689.14510410202,15681725.0,WB
GTM,2015,62186066547.6566,3893.50533299068,15971743.0,WB
GTM,2016,66053408205.8838,4060.13784737643,16268760.0,WB
GTM,2017,71653780740.4226,4324.99768915601,16567357.0,WB
GTM,2018,73328356007.6152,4352.94593289707,16845685.0,WB
GTM,2019,77172331693.4093,4511.99839552697,17103803.0,WB
GTM,2020,77719468248.3666,4477.61785000665,17357325.0,WB
GTM,2021,86455522272.7383,4912.62240414681,17598650.0,WB
GTM,2022,95641446500.6523,5358.70156997677,17847877.0,WB
GTM,2023,104368755054.601,5758.32760847852,18124838.0,WB
GTM,2024,113199581158.203,6150.02571438505,18406359.0,WB
GTM,2025,93527941536.17912,4932.783961886442,18960477.948929124,OptionA
GTM,2030,118302483438.99382,5804.652456721958,20380631.62627352,OptionA
GTM,2035,148217433909.68906,6829.775268161013,21701656.070683293,OptionA
GTM,2040,184752792097.54788,8072.159503759647,22887653.794687577,OptionA
GTM,2045,229118833614.94705,9556.874488942043,23974243.240303427,OptionA
GTM,2050,282330066991.0249,11320.33057826551,24940090.31265262,OptionA
GTM,2055,345022517727.3251,13380.580846162857,25785316.922640696,OptionA
GTM,2060,417331917668.2263,15757.11164272922,26485305.62774778,OptionA
GTM,2065,500405896959.46906,18454.37710307491,27115837.839690093,OptionA
GTM,2070,594730828043.4103,21493.030279982788,27670869.128086787,OptionA
GUM,2012,5265000000.0,31653.7506538168,166331.0,WB
GUM,2013,5399000000.0,32530.7593121483,165966.0,WB
GUM,2014,5610000000.0,33900.1486530583,165486.0,WB
GUM,2015,5799000000.0,35165.7014644795,164905.0,WB
GUM,2016,5901000000.0,35930.6594898711,164233.0,WB
GUM,2017,6013000000.0,36779.0078903909,163490.0,WB
GUM,2018,6051000000.0,37195.9503070464,162679.0,WB
GUM,2019,6355000000.0,39274.9431424899,161808.0,WB
GUM,2020,5916000000.0,36482.9363953675,162158.0,WB
GUM,2021,6234000000.0,38074.8793745801,163730.0,WB
GUM,2022,6910000000.0,41833.1517132825,165180.0,WB
GUM,2023,,,166506.0,WB
GUM,2024,,,167777.0,WB
GUY,2012,4063088535.76331,5444.39751913913,746288.0,WB
GUY,2013,4167800928.83553,5556.91231156932,750021.0,WB
GUY,2014,4127660151.8087,5472.68820452237,754229.0,WB
GUY,2015,4279840193.7046,5640.41560569466,758781.0,WB
GUY,2016,4482697336.56174,5870.87823759835,763548.0,WB
GUY,2017,4748174334.14044,6178.6650437298,768479.0,WB
GUY,2018,4787636997.85343,6048.38697180418,791556.0,WB
GUY,2019,5173760191.84652,6405.82443444562,807665.0,WB
GUY,2020,5471256594.72422,6775.70939096303,807481.0,WB
GUY,2021,8041362110.31175,9860.87014834386,815482.0,WB
GUY,2022,14718388489.2086,17913.4928066879,821637.0,WB
GUY,2023,16918503597.1223,20473.7002190617,826353.0,WB
GUY,2024,24662709832.1343,29675.2443873316,831087.0,WB
GUY,2025,6304604471.54504,8111.537478089118,777239.1471499744,OptionA
GUY,2030,7343126274.903534,9440.152578512803,777860.9735204477,OptionA
GUY,2035,8371757394.420521,10836.320528466937,772564.5778406032,OptionA
GUY,2040,9514837855.532114,12493.497021433808,761583.2331979177,OptionA
GUY,2045,10895294728.839937,14602.542564264968,746123.1275916751,OptionA
GUY,2050,12514540969.178488,17187.30726870877,728126.9121174365,OptionA
GUY,2055,14283560421.974184,20187.090950625785,707559.1256268355,OptionA
GUY,2060,16022907823.245352,23403.252632899737,684644.4840201711,OptionA
GUY,2065,17772145908.358025,26818.066295726872,662693.0410411357,OptionA
GUY,2070,19772889954.011944,30803.80392017883,641897.6696919954,OptionA
HKG,2012,262628865879.697,36730.796195815,7150100.0,WB
HKG,2013,275696879834.966,38403.7777145477,7178900.0,WB
HKG,2014,291459995978.893,40315.3739510191,7229500.0,WB
HKG,2015,309385622601.348,42432.1619740441,7291300.0,WB
HKG,2016,320860317562.562,43734.1980702999,7336600.0,WB
HKG,2017,341273289534.466,46160.429791493,7393200.0,WB
HKG,2018,361731070995.726,48537.5668888343,7452600.0,WB
HKG,2019,363074545072.389,48359.0011950597,7507900.0,WB
HKG,2020,344943149590.058,46109.2299946609,7481000.0,WB
HKG,2021,368954169748.818,49770.5642374739,7413100.0,WB
HKG,2022,358679533984.718,48825.8441873536,7346100.0,WB
HKG,2023,381043026173.935,50562.3633144379,7536100.0,WB
HKG,2024,406863396487.342,54074.6928519479,7524100.0,WB
HKG,2025,421885650137.2628,53621.73372319896,7867810.696220323,OptionA
HKG,2030,471361931778.50696,57657.95113753467,8175141.892471023,OptionA
HKG,2035,522639971673.2561,61702.037397766864,8470384.345722944,OptionA
HKG,2040,572590862805.6676,65552.65249884532,8734823.702454353,OptionA
HKG,2045,618560307651.0657,68943.25663992934,8972020.438222507,OptionA
HKG,2050,659540200493.9529,71853.34825324164,9178976.575586343,OptionA
HKG,2055,697328783961.9739,74587.52404975399,9349134.360550929,OptionA
HKG,2060,734149691411.8927,77390.51519405039,9486300.608945068,OptionA
HKG,2065,768422649019.4161,80412.56784874367,9556001.873548198,OptionA
HKG,2070,799481445683.9801,83592.43038242537,9564041.170073032,OptionA
HND,2012,18528554397.5695,2126.03474686503,8715076.0,WB
HND,2013,18499729214.904,2081.12843527945,8889278.0,WB
HND,2014,19756533971.8698,2179.88171977271,9063122.0,WB
HND,2015,20979791685.416,2271.20265980349,9237305.0,WB
HND,2016,21717604952.1835,2307.34468351082,9412380.0,WB
HND,2017,23136247990.5977,2413.0076562942,9588137.0,WB
HND,2018,24067750760.499,2464.64241531918,9765210.0,WB
HND,2019,24882225741.8119,2502.32744328073,9943633.0,WB
HND,2020,23352232483.755,2307.61494319511,10119640.0,WB
HND,2021,28144331506.6149,2735.14751503977,10289877.0,WB
HND,2022,31426041806.7985,3003.28996826399,10463872.0,WB
HND,2023,34355805527.9795,3227.45762509776,10644851.0,WB
HND,2024,37093565854.0437,3426.43483328923,10825703.0,WB
HND,2025,31606862576.914696,2975.379551166377,10622800.228805937,OptionA
HND,2030,39702854048.73875,3537.29085487019,11224085.232933369,OptionA
HND,2035,49501547461.13313,4205.806012156309,11769812.330396516,OptionA
HND,2040,61604914872.86813,5026.065083869417,12257086.576650605,OptionA
HND,2045,76277983805.39346,6021.1780879006365,12668282.301543549,OptionA
HND,2050,93723187340.41953,7206.2249010182995,13005864.87762485,OptionA
HND,2055,114150283440.90273,8594.528381793862,13281739.075143658,OptionA
HND,2060,137671143020.4198,10202.272048866447,13494165.06058728,OptionA
HND,2065,164691298140.68674,12063.648487002378,13651864.800116524,OptionA
HND,2070,195374559782.29794,14203.075946189114,13755792.091974253,OptionA
HRV,2012,57548115904.416,13507.7805260991,4260368.0,WB
HRV,2013,59846265181.8502,14134.9474982889,4233922.0,WB
HRV,2014,59606934500.9957,14186.7295493276,4201598.0,WB
HRV,2015,50998893384.8289,12283.7840620053,4151725.0,WB
HRV,2016,52650714171.8617,12820.1653893008,4106867.0,WB
HRV,2017,56182782585.9052,13901.7878144679,4041407.0,WB
HRV,2018,61667925219.0755,15460.3669595491,3988775.0,WB
HRV,2019,61466721186.3116,15563.5987295029,3949390.0,WB
HRV,2020,57959843541.3699,14807.5608543265,3914206.0,WB
HRV,2021,69002365163.3368,17788.7865816658,3878981.0,WB
HRV,2022,71196498671.1145,18465.5414420364,3855641.0,WB
HRV,2023,85624153964.0987,22184.2279304842,3859686.0,WB
HRV,2024,92983810328.9088,24050.4397933135,3866200.0,WB
HRV,2025,61272618556.7087,15003.565597944034,4083870.47443609,OptionA
HRV,2030,66153778309.76848,16358.172629307795,4044081.1946956334,OptionA
HRV,2035,71120633066.27998,17774.884553807613,4001186.7785124383,OptionA
HRV,2040,75972076003.62668,19203.15114179751,3956229.654323042,OptionA
HRV,2045,80357725131.8891,20560.03578065456,3908442.864068342,OptionA
HRV,2050,84390919004.01945,21874.597890236648,3857941.500341174,OptionA
HRV,2055,88521556388.1393,23263.687157428023,3805138.7034696536,OptionA
HRV,2060,92849845151.18805,24758.280275564262,3750254.2227388984,OptionA
HRV,2065,97167076494.43661,26369.071028616727,3684888.1171804336,OptionA
HRV,2070,101413816786.45872,28091.489808297418,3610125.966210023,OptionA
HTI,2012,13708925477.1304,1361.39396587374,10069771.0,WB
HTI,2013,14902488604.2421,1457.83221179626,10222362.0,WB
HTI,2014,15146883497.6331,1460.18898613914,10373235.0,WB
HTI,2015,14849629308.6025,1411.12684746796,10523242.0,WB
HTI,2016,14069277526.2278,1318.40268167953,10671457.0,WB
HTI,2017,15093357161.1498,1395.23945184461,10817754.0,WB
HTI,2018,16403864617.8458,1496.38048970156,10962362.0,WB
HTI,2019,15016090929.5125,1352.17204191532,11105163.0,WB
HTI,2020,14508222518.3018,1290.32538667383,11243848.0,WB
HTI,2021,20944387975.7051,1841.33189337222,11374586.0,WB
HTI,2022,20253551920.5516,1760.62635668777,11503606.0,WB
HTI,2023,19850585722.3241,1705.75808460999,11637398.0,WB
HTI,2024,25224154990.7946,2142.62330526788,11772557.0,WB
HTI,2025,26054463718.897312,2269.7434599694648,11479034.60387009,OptionA
HTI,2030,35161886412.50801,2964.2866649580205,11861837.395205488,OptionA
HTI,2035,46922455048.06142,3855.1074558927,12171503.799806774,OptionA
HTI,2040,62269620541.905594,5013.1325337855615,12421299.481361208,OptionA
HTI,2045,81679237456.53085,6481.139744664516,12602603.966959955,OptionA
HTI,2050,105509623136.35448,8304.171868989306,12705616.502274534,OptionA
HTI,2055,134303959288.19994,10543.300202735343,12738322.603519935,OptionA
HTI,2060,168179783130.14044,13253.956032359103,12689025.278153554,OptionA
HTI,2065,207522799319.5423,16475.473942272336,12595862.191683954,OptionA
HTI,2070,252437992556.04352,20272.017371613296,12452534.344683915,OptionA
HUN,2012,128470269689.958,12950.1594488143,9920362.0,WB
HUN,2013,135646053778.582,13739.4620151401,9872734.0,WB
HUN,2014,141128696412.321,14352.501883174,9833038.0,WB
HUN,2015,125244126623.289,12782.9412577973,9797755.0,WB
HUN,2016,128983560865.293,13215.8605277789,9759755.0,WB
HUN,2017,143335098991.862,14736.1668157258,9726756.0,WB
HUN,2018,161184691013.835,16605.0570511887,9706964.0,WB
HUN,2019,164936682033.992,17012.8598553199,9694824.0,WB
HUN,2020,158468487754.196,16386.9308821258,9670419.0,WB
HUN,2021,183282685440.486,19030.628130329,9630932.0,WB
HUN,2022,177002580544.155,18428.028825614,9605074.0,WB
HUN,2023,213240316634.648,22230.6277875187,9592186.0,WB
HUN,2024,222722738925.641,23292.3263882478,9562065.0,WB
HUN,2025,150242606660.53455,15718.22052385644,9558499.731728714,OptionA
HUN,2030,167149879792.09055,17715.087393812297,9435453.299004007,OptionA
HUN,2035,185518858537.19714,19954.89782636497,9296908.465854656,OptionA
HUN,2040,203672776880.88892,22257.897162675556,9150584.86398389,OptionA
HUN,2045,222159510009.721,24679.974902388745,9001610.045730576,OptionA
HUN,2050,241637636333.27188,27303.944380395773,8849916.809337176,OptionA
HUN,2055,261503576495.43967,30083.053563326157,8692720.502756247,OptionA
HUN,2060,282482189816.4028,33132.62998033883,8525800.396286983,OptionA
HUN,2065,304487452135.59546,36541.92666806235,8332550.57680682,OptionA
HUN,2070,325858109991.5967,40139.04460757912,8118232.837312417,OptionA
IDN,2012,917869913332.649,3632.27254030331,252698525.0,WB
IDN,2013,912524136718.018,3566.60284506078,255852467.0,WB
IDN,2014,890814755533.537,3441.06808464008,258877399.0,WB
IDN,2015,860854232686.214,3288.22269725538,261799249.0,WB
IDN,2016,931877364037.698,3521.46943457574,264627418.0,WB
IDN,2017,1015618744159.73,3798.88326174526,267346658.0,WB
IDN,2018,1042271532988.63,3860.95353090726,269951846.0,WB
IDN,2019,1119099871350.2,4106.94856160358,272489381.0,WB
IDN,2020,1059054842698.48,3853.70288774146,274814866.0,WB
IDN,2021,1186509691086.73,4287.17313995098,276758053.0,WB
IDN,2022,1319101183380.15,4730.83484836107,278830529.0,WB
IDN,2023,1371169301563.62,4876.30774512252,281190067.0,WB
IDN,2024,1396300098190.97,4925.43048751861,283487931.0,WB
IDN,2025,1606858087561.8796,5706.481049702626,281584758.37672603,OptionA
IDN,2030,2069251021426.3328,7163.9577620719465,288841879.0492517,OptionA
IDN,2035,2570847085607.948,8731.813880607466,294423028.3375092,OptionA
IDN,2040,3125325141070.759,10481.956758216951,298162376.8501786,OptionA
IDN,2045,3707986583724.259,12365.149989513888,299873967.3088293,OptionA
IDN,2050,4304986739992.0024,14377.723687958394,299420606.03080773,OptionA
IDN,2055,4918547091144.367,16542.515103622958,297327646.9952965,OptionA
IDN,2060,5540919295350.565,18867.16955328384,293680473.88889694,OptionA
IDN,2065,6160718685824.845,21338.4630431852,288714265.56620604,OptionA
IDN,2070,6763157359867.697,23924.28808457947,282690015.0992132,OptionA
IND,2012,1827637590410.41,1429.32199520032,1278674502.0,WB
IND,2013,1856721507621.58,1432.84397512195,1295829511.0,WB
IND,2014,2039126479154.52,1553.88396075118,1312277191.0,WB
IND,2015,2103588360044.94,1583.99815907985,1328024498.0,WB
IND,2016,2294796885663.16,1707.50892912243,1343944296.0,WB
IND,2017,2651474262755.45,1950.10468280866,1359657400.0,WB
IND,2018,2702929641648.74,1966.25455171679,1374659064.0,WB
IND,2019,2835606256558.19,2041.42863698585,1389030312.0,WB
IND,2020,2674851578587.27,1907.04251637669,1402617695.0,WB
IND,2021,3167270623260.47,2239.61384367482,1414203896.0,WB
IND,2022,3346107287730.93,2347.44829434623,1425423212.0,WB
IND,2023,3638489096033.86,2530.12031278204,1438069596.0,WB
IND,2024,3909891533858.08,2694.73780859961,1450935791.0,WB
IND,2025,3942936696634.1074,2656.5607166464247,1484226079.203479,OptionA
IND,2030,5118609451859.297,3297.9106754377167,1552076437.3583062,OptionA
IND,2035,6456440872324.098,3998.119982970329,1614869213.4865358,OptionA
IND,2040,7987994584430.368,4779.888610407004,1671167517.803348,OptionA
IND,2045,9691013615136.006,5632.3348782884395,1720603235.5236878,OptionA
IND,2050,11546724487349.207,6559.040633758146,1760428869.417334,OptionA
IND,2055,13556967483174.674,7574.920085291009,1789717558.8029785,OptionA
IND,2060,15714037233681.416,8697.996774633193,1806627162.6485052,OptionA
IND,2065,17989506852140.684,9926.66693541649,1812240399.4393616,OptionA
IND,2070,20337226725917.703,11244.64333058007,1808614655.7099009,OptionA
IOT,2012,,,,WB
IOT,2013,,,,WB
IOT,2014,,,,WB
IOT,2015,,,,WB
IOT,2016,,,,WB
IOT,2017,,,,WB
IOT,2018,,,,WB
IOT,2019,,,,WB
IOT,2020,,,,WB
IOT,2021,,,,WB
IOT,2022,,,,WB
IOT,2023,,,,WB
IOT,2024,,,,WB
IRL,2012,226921827888.137,49335.8408099555,4599533.0,WB
IRL,2013,242924245718.756,52537.6108648692,4623816.0,WB
IRL,2014,266490442124.309,57214.5379785709,4657740.0,WB
IRL,2015,302101388556.271,64250.1385181257,4701957.0,WB
IRL,2016,305431252708.748,64129.5571542383,4762722.0,WB
IRL,2017,348355212568.515,72161.4047531385,4827445.0,WB
IRL,2018,395780319816.603,80804.1123164826,4898022.0,WB
IRL,2019,407211793800.713,81827.6688873996,4976456.0,WB
IRL,2020,436009027818.948,86514.0706108754,5039747.0,WB
IRL,2021,530394123829.763,103783.446284479,5110585.0,WB
IRL,2022,548341794599.09,105190.685952731,5212836.0,WB
IRL,2023,567372737459.116,106818.917130804,5311538.0,WB
IRL,2024,609157459747.205,112894.953240805,5395790.0,WB
IRL,2025,378142098530.2048,72563.36991269981,5211198.142880401,OptionA
IRL,2030,421643617950.89307,77542.14125035465,5437606.07009243,OptionA
IRL,2035,467611787991.5313,82656.8133643675,5657268.5173599245,OptionA
IRL,2040,514351524995.42535,87565.13400114146,5873930.655878634,OptionA
IRL,2045,560448008141.5503,92148.47914686646,6082010.395942694,OptionA
IRL,2050,608421914620.587,97027.8331455207,6270591.591054973,OptionA
IRL,2055,661202497564.372,102768.21340075998,6433920.330850884,OptionA
IRL,2060,719676130398.965,109479.2415932776,6573630.945239901,OptionA
IRL,2065,781882661605.0216,116960.03592070244,6685041.223269879,OptionA
IRL,2070,845242322430.1244,124753.28159557554,6775311.331450391,OptionA
IRN,2012,644019315003.54,8114.08099831877,79370580.0,WB
IRN,2013,500399839839.877,6222.74194840326,80414686.0,WB
IRN,2014,462284793280.825,5672.06372896319,81502045.0,WB
IRN,2015,409191686496.677,4952.73355532178,82619362.0,WB
IRN,2016,478618064870.999,5710.59947089104,83812228.0,WB
IRN,2017,510239893417.645,6000.93346404409,85026754.0,WB
IRN,2018,411903303606.044,4783.01067340237,86117998.0,WB
IRN,2019,347988400957.999,3997.4935449585,87051648.0,WB
IRN,2020,280934329279.723,3202.50003502169,87723443.0,WB
IRN,2021,407350685583.335,4605.14881318992,88455488.0,WB
IRN,2022,422662261525.665,4721.20437099984,89524246.0,WB
IRN,2023,457510482317.483,5049.29931642754,90608707.0,WB
IRN,2024,475252089215.416,5190.16959024821,91567738.0,WB
IRN,2025,553676956102.1447,6140.186653073694,90172658.8107841,OptionA
IRN,2030,643580482376.2952,6938.911172097004,92749491.44244473,OptionA
IRN,2035,746606924426.6306,7870.364444459011,94863068.88269524,OptionA
IRN,2040,859590130571.4117,8892.909884820794,96660164.29994825,OptionA
IRN,2045,969639203990.6238,9898.098906871375,97962165.57479426,OptionA
IRN,2050,1073330194162.3378,10889.487618048122,98565720.61144654,OptionA
IRN,2055,1176256858513.415,11953.001335485744,98406820.63854337,OptionA
IRN,2060,1280304470414.0579,13128.956628052349,97517609.86691508,OptionA
IRN,2065,1393439491431.3953,14510.684213869328,96028517.39406914,OptionA
IRN,2070,1506048889257.901,16018.869653578698,94017176.10714447,OptionA
IRQ,2012,218002476129.472,6477.59618450955,33654842.0,WB
IRQ,2013,234637675128.645,6650.35282247395,35281989.0,WB
IRQ,2014,228415656174.957,6249.39226978969,36550059.0,WB
IRQ,2015,166774104959.102,4440.14189252367,37560535.0,WB
IRQ,2016,166743557747.671,4334.42096404188,38469627.0,WB
IRQ,2017,187217660050.676,4759.2846435467,39337353.0,WB
IRQ,2018,227367469034.031,5646.68932074742,40265624.0,WB
IRQ,2019,233636097800.338,5671.8568632942,41192171.0,WB
IRQ,2020,180898797516.874,4295.18945121228,42116605.0,WB
IRQ,2021,209691945713.103,4868.49431080783,43071211.0,WB
IRQ,2022,287372232137.931,6520.73154560584,44070551.0,WB
IRQ,2023,268881051643.549,5965.31835077761,45074049.0,WB
IRQ,2024,279641257615.385,6073.61032342708,46042015.0,WB
IRQ,2025,313467598164.0336,6651.892941179506,47124570.54494475,OptionA
IRQ,2030,395829849711.946,7603.261898122901,52060530.732167564,OptionA
IRQ,2035,486419900709.093,8537.027432764158,56977666.35284171,OptionA
IRQ,2040,564710381060.1704,9141.78145380847,61772465.67461005,OptionA
IRQ,2045,649492573622.5637,9804.857939544065,66241915.75515737,OptionA
IRQ,2050,737752819060.0203,10493.679762471062,70304491.44240834,OptionA
IRQ,2055,834041978106.2502,11264.159507815328,74043871.40714522,OptionA
IRQ,2060,945660042866.0702,12205.620899874091,77477422.13391416,OptionA
IRQ,2065,1079759065730.4552,13398.695212068164,80586881.68068182,OptionA
IRQ,2070,1240688082393.0417,14874.878980497144,83408280.76784635,OptionA
ISL,2012,14943757823.3226,46594.9869146614,320716.0,WB
ISL,2013,16244319958.6808,50173.3360061057,323764.0,WB
ISL,2014,18052183514.8695,55140.364935793,327386.0,WB
ISL,2015,17700486957.1907,53505.6964079339,330815.0,WB
ISL,2016,21083713310.457,62854.0906407932,335439.0,WB
ISL,2017,25060086487.8901,72976.3729990975,343400.0,WB
ISL,2018,26677652544.3499,75633.8651351915,352721.0,WB
ISL,2019,24985687022.0452,69296.3144361601,360563.0,WB
ISL,2020,22034665040.7901,60127.9393575616,366463.0,WB
ISL,2021,26234872402.457,70425.4064277273,372520.0,WB
ISL,2022,29166102877.2755,76350.4550416502,382003.0,WB
ISL,2023,31677891896.7861,82138.7892973557,385663.0,WB
ISL,2024,33255181468.9382,86040.5309851288,386506.0,WB
ISL,2025,23729788980.807617,63159.03491724264,375714.8761361029,OptionA
ISL,2030,27265172527.516796,68799.90392635892,396296.6657148317,OptionA
ISL,2035,31202705952.664154,75051.35632765359,415751.39317191974,OptionA
ISL,2040,35654343068.56213,81973.54199679785,434949.4019662455,OptionA
ISL,2045,40486033915.73135,89193.3452280144,453913.16821039305,OptionA
ISL,2050,45503332399.102806,96382.294079116,472112.9833426782,OptionA
ISL,2055,50771053883.6995,103819.3845072199,489032.5070282875,OptionA
ISL,2060,56330444510.8997,111660.34526316889,504480.3003083698,OptionA
ISL,2065,62362692687.47224,120402.71106291474,517950.9010796733,OptionA
ISL,2070,68789725360.094,129833.5542617531,529830.1024819001,OptionA
ISR,2012,263589172712.391,33321.4300881602,7910500.0,WB
ISR,2013,298478070673.058,37034.3161080785,8059500.0,WB
ISR,2014,315017088116.716,38343.3046626235,8215700.0,WB
ISR,2015,303469434072.296,36213.1041481958,8380100.0,WB
ISR,2016,321940971558.016,37671.5389138798,8546000.0,WB
ISR,2017,358451839052.991,41138.470964272,8713300.0,WB
ISR,2018,376299083108.497,42362.6652754196,8882800.0,WB
ISR,2019,400645216358.857,44250.6313628073,9054000.0,WB
ISR,2020,410768352657.612,44575.5719045492,9215100.0,WB
ISR,2021,489851549972.347,52270.9040241956,9371400.0,WB
ISR,2022,525181008025.57,54949.621556429,9557500.0,WB
ISR,2023,512184638998.974,52003.7200729997,9849000.0,WB
ISR,2024,540379921261.681,54176.6844383302,9974400.0,WB
ISR,2025,448255783076.81647,43840.40855579657,10224717.2835151,OptionA
ISR,2030,531309289997.2401,47733.30997107678,11130786.662797496,OptionA
ISR,2035,623209090242.9718,51776.4619376816,12036532.951847296,OptionA
ISR,2040,726846790501.2966,56113.10906592687,12953243.949597051,OptionA
ISR,2045,840391697801.2539,60604.97694535205,13866710.95608272,OptionA
ISR,2050,961904560559.0505,65189.97831197984,14755405.439094665,OptionA
ISR,2055,1092280987330.5603,69971.39420236256,15610393.358343,OptionA
ISR,2060,1234733326159.1665,75134.41950846053,16433657.626384258,OptionA
ISR,2065,1393520035357.3735,80679.6174226427,17272268.757267095,OptionA
ISR,2070,1568385755460.9016,86526.97939849857,18125973.729392853,OptionA
ITA,2012,2097929495121.68,34854.3949441965,60191247.0,WB
ITA,2013,2153225581941.46,35701.6746002376,60311613.0,WB
ITA,2014,2173255507985.84,36028.3494022349,60320707.0,WB
ITA,2015,1845428048839.1,30639.8829751432,60229605.0,WB
ITA,2016,1887111188176.93,31391.5692898108,60115223.0,WB
ITA,2017,1970720904584.71,32844.115660604,60002252.0,WB
ITA,2018,2099435266458.67,34904.1081923834,60148658.0,WB
ITA,2019,2019606796583.53,33812.788724868,59729081.0,WB
ITA,2020,1907481094079.23,32091.4866621366,59438851.0,WB
ITA,2021,2179207773596.09,36852.5425414951,59133173.0,WB
ITA,2022,2104067630319.46,35653.9042103495,59013667.0,WB
ITA,2023,2316727999333.18,39277.0838783918,58984216.0,WB
ITA,2024,2380825077243.59,40385.3413957669,58952704.0,WB
ITA,2025,2081911981692.651,34365.559918294275,60581349.0786268,OptionA
ITA,2030,2214616666932.3525,36488.58439203679,60693411.48284358,OptionA
ITA,2035,2356090181913.538,38772.87638990804,60766453.286060326,OptionA
ITA,2040,2507841565798.601,41274.159913871015,60760572.01483562,OptionA
ITA,2045,2673405032046.1377,44120.73099924742,60592945.11896774,OptionA
ITA,2050,2853651011941.1235,47383.14051938943,60225029.001051426,OptionA
ITA,2055,3049922331636.7617,51123.738621072094,59657654.42630696,OptionA
ITA,2060,3262447534020.6914,55346.03281809692,58946366.48561997,OptionA
ITA,2065,3481153235930.605,59947.72961695689,58069809.45189827,OptionA
ITA,2070,3694053511091.854,64673.752778162074,57118279.86482947,OptionA
JAM,2012,14807086555.5283,5340.83333232158,2772430.0,WB
JAM,2013,14264205152.6126,5124.21301411137,2783687.0,WB
JAM,2014,13899217679.9219,4975.11325459872,2793749.0,WB
JAM,2015,14963589915.5912,5339.30718256806,2802534.0,WB
JAM,2016,14898999754.1229,5302.29553353854,2809915.0,WB
JAM,2017,15783583236.675,5605.43541173019,2815764.0,WB
JAM,2018,16855447986.2221,5976.90362644337,2820097.0,WB
JAM,2019,17026269262.5307,6030.68896415921,2823271.0,WB
JAM,2020,15000214216.2439,5299.04530804283,2830739.0,WB
JAM,2021,15963885376.3537,5625.67806271236,2837682.0,WB
JAM,2022,18813516805.214,6626.47502388538,2839144.0,WB
JAM,2023,21418804319.6395,7542.40084275345,2839786.0,WB
JAM,2024,22014397089.7689,7753.8006955432,2839175.0,WB
JAM,2025,17843617659.033485,6194.853528543749,2880393.7941092956,OptionA
JAM,2030,19564609847.18803,6764.5045606160875,2892245.7915241844,OptionA
JAM,2035,21434311303.88046,7420.150287807481,2888662.6917921775,OptionA
JAM,2040,23734447628.30064,8265.62243111498,2871465.255774938,OptionA
JAM,2045,26484448172.116837,9318.190521389435,2842230.8077220707,OptionA
JAM,2050,29555033018.45944,10563.130704598045,2797942.5650384477,OptionA
JAM,2055,32880441284.758923,12005.546990982444,2738770.7789954045,OptionA
JAM,2060,36292534350.80913,13586.915770088235,2671138.5398228196,OptionA
JAM,2065,39974396491.94566,15339.342212460931,2606004.608168427,OptionA
JAM,2070,44219709831.46192,17366.130734057664,2546319.068342624,OptionA
JOR,2012,31634561690.1408,4169.50470054618,7587127.0,WB
JOR,2013,34454440140.8451,4311.21916713038,7991809.0,WB
JOR,2014,36847643521.1268,4191.18050084986,8791710.0,WB
JOR,2015,38587017887.3239,4042.75678097555,9544729.0,WB
JOR,2016,39892551126.7606,3986.71677010853,10006367.0,WB
JOR,2017,41608435915.493,4065.61628749384,10234226.0,WB
JOR,2018,43370860704.2254,4145.43989673265,10462306.0,WB
JOR,2019,44503006338.0282,4170.1144003465,10671891.0,WB
JOR,2020,43700383098.5916,4022.0401356135,10865228.0,WB
JOR,2021,46296100140.8451,4183.49998326866,11066356.0,WB
JOR,2022,48764963380.2817,4332.25159897931,11256263.0,WB
JOR,2023,51088476338.0282,4466.08314208575,11439213.0,WB
JOR,2024,53352289577.4648,4618.09592498567,11552876.0,WB
JOR,2025,69685784106.64531,5777.895266319193,12060755.845274886,OptionA
JOR,2030,94953470192.05698,7134.931688091786,13308252.179980151,OptionA
JOR,2035,126863611198.10042,8732.59128941741,14527602.05917802,OptionA
JOR,2040,166024000601.3747,10568.69435204704,15709036.05223645,OptionA
JOR,2045,212389398110.7414,12617.683156964618,16832678.033566583,OptionA
JOR,2050,265290050720.4335,14823.427436910692,17896674.15646768,OptionA
JOR,2055,324914787471.72455,17213.484480090174,18875596.503865,OptionA
JOR,2060,391802557919.91595,19833.485635379744,19754599.12205262,OptionA
JOR,2065,464603037722.98425,22677.444673822105,20487451.05127751,OptionA
JOR,2070,541624633386.1875,25726.535635411394,21053150.76471727,OptionA
JPN,2012,6272362996105.03,49145.2804308193,127629000.0,WB
JPN,2013,5212328181166.18,40898.6478964744,127445000.0,WB
JPN,2014,4896994405353.29,38475.3952461838,127276000.0,WB
JPN,2015,4444930651964.18,34960.6393843385,127141000.0,WB
JPN,2016,5003677627544.24,39375.4731620781,127076000.0,WB
JPN,2017,4930837369151.42,38834.0529341227,126972000.0,WB
JPN,2018,5040880939324.86,39751.1330982711,126811000.0,WB
JPN,2019,5117993853016.51,40415.9567649547,126633000.0,WB
JPN,2020,5054068005376.28,40028.7341726762,126261000.0,WB
JPN,2021,5039148168861.22,40094.5599795288,125681593.0,WB
JPN,2022,4262463317796.53,34065.6438962526,125124989.0,WB
JPN,2023,4213167237905.83,33836.1756271617,124516650.0,WB
JPN,2024,4027597523550.58,32487.0778047567,123975371.0,WB
JPN,2025,4906775064467.353,39615.53478176843,123859871.92896643,OptionA
JPN,2030,5136622386552.393,42311.7342840772,121399476.37375411,OptionA
JPN,2035,5308029216027.721,44741.615121323535,118637407.29149386,OptionA
JPN,2040,5443799915873.097,47051.97311935201,115697590.45097548,OptionA
JPN,2045,5591601340306.742,49647.488470578675,112626066.54554842,OptionA
JPN,2050,5734758230147.119,52371.56697030352,109501368.04955491,OptionA
JPN,2055,5895015157866.748,55409.402639657616,106390159.01693854,OptionA
JPN,2060,6070674086793.294,58792.173094537,103256501.11676829,OptionA
JPN,2065,6242331039765.756,62479.652823199554,99909822.76149736,OptionA
JPN,2070,6408450776008.638,66474.23834731654,96405027.50141457,OptionA
KAZ,2012,207998568865.789,12018.7966527993,17306106.0,WB
KAZ,2013,236634603409.089,13478.459627612,17556502.0,WB
KAZ,2014,221415613595.469,12427.7094576939,17816285.0,WB
KAZ,2015,184388404706.042,10196.1226255982,18084169.0,WB
KAZ,2016,137278320084.171,7475.56688689424,18363600.0,WB
KAZ,2017,166805788827.233,8943.08416791984,18651931.0,WB
KAZ,2018,179339977690.485,9472.48527327758,18932727.0,WB
KAZ,2019,181667184854.501,9457.12614657136,19209555.0,WB
KAZ,2020,171082365861.423,8781.50797787648,19482117.0,WB
KAZ,2021,197112255360.612,9983.60103576902,19743603.0,WB
KAZ,2022,225496328925.494,11255.3396437881,20034609.0,WB
KAZ,2023,261840101059.923,12879.4275257974,20330104.0,WB
KAZ,2024,291480274648.826,14154.6324958076,20592571.0,WB
KAZ,2025,324873748712.8521,16655.349621087098,19505669.715965264,OptionA
KAZ,2030,395289442617.85803,19720.681730805336,20044410.635175113,OptionA
KAZ,2035,460203730605.0132,22409.66684743741,20535946.99725036,OptionA
KAZ,2040,515716522537.5771,24564.16862596488,20994666.27144275,OptionA
KAZ,2045,555601331801.4128,25993.132435057378,21374927.90411301,OptionA
KAZ,2050,576450662764.5579,26644.543328197935,21634848.66916446,OptionA
KAZ,2055,589522831889.0237,27053.308795790133,21791154.506792217,OptionA
KAZ,2060,607961365447.1638,27780.792390468752,21884234.14645825,OptionA
KAZ,2065,634202381122.2664,28945.04515194814,21910568.03653255,OptionA
KAZ,2070,661743171082.5627,30268.608539978373,21862358.4962137,OptionA
KEN,2012,56396704671.5777,1285.00536171512,43888303.0,WB
KEN,2013,61671440407.8387,1370.87885214659,44986791.0,WB
KEN,2014,68285796514.2896,1482.81566253497,46051440.0,WB
KEN,2015,70120446896.8359,1489.11959777284,47088526.0,WB
KEN,2016,74815144163.8931,1554.12610314423,48139687.0,WB
KEN,2017,82036510877.2599,1667.48447230835,49197766.0,WB
KEN,2018,92202979985.2863,1836.45275528993,50207107.0,WB
KEN,2019,100378436207.371,1960.40808854893,51202827.0,WB
KEN,2020,100657505750.545,1927.66459027849,52217334.0,WB
KEN,2021,109703658904.994,2061.35622089594,53219166.0,WB
KEN,2022,114448978152.637,2109.56288513137,54252461.0,WB
KEN,2023,107500884685.013,1942.58802756191,55339003.0,WB
KEN,2024,120339557905.932,2132.43452097647,56432944.0,WB
KEN,2025,123247353401.9034,2142.4558266761956,57526205.14613328,OptionA
KEN,2030,163201071147.35895,2606.3211919724454,62617405.57918325,OptionA
KEN,2035,213260819900.77325,3153.558578068515,67625450.62073678,OptionA
KEN,2040,277682009131.4169,3836.719624420142,72374850.47487253,OptionA
KEN,2045,359580740597.61816,4684.491032710541,76759831.12930788,OptionA
KEN,2050,462132030139.8148,5729.167429730358,80663034.51731467,OptionA
KEN,2055,589579504410.8553,7016.832165461147,84023600.75148073,OptionA
KEN,2060,746102437758.5159,8578.176291998832,86976813.29473631,OptionA
KEN,2065,934770707045.9308,10425.9400248662,89658170.37278871,OptionA
KEN,2070,1156804286958.0073,12574.536326019295,91995780.75609373,OptionA
KGZ,2012,6605142884.36215,1168.62244675446,5652076.0,WB
KGZ,2013,7335033800.59056,1269.66303464348,5777150.0,WB
KGZ,2014,7468102412.68237,1264.52668823891,5905848.0,WB
KGZ,2015,6678177511.66313,1105.65193844261,6040036.0,WB
KGZ,2016,6813095379.1187,1103.27489428412,6175338.0,WB
KGZ,2017,7702938379.42036,1221.39046807082,6306696.0,WB
KGZ,2018,8271106235.41552,1283.5203037417,6444079.0,WB
KGZ,2019,9371275264.36735,1421.99927504102,6590211.0,WB
KGZ,2020,8270468614.24051,1229.51766602907,6726596.0,WB
KGZ,2021,9249133946.26531,1349.99730650542,6851224.0,WB
KGZ,2022,12134931017.9465,1739.72018344174,6975220.0,WB
KGZ,2023,15180842369.4894,2138.22210211478,7099750.0,WB
KGZ,2024,17478259659.2625,2420.18542283831,7221868.0,WB
KGZ,2025,10852743699.079163,1674.9665699106165,6479379.286750967,OptionA
KGZ,2030,13978849181.69309,2107.35220246698,6633371.092562836,OptionA
KGZ,2035,17885423171.020683,2644.784734434926,6762525.107678379,OptionA
KGZ,2040,22478433316.855465,3278.9139922841923,6855450.728427402,OptionA
KGZ,2045,27648802092.957947,4007.090396980833,6899969.642259657,OptionA
KGZ,2050,33202352696.15177,4811.040330819977,6901283.384272291,OptionA
KGZ,2055,39140965773.44107,5699.995189992981,6866841.8952629445,OptionA
KGZ,2060,45618384217.413414,6703.67438630707,6804982.102142902,OptionA
KGZ,2065,52722528275.51185,7828.155252744582,6734987.563899824,OptionA
KGZ,2070,60216436425.21607,9047.11358693541,6655872.709741627,OptionA
KHM,2012,17826536699.8016,1192.80263041673,14945085.0,WB
KHM,2013,19807135252.8649,1305.6600972686,15170208.0,WB
KHM,2014,22041463967.9009,1431.56396469993,15396772.0,WB
KHM,2015,24174170369.0738,1547.32010444393,15623251.0,WB
KHM,2016,26556545153.3573,1675.19555711109,15852803.0,WB
KHM,2017,29355665909.7905,1826.35391688754,16073372.0,WB
KHM,2018,33145892168.8958,2036.67377566578,16274522.0,WB
KHM,2019,36685356407.7206,2225.87705485686,16481304.0,WB
KHM,2020,34818073901.4851,2081.73914242939,16725474.0,WB
KHM,2021,36790163687.4421,2167.40324198499,16974305.0,WB
KHM,2022,39994532959.6074,2325.03050040841,17201724.0,WB
KHM,2023,42335646895.7984,2429.74853452838,17423880.0,WB
KHM,2024,46352647037.2406,2627.87969756224,17638801.0,WB
KHM,2025,45554315968.95716,2681.831481385263,16986270.869423423,OptionA
KHM,2030,58154046137.484665,3327.38615874122,17477396.17919336,OptionA
KHM,2035,71851093363.98605,4024.174777340194,17854864.000583127,OptionA
KHM,2040,87916266044.93901,4847.365811736362,18136915.896068253,OptionA
KHM,2045,106865653938.20338,5821.9922522279585,18355512.90837051,OptionA
KHM,2050,127878148217.86386,6919.979564221623,18479555.760400273,OptionA
KHM,2055,151613266499.2437,8198.744701254733,18492253.634393673,OptionA
KHM,2060,177579971925.35007,9650.724221526252,18400688.67880943,OptionA
KHM,2065,206995209155.7967,11348.82314153196,18239354.563406713,OptionA
KHM,2070,240103243974.03662,13308.726944036516,18041037.657747127,OptionA
KIR,2012,207001545.867109,1843.55336349889,112284.0,WB
KIR,2013,201730860.757856,1772.08718317132,113838.0,WB
KIR,2014,200287281.98074,1736.70535682101,115326.0,WB
KIR,2015,191559398.688293,1639.85274740652,116815.0,WB
KIR,2016,206467818.503227,1742.66799324117,118478.0,WB
KIR,2017,222875736.343445,1853.05122713319,120275.0,WB
KIR,2018,233514717.441266,1912.73809378187,122084.0,WB
KIR,2019,216985388.322754,1750.9977188915,123921.0,WB
KIR,2020,220898020.418627,1751.78249168214,126099.0,WB
KIR,2021,285259881.131951,2222.04819501897,128377.0,WB
KIR,2022,270040453.254018,2069.7671726925,130469.0,WB
KIR,2023,288610747.738991,2177.70125812262,132530.0,WB
KIR,2024,307862564.489711,2288.63471423684,134518.0,WB
KNA,2012,824585185.185185,17532.0559008608,47033.0,WB
KNA,2013,874548148.148148,18580.1301949935,47069.0,WB
KNA,2014,952111111.111111,20219.3954237956,47089.0,WB
KNA,2015,957222222.222222,20328.8003530109,47087.0,WB
KNA,2016,1006818518.51852,21387.5415511103,47075.0,WB
KNA,2017,1056977777.77778,22464.9899633959,47050.0,WB
KNA,2018,1076548148.14815,22901.3816403197,47008.0,WB
KNA,2019,1107855555.55556,23595.4923231291,46952.0,WB
KNA,2020,883922222.222222,18859.0190361046,46870.0,WB
KNA,2021,858622222.222222,18361.1449697886,46763.0,WB
KNA,2022,981429629.62963,21011.5744209816,46709.0,WB
KNA,2023,1055651851.85185,22576.9248439166,46758.0,WB
KNA,2024,1122388888.88889,23960.6534357084,46843.0,WB
KOR,2012,1335343586437.67,26600.5477433903,50199853.0,WB
KOR,2013,1434669686501.84,28449.3591104972,50428893.0,WB
KOR,2014,1556252422020.44,30667.0912467447,50746659.0,WB
KOR,2015,1539212301135.55,30171.7906545222,51014947.0,WB
KOR,2016,1579150518945.44,30832.0628072516,51217803.0,WB
KOR,2017,1710196756713.17,33296.9845439195,51361911.0,WB
KOR,2018,1824251454306.83,35363.9508228687,51585058.0,WB
KOR,2019,1751045752054.63,33826.9443301597,51764822.0,WB
KOR,2020,1744070276373.34,33645.7719545073,51836239.0,WB
KOR,2021,1942313560965.9,37518.4635305697,51769539.0,WB
KOR,2022,1799363116866.52,34822.4048404971,51672569.0,WB
KOR,2023,1844800934391.54,35674.095995632,51712619.0,WB
KOR,2024,1875388209406.8,36238.639908315,51751065.0,WB
KOR,2025,2163585117441.4197,41783.24385576469,51781166.74976439,OptionA
KOR,2030,2452786127586.65,47349.23487379983,51802022.442898475,OptionA
KOR,2035,2710803900622.7554,52667.67886827288,51469970.93611713,OptionA
KOR,2040,2936257016734.1055,57883.36873608334,50727127.33983814,OptionA
KOR,2045,3134246696580.6543,63177.3615298833,49610281.605352186,OptionA
KOR,2050,3300989470527.693,68521.25330958667,48174680.27932084,OptionA
KOR,2055,3450682514152.4834,74174.8320781111,46520934.62805123,OptionA
KOR,2060,3558938751380.201,79517.64329060858,44756592.42532568,OptionA
KOR,2065,3644436290081.132,84892.3815617225,42930074.79630407,OptionA
KOR,2070,3730304265380.6655,90782.87391964992,41090396.28644365,OptionA
KWT,2012,174047662680.041,52155.2225833921,3337109.0,WB
KWT,2013,174168116534.844,49651.0439275077,3507844.0,WB
KWT,2014,162650450684.725,44368.7813457751,3665876.0,WB
KWT,2015,114585555688.511,29882.2126495698,3834574.0,WB
KWT,2016,109406674124.652,27323.6890735517,4004096.0,WB
KWT,2017,120687539805.505,29047.6536135703,4154812.0,WB
KWT,2018,138646316350.727,32067.9623756889,4323515.0,WB
KWT,2019,140856394860.529,31707.8737443551,4442316.0,WB
KWT,2020,111045470605.715,25236.0755848941,4400267.0,WB
KWT,2021,148350671489.144,34018.6342592913,4360865.0,WB
KWT,2022,183502046693.878,39981.7691035833,4589643.0,WB
KWT,2023,165384407116.233,34075.849012909,4853420.0,WB
KWT,2024,160227273053.334,32717.7186631255,4897263.0,WB
KWT,2025,169160028132.2929,35194.35687867093,4806453.168485374,OptionA
KWT,2030,203765533566.8802,38519.5926425496,5289919.222608711,OptionA
KWT,2035,240186786214.61182,41630.659221637114,5769468.721018407,OptionA
KWT,2040,279658380784.8155,44888.772328527375,6230029.610479882,OptionA
KWT,2045,314635965566.3586,47313.14819056151,6650074.611376744,OptionA
KWT,2050,346678730203.6274,49388.382849173715,7019438.787099858,OptionA
KWT,2055,375579018984.8923,51175.448052473956,7339047.009413253,OptionA
KWT,2060,403043435848.1904,52924.22719871703,7615480.795493994,OptionA
KWT,2065,427838094806.76013,54628.96188352225,7831708.3110416755,OptionA
KWT,2070,449386095692.17816,56273.97668566592,7985682.231102135,OptionA
LAO,2012,10192846339.4029,1563.5650771337,6518978.0,WB
LAO,2013,11983252626.5452,1812.51774424651,6611385.0,WB
LAO,2014,13279245886.3854,1981.03910900473,6703172.0,WB
LAO,2015,14426380125.6488,2121.01339097363,6801645.0,WB
LAO,2016,15912501722.6143,2303.22156035363,6908802.0,WB
LAO,2017,17071155481.4994,2432.43059478511,7018147.0,WB
LAO,2018,18141641089.7963,2545.1075420815,7128045.0,WB
LAO,2019,18740561512.5555,2589.32081035237,7237636.0,WB
LAO,2020,18981805250.2424,2583.77730696131,7346533.0,WB
LAO,2021,18827148530.9347,2526.05105018529,7453194.0,WB
LAO,2022,15468785203.7532,2046.40440255621,7559007.0,WB
LAO,2023,15843155731.2552,2066.94979776957,7664993.0,WB
LAO,2024,16502933121.3379,2123.97909415109,7769819.0,WB
LAO,2025,28287395636.609337,3700.133757783233,7644965.692687944,OptionA
LAO,2030,36621390247.31771,4580.076033638373,7995803.995032369,OptionA
LAO,2035,45737039083.176285,5524.024016747413,8279659.709029758,OptionA
LAO,2040,56283210975.57071,6613.907714662086,8509827.080108617,OptionA
LAO,2045,68277017444.31601,7851.225320504861,8696351.7995081,OptionA
LAO,2050,81601415693.87741,9225.217410296364,8845473.452235522,OptionA
LAO,2055,95968932191.36256,10728.247867840751,8945443.223682526,OptionA
LAO,2060,111270053209.95537,12388.011774019256,8982075.190089531,OptionA
LAO,2065,128031813559.95837,14275.84887404452,8968420.35031192,OptionA
LAO,2070,146584123343.40533,16444.572074701908,8913830.209598962,OptionA
LBN,2012,44016799515.7546,8406.98405608118,5235742.0,WB
LBN,2013,46880103080.597,8162.37929361396,5743436.0,WB
LBN,2014,48095213746.6003,7577.6413302369,6346990.0,WB
LBN,2015,49929337836.8159,7714.1099998804,6472469.0,WB
LBN,2016,51147308774.1294,8089.012088155,6323060.0,WB
LBN,2017,53027680685.9038,8608.21084982387,6160128.0,WB
LBN,2018,54901519155.5556,9174.53666204759,5984119.0,WB
LBN,2019,51605959131.2741,8905.88005497437,5794594.0,WB
LBN,2020,31712128253.7961,5561.19166950397,5702398.0,WB
LBN,2021,23131941556.7843,4045.37391066234,5718122.0,WB
LBN,2022,20992421948.8081,3654.35845534878,5744489.0,WB
LBN,2023,20078620356.9931,3477.72489842684,5773493.0,WB
LBN,2024,,,5805962.0,WB
LBN,2025,73537715840.99641,10646.677692552985,6907104.541394517,OptionA
LBN,2030,86924712806.655,12275.4784458905,7081166.994004626,OptionA
LBN,2035,101000899943.7126,14013.038402366989,7207637.419066247,OptionA
LBN,2040,115718885387.2361,15873.746883897858,7289954.050144265,OptionA
LBN,2045,130506753750.23714,17801.252182596127,7331324.3591835955,OptionA
LBN,2050,144943601011.95453,19757.457754175157,7336146.320815235,OptionA
LBN,2055,159288877551.59793,21789.507753310736,7310347.684536165,OptionA
LBN,2060,173085533010.74548,23865.66242411952,7252492.301903124,OptionA
LBN,2065,186130344646.54865,26004.882396447167,7157515.339195616,OptionA
LBN,2070,198796824614.8356,28274.686456338277,7030911.728121807,OptionA
LBR,2012,2791614000.0,638.368751462083,4373043.0,WB
LBR,2013,3177198100.0,710.744570927863,4470239.0,WB
LBR,2014,3225652000.0,706.714490064507,4564293.0,WB
LBR,2015,3227075700.0,692.590082351257,4659431.0,WB
LBR,2016,3398419600.0,714.613063145659,4755608.0,WB
LBR,2017,3390703400.0,699.269095727404,4848925.0,WB
LBR,2018,3422754800.0,692.203127129794,4944726.0,WB
LBR,2019,3319596500.0,658.164180770507,5043721.0,WB
LBR,2020,3176126300.0,616.787867006715,5149463.0,WB
LBR,2021,3513049500.0,667.96610514319,5259323.0,WB
LBR,2022,4001047000.0,744.617175237387,5373294.0,WB
LBR,2023,4390000000.0,799.194470229642,5493031.0,WB
LBR,2024,4779300900.0,851.497723870206,5612817.0,WB
LBR,2025,8032942809.084787,1255.391734053493,6398753.943637563,OptionA
LBR,2030,12204687371.467024,1677.251532030808,7276599.328360516,OptionA
LBR,2035,17932420991.083443,2200.170588886465,8150468.459883956,OptionA
LBR,2040,25895870918.33781,2873.792710703788,9011043.42769244,OptionA
LBR,2045,36936552519.145355,3750.0171592825113,9849702.26808573,OptionA
LBR,2050,51924212642.664856,4879.173870411421,10642009.08222328,OptionA
LBR,2055,71851296507.537,6319.922489497852,11369015.462916844,OptionA
LBR,2060,97924157109.28668,8135.035434140856,12037336.272479124,OptionA
LBR,2065,131095064094.24628,10379.461841387818,12630237.106466187,OptionA
LBR,2070,172158842298.35126,13107.19663958285,13134680.666836351,OptionA
LBY,2012,92540938129.1315,14975.8902795144,6179328.0,WB
LBY,2013,75351107029.0605,11951.7134126011,6304628.0,WB
LBY,2014,57372355592.022,8926.42074591474,6427252.0,WB
LBY,2015,48717501321.3052,7458.48917756374,6531819.0,WB
LBY,2016,49912073701.298,7525.80299308216,6632126.0,WB
LBY,2017,67157452181.7738,9965.83236729757,6738770.0,WB
LBY,2018,76686029772.1483,11196.5854810844,6849055.0,WB
LBY,2019,69254496471.6938,9963.19489084483,6951033.0,WB
LBY,2020,46854285440.642,6650.33810585348,7045399.0,WB
LBY,2021,35217995647.2862,4935.82787349801,7135175.0,WB
LBY,2022,43246297921.8499,5986.63694851258,7223805.0,WB
LBY,2023,44027664915.187,6026.51518708812,7305659.0,WB
LBY,2024,48487151215.345,6569.16408678648,7381023.0,WB
LBY,2025,74296726648.17805,9980.54891891623,7444152.34590582,OptionA
LBY,2030,88379330545.80902,11302.919806461008,7819159.302120269,OptionA
LBY,2035,102776614694.02301,12566.93494867922,8178335.856256246,OptionA
LBY,2040,117184880463.49681,13736.401550817596,8530973.707340546,OptionA
LBY,2045,130486274545.30014,14726.291349227016,8860769.588953527,OptionA
LBY,2050,143014411019.77438,15654.717702230751,9135547.10727203,OptionA
LBY,2055,156355566144.07022,16758.29549283195,9330039.93222034,OptionA
LBY,2060,171232633538.35962,18121.24725670909,9449274.164887495,OptionA
LBY,2065,187721348521.6758,19720.585910727204,9519055.334941288,OptionA
LBY,2070,204993166703.79535,21467.427614234344,9549032.626893366,OptionA
LCA,2012,1598207407.40741,9260.30006551714,172587.0,WB
LCA,2013,1660392592.59259,9577.21733754358,173369.0,WB
LCA,2014,1749185185.18518,10044.8218377677,174138.0,WB
LCA,2015,1807640740.74074,10334.9860823918,174905.0,WB
LCA,2016,1868544444.44444,10638.1269396653,175646.0,WB
LCA,2017,1998503703.7037,11333.1123822102,176342.0,WB
LCA,2018,2060955555.55556,11642.6984727769,177017.0,WB
LCA,2019,2095344444.44444,11794.0597229805,177661.0,WB
LCA,2020,1499274074.07407,8411.07474936367,178250.0,WB
LCA,2021,1867185185.18518,10459.1321248092,178522.0,WB
LCA,2022,2342714814.81481,13103.8243147472,178781.0,WB
LCA,2023,2430166666.66667,13554.7684784933,179285.0,WB
LCA,2024,2549062962.96296,14181.6303351598,179744.0,WB
LCA,2025,2360204990.6863065,12529.455996029852,188372.50327820884,OptionA
LCA,2030,2740388085.7343254,14154.574679816567,193604.41042724703,OptionA
LCA,2035,3167798894.4529066,16014.562939937974,197807.3898322183,OptionA
LCA,2040,3660147809.468509,18206.474446943685,201035.5063598234,OptionA
LCA,2045,4217434830.781133,20763.7545236276,203115.23265130149,OptionA
LCA,2050,4830214415.65667,23677.909892092757,203996.6550117551,OptionA
LCA,2055,5502028642.620404,26984.290729673783,203897.4712264716,OptionA
LCA,2060,6237600283.039399,30742.41640836694,202898.8287772251,OptionA
LCA,2065,7038110029.755415,35018.11999591352,200984.80531155685,OptionA
LCA,2070,7896473725.717867,39830.34059253314,198252.7291568828,OptionA
LKA,2012,70447217163.7784,3327.77613691283,21169458.0,WB
LKA,2013,76976203829.4765,3739.43181100202,20585000.0,WB
LKA,2014,82531125190.5224,3972.04375736464,20778000.0,WB
LKA,2015,85090301052.0465,4057.7158346231,20970000.0,WB
LKA,2016,88000211171.5956,4149.19190775593,21209000.0,WB
LKA,2017,94369350285.5814,4398.88828068715,21453000.0,WB
LKA,2018,94450015982.8405,4358.56095906047,21670000.0,WB
LKA,2019,88998706296.5783,4081.94772722003,21803000.0,WB
LKA,2020,84335574581.5072,3847.60137695639,21919000.0,WB
LKA,2021,88556698937.7033,3996.96240014909,22156000.0,WB
LKA,2022,74143020262.8076,3342.63650253855,22181000.0,WB
LKA,2023,83716142582.1945,3798.89016573011,22037000.0,WB
LKA,2024,98963185509.6499,4515.56787322732,21916000.0,WB
LKA,2025,150528488409.479,6786.101497793561,22181879.89944182,OptionA
LKA,2030,188566405426.55954,8339.552965254812,22611092.730292164,OptionA
LKA,2035,228382273370.19,9943.964503058764,22966923.634928465,OptionA
LKA,2040,270678958451.98132,11652.921409980258,23228420.49034637,OptionA
LKA,2045,314467715300.5499,13468.766680988196,23347922.10369462,OptionA
LKA,2050,360656705899.961,15454.292813537972,23336991.879953604,OptionA
LKA,2055,410394563294.8489,17672.938814388974,23221636.627899904,OptionA
LKA,2060,464199963097.23944,20156.311419452228,23030005.51228111,OptionA
LKA,2065,520808513587.0648,22852.852149032307,22789650.50798345,OptionA
LKA,2070,576787746194.9746,25634.51540436808,22500434.944703143,OptionA
LSO,2012,2477702216.26888,1217.93071228944,2034354.0,WB
LSO,2013,2367112931.642,1151.03735837227,2056504.0,WB
LSO,2014,2441063054.05792,1173.5377928819,2080089.0,WB
LSO,2015,2359686724.53829,1121.19851342518,2104611.0,WB
LSO,2016,2114426452.2019,992.491840678465,2130422.0,WB
LSO,2017,2306741672.29006,1069.36673247542,2157110.0,WB
LSO,2018,2556247291.99785,1170.65569702819,2183603.0,WB
LSO,2019,2390702295.82777,1082.05706777516,2209405.0,WB
LSO,2020,2053699863.99625,918.582574704447,2235727.0,WB
LSO,2021,2412130056.55851,1066.58645143823,2261542.0,WB
LSO,2022,2354980960.02697,1030.12582947757,2286110.0,WB
LSO,2023,2117962445.37471,916.282976983803,2311472.0,WB
LSO,2024,2271759454.51107,971.90771824829,2337423.0,WB
LSO,2025,3658966629.13208,1611.3890587265953,2270690.9975071996,OptionA
LSO,2030,4638761192.222203,1987.6876807603303,2333747.518346436,OptionA
LSO,2035,5860985263.058157,2461.486561768159,2381075.466383224,OptionA
LSO,2040,7475601348.876366,3091.350699315344,2418231.4062691177,OptionA
LSO,2045,9554330648.789892,3902.999344915115,2447945.747476851,OptionA
LSO,2050,12150519509.246477,4921.795313689623,2468716.9487627153,OptionA
LSO,2055,15331739969.079927,6184.934211275342,2478884.891148826,OptionA
LSO,2060,19166749541.489544,7727.554553868474,2480312.4206861174,OptionA
LSO,2065,23735567746.146935,9597.08800444204,2473205.1779832444,OptionA
LSO,2070,29102210198.78939,11827.778286303925,2460496.764002462,OptionA
LTU,2012,42709372066.8627,14288.1853493139,2989139.0,WB
LTU,2013,46303660422.0434,15636.5252586048,2961250.0,WB
LTU,2014,48306546656.9281,16446.1647181663,2937253.0,WB
LTU,2015,41540954817.2039,14269.8039878287,2911109.0,WB
LTU,2016,42970749245.0336,14934.2702840428,2877325.0,WB
LTU,2017,47756764508.446,16800.1510246099,2842639.0,WB
LTU,2018,54261795148.5372,19247.2315367967,2819200.0,WB
LTU,2019,55122066225.796,19608.7943945553,2811089.0,WB
LTU,2020,57412038533.2718,20428.6478157394,2810369.0,WB
LTU,2021,67037321008.9679,23870.4594851722,2808380.0,WB
LTU,2022,71033884499.7824,25085.784063499,2831639.0,WB
LTU,2023,79789877416.1681,27786.0057829276,2871585.0,WB
LTU,2024,84869215513.3648,29384.0189598663,2888278.0,WB
LTU,2025,53540142029.82578,19159.080841705974,2794504.729750826,OptionA
LTU,2030,57794405462.96885,21181.982325568966,2728470.101365569,OptionA
LTU,2035,62254280356.1557,23465.80764973756,2652978.3796660393,OptionA
LTU,2040,66673574040.12337,25889.486300915654,2575314.676589982,OptionA
LTU,2045,70534876097.32748,28210.253752991688,2500327.601266163,OptionA
LTU,2050,73215941319.74069,30177.279248112252,2426194.247591778,OptionA
LTU,2055,75025863250.9157,31934.04802881694,2349400.338573211,OptionA
LTU,2060,76954823395.80028,33915.737912677505,2269000.4149087085,OptionA
LTU,2065,79635212264.72647,36383.959903621246,2188745.0534706777,OptionA
LTU,2070,82744409244.40193,39191.99459476671,2111257.9265218303,OptionA
LUX,2012,59776383527.3602,112584.676270958,530946.0,WB
LUX,2013,65203276466.9763,120000.140729859,543360.0,WB
LUX,2014,68804811897.6445,123678.702143275,556319.0,WB
LUX,2015,60071584216.1375,105462.012584423,569604.0,WB
LUX,2016,62216885435.9488,106899.293549552,582014.0,WB
LUX,2017,65712180342.9836,110193.213797228,596336.0,WB
LUX,2018,71085623495.1145,116926.759593905,607950.0,WB
LUX,2019,69872035113.6469,112696.649059674,620001.0,WB
LUX,2020,73670782100.3909,116860.02817236,630419.0,WB
LUX,2021,86386759695.1653,134965.815442152,640064.0,WB
LUX,2022,80801680397.0139,123719.658915996,653103.0,WB
LUX,2023,88788881539.3937,133230.619178899,666430.0,WB
LUX,2024,93279851863.4062,137781.681659123,677012.0,WB
LUX,2025,76612313367.41745,117271.73702640257,653288.8086254657,OptionA
LUX,2030,84307774413.62471,121110.2193034145,696124.3642240502,OptionA
LUX,2035,91821195641.3107,124361.40994976967,738341.5456482669,OptionA
LUX,2040,99342396348.4207,127475.4610620923,779306.0367911264,OptionA
LUX,2045,106577312212.72797,130201.29918502756,818557.9781448431,OptionA
LUX,2050,113681532822.71231,132863.54737131938,855626.2050192121,OptionA
LUX,2055,120946010708.83073,135891.2059084109,890020.8803088182,OptionA
LUX,2060,128264944950.91708,139191.59706213855,921499.1972084095,OptionA
LUX,2065,135171566783.53218,142635.793784986,947669.3275693082,OptionA
LUX,2070,141798127356.88373,146433.03222603092,968347.9553848694,OptionA
LVA,2012,27116149948.6683,13329.3499931271,2034319.0,WB
LVA,2013,29152128167.8438,14484.4715282132,2012647.0,WB
LVA,2014,30277203767.4058,15185.814581236,1993782.0,WB
LVA,2015,26344565876.8902,13321.9753140616,1977527.0,WB
LVA,2016,27117105059.5075,13838.5266823272,1959537.0,WB
LVA,2017,29391059767.4259,15132.4958333982,1942248.0,WB
LVA,2018,33247935477.3576,17252.1710428626,1927174.0,WB
LVA,2019,33099503950.847,17294.9751600969,1913822.0,WB
LVA,2020,33379927434.6149,17564.2321549354,1900449.0,WB
LVA,2021,38183326784.9335,20261.8887788916,1884490.0,WB
LVA,2022,38003198508.9107,20221.103686109,1879383.0,WB
LVA,2023,42779550936.838,22710.2637544197,1883710.0,WB
LVA,2024,43684254432.3609,23409.0845154775,1866124.0,WB
LVA,2025,34920344505.36369,18623.016903598207,1875117.4788772615,OptionA
LVA,2030,39008191810.31672,21328.906275136007,1828888.519041888,OptionA
LVA,2035,42606717025.64648,23881.10894303161,1784118.0293295763,OptionA
LVA,2040,45880266932.21429,26323.13728630115,1742963.4786006636,OptionA
LVA,2045,48870485963.17957,28702.89973846028,1702632.3614856186,OptionA
LVA,2050,51365433699.784515,30910.45380531743,1661749.582303068,OptionA
LVA,2055,53564408500.72068,33059.35780009165,1620249.5167819678,OptionA
LVA,2060,56251961740.68797,35636.87588044485,1578476.2370697963,OptionA
LVA,2065,59222845856.25781,38605.74274502327,1534042.3896880555,OptionA
LVA,2070,61943119722.27894,41637.00969050731,1487693.7652994124,OptionA
MAC,2012,43193350975.6862,76058.0224963659,567900.0,WB
MAC,2013,51559125350.236,87107.8313063626,591900.0,WB
MAC,2014,54930501310.2956,88355.3181764446,621700.0,WB
MAC,2015,44940613353.1038,69902.9605741233,642900.0,WB
MAC,2016,44964868323.7558,68911.6755919628,652500.0,WB
MAC,2017,50297028370.6668,77570.9876166977,648400.0,WB
MAC,2018,55076322634.344,83588.2875009014,658900.0,WB
MAC,2019,55025172016.004,81882.6964523869,672000.0,WB
MAC,2020,25280064167.7333,36883.6652578543,685400.0,WB
MAC,2021,30633941629.3633,44884.8961602393,682500.0,WB
MAC,2022,24929307447.3237,36806.891255461,677300.0,WB
MAC,2023,45626467279.891,67216.3631112124,678800.0,WB
MAC,2024,49467258923.3244,72004.7437020733,687000.0,WB
MAC,2025,53728015473.942894,76092.91833810796,706084.3064949904,OptionA
MAC,2030,57913199810.329,78166.90324114093,740891.5718673122,OptionA
MAC,2035,62047647139.680244,80158.80522813469,774059.0314824495,OptionA
MAC,2040,65847972715.38742,81914.77700137113,803859.5126039985,OptionA
MAC,2045,69264677018.39215,83479.84772551157,829717.3378434991,OptionA
MAC,2050,72207423426.41289,84784.68589403444,851656.4361240795,OptionA
MAC,2055,74757886145.89595,86004.09814946819,869236.324250186,OptionA
MAC,2060,77262561810.25002,87530.77735008653,882690.2279324227,OptionA
MAC,2065,79392278617.73686,89210.1788589831,889946.4123173023,OptionA
MAC,2070,80898301485.08809,90744.387679428,891496.4721661565,OptionA
MAR,2012,106937392311.129,3164.17724609375,33355241.0,WB
MAR,2013,115739287305.08,3379.7431640625,33787571.0,WB
MAR,2014,119130841411.664,3435.40698242188,34204780.0,WB
MAR,2015,110413823841.592,3146.24780273438,34607588.0,WB
MAR,2016,111572947004.917,3140.85546875,35023457.0,WB
MAR,2017,118540573367.844,3296.52661132813,35446392.0,WB
MAR,2018,127341147581.818,3501.69799804688,35839760.0,WB
MAR,2019,128920266409.458,3508.09765625,36210898.0,WB
MAR,2020,121353645057.144,3268.0302734375,36584208.0,WB
MAR,2021,142022058447.231,3785.93627929688,36954442.0,WB
MAR,2022,131245312804.483,3463.1376953125,37329064.0,WB
MAR,2023,146036093666.762,3813.72607421875,37712505.0,WB
MAR,2024,160610994054.734,4153.1943359375,38081173.0,WB
MAR,2025,187184509382.03748,5064.681213013976,36958793.95154361,OptionA
MAR,2030,239332923140.98483,6342.850363196682,37732708.393953875,OptionA
MAR,2035,299667672631.1825,7836.337881781493,38240779.9602251,OptionA
MAR,2040,368934760969.0232,9576.111722237652,38526572.33648211,OptionA
MAR,2045,444856781707.1888,11526.010564453903,38595902.65161846,OptionA
MAR,2050,525173485199.1637,13651.857518070226,38469013.06316887,OptionA
MAR,2055,609244986318.7065,15968.25304165262,38153515.27368164,OptionA
MAR,2060,696394544589.7032,18494.734465929258,37653665.47287238,OptionA
MAR,2065,788246972591.8944,21284.131460986453,37034490.88522787,OptionA
MAR,2070,883256251941.8193,24312.48561513183,36329327.48727634,OptionA
MDA,2012,8709138634.82921,3044.8084324815,2860324.0,WB
MDA,2013,9496717875.51932,3321.04397795719,2859558.0,WB
MDA,2014,9402090137.7423,3289.95758568777,2857815.0,WB
MDA,2015,7797667196.73087,2749.55137054338,2835978.0,WB
MDA,2016,7980917075.7748,2847.08794770479,2803186.0,WB
MDA,2017,9514404016.20949,3453.26727720294,2755189.0,WB
MDA,2018,11252353420.8798,4156.44981956646,2707203.0,WB
MDA,2019,11736797054.6965,4405.33418162155,2664224.0,WB
MDA,2020,11530746234.4492,4375.7788930524,2635130.0,WB
MDA,2021,13691869264.0794,5274.60582195352,2595809.0,WB
MDA,2022,14525337523.7271,5744.29618434435,2528654.0,WB
MDA,2023,16711906746.2133,6799.58594644576,2457783.0,WB
MDA,2024,18200340853.6517,7576.19589413326,2402306.0,WB
MDA,2025,12313132191.692375,4850.017256637103,2538781.1094573373,OptionA
MDA,2030,15070836091.818584,6294.673386296481,2394220.504693354,OptionA
MDA,2035,17985134808.622433,7989.131312615577,2251200.300115513,OptionA
MDA,2040,20846606358.3543,9882.544652416227,2109437.1026451597,OptionA
MDA,2045,23424446332.497368,11894.15952459954,1969407.4460705568,OptionA
MDA,2050,25544450858.68333,13938.316659671764,1832678.3271176508,OptionA
MDA,2055,27241209153.447426,16008.63891388243,1701656.792934738,OptionA
MDA,2060,28881366912.062965,18315.011131263473,1576923.2519199986,OptionA
MDA,2065,30721513231.736694,21001.328273633433,1462836.6754452705,OptionA
MDA,2070,32457263006.958664,23907.078122855688,1357642.4036498552,OptionA
MDG,2012,11578975061.9479,493.511162904211,23462438.0,WB
MDG,2013,12423555455.3853,515.301589361832,24109290.0,WB
MDG,2014,12522957399.2281,505.684922503435,24764348.0,WB
MDG,2015,11323020701.3017,445.320069480568,25426702.0,WB
MDG,2016,11848613858.442,453.970714522463,26099952.0,WB
MDG,2017,13176313593.5509,491.866848718929,26788375.0,WB
MDG,2018,13760033282.2925,500.45718552916,27494926.0,WB
MDG,2019,14104664678.5063,499.818837622534,28219554.0,WB
MDG,2020,13051441203.9474,450.771615201509,28953556.0,WB
MDG,2021,14354731964.3258,483.469463351195,29691083.0,WB
MDG,2022,15325603272.6097,503.51453347296,30437261.0,WB
MDG,2023,15869945477.8505,508.718427705591,31195932.0,WB
MDG,2024,17420501490.1231,544.987501003384,31964956.0,WB
MDG,2025,19745606954.0597,613.0841906606727,32207007.21834209,OptionA
MDG,2030,27272078888.297512,764.9445876123079,35652358.78513026,OptionA
MDG,2035,37550743311.3238,961.9724885988666,39035153.03854194,OptionA
MDG,2040,51843600127.72126,1224.7121579316586,42331252.93316002,OptionA
MDG,2045,71518139775.23166,1573.6307594653904,45447853.21782126,OptionA
MDG,2050,98096757211.34097,2029.2276796069716,48341917.56655947,OptionA
MDG,2055,133130718486.82085,2607.460219071754,51057622.09258743,OptionA
MDG,2060,178231807905.67642,3327.371083219398,53565353.38199436,OptionA
MDG,2065,234926862132.05283,4208.93368331465,55816242.26187416,OptionA
MDG,2070,304897622349.8398,5273.200050238947,57820226.70200494,OptionA
MDV,2012,2886163997.20531,7461.29703686309,386818.0,WB
MDV,2013,3295009237.50107,8236.08177944126,400070.0,WB
MDV,2014,3697353039.20043,8939.07416571472,413617.0,WB
MDV,2015,4129505319.12921,9644.90655028145,428154.0,WB
MDV,2016,4409942623.85538,9947.80744731739,443308.0,WB
MDV,2017,4816426256.52914,10509.628805812,458287.0,WB
MDV,2018,5404344162.69888,11423.2838427029,473099.0,WB
MDV,2019,5726094799.37709,11740.2724029785,487731.0,WB
MDV,2020,3712604583.36665,7393.8886543933,502118.0,WB
MDV,2021,5252457369.55218,10176.143882547,516154.0,WB
MDV,2022,6177123352.26211,11786.0191492983,524106.0,WB
MDV,2023,6621008703.95743,12587.6126038651,525994.0,WB
MDV,2024,7061608267.25451,13379.3513577224,527799.0,WB
MDV,2025,6004946015.258877,12369.308545993714,485471.4386766441,OptionA
MDV,2030,7204167324.488692,14145.91188388574,509275.5690564771,OptionA
MDV,2035,8575758281.359652,16197.40074843166,529452.7445824919,OptionA
MDV,2040,10150657027.756054,18536.102342727267,547615.5040619267,OptionA
MDV,2045,11866987279.90929,21038.78644068366,564052.8418008729,OptionA
MDV,2050,13645193815.831142,23604.693604165994,578071.2109486099,OptionA
MDV,2055,15470544187.005268,26278.947287402752,588704.86773347,OptionA
MDV,2060,17432906329.381332,29288.68870034387,595209.5195431763,OptionA
MDV,2065,19625094668.612247,32838.953930315554,597616.315984267,OptionA
MDV,2070,22001438614.297375,36894.91863905884,596327.0668662089,OptionA
MEX,2012,1255110424817.79,10744.1335242686,116818208.0,WB
MEX,2013,1327436290282.67,11216.8008505428,118343573.0,WB
MEX,2014,1364507717614.13,11391.3773497683,119784261.0,WB
MEX,2015,1213294467716.88,10021.2386118827,121072306.0,WB
MEX,2016,1112233497452.7,9097.92397674769,122251351.0,WB
MEX,2017,1190721475906.0,9649.27816772402,123400057.0,WB
MEX,2018,1256300182879.73,10084.7937562021,124573711.0,WB
MEX,2019,1304106203902.45,10369.5553585271,125762982.0,WB
MEX,2020,1121064767308.42,8841.27075039868,126799054.0,WB
MEX,2021,1316569466685.95,10314.0506722115,127648148.0,WB
MEX,2022,1466934724293.06,11405.7940473759,128613117.0,WB
MEX,2023,1798317581486.88,13860.9597809326,129739759.0,WB
MEX,2024,1856365616165.94,14185.7812248529,130861007.0,WB
MEX,2025,1668916609742.5605,12546.36856104637,133019893.49525154,OptionA
MEX,2030,1933030761878.6653,14007.390335350878,138000777.8465498,OptionA
MEX,2035,2216483132821.86,15587.099878026636,142199841.5463077,OptionA
MEX,2040,2517018454331.539,17284.739506574646,145620849.73129815,OptionA
MEX,2045,2842673972106.7944,19175.521753433535,148244934.800681,OptionA
MEX,2050,3199913387799.6265,21321.059331357228,150082288.97395647,OptionA
MEX,2055,3585174493270.2817,23720.056684733307,151145275.11132678,OptionA
MEX,2060,3989891905798.3384,26351.86249205187,151408345.69100198,OptionA
MEX,2065,4424598662630.874,29238.108644541662,151329852.29729912,OptionA
MEX,2070,4882476797364.956,32322.041704111252,151057190.07669994,OptionA
MHL,2012,180700000.0,3514.26515490383,51419.0,WB
MHL,2013,186400000.0,3677.90690791421,50681.0,WB
MHL,2014,186000000.0,3735.23977829545,49796.0,WB
MHL,2015,183700000.0,3764.34426229508,48800.0,WB
MHL,2016,201800000.0,4229.80988911945,47709.0,WB
MHL,2017,213700000.0,4592.83457628576,46529.0,WB
MHL,2018,220000000.0,4858.12079054875,45285.0,WB
MHL,2019,232900000.0,5292.33985502306,44007.0,WB
MHL,2020,241800000.0,5661.96787336674,42706.0,WB
MHL,2021,261245544.433594,6315.31279603534,41367.0,WB
MHL,2022,258723510.742188,6455.66062185762,40077.0,WB
MHL,2023,263761322.021484,6793.24495895856,38827.0,WB
MHL,2024,290108489.990234,7726.33668877794,37548.0,WB
MKD,2012,9745261300.57788,5049.8265386157,1929821.0,WB
MKD,2013,10817702346.0674,5626.26115664893,1922716.0,WB
MKD,2014,11362265252.778,5925.38592218015,1917557.0,WB
MKD,2015,10064519962.5655,5262.68671928674,1912430.0,WB
MKD,2016,10672467073.2873,5598.48622617967,1906313.0,WB
MKD,2017,11307067069.6658,5955.2973863451,1898657.0,WB
MKD,2018,12683068114.2388,6713.98925398989,1889051.0,WB
MKD,2019,12606338448.547,6718.85826635458,1876262.0,WB
MKD,2020,12361036913.8409,6659.59651070776,1856124.0,WB
MKD,2021,14000283827.0154,7620.80296977508,1837114.0,WB
MKD,2022,13932436550.0883,7606.2375253797,1831712.0,WB
MKD,2023,15855131188.9092,8674.35846327485,1827816.0,WB
MKD,2024,16951682245.4202,9291.85661671864,1824359.0,WB
MKD,2025,14913688301.78317,7549.51743043962,1975449.217674662,OptionA
MKD,2030,17852355159.85378,8896.134585760852,2006754.1680887165,OptionA
MKD,2035,21124543225.203842,10373.446825813213,2036405.4089174753,OptionA
MKD,2040,24571542406.093483,11905.201885967408,2063933.2823961445,OptionA
MKD,2045,27999680387.674908,13400.311603731743,2089479.7983561447,OptionA
MKD,2050,31343172986.99506,14843.944327809666,2111512.4319265066,OptionA
MKD,2055,34738188862.47425,16319.066574082595,2128687.244749911,OptionA
MKD,2060,38226590675.991684,17863.647676788958,2139909.573208904,OptionA
MKD,2065,41640007721.52769,19502.828734391,2135075.290288547,OptionA
MKD,2070,44826630346.113625,21191.215871343633,2115340.177659725,OptionA
MLI,2012,14795114602.6396,872.506092465564,16957033.0,WB
MLI,2013,15747192680.9101,901.920957644831,17459615.0,WB
MLI,2014,17081681993.1695,947.915033288325,18020267.0,WB
MLI,2015,15583181170.4105,838.11986940103,18593022.0,WB
MLI,2016,16743796799.8329,872.468587171653,19191289.0,WB
MLI,2017,18308362040.0521,924.057531692284,19813011.0,WB
MLI,2018,20368015381.2413,996.379292136901,20442030.0,WB
MLI,2019,20477421884.5414,971.949318638092,21068405.0,WB
MLI,2020,20698560938.7775,953.242943290974,21713836.0,WB
MLI,2021,22999245262.6719,1027.27345365357,22388630.0,WB
MLI,2022,22539987718.7642,976.914116406452,23072640.0,WB
MLI,2023,24813860598.5307,1043.9533853528,23769127.0,WB
MLI,2024,26794747239.8805,1094.61949265799,24478595.0,WB
MLI,2025,28489428339.739815,1182.2550763621448,24097530.989169564,OptionA
MLI,2030,39345158956.78063,1458.8744305307837,26969530.84746687,OptionA
MLI,2035,54018033641.42707,1812.150390545918,29808802.80314588,OptionA
MLI,2040,74159262726.75214,2278.1505434046076,32552397.795416977,OptionA
MLI,2045,101457287894.93985,2885.361092858964,35162769.79891302,OptionA
MLI,2050,137893747702.4233,3670.709263757217,37565968.262297034,OptionA
MLI,2055,185620614127.81854,4668.415002315204,39760949.70900484,OptionA
MLI,2060,246761935637.90842,5915.094180363431,41717329.95513303,OptionA
MLI,2065,323504123209.23645,7437.782777738004,43494699.00862327,OptionA
MLI,2070,417678959218.06396,9259.109791760957,45110055.78416704,OptionA
MLT,2012,9609532089.16031,22878.3130866521,420028.0,WB
MLT,2013,10796782636.1081,25415.5566867731,424810.0,WB
MLT,2014,11888032873.8295,27424.5765646694,433481.0,WB
MLT,2015,11340795042.0881,25529.6813337717,444220.0,WB
MLT,2016,12025782834.1534,26459.0770929988,454505.0,WB
MLT,2017,14161366724.1955,30317.2443175543,467106.0,WB
MLT,2018,16153779510.9928,33382.2677499267,483903.0,WB
MLT,2019,16337793530.7322,32421.9179752262,503912.0,WB
MLT,2020,16404663226.4598,31823.4363934505,515490.0,WB
MLT,2021,19739875611.4902,38096.8360735119,518150.0,WB
MLT,2022,18928276162.4131,35638.8869457406,531113.0,WB
MLT,2023,22610561526.1461,40905.8059585057,552747.0,WB
MLT,2024,24971574502.4475,43898.5781808597,568847.0,WB
MLT,2025,14389325817.330582,31299.18924007195,459734.7780148922,OptionA
MLT,2030,16217575755.189692,34919.76431105499,464423.9752229796,OptionA
MLT,2035,18216274173.003605,39051.79101176243,466464.50011772447,OptionA
MLT,2040,20176974522.037785,43274.23121195439,466258.4165438379,OptionA
MLT,2045,21980254300.41308,47283.412640025235,464861.84209569666,OptionA
MLT,2050,23615256917.04955,50999.22011705496,463051.3341742696,OptionA
MLT,2055,25128665713.590885,54502.41913619343,461055.9698423311,OptionA
MLT,2060,26622532646.188354,58041.98670454621,458677.1431809572,OptionA
MLT,2065,28146798033.80961,61914.661023707915,454606.3495854696,OptionA
MLT,2070,29685176989.834763,66181.78904359888,448539.9596901033,OptionA
MMR,2012,59937796648.2158,1202.6658960055,49837446.0,WB
MMR,2013,60269732854.827,1199.09561597055,50262658.0,WB
MMR,2014,65531374210.3224,1293.00042319714,50681634.0,WB
MMR,2015,59607290408.4359,1166.73305547935,51089056.0,WB
MMR,2016,63298361983.5653,1229.19713491328,51495696.0,WB
MMR,2017,66053040475.0257,1272.82241815234,51894938.0,WB
MMR,2018,67860515993.1186,1298.21310327675,52272247.0,WB
MMR,2019,75065106243.3578,1425.98954241668,52640713.0,WB
MMR,2020,79006113670.2831,1490.21683599469,53016522.0,WB
MMR,2021,66345291149.4433,1242.7213439951,53387102.0,WB
MMR,2022,62253049903.28,1158.05005055976,53756787.0,WB
MMR,2023,66757619000.0,1233.19666209269,54133798.0,WB
MMR,2024,74068349523.8095,1359.05001560107,54500091.0,WB
MMR,2025,101168497462.19237,1918.65984338512,52728730.322358385,OptionA
MMR,2030,121692790353.18858,2293.2823777005287,53064895.774069384,OptionA
MMR,2035,140208722534.70584,2648.51823771372,52938552.78706262,OptionA
MMR,2040,158849731714.26425,3027.9270591991085,52461545.01366366,OptionA
MMR,2045,177975495269.65036,3448.5041734890806,51609476.54866276,OptionA
MMR,2050,197293086759.85608,3906.6557592782774,50501784.36922335,OptionA
MMR,2055,216975540166.62732,4408.583797662078,49216607.9006351,OptionA
MMR,2060,237303468651.37244,4963.999356019564,47804895.13231056,OptionA
MMR,2065,258523785873.43683,5577.242937155425,46353330.63065249,OptionA
MMR,2070,281267061361.805,6263.162516748777,44908153.12705815,OptionA
MNE,2012,4071829462.26447,6552.48071710904,621418.0,WB
MNE,2013,4422097762.7848,7102.77882895852,622587.0,WB
MNE,2014,4579636601.80039,7342.17339453427,623744.0,WB
MNE,2015,4010885990.83986,6421.00307345999,624651.0,WB
MNE,2016,4357469330.46719,6968.01539365317,625353.0,WB
MNE,2017,4803962015.62122,7674.2813940676,625982.0,WB
MNE,2018,5433467174.79183,8673.59128084795,626438.0,WB
MNE,2019,5483476883.4658,8749.02375172644,626753.0,WB
MNE,2020,4723571497.76347,7538.53635992191,626590.0,WB
MNE,2021,5823715809.63286,9317.15520065156,625053.0,WB
MNE,2022,6251215144.13471,10024.5435616209,623591.0,WB
MNE,2023,7644389159.84471,12259.8775034436,623529.0,WB
MNE,2024,8270016670.86774,13263.3281277699,623525.0,WB
MNE,2025,5178403329.359945,8038.823938083972,644174.2435516259,OptionA
MNE,2030,5885403102.3691845,9025.487825359583,652086.9803660397,OptionA
MNE,2035,6616880323.236233,10046.373963400456,658633.6868746799,OptionA
MNE,2040,7350634515.997029,11070.50986034412,663983.376441213,OptionA
MNE,2045,8059342017.926581,12066.020655861084,667937.0314198614,OptionA
MNE,2050,8748126015.785824,13045.55814182511,670582.7317375274,OptionA
MNE,2055,9476757021.785685,14101.91287368468,672019.2577185814,OptionA
MNE,2060,10266297025.943346,15274.354981458197,672126.3869018222,OptionA
MNE,2065,11032498068.190073,16513.602701477408,668085.4727843875,OptionA
MNE,2070,11748605728.774311,17799.83442568212,660040.1693525352,OptionA
MNG,2012,12292770631.565,4328.89001905655,2839705.0,WB
MNG,2013,12582122604.2577,4340.14310544449,2899011.0,WB
MNG,2014,12226514668.0622,4126.23975800524,2963113.0,WB
MNG,2015,11619892590.6941,3838.92126989984,3026864.0,WB
MNG,2016,11181350649.3573,3619.90026383792,3088856.0,WB
MNG,2017,11480847740.736,3645.96708669551,3148917.0,WB
MNG,2018,13178094720.4986,4107.64288528468,3208189.0,WB
MNG,2019,14206359017.5143,4347.54610314873,3267673.0,WB
MNG,2020,13312981429.0891,4001.25193077703,3327204.0,WB
MNG,2021,15286441737.6686,4517.61578018785,3383741.0,WB
MNG,2022,17146471713.748,4993.51487463495,3433748.0,WB
MNG,2023,20325121393.9074,5838.63108083902,3481145.0,WB
MNG,2024,23794540024.5132,6750.6301157724,3524788.0,WB
MNG,2025,26137562944.097904,7758.042817513649,3369092.380502567,OptionA
MNG,2030,34913316096.358215,10005.852742474675,3489289.418397273,OptionA
MNG,2035,44756602726.8899,12453.254367858875,3593968.404146958,OptionA
MNG,2040,55551642550.365746,15033.71430131132,3695137.5712601,OptionA
MNG,2045,66741120295.04114,17635.12413264177,3784556.308934992,OptionA
MNG,2050,77838366286.9982,20208.754934962195,3851715.087718432,OptionA
MNG,2055,88762923039.82314,22825.323641718933,3888791.4332827646,OptionA
MNG,2060,100140134919.46414,25678.965473196593,3899695.064584641,OptionA
MNG,2065,112037376894.21896,28733.837994621143,3899144.1698526978,OptionA
MNG,2070,123933964743.06798,31851.821271304772,3890953.7915409496,OptionA
MNP,2012,746000000.0,14013.6003306158,53234.0,WB
MNP,2013,772000000.0,14632.8518897608,52758.0,WB
MNP,2014,832000000.0,15945.417608954,52178.0,WB
MNP,2015,910000000.0,17665.1007493109,51514.0,WB
MNP,2016,1230000000.0,24225.474169342,50773.0,WB
MNP,2017,1560000000.0,31225.6049960968,49959.0,WB
MNP,2018,1301000000.0,26509.3628379893,49077.0,WB
MNP,2019,1179000000.0,24496.6652122421,48129.0,WB
MNP,2020,866000000.0,18220.8382427201,47528.0,WB
MNP,2021,914000000.0,19455.50139424,46979.0,WB
MNP,2022,1096000000.0,23785.754590043,46078.0,WB
MNP,2023,,,45143.0,WB
MNP,2024,,,44278.0,WB
MOZ,2012,16688114144.0745,685.685748199513,24337846.0,WB
MOZ,2013,17198073057.1981,686.505672517351,25051611.0,WB
MOZ,2014,17978246586.0662,697.142680444123,25788475.0,WB
MOZ,2015,16208985769.615,610.563774706589,26547572.0,WB
MOZ,2016,12069051237.1711,441.489734819071,27337105.0,WB
MOZ,2017,13264640645.7768,470.93856305196,28166393.0,WB
MOZ,2018,15017358952.8452,517.507260258101,29018644.0,WB
MOZ,2019,15512759046.672,519.09255091362,29884380.0,WB
MOZ,2020,14235420174.1884,462.433876479921,30783688.0,WB
MOZ,2021,16168055475.4449,509.907829475551,31707800.0,WB
MOZ,2022,18883528581.3734,578.251663751351,32656246.0,WB
MOZ,2023,20921079532.6094,622.000297682823,33635160.0,WB
MOZ,2024,22745341305.0622,656.776824637306,34631766.0,WB
MOZ,2025,32644135279.23714,1022.2562625595796,31933416.77115386,OptionA
MOZ,2030,44391792906.17685,1285.755066773222,34525854.92630732,OptionA
MOZ,2035,59037502178.32569,1596.1192408914624,36988152.68046775,OptionA
MOZ,2040,78324535541.26924,1993.3076138135289,39293752.25303102,OptionA
MOZ,2045,104011944306.17497,2514.818989361598,41359614.64669035,OptionA
MOZ,2050,137880402674.08185,3191.7147177156944,43199475.78922801,OptionA
MOZ,2055,181842075392.54462,4054.281783525475,44851859.121252425,OptionA
MOZ,2060,237924838890.05215,5132.207517792663,46359161.835369915,OptionA
MOZ,2065,308154231985.3773,6461.56676470319,47690327.00686368,OptionA
MOZ,2070,394529495387.9898,8085.049302618008,48797413.67319031,OptionA
MRT,2012,6728208836.22143,1859.11733247641,3619034.0,WB
MRT,2013,7223071097.08417,1934.24103064714,3734318.0,WB
MRT,2014,6592537781.81518,1713.00865264234,3848514.0,WB
MRT,2015,6166863896.68677,1554.94897871782,3965959.0,WB
MRT,2016,6398747592.13185,1565.76575722696,4086657.0,WB
MRT,2017,6800135898.28827,1615.00401327323,4210600.0,WB
MRT,2018,7473550557.07378,1722.93528854073,4337685.0,WB
MRT,2019,7894764885.82312,1767.072710621,4467708.0,WB
MRT,2020,8260752385.23089,1795.76459566714,4600131.0,WB
MRT,2021,9222536364.01272,1947.78918383313,4734874.0,WB
MRT,2022,9557966698.25369,1960.35240077424,4875637.0,WB
MRT,2023,10726838461.3987,2135.78187606359,5022441.0,WB
MRT,2024,10908045686.8808,2110.12036938187,5169395.0,WB
MRT,2025,10444318745.066576,2191.1218104915843,4766653.636076656,OptionA
MRT,2030,13470570400.050842,2615.3961948931747,5150489.408202662,OptionA
MRT,2035,17276441538.684036,3129.2459440245575,5520959.95256436,OptionA
MRT,2040,22043310510.868713,3759.8371194373703,5862836.556645124,OptionA
MRT,2045,28033714792.56553,4549.198361910837,6162341.705581354,OptionA
MRT,2050,35426573366.2207,5513.04207856406,6425957.368249943,OptionA
MRT,2055,44336246818.55247,6658.173960933257,6658919.859813633,OptionA
MRT,2060,54847583326.80338,7987.554022061334,6866630.657560043,OptionA
MRT,2065,66917543960.48808,9501.824953672138,7042599.109829601,OptionA
MRT,2070,80438531393.39319,11190.040034756988,7188404.254457169,OptionA
MSR,2012,,,,WB
MSR,2013,,,,WB
MSR,2014,,,,WB
MSR,2015,,,,WB
MSR,2016,,,,WB
MSR,2017,,,,WB
MSR,2018,,,,WB
MSR,2019,,,,WB
MSR,2020,,,,WB
MSR,2021,,,,WB
MSR,2022,,,,WB
MSR,2023,,,,WB
MSR,2024,,,,WB
MUS,2012,11832323837.1071,9421.52514098225,1255882.0,WB
MUS,2013,12434596541.2996,9877.13865958834,1258927.0,WB
MUS,2014,13230490081.5656,10490.3315563853,1261208.0,WB
MUS,2015,12162211503.0793,9630.5437837507,1262879.0,WB
MUS,2016,12757680846.5663,10095.1225574156,1263747.0,WB
MUS,2017,13896938315.2799,10986.7034093005,1264887.0,WB
MUS,2018,14957535715.9696,11818.7480619272,1265577.0,WB
MUS,2019,14645235204.6176,11568.2533399824,1265985.0,WB
MUS,2020,11566111137.5568,9135.84773751062,1266014.0,WB
MUS,2021,11622048696.8129,9177.71195973013,1266334.0,WB
MUS,2022,12936444123.3037,10246.5017455553,1262523.0,WB
MUS,2023,14072212290.4596,11269.9684462139,1248647.0,WB
MUS,2024,14937861786.17,11990.7798944837,1245779.0,WB
MUS,2025,18355877179.65138,13855.034103366832,1324852.5440432387,OptionA
MUS,2030,21529875745.580048,15936.50764389579,1350978.2837412753,OptionA
MUS,2035,24622244450.861977,17962.097399494498,1370788.9398013682,OptionA
MUS,2040,27739484754.309704,20048.43490709266,1383623.4540430952,OptionA
MUS,2045,30916671986.669884,22236.170380460564,1390377.545129672,OptionA
MUS,2050,34277526405.485252,24624.000357759825,1392037.276944048,OptionA
MUS,2055,37632641224.7239,27080.231839761607,1389672.0473961493,OptionA
MUS,2060,41033672840.57634,29642.326196849215,1384293.2760431585,OptionA
MUS,2065,44537379515.52352,32395.41882673533,1374804.8683589688,OptionA
MUS,2070,48143761249.565445,35362.176782284485,1361447.898017528,OptionA
MWI,2012,8773203178.16512,558.46208832772,15709577.0,WB
MWI,2013,8031571927.62055,496.947368267313,16161816.0,WB
MWI,2014,8801326169.14547,529.5133440206,16621538.0,WB
MWI,2015,9219474379.31534,539.605363240686,17085587.0,WB
MWI,2016,7909868618.46366,450.506105510719,17557739.0,WB
MWI,2017,8943543793.5839,495.769683367165,18039715.0,WB
MWI,2018,9879220354.29186,533.202567189331,18528081.0,WB
MWI,2019,11051852712.6142,580.889139762475,19025752.0,WB
MWI,2020,11769313597.8545,602.507478176106,19533888.0,WB
MWI,2021,12378119199.0839,617.446994451007,20047258.0,WB
MWI,2022,12429059928.102,604.269740360317,20568728.0,WB
MWI,2023,13363669672.9405,633.214767978695,21104482.0,WB
MWI,2024,11316411329.4619,522.570393642547,21655286.0,WB
MWI,2025,17792975230.972023,784.0296388179121,22694263.52018865,OptionA
MWI,2030,24999598515.21629,965.6427234824284,25889076.68154888,OptionA
MWI,2035,34816704156.32248,1188.8289221642558,29286555.455715932,OptionA
MWI,2040,48591832815.35587,1479.68424394138,32839325.69689572,OptionA
MWI,2045,67882209731.58341,1862.8775005905736,36439438.293748915,OptionA
MWI,2050,94613065643.19077,2364.285745216898,40017610.322525136,OptionA
MWI,2055,131153171577.70082,3017.8567736849664,43459044.41898205,OptionA
MWI,2060,180233261278.32156,3853.539518663076,46770835.07394537,OptionA
MWI,2065,245114020577.83713,4908.845080863775,49933134.27905248,OptionA
MWI,2070,329277905453.7,6226.281962893731,52885158.01501938,OptionA
MYS,2012,314443047642.111,10600.5744240026,29662831.0,WB
MYS,2013,323276235524.415,10713.6407638899,30174265.0,WB
MYS,2014,338066095097.254,11013.3107334403,30696137.0,WB
MYS,2015,301355266964.947,9648.6797937523,31232798.0,WB
MYS,2016,301256033870.334,9476.53409809923,31789685.0,WB
MYS,2017,319109094160.343,9862.54806612235,32355644.0,WB
MYS,2018,358788845712.53,10901.8019954421,32910967.0,WB
MYS,2019,365177721021.516,10920.191763972,33440596.0,WB
MYS,2020,337456163961.211,9957.52626697613,33889558.0,WB
MYS,2021,373784553029.978,10903.1037480772,34282399.0,WB
MYS,2022,407830525989.553,11754.5678336248,34695493.0,WB
MYS,2023,399949418752.657,11386.0395636528,35126298.0,WB
MYS,2024,422227005428.688,11874.4273684245,35557673.0,WB
MYS,2025,470771643685.56964,13177.249852168292,35726092.23980868,OptionA
MYS,2030,572842064844.9602,15149.134002007797,37813518.89613217,OptionA
MYS,2035,685464147227.6799,17256.451046173606,39722196.95657948,OptionA
MYS,2040,807885740923.231,19527.53831320414,41371612.12875227,OptionA
MYS,2045,935342172847.6561,21855.699842013928,42796258.16646773,OptionA
MYS,2050,1067605134427.7858,24250.0723910324,44024822.57424447,OptionA
MYS,2055,1208818426266.6511,26823.63383901775,45065423.779693104,OptionA
MYS,2060,1356913319015.142,29550.070828888856,45919122.38966924,OptionA
MYS,2065,1507362961019.6863,32368.49000089207,46568837.8104182,OptionA
MYS,2070,1659068934367.1453,35278.594043593,47027637.56166329,OptionA
MYT,2012,,,,WB
MYT,2013,,,,WB
NAM,2012,13042053591.6857,5942.64680978673,2194654.0,WB
NAM,2013,12043307277.1235,5346.62131149967,2252508.0,WB
NAM,2014,12435430969.6301,5378.32326241205,2312139.0,WB
NAM,2015,11335161083.5061,4774.10650865775,2374300.0,WB
NAM,2016,10722018732.0936,4395.68776162376,2439213.0,WB
NAM,2017,12895153370.9132,5143.96072323076,2506853.0,WB
NAM,2018,13682019076.4022,5308.60813408705,2577327.0,WB
NAM,2019,12541928303.48,4731.9210318831,2650494.0,WB
NAM,2020,10583748541.5258,3878.58982993966,2728762.0,WB
NAM,2021,12402486183.6396,4412.8355693052,2810548.0,WB
NAM,2022,12569449123.3661,4349.79908493314,2889662.0,WB
NAM,2023,12408271449.2244,4187.60500396525,2963095.0,WB
NAM,2024,13372354511.716,4413.12752211572,3030131.0,WB
NAM,2025,17509173662.360237,6501.480943064318,2693105.434853079,OptionA
NAM,2030,21653975066.420048,7645.735752193421,2832163.675053499,OptionA
NAM,2035,26227885321.723698,8876.638336642807,2954709.2409358234,OptionA
NAM,2040,31313800456.352386,10239.396956082188,3058168.424435585,OptionA
NAM,2045,36909630654.47213,11745.264330218051,3142511.706570243,OptionA
NAM,2050,42974972809.95933,13374.707032706934,3213152.4604514297,OptionA
NAM,2055,49433200342.23471,15119.169492175168,3269571.147265632,OptionA
NAM,2060,56218135749.888916,16961.121419465264,3314529.408731826,OptionA
NAM,2065,63292858953.188324,18928.24434631833,3343831.4613420134,OptionA
NAM,2070,70606517766.8394,21023.97892948229,3358380.35243779,OptionA
NCL,2012,9659151917.40484,35559.5672006157,271633.0,WB
NCL,2013,10151382933.1594,36671.1566752621,276822.0,WB
NCL,2014,10635035594.7528,37816.9558599295,281224.0,WB
NCL,2015,8738203074.3957,30858.7237060533,283168.0,WB
NCL,2016,8724568954.89799,30782.8544433514,283423.0,WB
NCL,2017,9174048681.98577,32354.7102832901,283546.0,WB
NCL,2018,9896402283.68587,34902.8968780031,283541.0,WB
NCL,2019,9475655324.59495,33411.3358835672,283606.0,WB
NCL,2020,9454629467.91408,33270.330597637,284176.0,WB
NCL,2021,10071349663.8484,35311.5543551452,285214.0,WB
NCL,2022,9623318718.31459,33516.363085906,287123.0,WB
NCL,2023,9769167530.35744,33701.8923322781,289870.0,WB
NCL,2024,8548919387.12607,29213.1923192946,292639.0,WB
NCL,2025,12503846645.366676,38671.1221499049,323338.08667089394,OptionA
NCL,2030,14565318333.54143,42634.53235763013,341631.9478155302,OptionA
NCL,2035,16653134707.827044,46423.49925879341,358722.0906160505,OptionA
NCL,2040,18823278226.209095,50208.63867227044,374901.18680722045,OptionA
NCL,2045,21042818031.049004,53948.25650357176,390055.57166904584,OptionA
NCL,2050,23237659692.659985,57519.5816312705,403995.6312899682,OptionA
NCL,2055,25439087525.798683,61069.635656760394,416558.6916021265,OptionA
NCL,2060,27650394616.228947,64653.70724021016,427669.12829141377,OptionA
NCL,2065,29873227506.832714,68457.55234731417,436375.9217576634,OptionA
NCL,2070,32068069168.443695,72428.21760095224,442756.5696166198,OptionA
NER,2012,9426912647.59111,528.510104469655,17836769.0,WB
NER,2013,10224897437.8648,552.103334363117,18519898.0,WB
NER,2014,10862943543.5419,565.30989731175,19215909.0,WB
NER,2015,9683867926.44282,485.662574175279,19939498.0,WB
NER,2016,10398861981.7583,502.706475406446,20685753.0,WB
NER,2017,11185104251.6943,521.804130023434,21435446.0,WB
NER,2018,12837307496.8821,578.568035680892,22188069.0,WB
NER,2019,12889555561.2299,561.691304349698,22947757.0,WB
NER,2020,13744653103.058,579.512495758236,23717613.0,WB
NER,2021,14915002436.069,608.722439593808,24502140.0,WB
NER,2022,15433852712.2963,609.745147574878,25311973.0,WB
NER,2023,16698786977.59,638.336080897887,26159867.0,WB
NER,2024,19876128485.7857,735.270255787226,27032412.0,WB
NER,2025,17808206935.11894,643.8556213341361,27658696.05707328,OptionA
NER,2030,24713827871.419586,766.9768574844699,32222390.58486847,OptionA
NER,2035,34388957058.23699,921.6358978913196,37312953.12706253,OptionA
NER,2040,48399845520.74206,1128.6504573167635,42882936.17122799,OptionA
NER,2045,68722120625.01941,1407.0554920980248,48841087.65500754,OptionA
NER,2050,98170328741.19374,1783.148110881344,55054500.600441866,OptionA
NER,2055,140428856937.48892,2297.102121430455,61133049.169812635,OptionA
NER,2060,200142009219.44385,2985.7436162535223,67032550.32680261,OptionA
NER,2065,282991982975.80084,3882.13223897162,72896018.36200346,OptionA
NER,2070,394882132928.89923,5019.897230017707,78663389.87332343,OptionA
NFK,2012,,,,WB
NFK,2013,,,,WB
NFK,2014,,,,WB
NFK,2015,,,,WB
NFK,2016,,,,WB
NFK,2017,,,,WB
NFK,2018,,,,WB
NFK,2019,,,,WB
NFK,2020,,,,WB
NFK,2021,,,,WB
NFK,2022,,,,WB
NFK,2023,,,,WB
NFK,2024,,,,WB
NGA,2012,463971018239.281,2633.19734671361,176200625.0,WB
NGA,2013,520117180313.906,2872.79083379398,181049443.0,WB
NGA,2014,574183763411.508,3088.72131316169,185896915.0,WB
NGA,2015,493026682800.63,2585.73360671797,190671878.0,WB
NGA,2016,404649125252.16,2070.4127339595,195443700.0,WB
NGA,2017,375745731053.427,1876.34027111773,200254579.0,WB
NGA,2018,421739251509.08,2057.87944554011,204938755.0,WB
NGA,2019,668219992691.462,3189.81286498516,209485641.0,WB
NGA,2020,598586817819.073,2797.18458068686,213996181.0,WB
NGA,2021,609147716972.859,2787.48779224428,218529286.0,WB
NGA,2022,646950257577.814,2899.16047470324,223150896.0,WB
NGA,2023,487387801880.597,2138.76383719983,227882945.0,WB
NGA,2024,252261880141.151,1084.16041805436,232679478.0,WB
NGA,2025,930702921673.7019,3859.914839298304,241120066.22480172,OptionA
NGA,2030,1261185654774.4917,4680.620190148394,269448407.16386074,OptionA
NGA,2035,1683871192475.3464,5620.127882304666,299614390.9424416,OptionA
NGA,2040,2239102359197.769,6761.037314467347,331177340.85071707,OptionA
NGA,2045,2966887842270.0557,8161.775145403416,363510117.5190988,OptionA
NGA,2050,3914392784232.0103,9877.541148170205,396292227.54057,OptionA
NGA,2055,5139477886793.712,12040.982235374762,426832112.72371346,OptionA
NGA,2060,6694530770670.152,14691.554285935576,455672057.59018415,OptionA
NGA,2065,8626278816513.195,17844.60771075728,483410952.84000045,OptionA
NGA,2070,10973486156718.52,21533.734871452765,509595117.7176446,OptionA
NIC,2012,10532017231.8253,1784.69836017555,5901287.0,WB
NIC,2013,10982988249.2103,1835.43996363715,5983845.0,WB
NIC,2014,11880438824.4494,1958.37047579547,6066492.0,WB
NIC,2015,12756696261.0676,2074.45620634731,6149417.0,WB
NIC,2016,13286093388.4752,2131.68704828322,6232666.0,WB
NIC,2017,13785893007.4769,2182.61380995674,6316231.0,WB
NIC,2018,13025221974.232,2035.16549390507,6400080.0,WB
NIC,2019,12699023614.245,1958.62051528095,6483657.0,WB
NIC,2020,12726422432.4868,1938.44704754382,6565267.0,WB
NIC,2021,14209020361.8508,2138.38588469449,6644741.0,WB
NIC,2022,15634572502.2294,2322.89053964583,6730654.0,WB
NIC,2023,17805842283.8725,2609.44492072931,6823613.0,WB
NIC,2024,19693982967.5926,2847.53966339498,6916140.0,WB
NIC,2025,19802888038.110332,2985.889352330811,6632157.357958367,OptionA
NIC,2030,25511921500.887497,3747.9186856141814,6806957.044935673,OptionA
NIC,2035,32581649617.895245,4695.599239443012,6938762.862087875,OptionA
NIC,2040,41213602300.08447,5867.86662886434,7023609.244517015,OptionA
NIC,2045,51379830143.746666,7271.189851928269,7066220.410971816,OptionA
NIC,2050,63153148700.648766,8934.311472847488,7068608.352482364,OptionA
NIC,2055,76590927799.45563,10893.290741257262,7031018.414791322,OptionA
NIC,2060,91490902018.5924,13150.80735818984,6957055.907416606,OptionA
NIC,2065,108226710755.00464,15729.5062368718,6880490.024620645,OptionA
NIC,2070,126829980965.52032,18642.429360900365,6803296.850974088,OptionA
NIU,2012,,,,WB
NIU,2013,,,,WB
NIU,2014,,,,WB
NIU,2015,,,,WB
NIU,2016,,,,WB
NIU,2017,,,,WB
NIU,2018,,,,WB
NIU,2019,,,,WB
NIU,2020,,,,WB
NIU,2021,,,,WB
NIU,2022,,,,WB
NIU,2023,,,,WB
NIU,2024,,,,WB
NLD,2012,845689017065.625,50473.9442002689,16754962.0,WB
NLD,2013,883951539006.669,52602.2860520766,16804432.0,WB
NLD,2014,901556501756.467,53457.2234864322,16865008.0,WB
NLD,2015,775743675302.734,45793.8135434697,16939923.0,WB
NLD,2016,797163949289.885,46808.5291492503,17030314.0,WB
NLD,2017,848233537845.884,49513.6817346384,17131296.0,WB
NLD,2018,929733599796.862,53955.0770024266,17231624.0,WB
NLD,2019,928903005576.469,53554.9007491475,17344874.0,WB
NLD,2020,932560861701.17,53467.9277413737,17441500.0,WB
NLD,2021,1054472123449.6,60141.9880911492,17533044.0,WB
NLD,2022,1046540797548.64,59123.318556487,17700982.0,WB
NLD,2023,1135475867551.0,63515.6030780019,17877117.0,WB
NLD,2024,1214927698572.66,67520.4218956281,17993485.0,WB
NLD,2025,916632834615.8435,52105.76583378629,17591773.5772244,OptionA
NLD,2030,988806979075.5828,55280.16294158139,17887193.64160572,OptionA
NLD,2035,1065439007621.1589,58777.64749767794,18126601.74368581,OptionA
NLD,2040,1152327114005.4333,62925.48757737801,18312565.517882455,OptionA
NLD,2045,1249211009619.9587,67686.33825865322,18455881.07966907,OptionA
NLD,2050,1350180611943.5386,72675.62865992455,18578175.88701599,OptionA
NLD,2055,1453219567593.0938,77732.36355929477,18695167.637409713,OptionA
NLD,2060,1560869518274.6309,82953.96856614569,18816092.168393698,OptionA
NLD,2065,1672333109291.6873,88348.61748215134,18928797.721475843,OptionA
NLD,2070,1786275919859.7847,93852.2244391057,19032856.498982366,OptionA
NOR,2012,512777309840.997,102175.919298374,5018573.0,WB
NOR,2013,526014468085.106,103553.840134417,5079623.0,WB
NOR,2014,501736471832.848,97666.6951838749,5137232.0,WB
NOR,2015,388159512245.53,74809.9658049898,5188607.0,WB
NOR,2016,370956547619.048,70867.3609970749,5234519.0,WB
NOR,2017,401745275035.261,76131.8384032764,5276968.0,WB
NOR,2018,439788625883.8,82792.8427113304,5311916.0,WB
NOR,2019,408742840909.091,76430.5889473338,5347896.0,WB
NOR,2020,367633418886.627,68340.0181033702,5379475.0,WB
NOR,2021,503367986030.268,93072.8925119571,5408320.0,WB
NOR,2022,596297651035.798,109269.520580298,5457127.0,WB
NOR,2023,482949731776.587,87497.2179649556,5519601.0,WB
NOR,2024,483592648313.301,86785.4334489176,5572279.0,WB
NOR,2025,471365743560.4803,81893.77268584019,5755819.131312064,OptionA
NOR,2030,509690197090.81274,84300.73835567854,6046094.103474478,OptionA
NOR,2035,548765696499.3958,86782.47689293373,6323462.018449016,OptionA
NOR,2040,587503376075.1914,89162.34567419195,6589142.217298622,OptionA
NOR,2045,628482128291.7107,91736.64794387782,6850938.445845551,OptionA
NOR,2050,677829461990.9872,95289.13508848428,7113397.15027913,OptionA
NOR,2055,735982733206.5393,99788.49015461236,7375427.086492713,OptionA
NOR,2060,800664674315.5596,104925.60842837852,7630784.193756548,OptionA
NOR,2065,872090947086.3009,110945.33174895738,7860546.571347707,OptionA
NOR,2070,949979532283.3555,117799.96806413354,8064344.565578833,OptionA
NPL,2012,21703100877.1309,788.202937148377,27534915.0,WB
NPL,2013,22162204924.5726,803.269595420477,27589996.0,WB
NPL,2014,22731612922.1906,821.455224911731,27672370.0,WB
NPL,2015,24360801286.7638,875.543635474862,27823629.0,WB
NPL,2016,24524109483.5293,877.256454696737,27955462.0,WB
NPL,2017,28971588940.364,1034.28374906846,28011258.0,WB
NPL,2018,33111525237.149,1179.19843190389,28079689.0,WB
NPL,2019,34186180699.0255,1203.14294706401,28414064.0,WB
NPL,2020,33433659301.2466,1154.21517578318,28966574.0,WB
NPL,2021,36924841394.2605,1252.75076731986,29475010.0,WB
NPL,2022,41182939600.6209,1385.91066274851,29715436.0,WB
NPL,2023,41047772331.0994,1382.33055769304,29694614.0,WB
NPL,2024,42914268286.7109,1447.31004458428,29651054.0,WB
NPL,2025,40244958187.80623,1228.7291576321156,32753319.10033152,OptionA
NPL,2030,52556304377.27462,1501.5376606520017,35001655.805591635,OptionA
NPL,2035,67911749379.29488,1829.800886481766,37114283.78957211,OptionA
NPL,2040,87946109823.36096,2249.2761689195763,39099738.41300477,OptionA
NPL,2045,113747004009.90892,2779.6619719021132,40921164.21338535,OptionA
NPL,2050,146397736739.0331,3442.749555517474,42523493.033180654,OptionA
NPL,2055,186789353938.45624,4256.716984607367,43881083.61770389,OptionA
NPL,2060,235936144402.80582,5249.160291358075,44947407.072182186,OptionA
NPL,2065,294796321422.2678,6449.210813211079,45710448.91545233,OptionA
NPL,2070,364543773304.1117,7889.361701374228,46207004.711244605,OptionA
NRU,2012,101055722.95058,9842.77032731856,10267.0,WB
NRU,2013,94385014.9425842,8974.51886874433,10517.0,WB
NRU,2014,99149244.4001333,9230.05440328927,10742.0,WB
NRU,2015,84863440.5801997,7747.25584993607,10954.0,WB
NRU,2016,97541943.0355053,8748.15632605428,11150.0,WB
NRU,2017,109355638.866955,9656.97976571484,11324.0,WB
NRU,2018,130995566.30391,11413.7463016389,11477.0,WB
NRU,2019,125160115.547819,10801.7705659635,11587.0,WB
NRU,2020,124685688.161094,10709.068810538,11643.0,WB
NRU,2021,175390280.69162,14979.099896799,11709.0,WB
NRU,2022,152373433.909474,12911.9086441381,11801.0,WB
NRU,2023,151435609.578807,12752.4723855838,11875.0,WB
NRU,2024,162588620.632234,13609.158837552,11947.0,WB
NZL,2012,176560711239.147,40053.6991536369,4408100.0,WB
NZL,2013,191012364176.878,43000.4646849189,4442100.0,WB
NZL,2014,201518402787.38,44618.266973847,4516500.0,WB
NZL,2015,178224167087.99,38665.3723018158,4609400.0,WB
NZL,2016,189100085275.23,40113.7195382428,4714100.0,WB
NZL,2017,206745969246.073,42950.3841711138,4813600.0,WB
NZL,2018,211985631173.205,43257.0769238879,4900600.0,WB
NZL,2019,213006341101.869,42855.831861632,4970300.0,WB
NZL,2020,213029554653.687,41997.7830324279,5072400.0,WB
NZL,2021,253977931814.967,49950.4251691316,5084600.0,WB
NZL,2022,249509991440.438,49099.7090423358,5081700.0,WB
NZL,2023,255194972673.122,49075.9562832927,5200000.0,WB
NZL,2024,260172385097.616,49205.1792146792,5287500.0,WB
NZL,2025,220990970923.94107,43539.28511936489,5075668.337642304,OptionA
NZL,2030,242424854023.502,45937.67219495288,5277255.952253866,OptionA
NZL,2035,266697059332.75735,48851.60747447222,5459330.268141574,OptionA
NZL,2040,295745779823.5575,52527.4325432933,5630310.972838864,OptionA
NZL,2045,330395778462.6474,57054.79461087759,5790850.369648985,OptionA
NZL,2050,369105601705.283,62170.478398274194,5936991.498452569,OptionA
NZL,2055,410683609265.0296,67687.499392341,6067347.929114064,OptionA
NZL,2060,456584512374.6115,73843.22838524189,6183160.221443721,OptionA
NZL,2065,507746834409.9796,80831.81507040006,6281522.120563049,OptionA
NZL,2070,563472370859.6309,88506.23129968262,6366471.180449544,OptionA
OMN,2012,87408842652.7958,24642.2978768596,3547106.0,WB
OMN,2013,89936020806.2419,23458.0233840053,3833913.0,WB
OMN,2014,92699089726.9181,23160.6502252547,4002439.0,WB
OMN,2015,78710793237.9714,18808.3077921839,4184895.0,WB
OMN,2016,75128738621.5865,17110.1897460545,4390877.0,WB
OMN,2017,80856697009.1027,17820.0661809335,4537396.0,WB
OMN,2018,91505851755.5267,19901.7615642016,4597877.0,WB
OMN,2019,88060858257.4772,19180.1864152801,4591241.0,WB
OMN,2020,75909492847.8544,16784.8630630058,4522497.0,WB
OMN,2021,87323797139.1417,19403.4600160211,4500424.0,WB
OMN,2022,109852795838.752,23223.5829405935,4730226.0,WB
OMN,2023,106174708036.51,21027.7384778886,5049269.0,WB
OMN,2024,107137198769.386,20285.2272897377,5281538.0,WB
OMN,2025,114163202180.3212,22836.09179536092,4999244.319183946,OptionA
OMN,2030,134721568678.83728,24926.828534593616,5404681.48572811,OptionA
OMN,2035,157033377350.69986,27126.742937910727,5788876.965809239,OptionA
OMN,2040,180196831400.1889,29266.613573523297,6157078.301782344,OptionA
OMN,2045,202120430946.80844,31126.557402981005,6493504.190972666,OptionA
OMN,2050,223379988568.6702,32894.69238813053,6790760.829527409,OptionA
OMN,2055,249792140034.66666,35441.96114440681,7047920.938034408,OptionA
OMN,2060,279745538856.0499,38476.18238940526,7270615.780558318,OptionA
OMN,2065,312104348285.9965,41939.11498733414,7441843.929712247,OptionA
OMN,2070,344941453647.76166,45591.39748080362,7565932.888830621,OptionA
PAK,2012,250106966104.704,1204.36475491585,207667125.0,WB
PAK,2013,258657231672.412,1225.4340119198,211073978.0,WB
PAK,2014,271390474857.632,1266.61340849959,214264647.0,WB
PAK,2015,299963590534.773,1380.47020838317,217290883.0,WB
PAK,2016,313630000130.435,1424.69161195897,220138869.0,WB
PAK,2017,339205534861.1,1519.23459514248,223273967.0,WB
PAK,2018,356128166704.921,1569.33814626355,226928892.0,WB
PAK,2019,320909472770.669,1390.41690981745,230800899.0,WB
PAK,2020,300425609817.981,1278.39735206896,235001746.0,WB
PAK,2021,348516647445.148,1455.31922370186,239477801.0,WB
PAK,2022,374890295666.694,1538.3228133171,243700667.0,WB
PAK,2023,336686348609.266,1360.32417758419,247504495.0,WB
PAK,2024,371570000121.266,1478.77277977996,251269164.0,WB
PAK,2025,464314577956.0278,1811.4770129874248,256318227.95824295,OptionA
PAK,2030,589903609040.2571,2152.2281259016568,274089722.1539293,OptionA
PAK,2035,749854732270.8615,2579.543490296597,290692804.7895183,OptionA
PAK,2040,953980028767.841,3113.0468658370655,306445765.1559723,OptionA
PAK,2045,1206647060075.759,3756.456095363409,321219529.6426125,OptionA
PAK,2050,1511223834162.1367,4516.850881618182,334574656.93902516,OptionA
PAK,2055,1873276157896.2107,5418.866562552911,345695199.59053606,OptionA
PAK,2060,2300047137808.2046,6487.164502245482,354553539.84195423,OptionA
PAK,2065,2799688620906.009,7743.131038531212,361570611.03244346,OptionA
PAK,2070,3378037024905.326,9205.46861134092,366959811.3390625,OptionA
PAN,2012,41595439720.9767,11064.8063662003,3759256.0,WB
PAN,2013,46949496479.4008,12273.3224983788,3825329.0,WB
PAN,2014,51427104881.9655,13213.1989591137,3892101.0,WB
PAN,2015,55767806073.1781,14082.6548434996,3960035.0,WB
PAN,2016,59760858717.8359,14832.3611652459,4029086.0,WB
PAN,2017,64327688826.3137,15694.6297518495,4098707.0,WB
PAN,2018,67316471181.2488,16151.3273433486,4167860.0,WB
PAN,2019,69778991192.5571,16477.9066268111,4234700.0,WB
PAN,2020,57059846521.5327,13290.5608397749,4293261.0,WB
PAN,2021,67396392506.2378,15509.8069124139,4345405.0,WB
PAN,2022,76479304470.9375,17378.6070017557,4400773.0,WB
PAN,2023,83812155244.3352,18797.1933994045,4458759.0,WB
PAN,2024,86523959131.7472,19161.2188501596,4515577.0,WB
PAN,2025,93794903047.52596,21006.53286372863,4465034.932512775,OptionA
PAN,2030,114436981443.98524,24372.0240639762,4695423.7835802995,OptionA
PAN,2035,135655553414.2406,27681.014825497263,4900671.245957605,OptionA
PAN,2040,157809746102.62402,31050.515460110553,5082355.115983706,OptionA
PAN,2045,180949390548.30112,34565.8324345501,5234920.665976326,OptionA
PAN,2050,204662091944.38358,38199.529096780214,5357712.432157554,OptionA
PAN,2055,228677216198.85086,41938.44065248945,5452687.621214087,OptionA
PAN,2060,252858157531.92114,45805.474815161935,5520260.592260541,OptionA
PAN,2065,276655056201.0766,49719.8523483159,5564277.509574048,OptionA
PAN,2070,299805010516.9259,53687.55871249212,5584254.857302101,OptionA
PCN,2012,,,,WB
PCN,2013,,,,WB
PCN,2014,,,,WB
PCN,2015,,,,WB
PCN,2016,,,,WB
PCN,2017,,,,WB
PCN,2018,,,,WB
PCN,2019,,,,WB
PCN,2020,,,,WB
PCN,2021,,,,WB
PCN,2022,,,,WB
PCN,2023,,,,WB
PCN,2024,,,,WB
PER,2012,192650021648.583,6519.37852981527,29550366.0,WB
PER,2013,201175543571.392,6746.80025696601,29817919.0,WB
PER,2014,200786250582.943,6667.13410360861,30115826.0,WB
PER,2015,189802976285.619,6231.71150338894,30457600.0,WB
PER,2016,191898104390.379,6217.03599995447,30866494.0,WB
PER,2017,211007984080.911,6736.16693725487,31324637.0,WB
PER,2018,222597009739.235,6978.49121548627,31897584.0,WB
PER,2019,228346006003.648,7037.00803692604,32449303.0,WB
PER,2020,201409694755.934,6133.32552410183,32838579.0,WB
PER,2021,226328766459.634,6826.20255614477,33155882.0,WB
PER,2022,246065570308.155,7350.63034300417,33475438.0,WB
PER,2023,266958720837.988,7887.54185920108,33845617.0,WB
PER,2024,289221969062.941,8452.37167056621,34217848.0,WB
PER,2025,310525065426.6887,9575.889549528849,32427803.581127055,OptionA
PER,2030,374573334794.4231,11301.92027633259,33142450.631050643,OptionA
PER,2035,438961963374.20667,13047.392489937423,33643654.37099777,OptionA
PER,2040,506234477331.5049,14910.049377961985,33952568.8009962,OptionA
PER,2045,575658015669.3291,16900.994808847932,34060599.51973733,OptionA
PER,2050,647127147251.2876,19052.265309421506,33965889.973791085,OptionA
PER,2055,719805298929.919,21374.928759701223,33675213.93975305,OptionA
PER,2060,791871491621.2296,23838.95957789741,33217535.733204696,OptionA
PER,2065,864672837290.7544,26424.414248946607,32722497.806180283,OptionA
PER,2070,938313048088.966,29136.281931096924,32204282.286529902,OptionA
PHL,2012,261920540962.63,2614.61644401308,100175512.0,WB
PHL,2013,283902828588.718,2781.27957677397,102076336.0,WB
PHL,2014,297483555338.044,2866.83803761407,103767130.0,WB
PHL,2015,306445871242.322,2909.85818010301,105312992.0,WB
PHL,2016,318627003016.731,2985.19564024046,106735719.0,WB
PHL,2017,328480736802.76,3038.12124959289,108119693.0,WB
PHL,2018,346841896587.313,3168.51036609727,109465287.0,WB
PHL,2019,376823402239.136,3400.78949767074,110804683.0,WB
PHL,2020,361751145451.597,3227.57910235199,112081264.0,WB
PHL,2021,394087359848.11,3484.38593882819,113100950.0,WB
PHL,2022,404353369604.631,3548.06930572116,113964338.0,WB
PHL,2023,437055627244.424,3804.08274131097,114891199.0,WB
PHL,2024,461617509782.355,3984.8315387656,115843670.0,WB
PHL,2025,486251049590.4519,3970.661696625135,122460961.6084244,OptionA
PHL,2030,602203839535.8308,4622.0309960732475,130289874.74282344,OptionA
PHL,2035,735645256695.2399,5348.990328773302,137529741.40522465,OptionA
PHL,2040,899047217541.2183,6240.18533044633,144073800.6858065,OptionA
PHL,2045,1095006322136.5339,7305.179117133943,149894520.6652428,OptionA
PHL,2050,1325812520239.176,8558.783582342594,154906653.20413354,OptionA
PHL,2055,1593245413138.2678,10004.952951150486,159245667.71251613,OptionA
PHL,2060,1898115381255.5525,11651.178854297506,162911873.98221406,OptionA
PHL,2065,2239110520169.6245,13504.728772986487,165801961.5061443,OptionA
PHL,2070,2614396075658.8467,15566.219068801289,167953185.29846272,OptionA
PLW,2012,215616882.324219,12137.1732239921,17765.0,WB
PLW,2013,224110610.961914,12698.9240118945,17648.0,WB
PLW,2014,245591094.970703,13863.4544155068,17715.0,WB
PLW,2015,287057525.634766,16154.0532152373,17770.0,WB
PLW,2016,305227020.263672,17150.4759377239,17797.0,WB
PLW,2017,292148590.087891,16401.7847567871,17812.0,WB
PLW,2018,287998352.050781,16166.9671073752,17814.0,WB
PLW,2019,282041290.283203,15846.7968470167,17798.0,WB
PLW,2020,261688507.080078,14708.2119536914,17792.0,WB
PLW,2021,231343460.083008,13009.2481630213,17783.0,WB
PLW,2022,243826812.744141,13729.7602761496,17759.0,WB
PLW,2023,276733062.744141,15610.8231931032,17727.0,WB
PLW,2024,,,17695.0,WB
PNG,2012,21295168665.7247,2635.0873631547,8081390.0,WB
PNG,2013,21261338064.8783,2560.77458976327,8302698.0,WB
PNG,2014,23210823987.308,2723.17529825196,8523441.0,WB
PNG,2015,21723437010.0982,2484.5963398603,8743246.0,WB
PNG,2016,20758876952.6232,2316.39479758492,8961718.0,WB
PNG,2017,22742699138.356,2477.76530986323,9178714.0,WB
PNG,2018,24109780708.0268,2566.36833735041,9394513.0,WB
PNG,2019,24750626029.8777,2575.77274140393,9609010.0,WB
PNG,2020,23848447849.6081,2429.61134585269,9815746.0,WB
PNG,2021,26109413521.3117,2607.57861874444,10012896.0,WB
PNG,2022,31653185952.609,3102.28968594061,10203169.0,WB
PNG,2023,30816367066.9594,2966.06830432055,10389635.0,WB
PNG,2024,31800428265.5246,3006.70564478923,10576502.0,WB
PNG,2025,35183994039.42325,3422.2385104328596,10280988.286515724,OptionA
PNG,2030,45754920619.51818,4150.5261941015915,11023884.31725634,OptionA
PNG,2035,58814038482.00397,5021.351147740038,11712791.38852387,OptionA
PNG,2040,75234637841.7587,6108.55498146877,12316274.1548524,OptionA
PNG,2045,95742784071.15224,7454.534754839241,12843562.639371846,OptionA
PNG,2050,120900857779.7657,9096.98679009818,13290209.22745133,OptionA
PNG,2055,151090180454.09567,11054.829319744947,13667346.28677031,OptionA
PNG,2060,186351901894.84314,13346.195368608129,13962923.27123919,OptionA
PNG,2065,226500390778.84558,15970.548859256249,14182379.87779424,OptionA
PNG,2070,271643551027.94128,18977.116713533484,14314268.870687788,OptionA
POL,2012,498148649702.66,13087.420943321,38063164.0,WB
POL,2013,518179836405.36,13621.9023794031,38040196.0,WB
POL,2014,542134167178.627,14262.2841914116,38011735.0,WB
POL,2015,480054118583.367,12637.5220324406,37986412.0,WB
POL,2016,473259583969.643,12464.0110508476,37970087.0,WB
POL,2017,528356676667.211,13913.3402919927,37974826.0,WB
POL,2018,594616687350.017,15658.2120316794,37974750.0,WB
POL,2019,602683770144.88,15874.5220531254,37965475.0,WB
POL,2020,605914237903.742,16150.9304813473,37515748.0,WB
POL,2021,689170230665.35,18635.5104895754,36981559.0,WB
POL,2022,695607470875.276,18891.2121169279,36821749.0,WB
POL,2023,812451193396.143,22145.2660647429,36687353.0,WB
POL,2024,917767106146.761,25103.565661423,36559233.0,WB
POL,2025,636703258498.7646,16820.98654428156,37851719.14992212,OptionA
POL,2030,706330937470.0867,18842.6832125964,37485687.65396968,OptionA
POL,2035,773708929717.8888,20970.645377034944,36894855.44232135,OptionA
POL,2040,835248747187.0792,23075.355301398147,36196571.462389186,OptionA
POL,2045,886728160818.4153,24988.51160882919,35485433.254260235,OptionA
POL,2050,929837563695.0314,26728.01766151937,34788871.1939056,OptionA
POL,2055,970722929780.1812,28492.290353570792,34069669.99613372,OptionA
POL,2060,1013919292182.5394,30466.783612650917,33279498.91505854,OptionA
POL,2065,1061521812425.2065,32795.73426176047,32367679.404663652,OptionA
POL,2070,1109665483673.3926,35397.61042037526,31348598.69056745,OptionA
PRI,2025,123176276279.42522,36166.60891411189,3405801.0960315093,OptionA
PRI,2030,132437790764.53044,39920.02837391585,3317577.5709384675,OptionA
PRI,2035,141248504513.57568,43945.19562147414,3214196.7401904925,OptionA
PRI,2040,149279648836.88654,48177.2819956912,3098548.582509025,OptionA
PRI,2045,156070373300.46548,52549.27274138102,2969981.603143379,OptionA
PRI,2050,161788651426.98447,57077.242467789205,2834556.198440872,OptionA
PRI,2055,166292351774.1826,61711.6834647703,2694665.6198273194,OptionA
PRI,2060,169228299243.10834,66284.88400916627,2553045.1138710063,OptionA
PRI,2065,171687603895.56305,70987.32603857091,2418566.9960617577,OptionA
PRI,2070,173977499354.2118,75885.35648509894,2292635.9895057552,OptionA
PRK,2012,,,25211728.0,WB
PRK,2013,,,25329451.0,WB
PRK,2014,,,25451262.0,WB
PRK,2015,,,25575350.0,WB
PRK,2016,,,25698326.0,WB
PRK,2017,,,25817709.0,WB
PRK,2018,,,25931147.0,WB
PRK,2019,,,26037632.0,WB
PRK,2020,,,26136312.0,WB
PRK,2021,,,26232534.0,WB
PRK,2022,,,26328845.0,WB
PRK,2023,,,26418204.0,WB
PRK,2024,,,26498823.0,WB
PRT,2012,216536676771.973,20593.4274224109,10514844.0,WB
PRT,2013,226677408291.745,21676.4859642714,10457295.0,WB
PRT,2014,230078616299.675,22120.6850127107,10401062.0,WB
PRT,2015,199038523119.639,19215.7813014347,10358076.0,WB
PRT,2016,206305431241.638,19980.2808866516,10325452.0,WB
PRT,2017,220862990767.229,21442.3842768879,10300300.0,WB
PRT,2018,242092894542.888,23541.1401075289,10283822.0,WB
PRT,2019,240115970063.019,23343.3628970034,10286263.0,WB
PRT,2020,229618773422.577,22299.4044062173,10297081.0,WB
PRT,2021,256055879091.139,24711.4510062111,10361831.0,WB
PRT,2022,256898677175.024,24620.5197587181,10434332.0,WB
PRT,2023,292323800948.839,27634.6183139773,10578174.0,WB
PRT,2024,313271185085.102,29292.242104753,10694681.0,WB
PRT,2025,239027068711.2643,22668.95351376554,10544248.042421414,OptionA
PRT,2030,260929785340.02698,24560.48481944314,10623967.208231317,OptionA
PRT,2035,283811191113.8922,26520.758579261288,10701473.34834634,OptionA
PRT,2040,307588140760.35596,28562.061212829805,10769115.662499536,OptionA
PRT,2045,333243653907.4636,30807.2492907547,10817053.17999522,OptionA
PRT,2050,361973809944.05304,33386.63867106557,10841876.40182408,OptionA
PRT,2055,394506130004.53723,36400.51250111523,10837927.899846204,OptionA
PRT,2060,430296705431.2835,39803.63531729342,10810487.584894871,OptionA
PRT,2065,467657513973.13696,43514.87689154525,10747071.97583732,OptionA
PRT,2070,505363895053.83636,47429.05254144609,10655154.76220449,OptionA
PRY,2012,33271921136.3071,5642.16991672846,5897008.0,WB
PRY,2013,38501122141.4135,6435.68342733004,5982445.0,WB
PRY,2014,40377929295.6522,6652.25478942461,6069811.0,WB
PRY,2015,36211447840.1027,5879.33792308762,6159103.0,WB
PRY,2016,36089700222.9546,5775.15963399596,6249126.0,WB
PRY,2017,38997129473.5613,6152.2671153779,6338660.0,WB
PRY,2018,40225448340.6341,6258.44991640984,6427382.0,WB
PRY,2019,37925338329.156,5821.18199548738,6515058.0,WB
PRY,2020,35432178068.1756,5365.47220721104,6603739.0,WB
PRY,2021,39950899938.7474,5976.93179789949,6684182.0,WB
PRY,2022,41952910858.0846,6205.62595379319,6760464.0,WB
PRY,2023,43118053174.5461,6299.99026533713,6844146.0,WB
PRY,2024,44458118397.4445,6416.09708970845,6929153.0,WB
PRY,2025,58572353201.54881,8319.888594196804,7040040.56525511,OptionA
PRY,2030,75103708730.33958,10109.000603626137,7429390.072783219,OptionA
PRY,2035,94976819581.2612,12200.258502715966,7784820.260990199,OptionA
PRY,2040,118877973895.148,14672.85403297521,8101898.487369,OptionA
PRY,2045,146719435972.17737,17518.88189113019,8374931.510124595,OptionA
PRY,2050,178441740504.69186,20744.270474724115,8601977.144586233,OptionA
PRY,2055,214203786593.48123,24376.987550938786,8787131.147598753,OptionA
PRY,2060,253893467510.9943,28449.575715257753,8924332.301195938,OptionA
PRY,2065,297381129389.7157,32964.4784690422,9021259.950130684,OptionA
PRY,2070,344404539971.2866,37924.06792261484,9081423.983156396,OptionA
PSE,2012,12208400000.0,3067.43872735614,3979998.0,WB
PSE,2013,13515500000.0,3315.29753909282,4076708.0,WB
PSE,2014,13989700000.0,3352.11259506043,4173398.0,WB
PSE,2015,13972400000.0,3272.15432360708,4270092.0,WB
PSE,2016,15405400000.0,3527.61382413178,4367088.0,WB
PSE,2017,16128000000.0,3620.36048715937,4454805.0,WB
PSE,2018,16276600000.0,3562.33094270256,4569087.0,WB
PSE,2019,17133500000.0,3656.85827137011,4685306.0,WB
PSE,2020,15531700000.0,3233.56863835858,4803269.0,WB
PSE,2021,18109000000.0,3678.63565662194,4922749.0,WB
PSE,2022,19165500000.0,3799.95527015163,5043612.0,WB
PSE,2023,17847900000.0,3455.02852911712,5165775.0,WB
PSE,2024,13711100000.0,2592.30591217647,5289152.0,WB
PSE,2025,26309269542.872604,5351.56422905838,4916183.085314811,OptionA
PSE,2030,35575385772.24778,6914.04344834463,5145380.707835339,OptionA
PSE,2035,46815287746.821754,8798.624223498497,5320750.898963512,OptionA
PSE,2040,60126294725.45308,11042.715720268803,5444882.966161287,OptionA
PSE,2045,75249518582.6346,13632.754682617657,5519758.870052943,OptionA
PSE,2050,92080081282.12067,16570.25674045133,5556949.582883328,OptionA
PSE,2055,110553733216.12122,19903.515016818135,5554482.870121442,OptionA
PSE,2060,130453159534.75792,23635.68360738227,5519330.927835433,OptionA
PSE,2065,152400069678.11743,27789.525437837645,5484083.20318463,OptionA
PSE,2070,176210218447.38983,32328.26376502989,5450655.182973354,OptionA
PYF,2012,5692858099.00217,20846.5457478364,273084.0,WB
PYF,2013,6031827122.60663,21955.6329264095,274728.0,WB
PYF,2014,6151996560.84289,22258.6321384251,276387.0,WB
PYF,2015,5325846361.81186,19166.9594761931,277866.0,WB
PYF,2016,5497036476.8031,19690.0775734589,279178.0,WB
PYF,2017,5833352692.7995,20826.9312492172,280087.0,WB
PYF,2018,6135116253.33452,21925.616043938,279815.0,WB
PYF,2019,6022276196.13871,21582.5892046801,279034.0,WB
PYF,2020,5574821989.38239,19966.4838503859,279209.0,WB
PYF,2021,5994931236.42282,21426.3854449835,279792.0,WB
PYF,2022,5622688338.06317,20053.9569369322,280378.0,WB
PYF,2023,6137447782.87066,21832.2831795569,281118.0,WB
PYF,2024,6323716355.05009,22439.8838746025,281807.0,WB
PYF,2025,6127146603.103688,20061.427455168305,305419.273717992,OptionA
PYF,2030,6557953184.443376,20698.62818300774,316830.3293561763,OptionA
PYF,2035,7093230361.7579365,21727.035887656235,326470.2280805735,OptionA
PYF,2040,7772827743.821291,23219.666078210237,334751.9175185493,OptionA
PYF,2045,8566588869.939662,25063.869007938312,341790.36234295764,OptionA
PYF,2050,9434664131.33913,27152.689696420948,347467.0184362153,OptionA
PYF,2055,10361975297.672804,29448.537797267458,351867.22576882225,OptionA
PYF,2060,11386217944.80791,32070.78782744364,355033.9332501363,OptionA
PYF,2065,12507392072.744444,35007.15279710339,357281.0432552329,OptionA
PYF,2070,13752423092.816137,38328.89646765903,358800.39239898516,OptionA
QAT,2012,186833516483.516,108470.387023229,1722438.0,WB
QAT,2013,198727747252.747,103697.062789144,1916426.0,WB
QAT,2014,206224725274.725,95840.6898934238,2151745.0,WB
QAT,2015,161739835164.835,68985.2433380102,2344557.0,WB
QAT,2016,151732142857.143,61253.6217997091,2477113.0,WB
QAT,2017,161099175824.176,63279.8767486216,2545820.0,WB
QAT,2018,183335164835.165,71039.9308240078,2580734.0,WB
QAT,2019,176371428571.429,66841.3623185691,2638657.0,WB
QAT,2020,144411538461.538,51683.5681078949,2794148.0,WB
QAT,2021,179732142857.143,71751.9363398856,2504910.0,WB
QAT,2022,235709340659.341,88701.4689763536,2657333.0,WB
QAT,2023,217308516483.516,81816.9797967481,2656032.0,WB
QAT,2024,219162637362.637,76688.6941743178,2857822.0,WB
QAT,2025,248420882299.51425,87015.38065406028,2854907.723579814,OptionA
QAT,2030,278942068204.0168,90127.57692355926,3094969.1284899237,OptionA
QAT,2035,300576613873.3237,90410.42036072322,3324579.320326913,OptionA
QAT,2040,318073585063.3695,90045.03658414207,3532383.3176095993,OptionA
QAT,2045,334793436402.4443,90171.40702827404,3712855.853490972,OptionA
QAT,2050,351739358970.8924,91123.10986936605,3860045.5962833734,OptionA
QAT,2055,371888742258.3435,93550.54099280448,3975270.888994085,OptionA
QAT,2060,395679599271.70856,97468.18683345355,4059576.895052092,OptionA
QAT,2065,419142339014.66376,102092.59797243116,4105511.538925162,OptionA
QAT,2070,439833351289.15533,106989.21144922824,4111006.5709557864,OptionA
ROU,2012,179117323107.087,8929.95366231474,20058035.0,WB
ROU,2013,189798603751.235,9497.67411615237,19983693.0,WB
ROU,2014,199722319675.741,10031.7710755404,19908979.0,WB
ROU,2015,177885131240.315,8977.01748158196,19815616.0,WB
ROU,2016,185290759248.844,9404.54005870715,19702267.0,WB
ROU,2017,210147385855.419,10727.9822007426,19588715.0,WB
ROU,2018,241791427223.903,12416.134317959,19473970.0,WB
ROU,2019,250080428511.595,12909.6104013244,19371648.0,WB
ROU,2020,250625048303.578,13009.1770573223,19265250.0,WB
ROU,2021,285071280114.469,14907.9803652143,19122059.0,WB
ROU,2022,295319437556.988,15503.551804598,19048502.0,WB
ROU,2023,347757995758.914,18244.4186876321,19061062.0,WB
ROU,2024,382564217988.866,20080.2096215595,19051804.0,WB
ROU,2025,241320772379.12833,12646.51311511091,19082000.72087712,OptionA
ROU,2030,273421423033.53253,14644.940613220691,18670026.069392312,OptionA
ROU,2035,301706301822.5601,16550.905033923194,18228991.176263444,OptionA
ROU,2040,327827146549.3008,18468.27534466155,17750826.237495027,OptionA
ROU,2045,351051011614.6591,20379.137759691825,17225999.242667064,OptionA
ROU,2050,373014321618.32526,22407.468291258218,16646874.90660641,OptionA
ROU,2055,392721718339.30505,24523.53581687891,16014074.04184371,OptionA
ROU,2060,414824239282.9703,27053.40939078362,15333529.068032729,OptionA
ROU,2065,435920961185.1416,29815.316817079052,14620705.319335524,OptionA
ROU,2070,455775921502.52045,32778.54114848618,13904704.28314256,OptionA
RUS,2012,2208293553878.42,15401.8515625,143378447.0,WB
RUS,2013,2292470078346.22,15941.4482421875,143805638.0,WB
RUS,2014,2059241589895.01,14055.47265625,144237223.0,WB
RUS,2015,1363482182197.71,9277.7138671875,144640716.0,WB
RUS,2016,1276786350881.14,8663.158203125,145015460.0,WB
RUS,2017,1574199360089.0,10658.9130859375,145293260.0,WB
RUS,2018,1657328773461.31,11211.8876953125,145398106.0,WB
RUS,2019,1693115002708.32,11447.701171875,145453291.0,WB
RUS,2020,1493075894362.14,10108.3271484375,145245148.0,WB
RUS,2021,1829186719575.1,12425.029296875,144746762.0,WB
RUS,2022,2291612121334.64,15619.6142578125,144236933.0,WB
RUS,2023,2071505725030.58,14159.3876953125,143826130.0,WB
RUS,2024,2173835806671.66,14889.0185546875,143533851.0,WB
RUS,2025,1888312738793.6614,13218.353176905814,142855370.37191516,OptionA
RUS,2030,2183786458108.92,15426.574936141917,141560033.06947085,OptionA
RUS,2035,2466167694059.3477,17565.183712833314,140400905.24402195,OptionA
RUS,2040,2721378001015.172,19480.896187215545,139694702.69037688,OptionA
RUS,2045,2929131205375.169,21052.710673358724,139133209.53400338,OptionA
RUS,2050,3097903296076.973,22351.02779692911,138602274.76888582,OptionA
RUS,2055,3272792734875.942,23721.704904062834,137966168.45677936,OptionA
RUS,2060,3501072030321.633,25500.66305945349,137293372.41777056,OptionA
RUS,2065,3742355072528.307,27444.524593031987,136360717.77605033,OptionA
RUS,2070,3978531377959.3867,29411.877676788725,135269547.2788249,OptionA
RWA,2012,7654761050.18587,706.817269168561,10829901.0,WB
RWA,2013,7819964030.17937,704.92421851123,11093340.0,WB
RWA,2014,8238966124.23115,724.957526520906,11364757.0,WB
RWA,2015,8543760199.80208,733.998629882494,11640022.0,WB
RWA,2016,8695272057.91798,729.519133812945,11919183.0,WB
RWA,2017,9252833891.40871,758.300966509647,12202060.0,WB
RWA,2018,9637904520.86283,771.773511207309,12487996.0,WB
RWA,2019,10349300276.7623,810.051412137354,12776103.0,WB
RWA,2020,10174386856.6101,778.701498925026,13065837.0,WB
RWA,2021,11078787090.1564,829.544845263697,13355260.0,WB
RWA,2022,13316161002.3912,975.469323735369,13651030.0,WB
RWA,2023,14331722703.4134,1027.03446826565,13954471.0,WB
RWA,2024,14251642235.0968,999.65456165547,14256567.0,WB
RWA,2025,16728011098.421118,1143.4143756353965,14629876.49523415,OptionA
RWA,2030,23086019718.590702,1434.1486271126937,16097369.046797289,OptionA
RWA,2035,31219376228.18683,1774.144216918788,17596864.973246932,OptionA
RWA,2040,41745310451.529816,2183.9563833646425,19114534.873272624,OptionA
RWA,2045,55167893411.814575,2679.884288627835,20585923.67063052,OptionA
RWA,2050,72045880528.95213,3280.9953373541925,21958544.01519821,OptionA
RWA,2055,93236896400.9454,4024.0770618320335,23169759.16919882,OptionA
RWA,2060,119772364550.01387,4939.723771268232,24246773.725823812,OptionA
RWA,2065,152206167529.0344,6027.713259879495,25251063.04278271,OptionA
RWA,2070,190988233394.15634,7292.978264510108,26187961.415374603,OptionA
S19,2012,,,,WB
S19,2013,,,,WB
S19,2014,,,,WB
S19,2015,,,,WB
S19,2016,,,,WB
S19,2017,,,,WB
S19,2018,,,,WB
S19,2019,,,,WB
S19,2020,,,,WB
S19,2021,,,,WB
S19,2022,,,,WB
S19,2023,,,,WB
S19,2024,,,,WB
SAU,2012,751921333333.333,28733.4375513452,26168861.0,WB
SAU,2013,769755733333.333,27865.465604962,27624004.0,WB
SAU,2014,787153066666.667,27805.4850319422,28309273.0,WB
SAU,2015,693414400000.0,23256.1549553531,29816382.0,WB
SAU,2016,689279466666.667,22267.7217050387,30954198.0,WB
SAU,2017,741266133333.333,23929.2907135982,30977355.0,WB
SAU,2018,886564800000.0,29360.0658968566,30196281.0,WB
SAU,2019,888890133333.333,29566.7933827436,30063799.0,WB
SAU,2020,767951200000.0,24338.8307301067,31552510.0,WB
SAU,2021,982661066666.667,31920.7653655643,30784383.0,WB
SAU,2022,1239075200000.0,38510.2276211037,32175224.0,WB
SAU,2023,1218584533333.33,36156.848337701,33702731.0,WB
SAU,2024,1239804533333.33,35121.6628687742,35300280.0,WB
SAU,2025,1038178088494.8707,28225.41394729851,36781678.0449463,OptionA
SAU,2030,1251762566123.3203,31168.01361741458,40161769.09727477,OptionA
SAU,2035,1449438954454.1062,33344.8347780205,43468170.23095627,OptionA
SAU,2040,1654947177838.714,35485.59669099246,46637152.31421767,OptionA
SAU,2045,1854883969996.5735,37431.19711968828,49554492.31467221,OptionA
SAU,2050,2043545269132.7087,39144.5682411658,52205078.787499435,OptionA
SAU,2055,2233013720012.6274,40908.38774102463,54585718.072024345,OptionA
SAU,2060,2432343253640.2466,42951.79045040994,56629612.59900241,OptionA
SAU,2065,2641467554731.4517,45316.49077064984,58289322.71256654,OptionA
SAU,2070,2854998980132.6104,47943.503673740786,59549235.27410714,OptionA
SDN,2012,37632919966.6667,1019.22210693359,36923178.0,WB
SDN,2013,43024018082.1918,1138.62780761719,37785849.0,WB
SDN,2014,49516748617.9775,1275.43835449219,38823318.0,WB
SDN,2015,51726758676.7677,1292.37963867188,40024431.0,WB
SDN,2016,42630376000.0,1033.21594238281,41259892.0,WB
SDN,2017,41283617976.1905,966.505676269531,42714306.0,WB
SDN,2018,32333780383.2924,731.027465820313,44230596.0,WB
SDN,2019,32338079165.2893,709.975280761719,45548175.0,WB
SDN,2020,27034593750.0,577.795227050781,46789231.0,WB
SDN,2021,34229513774.9936,712.122009277344,48066924.0,WB
SDN,2022,51666875363.0963,1046.24084472656,49383346.0,WB
SDN,2023,39898289820.7951,797.283447265625,50042791.0,WB
SDN,2024,49672435513.1126,984.607666015625,50448963.0,WB
SDN,2025,99673619604.32549,2048.7451707498,48651057.74372463,OptionA
SDN,2030,131361317369.62808,2485.748541999389,52845778.70614733,OptionA
SDN,2035,171665262883.4169,3019.0149086150223,56861349.837509945,OptionA
SDN,2040,224412924811.25122,3703.604472065133,60593113.14259171,OptionA
SDN,2045,292411915035.5021,4573.487844781305,63936305.279386744,OptionA
SDN,2050,378433776695.31104,5659.697273865292,66864667.557892114,OptionA
SDN,2055,486218681642.915,7002.5171343105385,69434843.54512581,OptionA
SDN,2060,620401202015.5511,8663.409847879851,71611664.79586309,OptionA
SDN,2065,785240585926.7098,10704.738077559632,73354488.47392273,OptionA
SDN,2070,983791699107.2745,13166.473028633707,74719455.76980104,OptionA
SEN,2012,17660870411.5235,1326.83798848379,13310495.0,WB
SEN,2013,18918667724.8817,1379.83196553924,13710849.0,WB
SEN,2014,19797253440.2679,1398.89137601382,14152102.0,WB
SEN,2015,17774766696.1759,1218.00613555438,14593331.0,WB
SEN,2016,19040312333.1864,1266.43957151587,15034521.0,WB
SEN,2017,20996562943.5979,1356.80518449031,15475002.0,WB
SEN,2018,23116701556.1381,1452.55612562445,15914498.0,WB
SEN,2019,23403995992.1354,1431.18128932159,16352922.0,WB
SEN,2020,24530513037.7518,1461.08720350553,16789219.0,WB
SEN,2021,27520784129.7508,1598.10676952274,17220867.0,WB
SEN,2022,27783332222.6759,1574.0281059306,17651103.0,WB
SEN,2023,30696331295.7826,1698.03387300843,18077573.0,WB
SEN,2024,32808056600.9436,1773.21829923448,18501984.0,WB
SEN,2025,30866534900.303394,1723.2295917777312,17912026.95658251,OptionA
SEN,2030,40781252306.52895,2088.4269619208744,19527258.099090785,OptionA
SEN,2035,53386317630.09518,2528.1398892097764,21116836.87202222,OptionA
SEN,2040,69918711183.78583,3092.0009703762603,22612771.423314765,OptionA
SEN,2045,91345097691.59648,3808.428932955217,23984981.55004711,OptionA
SEN,2050,118789882146.292,4713.426021552209,25202449.683759443,OptionA
SEN,2055,153501504623.77182,5843.119520026561,26270471.46608325,OptionA
SEN,2060,196662343036.09192,7224.735916383387,27220696.411909632,OptionA
SEN,2065,249475672510.4017,8870.449988172813,28124353.65094597,OptionA
SEN,2070,312842095606.8533,10802.242257378,28960847.956652716,OptionA
SGP,2012,295092888076.589,55547.5553077786,5312437.0,WB
SGP,2013,307576360584.992,56967.4257940383,5399162.0,WB
SGP,2014,314863580758.455,57564.8023114977,5469724.0,WB
SGP,2015,307998545269.398,55645.6068614606,5535002.0,WB
SGP,2016,319646468521.497,57005.5887176547,5607283.0,WB
SGP,2017,343673334902.33,61236.251270627,5612253.0,WB
SGP,2018,377123710560.614,66881.6067035265,5638676.0,WB
SGP,2019,376161998830.048,65952.0378959293,5703569.0,WB
SGP,2020,349165858544.568,61410.0792630788,5685807.0,WB
SGP,2021,436591382250.464,80056.1288247844,5453566.0,WB
SGP,2022,509017841146.557,90299.0694637269,5637022.0,WB
SGP,2023,505439514078.019,85412.230345235,5917648.0,WB
SGP,2024,547386645891.847,90674.066632628,6036860.0,WB
SGP,2025,418557516994.67584,70704.59975732428,5919806.044179149,OptionA
SGP,2030,461643603180.8632,75668.85887168965,6100840.0293661645,OptionA
SGP,2035,495806920104.04926,79199.79998251157,6260204.1951309275,OptionA
SGP,2040,524967252825.6615,82191.1488274644,6387150.688545215,OptionA
SGP,2045,548813886676.19684,84686.02807641629,6480571.8149985215,OptionA
SGP,2050,567071480656.2183,86658.98795804335,6543712.245183044,OptionA
SGP,2055,583495380063.6008,88633.22102992183,6583258.210447048,OptionA
SGP,2060,597549243576.5251,90466.0762136404,6605230.033027863,OptionA
SGP,2065,606971068401.006,92167.1432274162,6585547.160807033,OptionA
SGP,2070,613843120845.2848,94090.45994514068,6523967.692401389,OptionA
SHN,2012,,,,WB
SHN,2013,,,,WB
SHN,2014,,,,WB
SHN,2015,,,,WB
SHN,2016,,,,WB
SHN,2017,,,,WB
SHN,2018,,,,WB
SHN,2019,,,,WB
SHN,2020,,,,WB
SHN,2021,,,,WB
SHN,2022,,,,WB
SHN,2023,,,,WB
SHN,2024,,,,WB
SLB,2012,1185217634.37393,2066.25738638356,573606.0,WB
SLB,2013,1285905957.64116,2161.38627543917,594945.0,WB
SLB,2014,1335576762.84974,2164.95289873002,616908.0,WB
SLB,2015,1307908813.59962,2045.47721526649,639415.0,WB
SLB,2016,1379486290.71433,2082.62383124213,662379.0,WB
SLB,2017,1469790526.3972,2143.57670489272,685672.0,WB
SLB,2018,1615473250.25259,2278.19908624102,709101.0,WB
SLB,2019,1619150563.92084,2223.65890942466,728147.0,WB
SLB,2020,1536143427.82958,2063.32780991967,744498.0,WB
SLB,2021,1558312103.84225,2043.44413170658,762591.0,WB
SLB,2022,1466670929.62333,1877.78104490956,781066.0,WB
SLB,2023,1506124566.40404,1882.64394148042,800005.0,WB
SLB,2024,1583964703.75061,1933.55538435227,819198.0,WB
SLB,2025,2179337519.616233,2841.6954559529468,766914.524584551,OptionA
SLB,2030,2839417963.0137005,3429.413235957083,827960.2858129385,OptionA
SLB,2035,3639631493.582556,4103.109234927111,887042.3099148155,OptionA
SLB,2040,4621328858.35698,4909.364069918759,941329.4252657564,OptionA
SLB,2045,5819734767.773496,5886.013198412178,988739.6734590126,OptionA
SLB,2050,7277731478.015697,7062.919037373465,1030414.1162464912,OptionA
SLB,2055,9022886153.77304,8457.95448880215,1066792.942160995,OptionA
SLB,2060,11072045395.68908,10090.96744936517,1097223.3783576053,OptionA
SLB,2065,13432100994.936167,11966.681187979462,1122458.331089218,OptionA
SLB,2070,16095395405.767256,14096.416208056617,1141807.6174970025,OptionA
SLE,2012,6141666509.36295,937.504428180231,6551080.0,WB
SLE,2013,7502762862.72657,1117.47183075115,6714051.0,WB
SLE,2014,7686138790.90872,1117.7586465721,6876385.0,WB
SLE,2015,6788352974.78329,964.575980888989,7037655.0,WB
SLE,2016,6084297211.10217,844.416411175476,7205328.0,WB
SLE,2017,5749846528.48046,779.186007841728,7379299.0,WB
SLE,2018,6390514688.52816,845.914540460932,7554563.0,WB
SLE,2019,6523577594.29408,843.712517809977,7731991.0,WB
SLE,2020,6688307703.1447,845.277557920549,7912558.0,WB
SLE,2021,7166931485.49433,885.396401885395,8094602.0,WB
SLE,2022,7121125277.52542,860.371067916096,8276807.0,WB
SLE,2023,6415852766.73832,758.329137378248,8460512.0,WB
SLE,2024,6971127235.3123,806.654650417726,8642022.0,WB
SLE,2025,11739193356.392406,1365.2219619150617,8598743.41599756,OptionA
SLE,2030,15926990874.16932,1702.9955384949535,9352338.578787483,OptionA
SLE,2035,21503507586.78756,2130.2037453401417,10094577.870228076,OptionA
SLE,2040,29020091358.865704,2685.058105191302,10807993.801980726,OptionA
SLE,2045,38990455388.49544,3400.6706193489845,11465519.526251463,OptionA
SLE,2050,52006404806.81175,4316.379638496673,12048616.934196448,OptionA
SLE,2055,68763240077.89845,5472.04301351637,12566282.813941324,OptionA
SLE,2060,89995778065.69258,6907.121609378925,13029418.498074602,OptionA
SLE,2065,116124586168.63185,8657.932171991783,13412508.19038434,OptionA
SLE,2070,147473322518.84732,10757.724487525593,13708598.197495572,OptionA
SLV,2012,21386150000.0,3497.91256915509,6113975.0,WB
SLV,2013,21990960000.0,3582.26694005169,6138839.0,WB
SLV,2014,22593470000.0,3666.01248913873,6162955.0,WB
SLV,2015,23438240000.0,3790.34089108162,6183676.0,WB
SLV,2016,24191430000.0,3901.34014965811,6200800.0,WB
SLV,2017,24979190000.0,4020.12671373919,6213533.0,WB
SLV,2018,26020850000.0,4183.54620971358,6219807.0,WB
SLV,2019,26881140000.0,4320.11671534627,6222318.0,WB
SLV,2020,24921190000.0,3997.19279583709,6234673.0,WB
SLV,2021,29043140000.0,4642.60743101342,6255782.0,WB
SLV,2022,31870120000.0,5074.60210221806,6280319.0,WB
SLV,2023,33853940000.0,5365.44491399171,6309624.0,WB
SLV,2024,35364960000.0,5579.65969165029,6338193.0,WB
SLV,2025,30237145522.034866,4807.277779225394,6289868.593136933,OptionA
SLV,2030,34256697704.591362,5460.394751544845,6273666.880018064,OptionA
SLV,2035,38694320683.59039,6209.122126246199,6231850.476902042,OptionA
SLV,2040,43833204872.82335,7103.47748794421,6170668.5137266405,OptionA
SLV,2045,49566496982.13802,8149.915345800867,6081841.943018032,OptionA
SLV,2050,55745886980.39417,9346.137030728723,5964591.23134081,OptionA
SLV,2055,62238830075.98223,10691.385782134346,5821399.708537816,OptionA
SLV,2060,68914533170.5738,12175.291741148749,5660195.635203043,OptionA
SLV,2065,76208583993.42328,13839.17497084293,5506728.844312132,OptionA
SLV,2070,84346950977.80336,15734.189949016814,5360743.14922542,OptionA
SMR,2012,1604701299.43546,47945.8991734281,33469.0,WB
SMR,2013,1678741475.14095,50807.8289138024,33041.0,WB
SMR,2014,1673911426.17254,51260.4938347125,32655.0,WB
SMR,2015,1419401070.56043,43146.8240435428,32897.0,WB
SMR,2016,1468343139.74326,44359.4797662688,33101.0,WB
SMR,2017,1528620346.31168,45192.0279766943,33825.0,WB
SMR,2018,1655353653.05934,47950.6880557136,34522.0,WB
SMR,2019,1616340692.28937,46630.1443120725,34663.0,WB
SMR,2020,1541248248.80727,44326.9556746411,34770.0,WB
SMR,2021,1855652786.18368,54176.4798021628,34252.0,WB
SMR,2022,1829211863.9476,54190.8417700372,33755.0,WB
SMR,2023,2027527227.831,59879.7173015651,33860.0,WB
SMR,2024,,,33977.0,WB
SOM,2012,4364670159.99578,350.261946720512,12461160.0,WB
SOM,2013,5062881600.00104,393.398703952979,12869594.0,WB
SOM,2014,5728399719.99958,429.431656725102,13339491.0,WB
SOM,2015,6152149099.99942,445.583080073396,13806963.0,WB
SOM,2016,6613743069.99912,460.928490585175,14348740.0,WB
SOM,2017,7621501710.0012,510.939952317726,14916629.0,WB
SOM,2018,7873000000.0,509.497273804534,15452487.0,WB
SOM,2019,8656000000.0,539.954816211694,16030971.0,WB
SOM,2020,8628000000.0,518.16113333875,16651191.0,WB
SOM,2021,9483000000.0,549.056994756254,17271431.0,WB
SOM,2022,10203000000.0,573.141165798229,17801897.0,WB
SOM,2023,10958000000.0,596.885985135589,18358615.0,WB
SOM,2024,11967000000.0,629.538899449007,19009151.0,WB
SOM,2025,11878249093.350674,725.4629498305668,16373336.634386169,OptionA
SOM,2030,17144216051.521914,968.9843951043556,17692974.3534988,OptionA
SOM,2035,24387050864.54062,1286.6345881473812,18954139.029990956,OptionA
SOM,2040,35038278530.744576,1748.3618285293935,20040633.442687582,OptionA
SOM,2045,50614633869.80128,2418.019753369683,20932266.495865542,OptionA
SOM,2050,73212278486.41963,3375.487492625196,21689394.09385301,OptionA
SOM,2055,105165961485.03154,4706.870516172574,22343075.111942533,OptionA
SOM,2060,148946767684.19635,6509.169904419857,22882605.596615095,OptionA
SOM,2065,207894922080.03558,8892.325024575877,23379141.170107108,OptionA
SOM,2070,285469943418.5325,11974.646829946709,23839529.25481001,OptionA
SPM,2012,,,,WB
SPM,2013,,,,WB
SPM,2014,,,,WB
SPM,2015,,,,WB
SPM,2016,,,,WB
SPM,2017,,,,WB
SPM,2018,,,,WB
SPM,2019,,,,WB
SPM,2020,,,,WB
SPM,2021,,,,WB
SPM,2022,,,,WB
SPM,2023,,,,WB
SPM,2024,,,,WB
SRB,2012,45103269969.4112,6263.04086072815,7201497.0,WB
SRB,2013,50455529604.0696,7040.41812068781,7166553.0,WB
SRB,2014,49114321280.3466,6886.67809068704,7131787.0,WB
SRB,2015,41297410634.9586,5820.3215576888,7095383.0,WB
SRB,2016,42225495909.5633,5982.37030126471,7058322.0,WB
SRB,2017,45972834713.8077,6548.03653824187,7020858.0,WB
SRB,2018,52787520248.9242,7559.86165747394,6982604.0,WB
SRB,2019,53864693664.5568,7755.632986437,6945235.0,WB
SRB,2020,55874017668.998,8098.70955668849,6899126.0,WB
SRB,2021,66159884072.5308,9680.52798074468,6834326.0,WB
SRB,2022,66809895701.2152,10024.8191112596,6664449.0,WB
SRB,2023,81343999280.0179,12281.707946167,6623183.0,WB
SRB,2024,90097765959.1114,13679.2065983557,6586476.0,WB
SRB,2025,53141388041.15912,7534.844603263665,7052751.69419437,OptionA
SRB,2030,59961740327.32733,8493.642670950412,7059602.41680591,OptionA
SRB,2035,66474534877.24303,9411.891028864196,7062824.534769928,OptionA
SRB,2040,72997162534.17921,10343.985952996683,7056966.518117875,OptionA
SRB,2045,79541095256.32652,11298.646156618326,7039878.420277311,OptionA
SRB,2050,86325939100.47626,12305.82832236336,7015044.972112627,OptionA
SRB,2055,93758675440.53268,13422.375236918246,6985252.146926234,OptionA
SRB,2060,101894478932.55536,14670.02309772384,6945761.315697248,OptionA
SRB,2065,110058142894.46948,16028.019571638168,6866608.965790078,OptionA
SRB,2070,117726873803.01813,17448.207809470812,6747218.68793404,OptionA
SSD,2012,11931472169.4915,1109.26050083408,10756240.0,WB
SSD,2013,18426469016.9492,1650.18943353528,11166275.0,WB
SSD,2014,13962212847.4576,1242.73450181032,11235073.0,WB
SSD,2015,11997800760.2242,1080.14718624765,11107561.0,WB
SSD,2016,,,10830102.0,WB
SSD,2017,,,10259154.0,WB
SSD,2018,,,10122977.0,WB
SSD,2019,,,10423384.0,WB
SSD,2020,,,10698467.0,WB
SSD,2021,,,10865780.0,WB
SSD,2022,,,11021177.0,WB
SSD,2023,,,11483374.0,WB
SSD,2024,,,11943408.0,WB
STP,2012,225815131.929273,1192.0202911189,189439.0,WB
STP,2013,267041747.584354,1382.5757842916,193148.0,WB
STP,2014,293119143.246825,1489.67633417608,196767.0,WB
STP,2015,259999643.047388,1298.10946596396,200291.0,WB
STP,2016,292267272.196925,1434.87018050521,203689.0,WB
STP,2017,322002845.229335,1555.79477812888,206970.0,WB
STP,2018,383717327.830508,1825.59971753966,210187.0,WB
STP,2019,412976082.620705,1935.2931816596,213392.0,WB
STP,2020,471229484.607144,2167.22001796925,217435.0,WB
STP,2021,524402455.54816,2362.58827248102,221961.0,WB
STP,2022,540809499.189348,2389.73729784737,226305.0,WB
STP,2023,690456806.696406,2990.6606143535,230871.0,WB
STP,2024,822154621.088897,3490.56883486557,235536.0,WB
STP,2025,782718590.6803154,3570.8380328248595,219197.44986616305,OptionA
STP,2030,1066107322.955815,4699.646550297003,226848.40477810832,OptionA
STP,2035,1375604805.99758,5910.783198973687,232728.00907947897,OptionA
STP,2040,1715018565.9590228,7241.390730258452,236835.52370579127,OptionA
STP,2045,2076733550.533317,8673.414643882052,239436.6735364345,OptionA
STP,2050,2459661895.1052017,10228.40953730462,240473.5444092679,OptionA
STP,2055,2861627870.4441547,11917.815382392264,240113.458601818,OptionA
STP,2060,3271208898.0899343,13708.8891972719,238619.5446631017,OptionA
STP,2065,3698195759.5798907,15586.77444777916,237264.98205065244,OptionA
STP,2070,4144764184.144546,17578.276318947697,235788.99938425064,OptionA
SUR,2012,4980000000.0,8851.24050668908,562633.0,WB
SUR,2013,5145757575.75758,9043.19281529222,569020.0,WB
SUR,2014,5240606060.60606,9108.18905406764,575373.0,WB
SUR,2015,5126237646.22072,8813.61705392067,581627.0,WB
SUR,2016,3317421648.09918,5644.2061057532,587757.0,WB
SUR,2017,3591679430.99988,6049.52128553675,593713.0,WB
SUR,2018,3996198866.57453,6665.74180472239,599513.0,WB
SUR,2019,4016040575.08796,6629.66775248603,605768.0,WB
SUR,2020,2911807496.20227,4755.39221710693,612317.0,WB
SUR,2021,3107923197.96954,5029.84838543953,617896.0,WB
SUR,2022,3791603200.0259,6084.43876736445,623164.0,WB
SUR,2023,3472693412.08497,5521.97602122638,628886.0,WB
SUR,2024,4416775112.09627,6961.78955961526,634431.0,WB
SUR,2025,8199548117.752655,13031.1510247877,629226.6970243513,OptionA
SUR,2030,10036901356.488655,15451.450200977424,649576.656296879,OptionA
SUR,2035,12019076059.89037,18026.136294603584,666758.3038018233,OptionA
SUR,2040,14200242088.786957,20869.895864837104,680417.4865439748,OptionA
SUR,2045,16594771038.908598,24013.499724613303,691060.0799224332,OptionA
SUR,2050,19137437975.78754,27373.32384095328,699127.2995191028,OptionA
SUR,2055,21847036524.609406,31007.543409563787,704571.6661923961,OptionA
SUR,2060,24702562045.460842,34913.092977327105,707544.3605498637,OptionA
SUR,2065,27624418008.143906,39009.06492668959,708153.811429701,OptionA
SUR,2070,30651297170.393703,43397.10930918395,706298.1304127346,OptionA
SVK,2012,94724394278.052,17516.9691054078,5407579.0,WB
SVK,2013,99134277850.3418,18312.7805149823,5413393.0,WB
SVK,2014,101713075598.862,18770.9289896545,5418649.0,WB
SVK,2015,89178548717.3324,16442.0760860018,5423801.0,WB
SVK,2016,90347173228.6356,16636.0769133073,5430798.0,WB
SVK,2017,95978130734.9766,17645.5298716761,5439232.0,WB
SVK,2018,106611673364.837,19573.3717031314,5446771.0,WB
SVK,2019,105843498304.094,19406.0589683582,5454147.0,WB
SVK,2020,107732602896.441,19735.4858280801,5458827.0,WB
SVK,2021,120511265913.343,22123.3342114545,5447247.0,WB
SVK,2022,115792972358.209,21317.7943982363,5431752.0,WB
SVK,2023,133578518423.544,24614.8734642794,5426740.0,WB
SVK,2024,140934076532.375,25992.6748502048,5422069.0,WB
SVK,2025,119126371777.06831,21516.884323549897,5536413.636182741,OptionA
SVK,2030,134468872967.35861,24223.236586739244,5551234.761128997,OptionA
SVK,2035,150338030072.0697,27176.58258093107,5531896.058835486,OptionA
SVK,2040,165941774829.4078,30190.970043649275,5496404.209255077,OptionA
SVK,2045,180506798489.04257,33076.17791482183,5457305.222927687,OptionA
SVK,2050,194181787549.24066,35860.21799436322,5414963.946392172,OptionA
SVK,2055,207374587685.15372,38671.53259369524,5362461.060541539,OptionA
SVK,2060,221093348938.76666,41777.09221262984,5292214.877318026,OptionA
SVK,2065,235471472280.48694,45345.63201727449,5192814.871138718,OptionA
SVK,2070,249641851402.66656,49233.44814723292,5070574.188834207,OptionA
SVN,2012,46167053954.3367,22442.1417859955,2057159.0,WB
SVN,2013,47867056858.8892,23236.9655321695,2059953.0,WB
SVN,2014,49514466379.6057,24013.0682060959,2061980.0,WB
SVN,2015,42709468274.8137,20697.2748530619,2063531.0,WB
SVN,2016,44290685824.0682,21447.8377796036,2065042.0,WB
SVN,2017,48153200134.6613,23303.077705959,2066388.0,WB
SVN,2018,53689067639.9176,25888.0481065655,2073894.0,WB
SVN,2019,53909922735.545,25814.1687167572,2088385.0,WB
SVN,2020,53384760135.1581,25392.0651093612,2102419.0,WB
SVN,2021,61540813361.8556,29192.8401933019,2108079.0,WB
SVN,2022,59899117741.0022,28360.3041467268,2112076.0,WB
SVN,2023,69255264238.3855,32660.4753581346,2120461.0,WB
SVN,2024,72972015197.3859,34301.0318686594,2127400.0,WB
SVN,2025,52229402415.40653,24697.378038295847,2114775.1933188788,OptionA
SVN,2030,57409446144.419556,26918.60613029574,2132705.009558711,OptionA
SVN,2035,63151395542.037834,29393.092509236056,2148511.440985465,OptionA
SVN,2040,69302214401.40602,32006.950464281927,2165223.909061366,OptionA
SVN,2045,75504045329.726,34601.603449636605,2182096.718136886,OptionA
SVN,2050,81768481979.03224,37217.59526282362,2197038.293355567,OptionA
SVN,2055,88255516747.40083,39955.75298436912,2208831.273482114,OptionA
SVN,2060,95305230094.5103,42968.97373290868,2218001.078799767,OptionA
SVN,2065,102691159350.6202,46233.5157107132,2221141.0439380594,OptionA
SVN,2070,110186841845.98996,49630.30853093575,2220152.263959993,OptionA
SWE,2012,549739674655.127,57749.5615420853,9519374.0,WB
SWE,2013,584125353119.18,60843.9888799369,9600379.0,WB
SWE,2014,577727767303.596,59583.4584491714,9696110.0,WB
SWE,2015,501602351911.6,51188.1652120493,9799186.0,WB
SWE,2016,513058312950.939,51703.5088332851,9923085.0,WB
SWE,2017,535172356784.769,53210.2233318965,10057698.0,WB
SWE,2018,549649344043.182,54018.4554391861,10175214.0,WB
SWE,2019,530894124494.418,51648.9892820514,10278887.0,WB
SWE,2020,544265668451.678,52568.5726980146,10353442.0,WB
SWE,2021,631693331300.776,60647.5416365347,10415811.0,WB
SWE,2022,575071237640.921,54836.8907235124,10486941.0,WB
SWE,2023,578990915246.07,54950.2834725622,10536632.0,WB
SWE,2024,603715224265.798,57117.4877440616,10569709.0,WB
SWE,2025,631846742381.2389,59443.05572254153,10629445.857064763,OptionA
SWE,2030,697336742881.6945,63320.23095260931,11012858.48757566,OptionA
SWE,2035,766356020874.8864,67411.57567835317,11368314.9097637,OptionA
SWE,2040,843658493857.8602,71902.1702995481,11733421.81944072,OptionA
SWE,2045,928666969297.6515,76580.59098507259,12126662.348148648,OptionA
SWE,2050,1016824519034.2401,81073.6350171547,12541987.52552647,OptionA
SWE,2055,1104356662064.4656,85226.53460770423,12957897.058091048,OptionA
SWE,2060,1198532718188.9402,89736.79689158879,13356089.806023387,OptionA
SWE,2065,1307520168381.2913,95383.08432997092,13708092.766826654,OptionA
SWE,2070,1422789236593.5002,101424.73516391724,14028030.088459823,OptionA
SWZ,2012,4747813067.26006,4224.54789174487,1123863.0,WB
SWZ,2013,4463396204.01995,3949.94310039907,1129990.0,WB
SWZ,2014,4285065665.03168,3771.07228381938,1136299.0,WB
SWZ,2015,3908217914.21824,3419.82276559528,1142813.0,WB
SWZ,2016,3722306116.72872,3238.17611961364,1149507.0,WB
SWZ,2017,4462640651.49219,3853.09956569679,1158195.0,WB
SWZ,2018,4643751059.28203,3972.65450620357,1168929.0,WB
SWZ,2019,4617018958.69086,3913.14577547336,1179874.0,WB
SWZ,2020,4134677809.50096,3466.56936278145,1192729.0,WB
SWZ,2021,4807069277.20114,3984.00229174306,1206593.0,WB
SWZ,2022,4746660273.50829,3894.1620089869,1218917.0,WB
SWZ,2023,4621191261.84214,3755.52111232464,1230506.0,WB
SWZ,2024,4858885840.77236,3909.55892378182,1242822.0,WB
SWZ,2025,4888120948.103862,3914.2370239905927,1248805.5572885026,OptionA
SWZ,2030,5825295652.023541,4512.534081259018,1290914.494411587,OptionA
SWZ,2035,7020264613.40441,5300.0762372536265,1324559.1759718054,OptionA
SWZ,2040,8539256743.693679,6309.718969540279,1353349.774358626,OptionA
SWZ,2045,10403636207.87432,7549.301535238866,1378092.5505905282,OptionA
SWZ,2050,12612690867.113562,9016.657260110676,1398821.1488210373,OptionA
SWZ,2055,15169269276.742476,10712.442538173898,1416042.0672210497,OptionA
SWZ,2060,18098296295.90786,12671.311499058114,1428289.1157125405,OptionA
SWZ,2065,21443212393.40842,14937.767155195046,1435503.189373983,OptionA
SWZ,2070,25196896180.9165,17510.0914419539,1438992.8381838794,OptionA
SXM,2012,985865921.787709,28149.0997855041,35023.0,WB
SXM,2013,1022905027.93296,28529.7324687053,35854.0,WB
SXM,2014,1361811508.37989,37134.912423099,36672.0,WB
SXM,2015,1417888715.0838,37839.6283815163,37471.0,WB
SXM,2016,1427017206.70391,37308.6147795736,38249.0,WB
SXM,2017,1353212122.90503,34701.3058494468,38996.0,WB
SXM,2018,1259200446.92737,31708.3110124742,39712.0,WB
SXM,2019,1407880446.92737,34861.469528968,40385.0,WB
SXM,2020,1236428100.55866,30150.8998380477,41008.0,WB
SXM,2021,1353071061.45251,32548.4366854902,41571.0,WB
SXM,2022,1592564639.32961,37793.1284399157,42139.0,WB
SXM,2023,1686525953.05006,39451.8223361963,42749.0,WB
SXM,2024,1797836665.95136,41472.5874498583,43350.0,WB
SYC,2012,1089407839.19709,12337.1554669388,88303.0,WB
SYC,2013,1333160407.38516,14821.2921476077,89949.0,WB
SYC,2014,1387577870.08161,15188.1902175113,91359.0,WB
SYC,2015,1432403352.12944,15333.1051727105,93419.0,WB
SYC,2016,1568513348.14463,16566.9946042294,94677.0,WB
SYC,2017,1675370641.01416,17480.3651911372,95843.0,WB
SYC,2018,1784313926.76807,18440.2340460932,96762.0,WB
SYC,2019,1868690096.73454,19141.5118743615,97625.0,WB
SYC,2020,1382551751.56908,14041.4754074575,98462.0,WB
SYC,2021,1487173794.80528,14982.9111487767,99258.0,WB
SYC,2022,2018346588.73752,16836.6721895387,119878.0,WB
SYC,2023,2187379754.66167,18262.7115849287,119773.0,WB
SYC,2024,2167239562.46013,17858.8226383978,121354.0,WB
SYR,2012,43190318032.5627,1897.66115018696,22759763.0,WB
SYR,2013,21361254635.051,985.892669227054,21666917.0,WB
SYR,2014,21502061465.9498,1060.59105886854,20273659.0,WB
SYR,2015,16466863117.0009,847.731631942565,19424618.0,WB
SYR,2016,12597854877.4254,656.3490586313,19193834.0,WB
SYR,2017,16369843352.3453,851.502005254153,19224668.0,WB
SYR,2018,21497782867.6426,1098.0668642357,19577845.0,WB
SYR,2019,22583045060.0821,1109.53926036049,20353534.0,WB
SYR,2020,12047752036.091,572.355289831901,21049429.0,WB
SYR,2021,14353205678.4991,663.614245706815,21628839.0,WB
SYR,2022,23622827079.5047,1051.67149587463,22462173.0,WB
SYR,2023,,,23594623.0,WB
SYR,2024,,,24672760.0,WB
SYR,2025,32762850208.36813,1439.646020506376,22757573.55745285,OptionA
SYR,2030,42893936610.4177,1760.5774995474812,24363560.605223384,OptionA
SYR,2035,54813665558.46801,2120.525348213524,25849097.066746596,OptionA
SYR,2040,68816190070.28392,2533.87728236812,27158454.179742057,OptionA
SYR,2045,85110825769.53276,3008.5891641502117,28289281.49569157,OptionA
SYR,2050,103740216585.28304,3542.601394353554,29283626.645275827,OptionA
SYR,2055,124457958687.95222,4125.7493516454215,30166146.336135566,OptionA
SYR,2060,146861487380.9463,4753.039410164522,30898436.70702129,OptionA
SYR,2065,170824222269.17807,5427.28682057033,31475068.09880133,OptionA
SYR,2070,196202165014.7014,6151.614937664155,31894415.85711504,OptionA
TCA,2012,832848000.0,25923.6156503875,32127.0,WB
TCA,2013,863328000.0,25653.819867471,33653.0,WB
TCA,2014,956605000.0,27292.5820256776,35050.0,WB
TCA,2015,1078274000.0,29457.0140691162,36605.0,WB
TCA,2016,1202078000.0,31373.5612684327,38315.0,WB
TCA,2017,1197958000.0,30014.2309523213,39913.0,WB
TCA,2018,1314329000.0,31625.616593277,41559.0,WB
TCA,2019,1371838000.0,31780.5217068989,43166.0,WB
TCA,2020,918387000.0,20690.9160546118,44386.0,WB
TCA,2021,1236459000.0,27329.2885087196,45243.0,WB
TCA,2022,1434119000.0,31280.5418020808,45847.0,WB
TCA,2023,1638653000.0,35470.2151608295,46198.0,WB
TCA,2024,1745378000.0,37506.7798431288,46535.0,WB
TCD,2012,17892228569.8861,1354.34344701937,13210998.0,WB
TCD,2013,17865316886.3315,1304.88742971475,13691079.0,WB
TCD,2014,18144336903.7175,1278.78981422494,14188678.0,WB
TCD,2015,14559599499.5011,993.990730610869,14647621.0,WB
TCD,2016,13026289835.7789,861.831767630746,15114655.0,WB
TCD,2017,13349041408.7152,854.46120040098,15622759.0,WB
TCD,2018,15327000248.8701,948.656629871231,16156531.0,WB
TCD,2019,14905517742.8454,893.336441643325,16685223.0,WB
TCD,2020,14932897821.2387,866.947814890409,17224679.0,WB
TCD,2021,16871937697.5854,946.358500208374,17828273.0,WB
TCD,2022,17828508289.6049,966.036468278568,18455316.0,WB
TCD,2023,18340233748.8805,949.333453674592,19319064.0,WB
TCD,2024,19518819751.283,961.55975562506,20299123.0,WB
TCD,2025,22779036495.445675,1217.0960622366372,18715890.39043066,OptionA
TCD,2030,30668804152.471325,1469.4197177925112,20871371.04607841,OptionA
TCD,2035,41579744446.83603,1807.0037655361089,23010325.29088283,OptionA
TCD,2040,56870349871.76602,2270.0253421883135,25052737.87690087,OptionA
TCD,2045,77617221746.6294,2874.1897102943076,27004905.58039109,OptionA
TCD,2050,105397835821.18066,3652.510080952866,28856275.132766917,OptionA
TCD,2055,141735519258.1055,4632.865324897674,30593490.058171723,OptionA
TCD,2060,188234025797.9419,5855.042385057393,32149045.799964223,OptionA
TCD,2065,246677073602.9564,7359.258345802183,33519284.418607783,OptionA
TCD,2070,319009233991.11993,9179.154967752826,34753660.34366205,OptionA
TGO,2012,5413541649.14901,762.39162379069,7100736.0,WB
TGO,2013,6021729629.82454,826.542799987227,7285442.0,WB
TGO,2014,6393314707.85456,855.584809246574,7472450.0,WB
TGO,2015,5755457836.01866,751.051987587248,7663195.0,WB
TGO,2016,6071167584.1951,772.581357620609,7858289.0,WB
TGO,2017,6387424239.8801,792.765700965864,8057140.0,WB
TGO,2018,7029215766.46367,851.120561233595,8258778.0,WB
TGO,2019,6992654019.28876,826.255209019798,8463068.0,WB
TGO,2020,7486031561.86885,863.468665870276,8669720.0,WB
TGO,2021,8541668141.26198,962.075187515872,8878379.0,WB
TGO,2022,8646453099.4124,951.232378690387,9089738.0,WB
TGO,2023,9816236302.58515,1055.01727877926,9304337.0,WB
TGO,2024,10651180146.531,1119.38160509429,9515236.0,WB
TGO,2025,10003255896.968975,1100.7959786650856,9087293.277633276,OptionA
TGO,2030,13026914273.295208,1335.1017573995564,9757244.495482031,OptionA
TGO,2035,16751867932.161528,1611.679930350145,10394041.40778877,OptionA
TGO,2040,21705130688.746704,1978.4833083608648,10970590.75354494,OptionA
TGO,2045,28293637261.10014,2465.6668082824694,11475044.870644497,OptionA
TGO,2050,36987697446.31175,3102.350728243587,11922474.4996039,OptionA
TGO,2055,48343510951.22369,3928.308596852936,12306444.302759934,OptionA
TGO,2060,62963141026.72052,4988.271516473762,12622236.14307778,OptionA
TGO,2065,81507856589.63258,6332.439020554135,12871479.113351185,OptionA
TGO,2070,104701467753.2117,8016.675789370024,13060459.285636082,OptionA
THA,2012,397558325278.579,5725.52802835463,69436098.0,WB
THA,2013,420333654592.547,6018.08244729255,69845114.0,WB
THA,2014,407339040197.651,5801.1978916205,70216367.0,WB
THA,2015,401296238228.084,5688.85335397884,70540795.0,WB
THA,2016,413366349747.508,5833.57715617098,70859841.0,WB
THA,2017,456356813536.764,6413.09182530343,71160187.0,WB
THA,2018,506754208404.485,7099.77650081458,71376079.0,WB
THA,2019,543976691793.886,7605.69657797759,71522271.0,WB
THA,2020,500461898480.246,6985.64393892574,71641484.0,WB
THA,2021,506194668789.937,7057.20754802279,71727332.0,WB
THA,2022,495644697587.661,6909.35281815827,71735329.0,WB
THA,2023,515906283940.933,7195.10130919449,71702435.0,WB
THA,2024,526517658841.684,7346.62022142185,71668011.0,WB
THA,2025,649867472994.8152,8836.513563248665,73543425.05596712,OptionA
THA,2030,800475584074.6111,10757.145914632494,74413379.75956593,OptionA
THA,2035,958686019584.9403,12820.614713377738,74776915.22736381,OptionA
THA,2040,1125229061177.0825,15080.807193624636,74613317.89009076,OptionA
THA,2045,1297398044705.5361,17540.191929267727,73967152.12338616,OptionA
THA,2050,1472592920983.1729,20183.80289281974,72959140.99057312,OptionA
THA,2055,1650483368520.4685,23016.958762124348,71707273.9964425,OptionA
THA,2060,1829045551922.6543,26020.662265585393,70292044.5780401,OptionA
THA,2065,2003259940346.126,29187.085809071075,68635147.52553786,OptionA
THA,2070,2171203766911.566,32500.53337004084,66805173.385646425,OptionA
TJK,2012,7633036903.07634,952.452819695469,8014084.0,WB
TJK,2013,8448411318.25417,1028.19704279396,8216724.0,WB
TJK,2014,9112605459.32845,1081.54402932039,8425552.0,WB
TJK,2015,8271431485.07484,956.916310930656,8643840.0,WB
TJK,2016,6992416096.89018,788.710481734485,8865631.0,WB
TJK,2017,7536402852.85802,829.45714764957,9085946.0,WB
TJK,2018,7764999999.45362,834.288404578801,9307333.0,WB
TJK,2019,8300813599.3084,871.022372934846,9529966.0,WB
TJK,2020,8133963550.65742,834.311715460625,9749310.0,WB
TJK,2021,8937805347.13963,896.748053372182,9966908.0,WB
TJK,2022,10713525200.3998,1052.17949484894,10182222.0,WB
TJK,2023,12244169292.7998,1178.47990060249,10389799.0,WB
TJK,2024,14204575548.5536,1341.20229027672,10590927.0,WB
TJK,2025,13985462879.945429,1504.923688431459,9293137.577309383,OptionA
TJK,2030,18279334848.590874,1926.95655554792,9486116.745062392,OptionA
TJK,2035,23331985661.555176,2428.8132453521794,9606331.69561459,OptionA
TJK,2040,29391085186.115997,3039.03193020691,9671199.862686183,OptionA
TJK,2045,36267866313.692795,3750.200417078328,9670914.159288594,OptionA
TJK,2050,43636740567.07786,4541.9106060569975,9607573.629671356,OptionA
TJK,2055,51304766626.44437,5401.766192426937,9497776.245549396,OptionA
TJK,2060,59262204665.55108,6338.442752641999,9349647.378427347,OptionA
TJK,2065,67827222341.61238,7365.29272045187,9209032.813220097,OptionA
TJK,2070,76991007430.88612,8482.206994551845,9076765.926643591,OptionA
TKL,2012,,,,WB
TKL,2013,,,,WB
TKL,2014,,,,WB
TKL,2015,,,,WB
TKL,2016,,,,WB
TKL,2017,,,,WB
TKL,2018,,,,WB
TKL,2019,,,,WB
TKL,2020,,,,WB
TKL,2021,,,,WB
TKL,2022,,,,WB
TKL,2023,,,,WB
TKL,2024,,,,WB
TKM,2012,35164210526.3158,6053.8748468749,5808546.0,WB
TKM,2013,39197543859.6491,6599.64529055481,5939341.0,WB
TKM,2014,43524210526.3158,7164.14536184006,6075283.0,WB
TKM,2015,35799714285.7143,5759.497903834,6215770.0,WB
TKM,2016,36169428571.4286,5686.98040962764,6360041.0,WB
TKM,2017,37926285714.2857,5828.4816623489,6507061.0,WB
TKM,2018,40765428571.4286,6125.05169712085,6655524.0,WB
TKM,2019,40810067974.509,5998.0017434754,6803944.0,WB
TKM,2020,41509903181.7231,5972.72356566861,6949912.0,WB
TKM,2021,40589905812.0364,5723.30227157906,7092043.0,WB
TKM,2022,42208726137.7192,5837.84224538947,7230193.0,WB
TKM,2023,45894538665.5538,6231.91323839698,7364438.0,WB
TKM,2024,51387209872.2994,6856.65802730208,7494498.0,WB
TKM,2025,77306770487.43025,11378.868478050314,6793889.096842449,OptionA
TKM,2030,102525122185.18773,14628.518013767794,7008578.865521104,OptionA
TKM,2035,128683880800.87631,17938.51245628085,7173609.356656547,OptionA
TKM,2040,151303620145.70328,20723.22139977585,7301163.136120325,OptionA
TKM,2045,171374071447.99503,23194.50808022701,7388562.450008974,OptionA
TKM,2050,187957423806.15692,25281.885364313915,7434470.218406419,OptionA
TKM,2055,201509278087.26132,27101.577280645703,7435333.966011158,OptionA
TKM,2060,212702002522.486,28760.75040389255,7395565.120362728,OptionA
TKM,2065,222021701170.85815,30301.05839283171,7327192.941332426,OptionA
TKM,2070,228751224519.39377,31614.545130017443,7235632.319827325,OptionA
TLS,2012,1160555039.5788,1022.61906675901,1134885.0,WB
TLS,2013,1395727420.71268,1204.56843320518,1158695.0,WB
TLS,2014,1447535182.8616,1224.74956308733,1181903.0,WB
TLS,2015,1590282371.46446,1319.59295003154,1205131.0,WB
TLS,2016,1640464612.08088,1335.54391073349,1228312.0,WB
TLS,2017,1584878439.93596,1266.17771143471,1251703.0,WB
TLS,2018,1555988614.43594,1219.46599728983,1275959.0,WB
TLS,2019,2032550389.41316,1562.36458068032,1300945.0,WB
TLS,2020,2162619240.86927,1630.86938521256,1326053.0,WB
TLS,2021,3625024341.27346,2684.92676774277,1350139.0,WB
TLS,2022,3208599889.00965,2343.24954740187,1369295.0,WB
TLS,2023,2079767170.22651,1502.41147438211,1384286.0,WB
TLS,2024,1865608515.41321,1331.9705130185,1400638.0,WB
TLS,2025,3370511285.989626,2298.339361759646,1466498.525878749,OptionA
TLS,2030,4644678242.725319,2905.910092854217,1598355.7970863662,OptionA
TLS,2035,6221095903.017464,3620.837768990175,1718137.154969106,OptionA
TLS,2040,8277925805.430302,4541.332554660723,1822796.6584245744,OptionA
TLS,2045,10918460048.197577,5707.366967722929,1913046.7884657013,OptionA
TLS,2050,14161415991.40191,7102.939838416716,1993740.1010788467,OptionA
TLS,2055,18039375706.298244,8750.239058881636,2061586.613223782,OptionA
TLS,2060,22502426232.666245,10650.535674832505,2112797.601893402,OptionA
TLS,2065,27759924709.207867,12850.80085609636,2160170.7955842055,OptionA
TLS,2070,33994885323.397636,15400.677547511956,2207362.9694876415,OptionA
TON,2012,471122971.305043,4384.17058724217,107460.0,WB
TON,2013,451788498.263614,4219.24670113014,107078.0,WB
TON,2014,440997738.014078,4136.59013792529,106609.0,WB
TON,2015,437525514.240726,4123.90323993332,106095.0,WB
TON,2016,420828262.317922,3987.98626206287,105524.0,WB
TON,2017,459976850.268529,4365.92932788383,105356.0,WB
TON,2018,493530783.00463,4675.04791274385,105567.0,WB
TON,2019,506031238.979937,4788.83342304684,105669.0,WB
TON,2020,506571467.895978,4792.35854741522,105704.0,WB
TON,2021,519306352.78704,4922.80171378368,105490.0,WB
TON,2022,556514555.400882,5298.01941509951,105042.0,WB
TON,2023,591139749.44287,5651.59373063157,104597.0,WB
TON,2024,,,104175.0,WB
TON,2025,555284022.4499364,5087.5277724584985,109146.1407750902,OptionA
TON,2030,646235715.7822535,5882.362527585017,109859.89264547474,OptionA
TON,2035,741974340.3425874,6747.067354763344,109969.9026746432,OptionA
TON,2040,846329441.1133512,7742.807053094346,109305.24747806069,OptionA
TON,2045,966960108.0593716,8960.466504968417,107914.03634210447,OptionA
TON,2050,1108653272.408666,10476.510237197825,105822.76419415783,OptionA
TON,2055,1272366320.4068367,12334.37777561559,103156.101065936,OptionA
TON,2060,1444695844.6154375,14409.966130759562,100256.71340972724,OptionA
TON,2065,1635215707.4905014,16711.00608799109,97852.61874002936,OptionA
TON,2070,1841053750.29522,19205.433904616,95861.0859530086,OptionA
TTO,2012,27147349937.4689,20332.1389531925,1335194.0,WB
TTO,2013,28560537057.1548,21304.9777496628,1340557.0,WB
TTO,2014,29474180005.1333,21908.3014555644,1345343.0,WB
TTO,2015,26841141793.2143,19887.2327716498,1349667.0,WB
TTO,2016,23624322192.6274,17449.1538801956,1353895.0,WB
TTO,2017,23830750900.6899,17566.0999700656,1356633.0,WB
TTO,2018,23883058083.2171,17571.498737278,1359193.0,WB
TTO,2019,23477745791.6977,17212.6128892163,1363985.0,WB
TTO,2020,20888515184.2239,15283.6270531554,1366725.0,WB
TTO,2021,24222963262.7213,17712.5674104655,1367558.0,WB
TTO,2022,28341164301.126,20750.5202434652,1365805.0,WB
TTO,2023,25036993423.3664,18308.4536298575,1367510.0,WB
TTO,2024,25633544529.4849,18733.4110406494,1368333.0,WB
TTO,2025,34667359605.457596,25494.000200359405,1359824.2462149533,OptionA
TTO,2030,38049972982.03098,28198.57548184916,1349357.9846444004,OptionA
TTO,2035,41158081084.58924,30889.749577787956,1332418.735896292,OptionA
TTO,2040,43863688785.36582,33526.77793669615,1308318.051564257,OptionA
TTO,2045,45865725783.82798,35936.16987316313,1276310.9130914968,OptionA
TTO,2050,47137627053.45814,38123.16619539958,1236456.2484620272,OptionA
TTO,2055,48302463216.21438,40561.984740080305,1190830.8611063974,OptionA
TTO,2060,49627494538.87973,43467.09735802734,1141725.524713803,OptionA
TTO,2065,50902615811.724144,46634.345599069056,1091526.323738963,OptionA
TTO,2070,51846076753.50044,49815.54524776544,1040761.0013226962,OptionA
TUN,2012,47311401812.6733,4297.26782454273,11009647.0,WB
TUN,2013,48685446413.953,4369.79345826358,11141361.0,WB
TUN,2014,50271812920.612,4458.97895464547,11274288.0,WB
TUN,2015,45779494041.9295,4014.94773686432,11402264.0,WB
TUN,2016,44360072680.4476,3847.80354448809,11528674.0,WB
TUN,2017,42163530590.9462,3619.03247319953,11650498.0,WB
TUN,2018,42686504459.801,3628.10366464236,11765514.0,WB
TUN,2019,41905642418.825,3528.87213306798,11875081.0,WB
TUN,2020,42491780918.361,3548.65363663803,11974057.0,WB
TUN,2021,47073234359.1819,3906.93926319391,12048622.0,WB
TUN,2022,44929920092.7955,3707.29283414381,12119334.0,WB
TUN,2023,48205328303.3398,3951.11683376921,12200431.0,WB
TUN,2024,51332285656.5422,4181.13789301228,12277109.0,WB
TUN,2025,78440235347.59799,6364.855855412775,12323961.00233616,OptionA
TUN,2030,99251823971.87337,7843.676702966177,12653737.237071505,OptionA
TUN,2035,121990875959.87054,9464.392884200935,12889456.032992026,OptionA
TUN,2040,145991914880.7135,11179.97220035996,13058343.282464782,OptionA
TUN,2045,169936974963.1584,12906.555281554953,13166718.094487932,OptionA
TUN,2050,191912027764.6989,14527.179246792251,13210549.997658702,OptionA
TUN,2055,212413717539.60266,16110.51807861121,13184785.026970005,OptionA
TUN,2060,232249035222.21597,17756.936510128442,13079341.42185746,OptionA
TUN,2065,251986725810.66296,19540.43780201568,12895654.046434388,OptionA
TUN,2070,270263592632.27438,21360.889920154343,12652262.786920518,OptionA
TUR,2012,885327622479.052,11776.7593362033,75175827.0,WB
TUR,2013,962167643588.925,12635.5570016068,76147624.0,WB
TUR,2014,942343431928.654,12209.3862327674,77181884.0,WB
TUR,2015,865460050683.656,11064.6494504662,78218479.0,WB
TUR,2016,870818016909.84,10984.3643169061,79277962.0,WB
TUR,2017,863874522365.276,10756.3877677883,80312698.0,WB
TUR,2018,788356985773.667,9684.11819884721,81407204.0,WB
TUR,2019,775853144222.613,9395.23378001368,82579440.0,WB
TUR,2020,733628247119.077,8798.11791709313,83384680.0,WB
TUR,2021,839938668172.134,9981.76398411336,84147318.0,WB
TUR,2022,926097476913.818,10897.8397861365,84979913.0,WB
TUR,2023,1141242864657.45,13375.0947282864,85325965.0,WB
TUR,2024,1359123768774.12,15892.7157287241,85518661.0,WB
TUR,2025,1278034448419.372,14877.694714072628,85902720.34621702,OptionA
TUR,2030,1493394003049.0566,16759.155755597996,89109142.77708912,OptionA
TUR,2035,1715020906506.0854,18669.529276993777,91862032.5698026,OptionA
TUR,2040,1952582516023.2341,20735.527623536014,94166039.63368364,OptionA
TUR,2045,2198700813360.7173,22903.846063850528,95997013.21914482,OptionA
TUR,2050,2450951214746.75,25178.159268484746,97344336.7567613,OptionA
TUR,2055,2712897684547.6484,27637.22112640315,98161015.25329868,OptionA
TUR,2060,2981517993069.6963,30266.19166501082,98509849.7382634,OptionA
TUR,2065,3256781918015.955,33061.56228494363,98506594.75638592,OptionA
TUR,2070,3536053319536.084,36023.96283579964,98158365.74265088,OptionA
TUV,2012,39345579.4723758,3598.46163091053,10934.0,WB
TUV,2013,38615890.6320745,3510.21640142483,11001.0,WB
TUV,2014,38760982.6540096,3528.85858102782,10984.0,WB
TUV,2015,36811936.0824587,3357.83417700071,10963.0,WB
TUV,2016,41629064.2232388,3808.69755015909,10930.0,WB
TUV,2017,45276595.3533146,4165.66338700106,10869.0,WB
TUV,2018,48015259.8751356,4466.12034928245,10751.0,WB
TUV,2019,54123198.5662913,5115.13075950206,10581.0,WB
TUV,2020,51746594.3148543,4976.11254109571,10399.0,WB
TUV,2021,60196405.7138393,5905.08198095343,10194.0,WB
TUV,2022,59065982.0873657,5911.32727055301,9992.0,WB
TUV,2023,62280311.5852172,6344.7750188689,9816.0,WB
TUV,2024,,,9646.0,WB
TZA,2012,39650394362.9287,861.969909667969,47374260.0,WB
TZA,2013,45648857242.315,963.05712890625,48824128.0,WB
TZA,2014,49986726460.6805,1022.74841308594,50351512.0,WB
TZA,2015,47413919817.124,939.127319335938,52020962.0,WB
TZA,2016,49774409374.4538,953.0107421875,53824013.0,WB
TZA,2017,53274884532.7886,986.674011230469,55652890.0,WB
TZA,2018,57003712892.0858,1023.10626220703,57437145.0,WB
TZA,2019,61026731925.9213,1063.32250976563,59174891.0,WB
TZA,2020,66068737786.0639,1117.41528320313,60972798.0,WB
TZA,2021,70655628147.8986,1159.85656738281,62830412.0,WB
TZA,2022,75749121842.9149,1207.52062988281,64711821.0,WB
TZA,2023,79030935627.0781,1224.00219726563,66617606.0,WB
TZA,2024,78844405385.2195,1186.71691894531,68560157.0,WB
TZA,2025,97031710022.1504,1460.2773160616105,66447454.16154677,OptionA
TZA,2030,136292730833.75883,1842.358806988015,73977300.35908552,OptionA
TZA,2035,187180296454.7663,2293.5512239766595,81611561.36300497,OptionA
TZA,2040,253386142400.55225,2839.050068537752,89250325.3847363,OptionA
TZA,2045,338770273899.21405,3507.293771456773,96590219.11885756,OptionA
TZA,2050,447516487898.77484,4320.255218936102,103585659.92519753,OptionA
TZA,2055,584142571231.5916,5309.648686543828,110015295.8729598,OptionA
TZA,2060,752629632328.0962,6497.728602517494,115829650.38528936,OptionA
TZA,2065,957605088288.0216,7896.985452401872,121262106.16188556,OptionA
TZA,2070,1202357209747.3909,9519.492123830494,126304764.38312145,OptionA
UGA,2012,27305915910.7877,795.222867553127,34337438.0,WB
UGA,2013,28915786516.6123,818.285427416713,35337042.0,WB
UGA,2014,32612397257.4458,896.054795546394,36395539.0,WB
UGA,2015,32387183730.1002,862.934610355811,37531446.0,WB
UGA,2016,29203988696.2626,752.696571725656,38799152.0,WB
UGA,2017,30744473841.424,765.218332297361,40177388.0,WB
UGA,2018,32927025619.6795,792.16570022814,41565831.0,WB
UGA,2019,35353061003.4359,822.171150036357,42999637.0,WB
UGA,2020,37600368241.6657,845.766463890124,44457152.0,WB
UGA,2021,40529788748.6737,882.791717542504,45910930.0,WB
UGA,2022,45565333210.9108,963.067314117178,47312719.0,WB
UGA,2023,48768955863.3175,1002.30913917142,48656601.0,WB
UGA,2024,53911907086.1525,1077.91278452817,50015092.0,WB
UGA,2025,65934535434.214035,1311.438528457509,50276497.14681258,OptionA
UGA,2030,93600515001.08261,1627.0637390172462,57527257.69527489,OptionA
UGA,2035,130903941978.9828,2006.099323726404,65252971.49087507,OptionA
UGA,2040,182558470631.0984,2492.4083356248375,73245811.29894659,OptionA
UGA,2045,253424349113.20807,3114.788182824916,81361663.85586073,OptionA
UGA,2050,349321292045.5001,3904.415499966697,89468267.92601342,OptionA
UGA,2055,476925298545.252,4899.722766619778,97337200.7482524,OptionA
UGA,2060,643307479165.5763,6132.51720488757,104901047.59149556,OptionA
UGA,2065,856348042081.377,7634.173748440961,112172982.99717884,OptionA
UGA,2070,1123856100575.441,9443.817507747764,119004427.99253824,OptionA
UKR,2012,182591753827.949,3951.34228515625,46210056.0,WB
UKR,2013,190498811460.028,4129.89697265625,46126770.0,WB
UKR,2014,133503871861.723,3054.908203125,45972380.0,WB
UKR,2015,91030967789.0717,2094.47387695313,45784896.0,WB
UKR,2016,93355869403.9223,2158.46118164063,45616832.0,WB
UKR,2017,112090505081.739,2604.28759765625,45436041.0,WB
UKR,2018,130891088293.55,3059.0517578125,45208907.0,WB
UKR,2019,153883047509.577,3619.86157226563,44957458.0,WB
UKR,2020,156617722013.342,3709.76928710938,44680014.0,WB
UKR,2021,199765859570.935,4775.94580078125,44298640.0,WB
UKR,2022,161989520721.19,4199.6708984375,41048766.0,WB
UKR,2023,181221517868.744,5139.59814453125,37732836.0,WB
UKR,2024,190741262414.705,5389.47314453125,37860221.0,WB
UKR,2025,136367165401.68338,3132.8494472801035,43528157.89474833,OptionA
UKR,2030,161778479690.21902,3793.905696109175,42641671.314110495,OptionA
UKR,2035,189152569404.75867,4514.051431149708,41903060.31949272,OptionA
UKR,2040,217866914648.31976,5273.457163605148,41313868.28206966,OptionA
UKR,2045,246859093039.76706,6049.300163573422,40807876.343491495,OptionA
UKR,2050,276170200732.2253,6844.967757767398,40346457.500670955,OptionA
UKR,2055,308140981996.6352,7717.627567341994,39926904.90800156,OptionA
UKR,2060,344414704138.9316,8707.381787677978,39554335.91143563,OptionA
UKR,2065,383459522521.8633,9809.65961896026,39089992.661998875,OptionA
UKR,2070,422925142360.03064,10970.272027503475,38551928.45717213,OptionA
URY,2012,54232266358.7811,16259.5940814256,3335401.0,WB
URY,2013,61337621933.7857,18335.2594772322,3345337.0,WB
URY,2014,61496186973.902,18322.4276767157,3356334.0,WB
URY,2015,57680327998.6689,17125.9016800298,3368017.0,WB
URY,2016,57480787465.2716,17009.7584207276,3379283.0,WB
URY,2017,65005997963.4822,19184.6502617082,3388438.0,WB
URY,2018,65344577415.7535,19249.9404677501,3394534.0,WB
URY,2019,62222313618.8454,18315.7316980028,3397206.0,WB
URY,2020,53559359261.826,15757.5355995779,3398968.0,WB
URY,2021,60739084240.8633,17881.818721099,3396695.0,WB
URY,2022,70594110920.0358,20818.6146091144,3390913.0,WB
URY,2023,77991666837.7382,23019.4221560046,3388081.0,WB
URY,2024,80961511073.5797,23906.5133029408,3386588.0,WB
URY,2025,80215080047.24002,23531.521506801295,3408835.252070527,OptionA
URY,2030,91649413139.94827,26837.069227541106,3415030.619136852,OptionA
URY,2035,102860023760.9701,30193.5739296419,3406685.9392219693,OptionA
URY,2040,114036129921.18456,33696.452847080844,3384217.6337876352,OptionA
URY,2045,125227818741.11848,37397.527140688726,3348558.8036346366,OptionA
URY,2050,136711125907.2307,41436.2573650935,3299311.6319042393,OptionA
URY,2055,148044171711.7625,45714.342388962265,3238462.241283554,OptionA
URY,2060,158962050939.48325,50139.085116353664,3170421.8489546236,OptionA
URY,2065,169816486481.20334,54776.383345861,3100177.049093822,OptionA
URY,2070,180621947949.51944,59642.303561921086,3028420.0502416273,OptionA
USA,2012,16253972230000.0,51708.4011556577,314339099.0,WB
USA,2013,16843190993000.0,53179.0127634561,316726282.0,WB
USA,2014,17550680174000.0,54973.4207515712,319257560.0,WB
USA,2015,18206020741000.0,56572.9188996063,321815121.0,WB
USA,2016,18695110842000.0,57638.1018367192,324353340.0,WB
USA,2017,19477336549000.0,59635.0984397965,326608609.0,WB
USA,2018,20533057312000.0,62499.8744390068,328529577.0,WB
USA,2019,21380976119000.0,64746.4506778863,330226227.0,WB
USA,2020,21060473613000.0,63515.9491807833,331577720.0,WB
USA,2021,23315080560000.0,70205.050916026,332099760.0,WB
USA,2022,25604848907611.0,76657.2488844403,334017321.0,WB
USA,2023,27292170793214.4,81032.262117545,336806231.0,WB
USA,2024,28750956130731.2,84534.0407841548,340110988.0,WB
USA,2025,23551304462321.957,67756.55957807763,347587076.57202077,OptionA
USA,2030,25869939850003.453,71883.13798739728,359888849.79588723,OptionA
USA,2035,27995671604323.016,75383.42521961856,371377017.1992282,OptionA
USA,2040,30009000863496.832,78552.91639322248,382022746.46655893,OptionA
USA,2045,31910545813485.35,81449.14783122776,391784894.7862262,OptionA
USA,2050,33663211594948.72,83940.99064683127,401034242.45469624,OptionA
USA,2055,35426037342876.0,86349.51479600489,410263305.2029036,OptionA
USA,2060,37278516095823.3,88842.85025164504,419600631.79234886,OptionA
USA,2065,39216843727411.2,91542.66308178428,428399638.0176841,OptionA
USA,2070,41078014100928.305,94160.47879833623,436255365.5754577,OptionA
UZB,2012,67517349212.0609,2307.34649117185,29261903.0,WB
UZB,2013,73180037914.9104,2461.97947403595,29724065.0,WB
UZB,2014,80845385809.4529,2674.9628382103,30222994.0,WB
UZB,2015,86196264755.3105,2803.19018021751,30749346.0,WB
UZB,2016,86138288644.171,2753.37951427589,31284568.0,WB
UZB,2017,69703222282.7278,2190.60411562888,31819178.0,WB
UZB,2018,58695899092.1083,1813.08530813664,32373490.0,WB
UZB,2019,67293639798.3996,2041.38480729431,32964701.0,WB
UZB,2020,66443265418.3086,1978.28051860763,33586372.0,WB
UZB,2021,77340060003.0347,2258.51964119278,34243696.0,WB
UZB,2022,90095926567.4359,2578.66689394219,34938955.0,WB
UZB,2023,102641879248.764,2878.96879292451,35652307.0,WB
UZB,2024,114965293466.611,3161.70010632875,36361859.0,WB
UZB,2025,155426196408.22662,4668.295408614287,33293993.37527411,OptionA
UZB,2030,199773698711.96884,5845.389753243859,34176283.72874637,OptionA
UZB,2035,248982931113.43396,7156.255630952248,34792347.27677035,OptionA
UZB,2040,302821067252.4226,8591.300339831254,35247407.87473977,OptionA
UZB,2045,359023772120.7584,10096.601918810957,35558871.68848977,OptionA
UZB,2050,415235947891.8819,11644.838652664448,35658368.507911615,OptionA
UZB,2055,471875892772.2532,13280.844821964947,35530562.93465806,OptionA
UZB,2060,530123523400.8487,15062.99896564153,35193756.87471349,OptionA
UZB,2065,592391552262.8534,17039.859740832857,34765048.613827325,OptionA
UZB,2070,656897081908.4692,19177.36725257083,34253767.64479538,OptionA
VCT,2012,730032592.592593,6713.80768643865,108736.0,WB
VCT,2013,764781259.259259,7072.46737188939,108135.0,WB
VCT,2014,770900000.0,7168.82875342911,107535.0,WB
VCT,2015,786555555.555555,7353.73556054184,106960.0,WB
VCT,2016,814303703.703704,7656.90042881178,106349.0,WB
VCT,2017,844040740.740741,7988.04445019298,105663.0,WB
VCT,2018,884329629.62963,8428.12677153069,104926.0,WB
VCT,2019,910481481.481481,8740.59425232061,104167.0,WB
VCT,2020,864566666.666667,8351.20324040982,103526.0,WB
VCT,2021,888677777.777778,8641.27904024443,102841.0,WB
VCT,2022,989188888.888889,9693.55867833025,102046.0,WB
VCT,2023,1072237037.03704,10582.3656725229,101323.0,WB
VCT,2024,1157207407.40741,11501.2265187188,100616.0,WB
VCT,2025,1015447383.891828,9466.119086504094,107271.77363947996,OptionA
VCT,2030,1113940231.2365272,10412.755025965553,106978.4344737558,OptionA
VCT,2035,1215207524.9853022,11436.41437948028,106257.73819158575,OptionA
VCT,2040,1333121497.1585338,12689.479906685505,105057.22117548516,OptionA
VCT,2045,1465601312.9531643,14167.122150152229,103450.88419650678,OptionA
VCT,2050,1611953360.7681751,15870.008791809443,101572.30420692071,OptionA
VCT,2055,1772177640.6035662,17817.82744390558,99460.92733150376,OptionA
VCT,2060,1945580540.8583179,20018.878252052054,97187.2907343789,OptionA
VCT,2065,2130774838.3303928,22471.70343874686,94820.3523661852,OptionA
VCT,2070,2329147756.22183,25208.45299337129,92395.50546137412,OptionA
VEN,2012,372592062768.06,12607.2361246243,29553826.0,WB
VEN,2013,258930655486.37,8656.35669723668,29912198.0,WB
VEN,2014,214689614732.719,7096.22047105512,30254079.0,WB
VEN,2015,125449241571.391,4103.1384987005,30573972.0,WB
VEN,2016,112915034262.314,3670.15737848208,30765720.0,WB
VEN,2017,115883275162.586,3791.33160682077,30565323.0,WB
VEN,2018,102021093964.682,3422.65467014854,29807592.0,WB
VEN,2019,73014084091.3,2523.11275230667,28938098.0,WB
VEN,2020,42838020721.1995,1506.0436210041,28444077.0,WB
VEN,2021,56614976854.5499,2004.93397949792,28237826.0,WB
VEN,2022,89013255584.7499,3155.04207099687,28213017.0,WB
VEN,2023,102376526555.948,3617.43594578269,28300854.0,WB
VEN,2024,119802963257.783,4217.59102643391,28405543.0,WB
VEN,2025,171095289555.97403,4967.290337770979,34444390.78887249,OptionA
VEN,2030,199415739222.47974,5513.8632511243795,36166246.811038546,OptionA
VEN,2035,230786830921.08008,6125.18841296566,37678323.56512589,OptionA
VEN,2040,264535276498.56015,6787.0347719032525,38976561.25082411,OptionA
VEN,2045,301576301391.8597,7527.759537113517,40061893.56939763,OptionA
VEN,2050,341829150415.3661,8352.750884762483,40924140.45760043,OptionA
VEN,2055,385246223967.804,9266.200921962967,41575423.11161032,OptionA
VEN,2060,431492683474.6836,10268.289581715357,42021865.47631442,OptionA
VEN,2065,478862493571.66583,11332.919157144475,42254117.13713517,OptionA
VEN,2070,526597343369.46497,12459.33546707478,42265283.30993725,OptionA
VGB,2012,,,30345.0,WB
VGB,2013,,,31703.0,WB
VGB,2014,,,32962.0,WB
VGB,2015,,,34498.0,WB
VGB,2016,,,33878.0,WB
VGB,2017,,,32699.0,WB
VGB,2018,,,34657.0,WB
VGB,2019,,,36395.0,WB
VGB,2020,,,37135.0,WB
VGB,2021,,,37809.0,WB
VGB,2022,,,38319.0,WB
VGB,2023,,,38985.0,WB
VGB,2024,,,39471.0,WB
VNM,2012,195590661129.249,2185.11767654291,89510356.0,WB
VNM,2013,213708811665.34,2359.51736472828,90573104.0,WB
VNM,2014,233451469642.519,2546.38464459903,91679578.0,WB
VNM,2015,239258328381.741,2577.56885340113,92823254.0,WB
VNM,2016,257096001177.982,2735.0604380416,94000117.0,WB
VNM,2017,281353605986.903,2956.10992127753,95176977.0,WB
VNM,2018,310106478394.659,3222.31003125366,96237319.0,WB
VNM,2019,334365270496.667,3440.90025375434,97173776.0,WB
VNM,2020,346615738537.796,3534.03953482647,98079191.0,WB
VNM,2021,366474752771.009,3704.1935590038,98935098.0,WB
VNM,2022,413445230668.578,4147.69777213621,99680655.0,WB
VNM,2023,433857681378.291,4323.35031982451,100352192.0,WB
VNM,2024,476388230307.175,4717.29028732449,100987686.0,WB
VNM,2025,444887580230.092,4444.897107861031,100089511.50821584,OptionA
VNM,2030,563318517153.6388,5498.3452273169205,102452373.18947443,OptionA
VNM,2035,689784625163.9474,6624.553413898403,104125453.00288014,OptionA
VNM,2040,831530366998.7838,7907.436140231208,105158024.95933536,OptionA
VNM,2045,986458397707.1018,9353.435275628735,105464823.20537493,OptionA
VNM,2050,1146660202652.6123,10932.842229647136,104882168.65904792,OptionA
VNM,2055,1310770468233.611,12648.372343701536,103631552.9473111,OptionA
VNM,2060,1481438246312.5247,14549.53304333189,101820329.34668468,OptionA
VNM,2065,1667411418849.96,16743.878028391457,99583347.18054226,OptionA
VNM,2070,1855815393434.0366,19131.16212406613,97004843.7935459,OptionA
VUT,2012,747839697.746593,3004.78416664293,248883.0,WB
VUT,2013,758304466.245339,2979.79608084399,254482.0,WB
VUT,2014,773717010.546445,2973.09026493408,260240.0,WB
VUT,2015,759690180.951654,2854.89412272653,266101.0,WB
VUT,2016,804323576.861028,2956.12644801489,272087.0,WB
VUT,2017,880043284.399407,3159.86055790126,278507.0,WB
VUT,2018,914727908.137793,3206.65748718811,285259.0,WB
VUT,2019,936526267.622513,3207.44650452083,291985.0,WB
VUT,2020,909421043.508407,3042.98711598286,298858.0,WB
VUT,2021,950394006.532514,3107.20312858002,305868.0,WB
VUT,2022,1055031360.57356,3370.21191956953,313046.0,WB
VUT,2023,1115861055.72463,3482.61458237637,320409.0,WB
VUT,2024,1117972034.22642,3410.77023167097,327777.0,WB
VUT,2025,1170387318.0774803,3673.4168006411487,318609.99761127133,OptionA
VUT,2030,1496158391.3065295,4344.087488297307,344412.582697076,OptionA
VUT,2035,1902874619.1871955,5156.150129927973,369049.49841205985,OptionA
VUT,2040,2421056305.932384,6181.223508512308,391679.139671667,OptionA
VUT,2045,3069944512.893708,7446.475012869344,412268.1547427591,OptionA
VUT,2050,3868116816.5485873,8980.456254187477,430726.0908648079,OptionA
VUT,2055,4835477763.122831,10817.945238691582,446986.7111018651,OptionA
VUT,2060,5984633565.226117,12980.069113831072,461063.30503657466,OptionA
VUT,2065,7320892101.851994,15495.920550197156,472439.9610940732,OptionA
VUT,2070,8849561251.994009,18390.39730542787,481205.5501042432,OptionA
WLF,2012,,,,WB
WLF,2013,,,,WB
WLF,2014,,,,WB
WLF,2015,,,,WB
WLF,2016,,,,WB
WLF,2017,,,,WB
WLF,2018,,,,WB
WLF,2019,,,,WB
WLF,2020,,,,WB
WLF,2021,,,,WB
WLF,2022,,,,WB
WLF,2023,,,,WB
WLF,2024,,,,WB
WSM,2012,773141661.165548,3934.60320799981,196498.0,WB
WSM,2013,797736334.281305,4023.5254013825,198268.0,WB
WSM,2014,796683519.593842,3982.68080202084,200037.0,WB
WSM,2015,824150498.653536,4084.36083819933,201782.0,WB
WSM,2016,843924796.697421,4147.07097674888,203499.0,WB
WSM,2017,884844384.463214,4307.59381964907,205415.0,WB
WSM,2018,878448433.404342,4231.81409469194,207582.0,WB
WSM,2019,912950466.064906,4351.94234943706,209780.0,WB
WSM,2020,868884902.953089,4099.59660548583,211944.0,WB
WSM,2021,859724936.05765,4021.55934894283,213779.0,WB
WSM,2022,889554711.842341,4132.44717734444,215261.0,WB
WSM,2023,1044909500.02527,4822.74084650019,216663.0,WB
WSM,2024,1175749785.65113,5392.87761915762,218019.0,WB
WSM,2025,1069196517.3129113,5240.724481218715,204016.9295570892,OptionA
WSM,2030,1216852451.6333039,5985.126043972521,203312.7527629543,OptionA
WSM,2035,1364508385.953696,6783.5582829961695,201149.35687572783,OptionA
WSM,2040,1529966808.8091712,7751.513231195086,197376.5332234735,OptionA
WSM,2045,1731030208.7348118,8997.222382269138,192396.06794049684,OptionA
WSM,2050,1971887406.562402,10571.926362600498,186521.10683803083,OptionA
WSM,2055,2236830324.172752,12432.381461211196,179919.6985027866,OptionA
WSM,2060,2501773241.7831006,14463.848518572704,172967.3287555957,OptionA
WSM,2065,2779282621.888803,16626.073937070665,167164.09613047124,OptionA
WSM,2070,3084019337.4011025,18996.600880716305,162345.85106916312,OptionA
YEM,2012,35401331609.5916,1245.05068272078,28433647.0,WB
YEM,2013,40415233436.1767,1378.75002954928,29312952.0,WB
YEM,2014,43228585321.3272,1430.16420964026,30226309.0,WB
YEM,2015,42444490073.8555,1362.1738120601,31159379.0,WB
YEM,2016,31317825274.1507,975.359417003225,32109010.0,WB
YEM,2017,26842229044.5848,811.165970405745,33090921.0,WB
YEM,2018,21606160663.0318,633.887202451545,34085182.0,WB
YEM,2019,,,35111408.0,WB
YEM,2020,,,36134863.0,WB
YEM,2021,,,37140230.0,WB
YEM,2022,,,38222876.0,WB
YEM,2023,,,39390799.0,WB
YEM,2024,,,40583164.0,WB
YEM,2025,70711111063.63388,1753.1093480747709,40334683.7099964,OptionA
YEM,2030,94744291638.64963,2110.560415020802,44890584.96708128,OptionA
YEM,2035,126702910018.27065,2559.2270119975983,49508273.17166092,OptionA
YEM,2040,167745489521.37854,3095.690402400159,54186778.30034995,OptionA
YEM,2045,218094448651.98618,3708.6643445380446,58806736.97882257,OptionA
YEM,2050,278345150072.35004,4402.45690066449,63224957.41646846,OptionA
YEM,2055,349868051231.4382,5204.023894054981,67230293.01059197,OptionA
YEM,2060,433844141963.6889,6130.6092284412625,70766888.86823666,OptionA
YEM,2065,531084463480.7048,7179.832432348697,73968921.76590453,OptionA
YEM,2070,640486658752.4961,8331.045946222117,76879501.4319826,OptionA
ZAF,2012,434400545085.811,8076.97678479741,53782567.0,WB
ZAF,2013,400886013595.573,7331.65467384919,54678791.0,WB
ZAF,2014,381198869776.106,6856.73137092522,55594838.0,WB
ZAF,2015,346709790458.563,6112.27382485974,56723537.0,WB
ZAF,2016,323585509674.481,5651.20585165749,57259551.0,WB
ZAF,2017,381448814653.456,6618.33508255701,57635162.0,WB
ZAF,2018,405260723892.517,6914.1780318076,58613001.0,WB
ZAF,2019,389330032224.269,6533.71121032856,59587885.0,WB
ZAF,2020,337974655408.055,5580.60383075189,60562381.0,WB
ZAF,2021,419986284375.368,6828.75624590017,61502603.0,WB
ZAF,2022,407596043067.885,6534.24867783397,62378410.0,WB
ZAF,2023,381440724491.232,6034.27208964673,63212384.0,WB
ZAF,2024,401144998373.585,6267.186814093,64007187.0,WB
ZAF,2025,523613575551.3568,8524.34771052439,61425647.25567088,OptionA
ZAF,2030,621596434197.5138,9818.862769528425,63306357.24195659,OptionA
ZAF,2035,723748995691.1727,11157.781962404952,64864952.382989176,OptionA
ZAF,2040,831223678269.4772,12558.16753797982,66189886.04472724,OptionA
ZAF,2045,941588205842.6593,13997.822744279196,67266761.62744519,OptionA
ZAF,2050,1053691373884.2006,15466.982945579555,68125204.35249747,OptionA
ZAF,2055,1170388436636.205,17021.59553075966,68759032.28467628,OptionA
ZAF,2060,1294031565287.28,18699.210037749603,69202472.33305119,OptionA
ZAF,2065,1420497177993.621,20481.662596582613,69354583.4619223,OptionA
ZAF,2070,1547111470251.3577,22361.151164680705,69187469.77101117,OptionA
ZMB,2012,25503060420.026,1710.05061343728,14913629.0,WB
ZMB,2013,28037239462.7142,1820.71854827391,15398997.0,WB
ZMB,2014,27141023558.0829,1707.48573136694,15895315.0,WB
ZMB,2015,21251216798.7762,1295.87788680068,16399089.0,WB
ZMB,2016,20958412538.3093,1239.08527877713,16914423.0,WB
ZMB,2017,25873601260.8353,1483.46577328065,17441320.0,WB
ZMB,2018,26311507273.6735,1463.89997855593,17973569.0,WB
ZMB,2019,23308667781.2258,1258.98619844462,18513839.0,WB
ZMB,2020,18137764930.651,951.644316655957,19059395.0,WB
ZMB,2021,22096416932.0089,1127.16077872857,19603607.0,WB
ZMB,2022,29163782140.4858,1447.12310138035,20152938.0,WB
ZMB,2023,27577956471.244,1330.72780576709,20723965.0,WB
ZMB,2024,25303185342.2511,1187.10943350064,21314956.0,WB
ZMB,2025,42076111760.33332,2008.541697137111,20948587.63465394,OptionA
ZMB,2030,58838311269.18057,2512.409451714801,23419077.343870647,OptionA
ZMB,2035,80725640690.68515,3113.325250266847,25929073.964811757,OptionA
ZMB,2040,110002829468.41489,3874.352258764048,28392573.034519773,OptionA
ZMB,2045,148725658793.7036,4837.613394683037,30743601.5778289,OptionA
ZMB,2050,199066179449.85413,6033.370199693124,32994192.774708115,OptionA
ZMB,2055,263518289931.2714,7501.918489284806,35126786.60900698,OptionA
ZMB,2060,344492477938.1219,9282.74628422419,37111051.7717778,OptionA
ZMB,2065,444355419440.2651,11413.83909034494,38931284.72576322,OptionA
ZMB,2070,565592587599.3544,13920.134436632792,40631258.999260664,OptionA
ZWE,2012,17123500000.0,1239.22709745709,13817887.0,WB
ZWE,2013,19100750000.0,1362.99498323368,14013808.0,WB
ZWE,2014,19505500000.0,1372.91526173161,14207359.0,WB
ZWE,2015,19973250000.0,1387.12632595026,14399013.0,WB
ZWE,2016,20559250000.0,1408.13945253431,14600294.0,WB
ZWE,2017,51035657370.5179,3445.44941020134,14812482.0,WB
ZWE,2018,34141666666.6667,2270.89531874302,15034452.0,WB
ZWE,2019,33357695635.1284,2184.32923855469,15271368.0,WB
ZWE,2020,31980334561.3123,2059.67445384499,15526888.0,WB
ZWE,2021,41287673690.0771,2613.60542083552,15797210.0,WB
ZWE,2022,40757561708.7741,2536.40050223076,16069056.0,WB
ZWE,2023,35871779680.6335,2195.22492079245,16340822.0,WB
ZWE,2024,41539411516.4448,2497.20332208763,16634373.0,WB
ZWE,2025,28733722803.01844,1922.2821005400783,14947713.863092989,OptionA
ZWE,2030,37701432597.076,2508.907080259302,15027034.238820616,OptionA
ZWE,2035,50813882211.91644,3378.4615265715956,15040538.959009988,OptionA
ZWE,2040,69703847940.5755,4644.4156950666165,15008098.43843569,OptionA
ZWE,2045,95690110635.12042,6410.5099955165615,14927066.754758203,OptionA
ZWE,2050,130009812332.96672,8785.855919094978,14797626.267738624,OptionA
ZWE,2055,173925214706.80737,11900.253134155972,14615253.368653916,OptionA
ZWE,2060,228481922575.0672,15869.55357488067,14397501.574128889,OptionA
ZWE,2065,295746025939.3182,20833.189323338807,14195907.374009348,OptionA
ZWE,2070,376923267292.87915,26910.84256363527,14006371.833270544,OptionA
