country_iso3,t,gdp,gdpcap,pop,co2_pc,source
ABW,2012,2649051221.828664,25444.733664668736,104110.00000000006,3.60580155604649,hist
ABW,2013,2819423912.9230194,26680.141120634198,105675.00000000001,3.90631653655075,hist
ABW,2014,2859631679.0737376,26773.822680851812,106806.99999999993,4.12987912777252,hist
ABW,2015,2962906703.9106097,27458.2201537506,107905.99999999991,4.28613793486924,hist
ABW,2016,2999478909.4447594,27587.24980404832,108726.99999999993,4.46439246921188,hist
ABW,2017,3104263601.0989304,28548.89043177384,108735.00000000006,4.29576493309422,hist
ABW,2018,3203987172.748101,29419.20862331602,108908.00000000001,4.27241341315606,hist
ABW,2019,3243239612.1407504,29699.180536622152,109203.00000000006,4.66562273930203,hist
ABW,2020,2468170539.298894,22729.889759353253,108587.0000000001,4.50053873852303,hist
ABW,2021,2831747261.741171,26292.91793631541,107700.00000000004,4.71123491179201,hist
ABW,2022,3132944104.210462,29195.267022742148,107310.00000000007,4.99021526418787,hist
ABW,2023,3374393790.1972976,31430.9353682253,107358.99999999993,5.00284093555268,hist
ABW,2024,3604216215.998369,33373.91745912654,107994.99999999996,5.14838649937497,hist
ABW,2025,3604216215.9983754,33373.9174591266,107994.99999999996,5.14838649937497,projected
ABW,2030,4658080606.641175,41248.086820705095,112928.40385273292,5.14838649937497,projected
ABW,2035,5922717875.412541,50520.665680464146,117233.56760326297,5.14838649937497,projected
ABW,2040,7535130393.096021,62226.97447202321,121091.06150554949,5.14838649937497,projected
ABW,2045,9537472735.317337,76637.31588319576,124449.46205910397,5.14838649937497,projected
ABW,2050,12003515409.42148,94246.09732379598,127363.52751224999,5.14838649937497,projected
ABW,2055,14985951634.940603,115308.83998198461,129963.59721667434,5.14838649937497,projected
ABW,2060,18569090563.12613,140318.23538589964,132335.54792117994,5.14838649937497,projected
ABW,2065,22774009481.790897,169963.34176662294,133993.65560287668,5.14838649937497,projected
ABW,2070,27621785678.747818,204858.73424109328,134833.33176431915,5.14838649937497,projected
AFG,2012,17386490239.353615,568.9290214583399,30560034.000000034,0.323442048526517,hist
AFG,2013,18360263162.757824,580.6038333330949,31622704.000000052,0.266539509081829,hist
AFG,2014,18860496494.04039,575.146245808546,32792522.99999998,0.242701667084292,hist
AFG,2015,19134221644.73248,565.5697304087512,33831763.99999998,0.24909135686806,hist
AFG,2016,19566715174.163292,563.8723367231477,34700611.999999985,0.219353479990497,hist
AFG,2017,20084646751.49541,562.7695741409877,35688935.00000003,0.2913283907183,hist
AFG,2018,20323499020.363922,553.1251516882938,36743039.000000045,0.321418704642259,hist
AFG,2019,21118473702.34706,557.8615332074592,37856120.99999995,0.319752781855278,hist
AFG,2020,20621957125.207706,527.8345544993047,39068979.00000003,0.310824605884889,hist
AFG,2021,16345202562.548485,408.6258552174036,40000411.99999998,0.312156784785117,hist
AFG,2022,15325233810.138777,377.66562708070364,40578841.999999955,0.278420956418618,hist
AFG,2023,15672648238.100481,378.06630312258955,41454760.99999994,0.280995468771367,hist
AFG,2024,15896515089.9074,378.06630312258955,42046897.4849443,0.6399027768110876,hist
AFG,2025,16123579637.890203,378.06630312258955,42647491.99999998,0.9988100848508085,projected
AFG,2030,18140495120.009014,378.06630312258955,47982311.48922808,0.7759318430586098,projected
AFG,2035,20228680074.08579,378.06630312258955,53505641.489362136,0.43722001084356155,projected
AFG,2040,22320123611.269215,378.06630312258955,59037590.56789523,0.35709524797303127,projected
AFG,2045,24380376203.611965,378.06630312258955,64487038.390476525,0.2669332953231985,projected
AFG,2050,26378255113.15046,378.06630312258955,69771505.40866162,0.18621476424656366,projected
AFG,2055,28301809618.76557,378.06630312258955,74859381.50269,0.11495510932274629,projected
AFG,2060,30119266683.826134,378.06630312258955,79666625.76130155,0.0529513117674575,projected
AFG,2065,31827265439.601433,378.06630312258955,84184348.55666392,0.03004545444300259,projected
AFG,2070,33382837607.97773,378.06630312258955,88298897.13062634,0.00951610617916438,projected
AGO,2012,92712034533.39558,3682.3522932276296,25177394.000000007,0.981682218580684,hist
AGO,2013,97239220009.2495,3716.2971872728176,26165620.00000003,1.09052642360471,hist
AGO,2014,101766409287.84921,3746.816199786135,27160769.00000004,1.13720270585859,hist
AGO,2015,102543067840.73203,3641.7289391994386,28157797.999999985,1.17503861630089,hist
AGO,2016,100799291837.03876,3454.0331718711886,29183069.99999995,1.07167614647808,hist
AGO,2017,100648701499.63097,3328.898212410886,30234839.000000007,0.92592191412033,hist
AGO,2018,100050434318.10486,3196.7900698355816,31297154.999999948,0.824809795011719,hist
AGO,2019,99845650843.27437,3083.9753442735705,32375631.99999998,0.833846270553112,hist
AGO,2020,95809443080.11357,2864.1614603689254,33451131.999999955,0.613970253682297,hist
AGO,2021,97824078558.14494,2832.8177713228624,34532428.999999985,0.740292552255736,hist
AGO,2022,101948344238.66588,2860.902519222477,35635028.99999995,0.748810952279567,hist
AGO,2023,103236265970.23297,2809.157279755574,36749905.99999997,0.743838637301548,hist
AGO,2024,107803341999.57811,2845.4777930297396,37885849.00000005,0.741712294740973,hist
AGO,2025,107803341999.57849,2845.4777930297496,37885849.00000005,0.4546499670628999,projected
AGO,2030,117709554270.37552,2785.684957796626,42255156.65040581,0.47092950487994273,projected
AGO,2035,122935318337.07451,2644.55979023355,46486117.9509266,0.49889732725117253,projected
AGO,2040,131883455900.65472,2605.18621191273,50623427.7218233,0.5433195901142628,projected
AGO,2045,148483797579.63977,2720.581067646155,54577972.09039165,0.5795891417073912,projected
AGO,2050,175028609855.75006,3000.4874776487254,58333391.21045353,0.6317376589173195,projected
AGO,2055,212508298416.19995,3441.8651353600067,61742192.113513,0.4994696324241898,projected
AGO,2060,262121803769.1767,4044.7010898328913,64806223.735066265,0.3830696894404482,projected
AGO,2065,325190385297.1853,4819.465410646387,67474368.54279047,0.23710410850090766,projected
AGO,2070,402782581889.0981,5773.0204100506,69769817.7522237,0.10278943289588054,projected
ALB,2012,10790155229.509205,3771.8478186201473,2860708.0,1.5864953710759697,hist
ALB,2013,10974367815.093988,3895.899756219419,2816901.9999999986,1.6934561443742102,hist
ALB,2014,11220218560.899807,4045.1193488493445,2773767.000000002,1.83944794209463,hist
ALB,2015,11470171826.957481,4199.53912925398,2731292.9999999977,1.7850886008934197,hist
ALB,2016,11918533446.974915,4431.5563581416645,2689469.0000000023,1.68739628528903,hist
ALB,2017,12309839868.708391,4648.230786606577,2648284.9999999986,2.0244422333699,hist
ALB,2018,12761785703.1071,4893.823755387185,2607733.000000002,2.04549315439886,hist
ALB,2019,13025007474.889515,5072.436483547404,2567801.0000000014,1.94096037816015,hist
ALB,2020,12593390460.142008,4980.616995246951,2528479.9999999995,1.8064607985825503,hist
ALB,2021,13722964212.461992,5511.757434028636,2489761.9999999977,2.0532886275877,hist
ALB,2022,14385344334.62298,5867.650962305575,2451635.999999998,1.84525761573088,hist
ALB,2023,14962975920.906584,6198.171953012036,2414094.9999999986,1.74914408919284,hist
ALB,2024,15568367220.799885,6549.233874153978,2377127.999999998,1.7852214941728,hist
ALB,2025,15568367220.79986,6549.233874153967,2377127.999999998,1.0276654883141585,projected
ALB,2030,17538540905.480385,7359.695891827156,2383052.392824641,0.6663585233378231,projected
ALB,2035,19551359042.21028,8220.176476245972,2378459.7689244607,0.4465484348397763,projected
ALB,2040,21702883870.34287,9179.931257527536,2364166.2733091298,0.43686358775593337,projected
ALB,2045,23944186492.263588,10226.197417802588,2341455.529753378,0.25502914035232654,projected
ALB,2050,26127582437.190914,11303.189338276195,2311523.027285282,0.1342949939010027,projected
ALB,2055,28314120604.90086,12442.198632687456,2275652.5145415673,0.07154090814704019,projected
ALB,2060,30560361005.479904,13675.748178025911,2234639.0565003282,0.006792382930631087,projected
ALB,2065,32778321401.01566,15007.275379275505,2184162.052912104,0.007053931171283287,projected
ALB,2070,34886752888.12998,16425.723790470125,2123909.626945668,0.0073615813001101675,projected
AND,2012,2781928287.882967,36206.99544320183,76833.99999999994,,hist
AND,2013,2683236696.8785067,35684.186196751194,75193.99999999993,,hist
AND,2014,2750437434.802539,37300.64194098676,73736.99999999996,,hist
AND,2015,2789882569.1005015,38654.95287916008,72174.00000000004,,hist
AND,2016,2893378230.9393115,40085.03942781773,72181.0,,hist
AND,2017,2903391399.657265,39361.08075399953,73762.99999999994,,hist
AND,2018,2949519480.268106,39242.16333078028,75161.99999999997,,hist
AND,2019,3008968450.4992504,39346.293518048646,76473.99999999996,,hist
AND,2020,2672447226.316122,34536.66614520706,77379.99999999999,,hist
AND,2021,2893907016.2536297,36929.03649958696,78363.99999999993,,hist
AND,2022,3170698001.4214063,39780.41529918333,79704.99999999997,,hist
AND,2023,3252614722.135437,40227.25242573758,80855.99999999999,,hist
AND,2024,3362287046.4755616,41034.52667230785,81938.00000000001,,hist
AND,2025,3362287046.4755616,41034.52667230785,81938.00000000001,,projected
AND,2030,3362287046.4755616,41034.52667230785,81938.00000000001,,projected
AND,2035,3362287046.4755616,41034.52667230785,81938.00000000001,,projected
AND,2040,3362287046.4755616,41034.52667230785,81938.00000000001,,projected
AND,2045,3362287046.4755616,41034.52667230785,81938.00000000001,,projected
AND,2050,3362287046.4755616,41034.52667230785,81938.00000000001,,projected
AND,2055,3362287046.4755616,41034.52667230785,81938.00000000001,,projected
AND,2060,3362287046.4755616,41034.52667230785,81938.00000000001,,projected
AND,2065,3362287046.4755616,41034.52667230785,81938.00000000001,,projected
AND,2070,3362287046.4755616,41034.52667230785,81938.00000000001,,projected
ARE,2012,324917470354.9391,43958.568112085624,7391448.0,25.0303188225095,hist
ARE,2013,340898464870.84375,44312.63371626137,7693030.999999995,25.3545579109196,hist
ARE,2014,356691886612.6048,44257.65147610814,8059439.999999995,24.5815838321273,hist
ARE,2015,381973042886.3171,44910.334995522986,8505237.000000004,24.3205333372838,hist
ARE,2016,403584822847.17596,45168.498247324285,8935095.0,23.7748451471417,hist
ARE,2017,399301267917.19916,43293.02038248007,9223224.999999987,22.1639068763908,hist
ARE,2018,405439194566.32184,43377.78586972251,9346701.000000013,20.0375833141554,hist
ARE,2019,410593714983.92126,43468.45868119177,9445785.000000006,20.945786930361,hist
ARE,2020,374899053476.7894,39878.474427694986,9401038.000000015,20.8141058466097,hist
ARE,2021,391967404019.4897,40935.89365677843,9575152.00000001,20.8269278649571,hist
ARE,2022,421421732891.06757,41828.55532981038,10074977.000000015,19.3731459635094,hist
ARE,2023,439547849791.1151,41926.58236456735,10483750.999999994,18.3804823292732,hist
ARE,2024,457093751868.5358,41605.41686708439,10986399.999999998,18.2552064370494,hist
ARE,2025,457093751868.5358,41605.41686708439,10986399.999999998,13.766567203860363,projected
ARE,2030,542255419307.38904,45240.14904172535,11986154.572728364,11.26761603740884,projected
ARE,2035,625072070623.7185,48380.63192035754,12919882.312671931,8.507475095452381,projected
ARE,2040,706537452145.5524,51275.22823690439,13779313.645980716,5.876666219537938,projected
ARE,2045,780513139316.8723,53697.57777837601,14535350.971290637,5.154005842422373,projected
ARE,2050,845323416835.231,55696.239011747915,15177387.770418901,3.538921240245895,projected
ARE,2055,908222914409.817,57837.556268352666,15702995.994434414,2.3065470491503137,projected
ARE,2060,977501531472.5707,60647.865608654974,16117657.590460574,1.1619441652901432,projected
ARE,2065,1044475952021.1721,63855.022214523226,16356989.877980433,0.7446545762060204,projected
ARE,2070,1106605507327.4385,67398.00394220174,16418965.586524284,0.3430664682329549,projected
ARG,2012,579910247223.4269,13754.425423559625,42161720.99999993,4.47886128746974,hist
ARG,2013,593858966307.157,13946.095083225156,42582455.00000004,4.53658672333476,hist
ARG,2014,578937574935.696,13456.13191591506,43024071.00000003,4.41674615124171,hist
ARG,2015,594749285413.2122,13679.626498095407,43477012.000000015,4.51258701954955,hist
ARG,2016,582376550428.0898,13265.886063912341,43900313.00000001,4.4223010437306,hist
ARG,2017,598790850843.6779,13520.112984615896,44288894.00000006,4.32102910494897,hist
ARG,2018,583118120294.0012,13058.328544995404,44654881.999999985,4.25075806940885,hist
ARG,2019,571450737224.4414,12706.397810896766,44973464.999999925,4.07504069344001,hist
ARG,2020,514874343768.06714,11393.050595787687,45191965.000000075,3.7200285493228704,hist
ARG,2021,568636554720.0654,12549.28116993418,45312280.999999925,4.09769704597303,hist
ARG,2022,602872713790.9152,13276.823211018853,45407903.999999955,4.2953116708492,hist
ARG,2023,591684674129.4541,12993.092887241566,45538400.99999999,4.16990486776205,hist
ARG,2024,583738758865.705,12774.35065966277,45696159.00000001,4.01066531653131,hist
ARG,2025,583738758865.706,12774.350659662794,45696159.00000001,6.112863884249002,projected
ARG,2030,680406191705.748,14497.35923221554,46933112.49360315,4.61132425490634,projected
ARG,2035,781242757167.8212,16271.02100100459,48014365.97737698,3.113278639781097,projected
ARG,2040,882431387765.5073,18026.179007051145,48952769.603604525,2.598723239361575,projected
ARG,2045,982509309645.0347,19777.671815359852,49677703.16028768,2.5196877479646176,projected
ARG,2050,1085358892697.0184,21616.787130505374,50209075.29617904,2.0145660800030227,projected
ARG,2055,1191372519193.5623,23572.860784707224,50540005.73262874,1.7048425054762737,projected
ARG,2060,1299311146996.1082,25640.671732144358,50673834.15572652,1.4045907752168107,projected
ARG,2065,1408496198948.1145,27797.602201403944,50669701.247720465,1.1770989078543908,projected
ARG,2070,1516963492301.074,30038.621155376524,50500436.90269575,0.9526749262130015,projected
ARM,2012,9555426006.056314,3159.758607868894,3024099.999999997,1.87480572732383,hist
ARM,2013,9870755064.256168,3266.2988299987346,3021999.9999999977,1.81763732627399,hist
ARM,2014,10226102246.62761,3393.0925232688314,3013800.0000000014,1.91144070608534,hist
ARM,2015,10553337518.414013,3512.3935027670937,3004600.000000001,1.86953338214737,hist
ARM,2016,10574444193.432499,3533.8850360700826,2992299.999999997,1.79624369214317,hist
ARM,2017,11367527508.113514,3815.374742603715,2979400.0000000014,1.90951198227831,hist
ARM,2018,11958638938.496008,4027.833930109803,2969000.0000000005,2.00458066689121,hist
ARM,2019,12867495497.64691,4343.458395830179,2962500.000000001,2.16867510548523,hist
ARM,2020,11941035821.9185,4032.0904345495533,2961499.9999999995,2.33479655579943,hist
ARM,2021,12633615899.66819,4264.799615051884,2962299.9999999986,2.51946122945009,hist
ARM,2022,14225451502.998087,4791.004817121815,2969199.9999999986,2.61828101845615,hist
ARM,2023,15406163977.689417,5197.235090135751,2964300.000000002,2.52966973653139,hist
ARM,2024,16315127652.444294,5378.317999816814,3033499.9999999977,2.47028185264546,hist
ARM,2025,16315127652.44432,5378.317999816823,3033499.9999999977,2.3670662279267916,projected
ARM,2030,18833897359.74401,6336.399278055058,2972334.370558326,2.302014974850203,projected
ARM,2035,21431967687.505733,7376.394781625222,2905480.024048236,1.7459204477470598,projected
ARM,2040,24000137781.32279,8487.288910437326,2827774.338140933,1.317133960064459,projected
ARM,2045,26336906064.611115,9619.986675452436,2737727.915134817,1.200426784816553,projected
ARM,2050,28357121871.136894,10748.88820875283,2638144.645326729,1.06963485444217,projected
ARM,2055,30180386136.679016,11905.835996258043,2534923.7253196323,0.8890161849976905,projected
ARM,2060,32103751185.427254,13197.005378304488,2432654.247319239,0.6927926470616829,projected
ARM,2065,34302718390.535633,14679.747856929529,2336737.5737549295,0.5570504591176102,projected
ARM,2070,36361284497.120964,16205.070663364993,2243821.409512479,0.4091397369313945,projected
ASM,2012,657587786.2595419,12068.266737498237,54489.00000000003,0.0018352327992804999,hist
ASM,2013,641148091.603054,11871.79371927294,54005.99999999997,0.0018516461133948003,hist
ASM,2014,652450381.6793886,12203.089471428359,53466.0,0.0018703475105674,hist
ASM,2015,673000000.0000002,12727.410265138618,52878.00000000003,0.0018911456560384,hist
ASM,2016,661697709.9236642,12665.282992126798,52244.99999999997,0.0019140587616039,hist
ASM,2017,615461068.7022905,11930.777123682601,51585.999999999985,0.0019385104485713,hist
ASM,2018,631900763.3587784,12412.602407456166,50907.999999999985,0.0019643278070244,hist
ASM,2019,628818320.6106869,12524.016025228277,50209.00000000003,0.0019916747993387,hist
ASM,2020,656560305.3435112,13194.274740128038,49760.99999999999,0.0020096059162798,hist
ASM,2021,651422900.7633597,13233.578481734068,49225.000000000015,0.0020314880650076,hist
ASM,2022,662725190.8396957,13709.097489547292,48342.00000000004,0.0020685945968309,hist
ASM,2023,662725190.8396957,13709.097489547292,48342.00000000004,0.0020685945968309,hist
ASM,2024,662725190.8396957,13709.097489547292,48342.00000000004,0.0020685945968309,hist
ASM,2025,662725190.8396957,13709.097489547292,48342.00000000004,0.0020685945968309,projected
ASM,2030,662725190.8396957,13709.097489547292,48342.00000000004,0.0020685945968309,projected
ASM,2035,662725190.8396957,13709.097489547292,48342.00000000004,0.0020685945968309,projected
ASM,2040,662725190.8396957,13709.097489547292,48342.00000000004,0.0020685945968309,projected
ASM,2045,662725190.8396957,13709.097489547292,48342.00000000004,0.0020685945968309,projected
ASM,2050,662725190.8396957,13709.097489547292,48342.00000000004,0.0020685945968309,projected
ASM,2055,662725190.8396957,13709.097489547292,48342.00000000004,0.0020685945968309,projected
ASM,2060,662725190.8396957,13709.097489547292,48342.00000000004,0.0020685945968309,projected
ASM,2065,662725190.8396957,13709.097489547292,48342.00000000004,0.0020685945968309,projected
ASM,2070,662725190.8396957,13709.097489547292,48342.00000000004,0.0020685945968309,projected
ATG,2012,1395234173.143268,15989.39001997787,87259.99999999994,2.59912903965162,hist
ATG,2013,1386849062.3061507,15748.19520242267,88064.00000000004,2.95012718023256,hist
ATG,2014,1417336052.7331395,15967.284996711984,88765.00000000001,3.15101672956683,hist
ATG,2015,1437485185.1851883,16077.63407694068,89408.99999999994,3.25470590209039,hist
ATG,2016,1496714858.2025788,16635.89523283108,89968.99999999996,3.50009447698652,hist
ATG,2017,1537316639.9838989,16992.932749523578,90467.99999999999,3.06406685236769,hist
ATG,2018,1640501407.7514915,18042.159643572693,90926.00000000004,3.15861249807536,hist
ATG,2019,1692541753.2914386,18525.258890716686,91363.99999999996,3.74983582154897,hist
ATG,2020,1373179832.3413987,14950.894239720832,91845.99999999994,3.5494196807699794,hist
ATG,2021,1485407940.3184085,16084.721440604759,92348.99999999997,3.58964363447357,hist
ATG,2022,1620696017.3049822,17456.87222431044,92840.00000000006,3.69452822059457,hist
ATG,2023,1660036192.7894008,17789.40581239445,93316.00000000003,3.6874705302413298,hist
ATG,2024,1720733551.2869413,18350.185036972023,93772.00000000004,3.79857526767052,hist
ATG,2025,1720733551.2869413,18350.185036972023,93772.00000000004,3.79857526767052,projected
ATG,2030,1720733551.2869413,18350.185036972023,93772.00000000004,3.79857526767052,projected
ATG,2035,1720733551.2869413,18350.185036972023,93772.00000000004,3.79857526767052,projected
ATG,2040,1720733551.2869413,18350.185036972023,93772.00000000004,3.79857526767052,projected
ATG,2045,1720733551.2869413,18350.185036972023,93772.00000000004,3.79857526767052,projected
ATG,2050,1720733551.2869413,18350.185036972023,93772.00000000004,3.79857526767052,projected
ATG,2055,1720733551.2869413,18350.185036972023,93772.00000000004,3.79857526767052,projected
ATG,2060,1720733551.2869413,18350.185036972023,93772.00000000004,3.79857526767052,projected
ATG,2065,1720733551.2869413,18350.185036972023,93772.00000000004,3.79857526767052,projected
ATG,2070,1720733551.2869413,18350.185036972023,93772.00000000004,3.79857526767052,projected
AUS,2012,1260921781880.748,55465.446287257575,22733464.999999966,18.1834489375025,hist
AUS,2013,1294392358274.4224,55966.150927055976,23128129.000000037,17.5432435542019,hist
AUS,2014,1328061960035.2117,56571.806252443945,23475686.000000015,16.8873574131124,hist
AUS,2015,1356805839935.8987,56970.361302809346,23815994.999999963,16.8219551608068,hist
AUS,2016,1394194533274.639,57632.99959255926,24190907.0,16.8911897350521,hist
AUS,2017,1426167740135.16,57991.77134733278,24592588.0,16.7209445382487,hist
AUS,2018,1467158231105.1016,58772.706315221396,24963258.000000007,16.3939979308791,hist
AUS,2019,1499347932643.9475,59181.299790412995,25334825.999999963,16.1007065925773,hist
AUS,2020,1497345824797.3433,58377.76705178026,25649248.00000004,15.3043785143331,hist
AUS,2021,1527396783519.6814,59465.53567136394,25685412.000000034,14.9787241100123,hist
AUS,2022,1592357665099.4307,61200.45889647804,26018721.00000001,14.530502863688,hist
AUS,2023,1649424913623.601,61869.08249857599,26659922.0,14.1596700845561,hist
AUS,2024,1672078242948.2205,61480.67071053112,27196811.999999985,14.0973544987552,hist
AUS,2025,1672078242948.2175,61480.67071053101,27196811.999999985,8.42994824782448,projected
AUS,2030,1883004436724.2073,65157.43732739556,28899301.660111405,7.056970596504614,projected
AUS,2035,2095137820048.212,68633.24346772354,30526574.502245426,5.24276860881043,projected
AUS,2040,2318793302742.9414,72189.20281127177,32121054.29125033,3.593999752099552,projected
AUS,2045,2557927054903.24,75917.69411468858,33693423.973586306,2.0038987285895273,projected
AUS,2050,2796659285322.575,79393.92136637884,35225105.86694467,0.7350165357856021,projected
AUS,2055,3041741070331.9346,82909.28354911215,36687581.174551204,0.3621141206497238,projected
AUS,2060,3311376041017.7563,87013.23223921235,38056005.45804677,0.017845990308201942,projected
AUS,2065,3598601862878.1685,91741.81427439714,39225318.26234495,0.012009509940409105,projected
AUS,2070,3895772564721.585,96904.32712227695,40202255.98187969,0.006542085467045591,projected
AUT,2012,372786509411.4029,44221.459953089274,8429990.999999998,8.18751763791919,hist
AUT,2013,371851835129.74146,43851.36754974033,8479822.999999994,8.2087562440867,hist
AUT,2014,374662287024.5345,43838.83458921373,8546356.000000004,7.713954344986331,hist
AUT,2015,379546097300.63306,43915.228020856994,8642699.000000007,7.79423187131705,hist
AUT,2016,387581921834.2973,44362.67028051165,8736668.000000004,7.757476877912721,hist
AUT,2017,396388751744.59265,45056.638591241295,8797566.000000007,7.966419348260639,hist
AUT,2018,406235924915.18506,45951.581916403455,8840521.000000002,7.60710822359904,hist
AUT,2019,413365268699.0494,46550.5622459492,8879920.000000004,7.745193650393249,hist
AUT,2020,387247796560.5008,43428.6983137234,8916863.999999998,7.055866277650981,hist
AUT,2021,406312360757.92944,45368.64343373672,8955797.00000001,7.39223990896623,hist
AUT,2022,427972725600.49567,47332.424035797056,9041851.0,6.928581326987139,hist
AUT,2023,424607814488.71985,46497.91146403412,9131761.000000004,6.40359510066021,hist
AUT,2024,421809268656.5544,45958.825007126215,9177982.000000002,6.322784246035781,hist
AUT,2025,421809268656.55365,45958.825007126135,9177982.000000002,4.896288467407686,projected
AUT,2030,453291077873.54504,48753.7035827771,9297572.175289595,3.859268228402395,projected
AUT,2035,487386810258.3488,51895.61204315461,9391676.696154093,2.308518425075917,projected
AUT,2040,526117250305.5075,55570.538149666645,9467557.231289176,0.9024095551614849,projected
AUT,2045,567354458906.1443,59523.0905902241,9531670.033936795,0.1262348194416385,projected
AUT,2050,607527697952.3474,63443.44138697412,9575894.445049474,0.05797057130613068,projected
AUT,2055,647781032366.8387,67541.05642108309,9590922.420997733,0.036965828440722034,projected
AUT,2060,689106995294.4996,71964.79541367137,9575612.510719206,0.016077583933841625,projected
AUT,2065,731874674851.3651,76893.24894674328,9518061.531751193,0.016628661143766377,projected
AUT,2070,774583906436.7742,82109.77236465925,9433516.670789868,0.017235621850167478,projected
AZE,2012,48274633178.27099,5193.175011195512,9295783.999999987,3.47266029417207,hist
AZE,2013,51095520771.41303,5425.995597805775,9416801.000000002,3.52686650169203,hist
AZE,2014,52524961505.77853,5508.602656126758,9535079.00000001,3.64178419497101,hist
AZE,2015,53076235354.74605,5500.503646284861,9649341.000000007,3.5777469155665704,hist
AZE,2016,51450192645.686554,5272.718171418613,9757811.999999993,3.52696895574541,hist
AZE,2017,51529227685.08675,5229.252599934124,9854033.000000017,3.47329869912147,hist
AZE,2018,52302373078.67407,5261.929382344325,9939771.000000007,3.49731397232391,hist
AZE,2019,53599371924.62801,5346.9531860411425,10024282.99999999,3.68923143929596,hist
AZE,2020,51348755387.07907,5087.5002278362745,10093120.999999996,3.5080031241079905,hist
AZE,2021,54232727563.55591,5349.582260714251,10137750.000000002,3.69156864195704,hist
AZE,2022,56789627303.7603,5599.585249710245,10141755.999999987,3.91289240245969,hist
AZE,2023,57558830022.902115,5668.610213170288,10153957.999999993,4.1112835014681,hist
AZE,2024,59902281408.462234,5871.143732519527,10202830.000000006,3.81144251153847,hist
AZE,2025,59902281408.462135,5871.143732519517,10202830.000000006,3.784615863823978,projected
AZE,2030,65308379767.74775,6278.120159828629,10402537.40054737,3.537158894985197,projected
AZE,2035,67673774196.79882,6404.197026378144,10567097.470308674,2.5815151573923223,projected
AZE,2040,70809176700.76279,6618.645077738658,10698439.91769923,1.8721571111018105,projected
AZE,2045,75184457798.4714,6984.131047889334,10765041.102886066,1.6417170800325098,projected
AZE,2050,80388739525.21935,7471.0816743621035,10759986.709967684,1.4102966108096338,projected
AZE,2055,86715949694.5493,8105.26445781743,10698719.350349242,1.1327415105230019,projected
AZE,2060,95074263152.88022,8960.337876749134,10610566.751013383,0.8541479883591357,projected
AZE,2065,105880767607.45712,10087.81447872625,10495907.496192008,0.6669181417114238,projected
AZE,2070,117627013099.69684,11369.792575464946,10345572.473637383,0.4771923460709768,projected
BDI,2012,2579999920.338929,256.1803939318737,10071027.999999996,0.0396483854478411,hist
BDI,2013,2707037177.5767894,259.31111720335514,10439340.999999994,0.04331691052145921,hist
BDI,2014,2821948416.1264467,261.2967217520025,10799784.999999987,0.0375470437605934,hist
BDI,2015,2810532912.4997516,254.40258522678732,11047580.000000002,0.0393751391707505,hist
BDI,2016,2900474875.8705845,258.06197080894617,11239451.000000015,0.043231648947978,hist
BDI,2017,3011616941.9460573,261.72583928876435,11506761.999999987,0.0474764316842566,hist
BDI,2018,3172504889.3526144,267.5086921726875,11859446.000000015,0.0654752338347002,hist
BDI,2019,3313977733.0838857,270.4110057108096,12255335.999999981,0.0624381085920451,hist
BDI,2020,3324133212.694522,263.4638763568972,12617036.000000006,0.0733769801401851,hist
BDI,2021,3431737891.1824427,264.682651664249,12965481.000000013,0.0692145551715359,hist
BDI,2022,3511275322.230218,263.58755005163766,13321096.99999999,0.0698215770067585,hist
BDI,2023,3625559222.0190506,264.8433079502134,13689450.000000007,0.0693599815916636,hist
BDI,2024,3774652142.6554656,268.7008573917242,14047786.000000022,0.0689574855425617,hist
BDI,2025,3774652142.6554623,268.70085739172396,14047786.000000022,0.028477976962983775,projected
BDI,2030,5331877479.191131,349.14003577559265,15271458.248397952,0.0346382280005961,projected
BDI,2035,7498701208.950379,456.173702997331,16438258.408320071,0.04310928039562895,projected
BDI,2040,10566597051.770002,601.3619425417297,17571110.348468326,0.04847542748379619,projected
BDI,2045,14757206482.109291,791.6092476750459,18642033.96492798,0.05661751433540328,projected
BDI,2050,20307351897.33563,1035.1454637071747,19617872.66555634,0.05143517772750972,projected
BDI,2055,27552700370.64075,1346.7009558593218,20459405.074870195,0.0358998949501933,projected
BDI,2060,36932486604.834435,1745.9459292594204,21153282.003698777,0.021742830195031492,projected
BDI,2065,48774281180.89056,2249.526126880994,21682024.759817712,0.011533989442270529,projected
BDI,2070,63385413449.23889,2868.003241727833,22100886.26366135,0.0018202107453797972,projected
BEL,2012,445104666468.5215,40074.492800398984,11106932.00000001,9.27476642514783,hist
BEL,2013,446464436962.2399,40007.8997891411,11159407.000000006,9.35170659157785,hist
BEL,2014,454346946885.84094,40533.91350278987,11209056.999999993,8.72331187181937,hist
BEL,2015,461044767544.53143,40893.804537771975,11274196.000000019,9.08415110044211,hist
BEL,2016,466547349432.05554,41172.88628312095,11331422.000000015,8.94429666461985,hist
BEL,2017,473426439010.7196,41619.328629168915,11375157.999999994,8.77081443615992,hist
BEL,2018,482317238282.1451,42208.36256502726,11427054.000000002,8.79128601300038,hist
BEL,2019,494099718080.5703,43006.40423088642,11488980.000000019,8.73127988733552,hist
BEL,2020,470417598101.75476,40769.02180729619,11538603.999999994,7.96694296814415,hist
BEL,2021,499839663858.8273,43140.96766529712,11586195.000000004,8.2875698190821,hist
BEL,2022,519614510458.4876,44486.74385635944,11680209.999999989,7.677661617385299,hist
BEL,2023,528521336864.4139,44866.1935177304,11779945.999999994,7.27763098404696,hist
BEL,2024,534178915343.8379,45045.6601021399,11858610.000000015,7.30661519351762,hist
BEL,2025,534178915343.8369,45045.66010213982,11858610.000000015,5.534346298293712,projected
BEL,2030,587899338605.7827,48541.52791849551,12111265.627915652,4.326840758073004,projected
BEL,2035,649733644097.329,52619.116121691855,12347863.133897852,2.5643103823602873,projected
BEL,2040,716808481793.929,57019.678895944024,12571247.254865156,0.9925426435007133,projected
BEL,2045,785495341330.9877,61490.98413638201,12774154.656377312,0.13756308657716745,projected
BEL,2050,854664989134.9833,65971.61588591796,12955041.007528463,0.06257978365489673,projected
BEL,2055,926444966721.2465,70650.304845176,13113106.429639194,0.039485819366201234,projected
BEL,2060,1002425085331.989,75637.4956076527,13253017.928194962,0.01696518041005824,projected
BEL,2065,1080986309253.6343,80914.2928232339,13359646.009823836,0.01730201800056875,projected
BEL,2070,1159547533175.2783,86266.53025675465,13441453.246399533,0.017666083198291018,projected
BEN,2012,9814543622.240698,943.9187715310009,10397656.999999985,0.45441968320362897,hist
BEN,2013,10520350021.896893,982.3992062905165,10708833.999999994,0.464168181148386,hist
BEN,2014,11189200116.266998,1014.4330062135059,11030004.000000004,0.494995287399714,hist
BEN,2015,11388160996.773788,1002.41886879614,11360680.999999987,0.511448213359745,hist
BEN,2016,11768488383.326902,1006.0392663302262,11697841.999999996,0.610993036151454,hist
BEN,2017,12435945492.742912,1032.9047119418208,12039780.000000017,0.601713652575047,hist
BEN,2018,13268812302.661804,1071.5045215693137,12383347.000000007,0.666298053345352,hist
BEN,2019,14179807374.684315,1114.173045264429,12726755.000000015,0.639872457668903,hist
BEN,2020,14725558723.298498,1126.6540412215404,13070168.999999998,0.666089321415813,hist
BEN,2021,15779238957.311733,1176.3772763727322,13413417.000000024,0.502981455061003,hist
BEN,2022,16765906414.794914,1218.4966892909054,13759501.000000011,0.513056396449261,hist
BEN,2023,17831007125.97883,1263.6215833636854,14111034.000000022,0.488426291085402,hist
BEN,2024,19159972710.824127,1324.783125974339,14462724.000000022,0.487328666439324,hist
BEN,2025,19159972710.824142,1324.7831259743402,14462724.000000022,0.660895120228292,projected
BEN,2030,25164421084.681347,1574.6827876872155,15980628.785332123,0.6961592717043593,projected
BEN,2035,32910409577.57487,1885.1795318166328,17457440.536637437,0.7927364259357543,projected
BEN,2040,43377838700.3462,2296.109648592815,18891884.682828877,0.8623151291407486,projected
BEN,2045,57354872823.66397,2830.091278758579,20266085.851768963,0.9674393351997622,projected
BEN,2050,75705461353.83936,3514.349045441415,21541816.243904274,1.0637764248438002,projected
BEN,2055,99388284991.73454,4381.400696607455,22684135.023005657,0.7482868628871189,projected
BEN,2060,129511320958.42368,5461.7123585595045,23712585.44135077,0.4652720904707181,projected
BEN,2065,167093120132.92612,6784.40590620867,24628998.093998592,0.2924486273062141,projected
BEN,2070,213038555840.7984,8381.75038053228,25416953.04307899,0.1326921116215416,projected
BFA,2012,10315931043.874596,600.7313436978196,17172286.999999993,0.15032942321544,hist
BFA,2013,10913490102.152895,616.7413311640835,17695408.999999985,0.171824228532949,hist
BFA,2014,11385699970.030005,624.576885187664,18229461.00000001,0.15105767526533,hist
BFA,2015,11832159315.629793,630.1247507523129,18777486.999999996,0.20961803887815197,hist
BFA,2016,12537116611.654123,648.420480176015,19334856.00000003,0.20333226169359597,hist
BFA,2017,13314855313.130186,669.2763103283348,19894406.999999985,0.228245053999348,hist
BFA,2018,14194244128.606506,694.4928131263488,20438288.000000015,0.264797129779167,hist
BFA,2019,15030172259.37909,717.0215950966352,20961951.99999998,0.271887847085997,hist
BFA,2020,15332394848.520096,713.8421779224014,21478689.99999999,0.265430526722067,hist
BFA,2021,16396850182.588902,745.4725634351435,21995243.000000007,0.292658735345638,hist
BFA,2022,16663583086.950403,740.3063199302608,22509038.000000007,0.288261986140856,hist
BFA,2023,17163536264.128536,745.405334618408,23025776.000000037,0.272029919860247,hist
BFA,2024,17987353311.13152,763.8337335224061,23548781.000000026,0.274990879570369,hist
BFA,2025,17987353311.13157,763.8337335224081,23548781.000000026,0.3190686029288183,projected
BFA,2030,24654944398.06305,935.1206880295854,26365521.27834329,0.3316927436193067,projected
BFA,2035,33362138985.83473,1142.34315555509,29205006.239673506,0.37249628032040283,projected
BFA,2040,45176361817.95467,1411.2719169624486,32011096.70997353,0.40004661153247145,projected
BFA,2045,61091370820.498245,1760.2252470533174,34706564.35746929,0.4440704278170766,projected
BFA,2050,82223701948.59485,2204.805773078986,37292945.68825915,0.4830319384187445,projected
BFA,2055,109780300433.31487,2763.8109610235383,39720625.607714966,0.3359263895005288,projected
BFA,2060,144906722491.20035,3454.4779199951627,41947502.87806247,0.20675196991510855,projected
BFA,2065,188993708342.27145,4297.67629804851,43975789.52795718,0.12875157336459467,projected
BFA,2070,243337496329.636,5306.313186035273,45858110.48055587,0.05781257235651959,projected
BGD,2012,162884301114.11676,1050.3914040406605,155070100.99999973,0.450583313929743,hist
BGD,2013,172679520662.4691,1103.1569590712297,156532141.00000012,0.460477953853579,hist
BGD,2014,183145728910.39792,1159.4075347598077,157964928.99999988,0.485260877115325,hist
BGD,2015,195146608978.1312,1224.386476681652,159383179.0000001,0.536099232905876,hist
BGD,2016,209028320490.6147,1299.830913607922,160811931.99999973,0.584484613989962,hist
BGD,2017,222803809377.44305,1373.7536374018616,162186147.00000003,0.622997104678737,hist
BGD,2018,239111739541.4518,1462.2505025571331,163523102.99999997,0.643225929977613,hist
BGD,2019,257958323968.61304,1564.2080244563597,164913055.00000003,0.662908100271382,hist
BGD,2020,266852772253.8947,1604.6659234742026,166298023.99999976,0.626122292349066,hist
BGD,2021,285368829855.2236,1702.0802841418915,167658853.9999998,0.702428158073895,hist
BGD,2022,305629528154.31067,1804.349346177605,169384896.99999985,0.713556533909868,hist
BGD,2023,323279976841.3642,1885.3773361354515,171466990.00000006,0.693947563901367,hist
BGD,2024,336932927922.2102,1941.2787436002545,173562364.0000001,0.715539343541092,hist
BGD,2025,336932927922.2093,1941.2787436002493,173562364.0000001,2.3215416422030435,projected
BGD,2030,438767120664.34,2432.3107328487076,180391063.83026096,1.9522945450640823,projected
BGD,2035,553166790349.909,2974.6851088691797,185958099.80041695,1.1899812707446245,projected
BGD,2040,689146770988.6669,3621.444050577433,190296125.3477832,1.0479447104674857,projected
BGD,2045,846388527535.5315,4378.700321901963,193296746.8227851,0.8423765236925691,projected
BGD,2050,1025232220350.5728,5258.655836929751,194960889.65372398,0.6303769533446656,projected
BGD,2055,1228085273013.0247,6288.5862375187035,195287975.170965,0.41682583680404767,projected
BGD,2060,1456753691558.2942,7496.046013333349,194336279.28205627,0.20533117049964794,projected
BGD,2065,1709938203683.2449,8885.829724805622,192434275.31700197,0.12433211568735773,projected
BGD,2070,1988379330309.1816,10473.15617089163,189854834.3846477,0.04186475151967102,projected
BGR,2012,48901433349.831764,6693.427732512702,7305888.0,6.83236589446759,hist
BGR,2013,48636020141.15249,6792.735499647346,7160004.999999999,6.20837555281037,hist
BGR,2014,49097794392.25598,6941.018539467184,7073572.000000002,6.68898259606321,hist
BGR,2015,50765918159.14759,7268.654454738727,6984225.000000001,7.138544362473999,hist
BGR,2016,52302413861.91485,7586.504110508197,6894138.999999996,6.83625613002581,hist
BGR,2017,53738599840.5621,7898.706930136529,6803467.999999999,7.2438350558862,hist
BGR,2018,54990790971.566475,8194.374345877564,6710798.000000001,6.901340198289379,hist
BGR,2019,57076766353.31297,8626.13418680371,6616726.0,6.74590424327681,hist
BGR,2020,55288418257.038895,8440.08304721191,6550696.000000003,6.01693316252197,hist
BGR,2021,59616490915.74795,9161.477379907266,6507301.000000002,7.04917445804336,hist
BGR,2022,62051147380.87578,9597.86796406547,6465097.0,7.64769654654833,hist
BGR,2023,63094544094.415565,9787.265107727477,6446596.000000005,5.73490257494032,hist
BGR,2024,65231613490.824684,10126.898007570795,6441421.000000001,5.30760215797104,hist
BGR,2025,65231613490.824684,10126.898007570795,6441421.000000001,3.4653371095710845,projected
BGR,2030,76079116720.78711,12066.937449868828,6304757.693230118,2.301420525490975,projected
BGR,2035,86446270693.78531,13979.828470264676,6183643.159689544,1.5694330577733973,projected
BGR,2040,96137155607.3153,15819.789642327345,6077018.5812137,1.5529452185456696,projected
BGR,2045,104951241781.1659,17549.26672126809,5980377.610534273,0.9123677980296666,projected
BGR,2050,113212603618.06834,19223.7050198642,5889218.727663774,0.4816407213113698,projected
BGR,2055,121570772886.79686,20956.956808496354,5800974.540230465,0.25643793514899166,projected
BGR,2060,130676203331.66609,22867.30737463106,5714542.652128689,0.02427006295824431,projected
BGR,2065,139813902920.47702,24909.37026331715,5612903.957125498,0.02508137253085639,projected
BGR,2070,148045761540.06152,26921.53346580564,5499157.829478833,0.025979679933276118,projected
BHR,2012,28888050241.956905,23894.88044470878,1208964.0,24.9936309104324,hist
BHR,2013,30416985616.38291,24271.627881450568,1253190.9999999998,25.6391882801584,hist
BHR,2014,31727610007.968483,24135.499130484906,1314561.9999999993,25.3239482048013,hist
BHR,2015,32523297872.340385,23734.055114301904,1370321.9999999988,24.4242594076429,hist
BHR,2016,33764059498.726093,23715.27913287115,1423725.9999999993,23.4996762017411,hist
BHR,2017,35436675410.81016,23606.886750131354,1501115.999999999,22.4846714044751,hist
BHR,2018,36164044588.15841,24059.783864156183,1503091.0000000012,22.5016316377385,hist
BHR,2019,36906448210.90642,24873.6640060134,1483756.0,24.833867563130298,hist
BHR,2020,34724774104.31461,23586.93095815158,1472204.000000001,25.023841804532495,hist
BHR,2021,36235315986.08044,24086.784780342816,1504365.0000000007,24.8329361557867,hist
BHR,2022,38474716945.189125,25234.402561820065,1524693.0000000002,25.4678810750754,hist
BHR,2023,39966811156.11297,25342.622664157123,1577059.0,24.532373233975402,hist
BHR,2024,41007465668.68278,25812.450457730538,1588670.0,23.8999918170545,hist
BHR,2025,41007465668.682846,25812.450457730585,1588670.0,18.12479527745144,projected
BHR,2030,51065967957.30037,29014.27337062264,1760029.1864970631,14.60890892692119,projected
BHR,2035,62245411374.91099,32284.84171210185,1928007.3270911695,10.85366223384105,projected
BHR,2040,74028493363.57735,35337.65675271478,2094889.7059477547,7.359074264799932,projected
BHR,2045,85827272809.17412,38048.77598525642,2255717.0523023256,6.322830575077393,projected
BHR,2050,97654593085.55373,40636.54619036663,2403122.3674393836,4.255178470392851,projected
BHR,2055,110450161046.23878,43603.100101170705,2533080.4642322506,2.7222097824079796,projected
BHR,2060,124567882992.9355,47097.23832003896,2644908.437018361,1.3480384534940497,projected
BHR,2065,138946040020.52515,50778.977867597845,2736290.6040136516,0.8474649914813353,projected
BHR,2070,153030940011.82175,54456.30845811779,2810160.0043182774,0.3816091276376732,projected
BHS,2012,11847358068.623312,31553.49194906452,375469.0000000002,2.70887876229462,hist
BHS,2013,11508144415.787891,30368.263124418845,378952.9999999999,2.87924887782918,hist
BHS,2014,11720696405.602188,30658.534456372232,382297.9999999999,2.97228863347441,hist
BHS,2015,11837599999.999994,30719.405417468977,385345.99999999977,2.90751688093298,hist
BHS,2016,11700697195.651508,30152.161924602202,388055.00000000006,3.20959657780469,hist
BHS,2017,12095174365.838509,30974.747726131613,390485.0000000002,3.5181889189085394,hist
BHS,2018,12385211217.394094,31537.2423841955,392716.9999999997,3.08262692982478,hist
BHS,2019,12281350586.007618,31117.62991323902,394675.00000000023,3.67517577753848,hist
BHS,2020,9814105056.96843,24791.67049451053,395863.0000000003,2.9639041789710103,hist
BHS,2021,11540027214.260098,29114.05977263867,396372.99999999965,3.65514300923625,hist
BHS,2022,12795339943.194817,32186.457503923666,397538.0000000003,3.53551107063979,hist
BHS,2023,13185372844.503906,33009.64561512092,399440.0000000002,3.52944121770479,hist
BHS,2024,13630862492.246414,33968.20321879175,401283.0000000001,3.63633645083395,hist
BHS,2025,13630862492.246437,33968.20321879181,401283.0000000001,3.63633645083395,projected
BHS,2030,14974295894.753183,35701.50174803616,419430.42061464203,3.63633645083395,projected
BHS,2035,16297196472.3308,37413.44953615557,435597.2698155387,3.63633645083395,projected
BHS,2040,17650407410.518085,39258.48413890448,449594.7257685081,3.63633645083395,projected
BHS,2045,19070105591.333057,41339.83813726069,461300.92546600144,3.63633645083395,projected
BHS,2050,20441893847.3134,43380.09678852522,471227.4835846063,3.63633645083395,projected
BHS,2055,21816615363.997894,45511.74987482461,479362.2619214215,3.63633645083395,projected
BHS,2060,23209914198.475418,47781.27895589228,485753.3055969659,3.63633645083395,projected
BHS,2065,24663833754.172306,50423.08199231661,489137.76745996095,3.63633645083395,projected
BHS,2070,26191084827.473312,53482.46833202372,489713.4639500336,3.63633645083395,projected
BIH,2012,15193964403.451277,4139.917327736582,3670112.999999997,6.35152105670861,hist
BIH,2013,15551001102.680788,4306.73175072214,3610858.9999999986,6.428719592761721,hist
BIH,2014,15730436007.57569,4412.676178177324,3564828.9999999995,5.833575747953129,hist
BIH,2015,16404348361.092583,4662.258692194462,3518540.999999997,5.92032322488213,hist
BIH,2016,16936219694.647505,4876.534714956335,3473003.000000002,6.7682636611601,hist
BIH,2017,17485647420.45051,5099.816028564478,3428681.9999999995,6.99679935322086,hist
BIH,2018,18155173558.46719,5360.252010176318,3386999.9999999995,7.10487156775908,hist
BIH,2019,18679105074.1119,5583.297212764573,3345533.0000000005,6.75452909895075,hist
BIH,2020,18115912618.322815,5490.753666351395,3299349.0000000014,6.83055960433407,hist
BIH,2021,19454976126.40778,5995.541975904946,3244906.9999999977,7.09101986590062,hist
BIH,2022,20277301651.426487,6327.16206849175,3204801.9999999986,6.98907452004835,hist
BIH,2023,20681710969.03802,6493.324005144627,3185073.000000001,6.53950474604507,hist
BIH,2024,21296271621.874786,6730.268288242058,3164252.9999999986,6.44935787372249,hist
BIH,2025,21296271621.87475,6730.268288242046,3164252.9999999986,3.6375707141688007,projected
BIH,2030,25173581944.33566,8061.25487887776,3122787.0006065574,2.3959485649324477,projected
BIH,2035,29018690243.174755,9455.565745276703,3068953.357726938,1.6306186264528262,projected
BIH,2040,32748057935.37323,10910.465434918757,3001527.123725046,1.6212869946136832,projected
BIH,2045,36050398792.58721,12330.031779277922,2923787.986757193,0.9622948224483403,projected
BIH,2050,38750701816.87207,13654.402955419731,2837963.8379934486,0.5153822965591411,projected
BIH,2055,41062247077.7229,14948.109166865699,2746986.0314334845,0.2792429714571672,projected
BIH,2060,43342990402.93551,16333.935400123355,2653554.660355041,0.026951305970538506,projected
BIH,2065,45084233158.48465,17648.36985144369,2554583.4282703805,0.028416742395680785,projected
BIH,2070,46588861044.81271,19004.2495580918,2451497.013991573,0.03005066473164593,projected
BLR,2012,57178272607.75234,6052.637370623597,9446836.0,6.80323020321301,hist
BLR,2013,57749323051.4989,6115.432880987072,9443211.000000015,6.82283812148219,hist
BLR,2014,58702836389.80206,6212.916674186595,9448514.999999985,6.770471338617761,hist
BLR,2015,56454769844.76308,5967.055950587773,9461075.999999985,6.25386583936119,hist
BLR,2016,55028470318.398766,5811.201591825471,9469379.000000013,6.23725167194174,hist
BLR,2017,56421892161.19755,5964.896688345611,9458988.999999996,6.366621210786901,hist
BLR,2018,58198729025.28153,6165.913200192764,9438785.000000013,6.7221151874950005,hist
BLR,2019,59040547731.74706,6267.735087435057,9419757.999999998,6.50202478662403,hist
BLR,2020,58643356627.787315,6251.9889896864515,9379951.999999985,6.20046882969124,hist
BLR,2021,60073587228.12814,6457.730537063424,9302584.999999998,6.30387145078492,hist
BLR,2022,57275121695.7262,6206.619096854183,9228070.999999987,6.057008013917531,hist
BLR,2023,59638602543.52318,6497.7845068359165,9178298.000000015,5.86387585149229,hist
BLR,2024,62030020167.73909,6792.1318349556395,9132629.0,5.93649429972465,hist
BLR,2025,62030020167.7392,6792.131834955651,9132629.0,6.570527647368293,projected
BLR,2030,70629812545.32106,7892.282973290655,8949224.550659042,6.389429117095157,projected
BLR,2035,78993140002.36632,9009.600940366818,8767662.466429971,4.835041177101663,projected
BLR,2040,86684425118.37018,10085.819163524171,8594683.655628923,3.6214830274792726,projected
BLR,2045,93253631471.31795,11074.321883340584,8420708.053610219,3.2615121807573146,projected
BLR,2050,98677865642.1512,11980.405169628086,8236605.043401425,2.8630409661447738,projected
BLR,2055,104027997430.24289,12935.550488287563,8042023.22308854,2.341805894719733,projected
BLR,2060,110354111820.29507,14071.308409009482,7842491.160924189,1.7958550195842133,projected
BLR,2065,117151951134.6279,15342.850674031892,7635605.248567668,1.42463189954146,projected
BLR,2070,123494633130.57748,16627.626457012582,7427075.262356192,1.032960651459322,projected
BLZ,2012,1973959679.2192304,5902.74234696882,334413.9999999999,0.48712075451386605,hist
BLZ,2013,2054230070.8501313,6013.078798953628,341627.0,0.602118684998551,hist
BLZ,2014,2134186060.0205026,6116.495788527845,348923.0000000002,0.586089194464108,hist
BLZ,2015,2193095150.0,6154.622642303692,356332.9999999997,0.693733109198418,hist
BLZ,2016,2192684131.164293,6012.212969836693,364705.0000000003,0.715098504270575,hist
BLZ,2017,2152487028.007198,5767.619219637618,373201.99999999994,0.7628576481369339,hist
BLZ,2018,2170181947.8223486,5707.610599544348,380225.9999999999,0.748502206582401,hist
BLZ,2019,2262557632.666417,5864.146118271096,385828.9999999997,1.03206342706225,hist
BLZ,2020,1956594233.2206624,5006.484532769364,390812.00000000035,0.815225735136076,hist
BLZ,2021,2308584056.87279,5839.401579560153,395346.0000000003,0.850141395132365,hist
BLZ,2022,2522139931.9872203,6262.560882736749,402733.0000000002,0.88023578897185,hist
BLZ,2023,2534753858.51431,6165.694148259356,411105.9999999999,0.9136329803019171,hist
BLZ,2024,2623588473.3599696,6290.492944527489,417072.0000000001,0.932452909809338,hist
BLZ,2025,2623588473.3599696,6290.492944527489,417072.0000000001,0.932452909809338,projected
BLZ,2030,3114711957.4858494,7141.063579373672,436169.195647889,0.932452909809338,projected
BLZ,2035,3679162906.2555327,8134.479072538033,452292.3807962542,0.932452909809338,projected
BLZ,2040,4331436283.610224,9301.074029017125,465692.0555730638,0.932452909809338,projected
BLZ,2045,5072384734.487632,10650.11535138508,476275.09816858015,0.932452909809338,projected
BLZ,2050,5899450324.074629,12186.715215721712,484088.6341927419,0.932452909809338,projected
BLZ,2055,6821159501.748375,13933.435672831054,489553.3062996819,0.932452909809338,projected
BLZ,2060,7844333427.010635,15913.888401319307,492923.7424060557,0.932452909809338,projected
BLZ,2065,8986024998.615776,18166.155369824985,494657.4999321031,0.932452909809338,projected
BLZ,2070,10247086861.5015,20701.017241392157,495004.02526172553,0.932452909809338,projected
BMU,2012,6876350478.40565,108040.57565920328,63645.99999999998,2.79200578198159,hist
BMU,2013,6857116738.504317,107860.39479196393,63574.00000000002,3.1144807625759,hist
BMU,2014,6603330213.03728,103941.98260695559,63528.999999999985,4.28150923200428,hist
BMU,2015,6654540999.999999,104855.36682213536,63464.00000000001,3.63513172822387,hist
BMU,2016,6610806937.028492,104190.87672033435,63448.99999999998,4.91260697568126,hist
BMU,2017,6849550930.142141,107734.60835732718,63577.99999999995,4.48740130233729,hist
BMU,2018,6819905984.649097,106843.16373939144,63831.00000000002,4.71401043380176,hist
BMU,2019,6840850356.57848,106709.88123884251,64107.00000000003,4.71867346779603,hist
BMU,2020,6373786302.281592,98999.50766179356,64381.99999999999,3.32701686806872,hist
BMU,2021,6667453991.676154,103134.72948391523,64648.00000000002,3.78511322856082,hist
BMU,2022,7099253361.4119835,109642.67187774307,64748.99999999998,3.9768953960678894,hist
BMU,2023,7448338953.240624,115124.71719745008,64697.99999999999,3.99239543726236,hist
BMU,2024,7893193425.434861,122117.60358677611,64636.00000000001,4.1354663036079,hist
BMU,2025,7893193425.434861,122117.60358677611,64636.00000000001,4.1354663036079,projected
BMU,2030,7893193425.434861,122117.60358677611,64636.00000000001,4.1354663036079,projected
BMU,2035,7893193425.434861,122117.60358677611,64636.00000000001,4.1354663036079,projected
BMU,2040,7893193425.434861,122117.60358677611,64636.00000000001,4.1354663036079,projected
BMU,2045,7893193425.434861,122117.60358677611,64636.00000000001,4.1354663036079,projected
BMU,2050,7893193425.434861,122117.60358677611,64636.00000000001,4.1354663036079,projected
BMU,2055,7893193425.434861,122117.60358677611,64636.00000000001,4.1354663036079,projected
BMU,2060,7893193425.434861,122117.60358677611,64636.00000000001,4.1354663036079,projected
BMU,2065,7893193425.434861,122117.60358677611,64636.00000000001,4.1354663036079,projected
BMU,2070,7893193425.434861,122117.60358677611,64636.00000000001,4.1354663036079,projected
BOL,2012,27943010890.653286,2657.2388491585393,10515806.99999999,1.62055085263547,hist
BOL,2013,29842021104.13975,2793.514570986758,10682608.000000015,1.6945019418479101,hist
BOL,2014,31471565408.63118,2900.902415863377,10848887.999999993,1.7940087500212,hist
BOL,2015,33000198248.914597,2996.012898113441,11014704.999999994,1.81142391012742,hist
BOL,2016,34407300587.152336,3077.5705756476614,11180019.99999999,1.91061375561046,hist
BOL,2017,35850757840.60678,3160.1642122896824,11344587.000000004,1.92014923064189,hist
BOL,2018,36878987707.37332,3204.5367081912373,11508367.999999985,1.90865464156169,hist
BOL,2019,37434651169.58297,3207.3869521223032,11671386.000000015,1.8849260918968802,hist
BOL,2020,32673162315.33875,2765.092717723104,11816298.999999981,1.57121108732946,hist
BOL,2021,35949969735.496994,3011.5511080755687,11937360.000000007,1.83202986254917,hist
BOL,2022,37297165304.922646,3088.2412615524077,12077153.999999981,1.93607699297368,hist
BOL,2023,38235698454.900154,3122.7704944782336,12244159.000000013,1.99475521348588,hist
BOL,2024,37806175459.30525,3045.6147660238444,12413314.999999993,2.29073378062186,hist
BOL,2025,37806175459.30532,3045.61476602385,12413314.999999993,1.686346492126504,projected
BOL,2030,48116144776.46856,3691.167231157799,13035482.210156078,1.4961447544037376,projected
BOL,2035,60145286493.07518,4428.738062134665,13580682.724795192,1.3340833689954263,projected
BOL,2040,74476928931.25417,5300.402814376108,14051182.813738767,1.1587873758042453,projected
BOL,2045,91373612044.9596,6326.80792815064,14442292.714213721,1.0597331011845652,projected
BOL,2050,110919331735.85748,7514.637597517846,14760436.587453686,1.0568314275056179,projected
BOL,2055,133175713137.8349,8882.905145742146,14992360.1516414,0.7622417969005505,projected
BOL,2060,158057494079.3503,10434.097395033585,15148171.24043546,0.47902243109322545,projected
BOL,2065,185704386336.54337,12176.351535139956,15251233.984220615,0.2778640301264723,projected
BOL,2070,216007490700.21704,14107.594086315348,15311433.641952364,0.0796283935793077,projected
BRA,2012,1804861390164.7683,9167.49818450431,196876110.99999994,2.5290198870293596,hist
BRA,2013,1859094274383.7273,9366.738246702376,198478298.9999997,2.6374445097395793,hist
BRA,2014,1868463286696.5803,9338.341708409847,200085126.9999999,2.7310345760982,hist
BRA,2015,1802211999456.4216,8936.195588944422,201675532.00000024,2.56818858918394,hist
BRA,2016,1743173031878.4792,8577.84277969669,203218114.00000006,2.37533549789759,hist
BRA,2017,1766232928473.2712,8628.252096457247,204703445.00000006,2.41694955353585,hist
BRA,2018,1797736638146.8245,8722.3352997099,206107261.00000036,2.28562350357953,hist
BRA,2019,1819683008336.222,8771.439503726055,207455459.00000012,2.25869881785082,hist
BRA,2020,1760056385298.8882,8435.010462091834,208660841.99999964,2.1466461829,hist
BRA,2021,1843880907790.4395,8799.228445799466,209550293.9999998,2.41580858865319,hist
BRA,2022,1899505159031.7305,9032.083776577761,210306415.00000006,2.27889577215227,hist
BRA,2023,1961080569227.698,9288.025946086893,211140728.99999964,2.27447826989363,hist
BRA,2024,2028136094548.3435,9566.744086283736,211998573.00000027,2.31826466114939,hist
BRA,2025,2028136094548.3362,9566.744086283701,211998573.00000027,2.9296942484608137,projected
BRA,2030,2315066155491.8896,10655.606931806311,217262720.96069574,2.3150819329515495,projected
BRA,2035,2590518891383.246,11706.870055189684,221281937.799836,1.5494427760757545,projected
BRA,2040,2874040883849.4077,12824.291661752455,224109132.8592465,1.3806960745073171,projected
BRA,2045,3159638125784.1777,13995.698209196386,225757806.33137846,1.3509171840212495,projected
BRA,2050,3441235684548.1406,15220.904638777047,226086147.05995774,1.0847834030935082,projected
BRA,2055,3728955995584.7417,16569.676403976886,225047001.8044381,0.8546274709633005,projected
BRA,2060,4021627477879.382,18037.212995855683,222962798.01116782,0.625253186825443,projected
BRA,2065,4307362047991.683,19585.746526125706,219923301.9913758,0.4004525632461344,projected
BRA,2070,4591165440607.353,21249.974470027148,216055103.83474296,0.1700006125663842,projected
BRB,2012,5825750942.63272,21036.300336655557,276938.0000000002,2.32398587409456,hist
BRB,2013,5722566701.833243,20609.60762729635,277665.0000000001,2.63158842490051,hist
BRB,2014,5765635622.773497,20713.767021043772,278348.00000000023,2.39628091453864,hist
BRB,2015,5698149999.999999,20424.208753001887,278990.0000000001,2.57894548191691,hist
BRB,2016,5783423169.47156,20684.780182517625,279597.9999999998,2.76396826872867,hist
BRB,2017,5824392171.704401,20788.70465431613,280170.9999999998,2.43387074322467,hist
BRB,2018,5750071519.412675,20483.955097636623,280711.00000000006,2.77224618914114,hist
BRB,2019,5763165130.1765375,20494.38716026463,281207.0000000001,3.08882780300633,hist
BRB,2020,4935303060.936921,17519.837062872004,281698.0000000002,2.38766338419158,hist
BRB,2021,4930526775.249476,17475.02817768567,282146.9999999999,2.30908001857188,hist
BRB,2022,5779882130.082592,20472.949404864685,282318.0000000002,2.4401561359885,hist
BRB,2023,5948328550.318315,21068.26104470671,282336.00000000006,2.44602176130568,hist
BRB,2024,6095981657.86298,21581.21712576328,282467.0000000002,2.52348061897496,hist
BRB,2025,6095981657.86299,21581.217125763316,282467.0000000002,2.52348061897496,projected
BRB,2030,6602401720.36409,23337.94818859681,282904.12109107774,2.52348061897496,projected
BRB,2035,7104834223.3179865,25194.664589255863,281997.5712773651,2.52348061897496,projected
BRB,2040,7614244955.479547,27264.116877379212,279277.1535467197,2.52348061897496,projected
BRB,2045,8143593485.377395,29619.895499148664,274936.60420278856,2.52348061897496,projected
BRB,2050,8654001107.42576,32103.33802271407,269567.0182740124,2.52348061897496,projected
BRB,2055,9148458491.28514,34724.03171342837,263461.8746689854,2.52348061897496,projected
BRB,2060,9620984297.634615,37434.077733784085,257011.38855497222,2.52348061897496,projected
BRB,2065,10095503883.757711,40374.7012457188,250045.29005222558,2.52348061897496,projected
BRB,2070,10602920836.14565,43678.46592010244,242749.3872046865,2.52348061897496,projected
BRN,2012,13604222581.236788,33544.53894578762,405556.9999999999,18.7948919633985,hist
BRN,2013,13315162382.527887,32381.073979523182,411201.9999999999,18.9425148710366,hist
BRN,2014,12981233119.370111,31148.729740540137,416750.0000000003,19.4524295140972,hist
BRN,2015,12930296870.124691,30625.128774465673,422211.9999999997,17.4445539207791,hist
BRN,2016,12609894752.946896,29492.414592778867,427563.99999999977,18.4753627527107,hist
BRN,2017,12777445780.09519,29524.65912788996,432771.9999999998,18.188792250885,hist
BRN,2018,12784137461.57239,29200.195202422037,437809.9999999999,18.3419748292638,hist
BRN,2019,13278735842.95548,29996.240722317456,442679.99999999965,17.1760639739767,hist
BRN,2020,13429260053.625006,30015.958850669645,447404.0000000001,22.6370349840413,hist
BRN,2021,13215632407.101496,29256.183367834346,451720.9999999999,22.1070085296012,hist
BRN,2022,13000438095.72539,28549.175606046494,455369.99999999994,20.9436282583394,hist
BRN,2023,13147036779.497902,28645.964539628363,458949.0000000001,21.14308997296,hist
BRN,2024,13679822692.218885,29563.86827530822,462720.99999999965,20.2426516194424,hist
BRN,2025,13679822692.218885,29563.86827530822,462720.99999999965,0.24984563453590974,projected
BRN,2030,15489963579.431984,31609.883203134174,490035.45757790486,0.3043100459546262,projected
BRN,2035,17393301741.623684,33732.60667188828,515622.81891837105,0.38740091405080845,projected
BRN,2040,19365336864.237755,35890.09023144507,539573.3680064931,0.4648850209844805,projected
BRN,2045,21398382574.08011,38082.61191007841,561893.7751592903,0.537398612856163,projected
BRN,2050,23542880695.237003,40396.82109358499,582790.4289967908,0.5047179871469033,projected
BRN,2055,25787782066.242035,42873.66266423511,601483.0659138905,0.3550934644192787,projected
BRN,2060,28124439517.251755,45543.6969381833,617526.4945097717,0.21540873186930135,projected
BRN,2065,30389517617.891308,48358.31765322322,628423.7974491605,0.13072159788901244,projected
BRN,2070,32480691525.014076,51175.12668336781,634696.8464969228,0.049277898578904335,projected
BTN,2012,1904194983.1320703,2654.747989460267,717278.9999999998,1.47097572910959,hist
BTN,2013,1937258289.8248398,2671.0746020117112,725273.0,1.5260460543822798,hist
BTN,2014,2051190106.3328116,2797.8188397190856,733139.0000000003,1.5403627415810597,hist
BTN,2015,2187815803.3683295,2954.0408191109714,740618.0,1.76825299952202,hist
BTN,2016,2373253832.3902693,3173.3677321743053,747866.0000000001,1.90461927671535,hist
BTN,2017,2422779966.7239475,3211.8090327559357,754334.9999999997,1.9535087196007102,hist
BTN,2018,2507622616.5436172,3300.5500646173573,759758.9999999995,2.30402009058136,hist
BTN,2019,2651940022.2578726,3467.3859897935613,764824.0000000006,2.36171982050772,hist
BTN,2020,2380954251.4207993,3092.124283993632,770005.9999999995,1.83518050508697,hist
BTN,2021,2486224986.250839,3206.203669972531,775442.0,1.99176727595359,hist
BTN,2022,2615853471.185873,3349.733096327985,780914.0000000002,1.94285158160822,hist
BTN,2023,2737023912.044541,3480.51388574876,786385.0000000006,1.98465128404026,hist
BTN,2024,2745952529.1733947,3480.51388574876,788950.3157613924,4.6027072256216535,hist
BTN,2025,2754910272.903403,3480.51388574876,791524.0000000003,7.220763167203047,projected
BTN,2030,2951792159.15683,3480.51388574876,848090.9015312874,5.89024162173945,projected
BTN,2035,3135869944.766443,3480.51388574876,900979.0070387338,3.483819995505287,projected
BTN,2040,3312188937.0035734,3480.51388574876,951637.9034043201,2.972430696827128,projected
BTN,2045,3479916849.544035,3480.51388574876,999828.4632027559,2.310045092161404,projected
BTN,2050,3633469084.976063,3480.51388574876,1043946.1540014507,1.6698785261423563,projected
BTN,2055,3766515922.2628193,3480.51388574876,1082172.3589970772,1.066961748726008,projected
BTN,2060,3874429451.678229,3480.51388574876,1113177.415422012,0.5084632083794476,projected
BTN,2065,3952027983.5196815,3480.51388574876,1135472.5518267786,0.29888510050595535,projected
BTN,2070,4001887602.7726116,3480.51388574876,1149797.913221567,0.09805366152743904,projected
BWA,2012,12109617148.635408,5742.919244526345,2108617.0,1.67156956431633,hist
BWA,2013,13454136663.419996,6284.976780026174,2140682.000000001,2.57945832216088,hist
BWA,2014,14220638232.788988,6547.122541158927,2172043.999999998,3.2909554318420806,hist
BWA,2015,13530748844.505016,6141.203947266183,2203273.000000002,3.21839372606118,hist
BWA,2016,14505561464.355904,6490.834635934828,2234776.000000002,3.02151088073257,hist
BWA,2017,15102375175.89859,6662.576448054679,2266746.9999999986,3.28258954351765,hist
BWA,2018,15734967212.820692,6843.8461202774,2299140.9999999986,3.57037693642974,hist
BWA,2019,16212015762.419598,6951.731890511447,2332082.9999999986,3.14825844534693,hist
BWA,2020,14796887965.369587,6254.24806241091,2365893.999999998,2.57488289838852,hist
BWA,2021,16560125447.60961,6895.911849431076,2401440.9999999995,2.72602991287315,hist
BWA,2022,17468616755.562706,7159.586061826796,2439892.0,2.80246010889007,hist
BWA,2023,18029021881.09499,7269.051706644586,2480243.999999999,2.7096930785842,hist
BWA,2024,17489977781.8862,6937.331809902667,2521139.0,2.73749285541178,hist
BWA,2025,17489977781.8862,6937.331809902667,2521139.0,1.5840281577381126,projected
BWA,2030,20411538963.391712,7801.962611604995,2616205.688172699,1.7648366657898458,projected
BWA,2035,23313217923.194622,8618.117203313665,2705140.5049621155,1.9715869100771557,projected
BWA,2040,26435101866.760113,9477.957238372082,2789113.856700683,2.2888835055619556,projected
BWA,2045,29742303122.04422,10365.3016704436,2869410.2755208425,2.5402039555988285,projected
BWA,2050,33235947097.822414,11275.455208695541,2947636.834403911,2.9876326826994264,projected
BWA,2055,36935540879.53879,12222.568433399467,3021913.199406476,2.164986845748799,projected
BWA,2060,40899605723.525444,13219.179847367892,3093959.3980687903,1.3828069336966953,projected
BWA,2065,44954453542.07873,14275.788972319304,3148999.5844884813,0.7650637046076437,projected
BWA,2070,48979665596.20736,15390.939315720383,3182370.1329378434,0.16969178475455082,projected
CAF,2012,2553162918.714161,553.7295783149127,4610848.000000004,0.047952133750668,hist
CAF,2013,1624016454.0511487,349.8211716889729,4642418.999999996,0.0320522555159282,hist
CAF,2014,1625333052.559439,351.5615549116256,4623182.0,0.0349759105308854,hist
CAF,2015,1695825714.1928213,366.3228539381205,4629320.000000004,0.0504177719405874,hist
CAF,2016,1776382808.691919,376.85825412039844,4713662.999999998,0.0533555326292949,hist
CAF,2017,1856804600.5775208,387.35795131742043,4793511.000000004,0.0552204845258517,hist
CAF,2018,1927167163.5440788,395.0200154559093,4878656.999999997,0.06015999895053091,hist
CAF,2019,1986909345.6139395,401.8258216143497,4944702.999999999,0.0611563525655636,hist
CAF,2020,2004791529.662022,398.83427412213916,5026628.000000005,0.0633426623175616,hist
CAF,2021,2024497026.4904826,396.02062293196155,5112100.000000005,0.0631247432561961,hist
CAF,2022,2033686256.482349,398.91539795641995,5098038.999999999,0.0632596180609838,hist
CAF,2023,2047921417.6483405,397.467795750452,5152421.000000002,0.0645327701288385,hist
CAF,2024,2078640238.8818393,389.93830796422975,5330689.999999998,0.0632938700243308,hist
CAF,2025,2078640238.8818355,389.93830796422907,5330689.999999998,0.02614330555912026,projected
CAF,2030,2749169348.1985598,480.96208580789556,5715979.344984429,0.033105098817488826,projected
CAF,2035,3611233855.87103,594.519479410362,6074206.112561042,0.034123575738414534,projected
CAF,2040,4766654848.869564,743.9743585387567,6407014.965182095,0.02854836438249965,projected
CAF,2045,6296765024.713135,939.7631004975061,6700374.829975403,0.03360143176366152,projected
CAF,2050,8289105683.784775,1192.6097993438148,6950392.063142127,0.030504446306611126,projected
CAF,2055,10842393611.622742,1513.3068546311742,7164702.636773075,0.02140243690131013,projected
CAF,2060,14057208174.624573,1916.251238696102,7335785.564417789,0.012904729816467878,projected
CAF,2065,18023263684.175682,2415.2181328100605,7462375.111934902,0.007681265818847144,projected
CAF,2070,22839276925.814426,3025.796397468908,7548186.964899418,0.0026462835568291684,projected
CAN,2012,1469093201732.3894,42320.64313307273,34713394.999999955,16.3390529794046,hist
CAN,2013,1503261570451.971,42851.170527103975,35080992.000000015,16.396768369606,hist
CAN,2014,1546457292263.2173,43643.23564400481,35434065.99999996,16.3774543965685,hist
CAN,2015,1556508816217.1433,43594.19410453947,35704498.000000045,16.0870291468599,hist
CAN,2016,1572673952924.2537,43551.34259751165,36110803.00000005,15.898242417926802,hist
CAN,2017,1620386284360.0286,44339.3886689254,36545074.99999999,16.196245321702,hist
CAN,2018,1664832887873.7134,44907.3436912123,37072620.00000005,16.5238820455635,hist
CAN,2019,1696605090551.8413,45100.29150692607,37618495.00000001,16.190860373335,hist
CAN,2020,1611126165625.0305,42366.12853778857,38028637.99999999,14.421904881263401,hist
CAN,2021,1706996679677.689,44639.19326903701,38239863.99999996,14.6897593568847,hist
CAN,2022,1778503389904.998,45677.68657880406,38935933.99999994,14.7892997763968,hist
CAN,2023,1805692180594.6223,45048.284240826455,40083484.00000007,14.1478944295361,hist
CAN,2024,1833766996134.7927,44413.39838474033,41288599.00000004,13.9983582392805,hist
CAN,2025,1833766996134.7961,44413.39838474041,41288599.00000004,12.703281600811886,projected
CAN,2030,2015011962343.7607,46748.32917389088,43103400.65520786,10.368033454594846,projected
CAN,2035,2215375851637.887,49474.18114635342,44778423.8224057,7.446789581574101,projected
CAN,2040,2430602557717.528,52393.543776270686,46391260.87932919,6.078914318227905,projected
CAN,2045,2649793114577.763,55224.02958605839,47982610.73014343,5.551127709536452,projected
CAN,2050,2865597837128.411,57818.06989865884,49562322.68131943,4.126041495570929,projected
CAN,2055,3083183153489.5723,60346.77042982331,51091104.48710718,2.8159696574245308,projected
CAN,2060,3320550921206.9185,63173.84681252415,52562113.7345181,1.5837605089563145,projected
CAN,2065,3584839751940.241,66572.73813608337,53848464.886818394,0.800640279915459,projected
CAN,2070,3870159073338.8926,70425.00975667396,54954327.82630363,0.05423958617820278,projected
CHE,2012,655461804171.5427,81964.88649378087,7996860.999999996,5.45216429296445,hist
CHE,2013,667208623614.2339,82479.92156773037,8089346.000000006,5.51425294455201,hist
CHE,2014,682887235059.8335,83394.37128882116,8188648.999999993,4.9941693678652,hist
CHE,2015,694118186379.6278,83806.44760038376,8282395.999999996,4.85628796304837,hist
CHE,2016,708477337740.4235,84611.09986727197,8373338.000000001,4.87123534246438,hist
CHE,2017,718132464454.1151,84967.58864982247,8451839.999999994,4.71119898152355,hist
CHE,2018,738674254331.7449,86756.6022327472,8514329.000000007,4.52389143055195,hist
CHE,2019,747109782755.7937,87123.66042342564,8575280.000000004,4.47745146514166,hist
CHE,2020,731108655210.7621,84637.01329353341,8638167.000000006,4.16061648264036,hist
CHE,2021,771755519734.0992,88661.20297762798,8704545.999999994,4.32303993798183,hist
CHE,2022,795248228754.8394,90605.0194272679,8777087.999999994,3.9284669357308504,hist
CHE,2023,800682383958.1501,90077.44602807317,8888822.000000007,3.7874647506722496,hist
CHE,2024,811109937475.1306,90067.46454311683,9005581.999999994,3.74568795220564,hist
CHE,2025,811109937475.1306,90067.46454311683,9005581.999999994,2.8243657560556086,projected
CHE,2030,875669219191.6196,94872.30882873925,9229976.902663479,2.2003533679635723,projected
CHE,2035,944749593611.726,100123.6203189608,9435831.331328867,1.3005134076608478,projected
CHE,2040,1027706630572.2322,106831.20217385398,9619910.75322519,0.5026771052053509,projected
CHE,2045,1122340371377.7102,114678.9022983883,9786807.763972498,0.06958660186763509,projected
CHE,2050,1224290593998.3767,123208.60986414456,9936729.221669942,0.03162000973938966,projected
CHE,2055,1332009179352.2637,132352.91897772878,10064071.043090502,0.01993910461371317,projected
CHE,2060,1445594321227.2908,142192.40712466626,10166466.342748353,0.008571085865180603,projected
CHE,2065,1564513266093.237,152968.23878826862,10227700.066931948,0.008758834734832707,projected
CHE,2070,1686574412172.7786,164435.45170855234,10256756.646140313,0.008972408765577413,projected
CHL,2012,225695909224.96042,12882.834417927073,17519119.000000022,4.64341271955513,hist
CHL,2013,233163076995.0366,13182.732961985588,17687005.999999978,4.829019676931189,hist
CHL,2014,237342873662.27084,13285.954036119232,17864194.99999999,4.4057176939683,hist
CHL,2015,242450355830.88354,13433.920298703226,18047624.99999998,4.67539634716479,hist
CHL,2016,246700604515.85944,13505.097711132954,18267220.99999997,4.86474105721938,hist
CHL,2017,250050047209.61902,13473.345853293373,18558867.999999996,4.83609776199712,hist
CHL,2018,260027117802.78537,13763.006884479444,18893191.000000022,4.75406192633103,hist
CHL,2019,261676645417.27554,13630.593543557816,19197743.99999998,4.96139546396702,hist
CHL,2020,245600606668.8845,12679.024004021972,19370624.00000003,4.51770681212954,hist
CHL,2021,273390120031.2802,14051.471363067683,19456334.000000007,4.57991726498939,hist
CHL,2022,279278925615.69165,14283.14895015239,19553035.99999998,4.62474983424569,hist
CHL,2023,280734996501.05115,14280.347563884186,19658834.999999996,3.91719041336885,hist
CHL,2024,288158504434.8144,14579.40010713072,19764771.00000002,3.93744000373189,hist
CHL,2025,288158504434.8139,14579.400107130694,19764771.00000002,2.7279648218539947,projected
CHL,2030,334469236161.39197,16489.025802725922,20284353.97960857,2.595207126286597,projected
CHL,2035,380338182922.23755,18390.195336064677,20681573.848014724,2.040628063905845,projected
CHL,2040,428787049008.17914,20461.198783710202,20956105.92227616,1.7297583880537488,projected
CHL,2045,479804691474.9719,22719.58199969267,21118552.77449481,1.471033566159847,projected
CHL,2050,530625038281.998,25078.149047186806,21158859.74214361,1.3399965945956787,projected
CHL,2055,580599832261.4379,27500.082302698702,21112657.986643955,0.9676659382690806,projected
CHL,2060,631446397760.7893,30085.450055620684,20988431.171659335,0.5959092367460259,projected
CHL,2065,683968993167.2212,32901.14276002873,20788609.020540416,0.32597900096655164,projected
CHL,2070,736831776106.6111,35903.88386602495,20522341.78497493,0.05097371493763372,projected
CHN,2012,9104482675356.38,6723.194437528238,1354190000.0000024,7.58441651466929,hist
CHN,2013,9812695262900.912,7198.068764781622,1363240000.000002,7.89327631231478,hist
CHN,2014,10544908798424.014,7686.577929543836,1371860000.000001,7.93164331637339,hist
CHN,2015,11280814787468.906,8175.332850773927,1379859999.9999995,7.79057049265868,hist
CHN,2016,12045152668727.305,8679.377044601344,1387790000.0000007,7.763224839493011,hist
CHN,2017,12875216222853.389,9221.514038205725,1396214999.999998,7.87802652170332,hist
CHN,2018,13745158275136.701,9798.652852331608,1402760000.0000014,8.2177362485386,hist
CHN,2019,14579283528148.395,10356.48041949956,1407744999.9999988,8.39147587098516,hist
CHN,2020,14920466234565.322,10573.642005928214,1411100000.000002,8.47858302033874,hist
CHN,2021,16199162892908.625,11469.570713492734,1412360000.0000024,8.88715660313235,hist
CHN,2022,16706875253648.486,11830.598370349635,1412174999.9999993,8.86482511020235,hist
CHN,2023,17611526369126.62,12484.1578844175,1410710000.0000007,9.23027553501428,hist
CHN,2024,18488114837769.305,13121.676990556458,1408975000.0000014,9.31508933799393,hist
CHN,2025,18488114837769.367,13121.676990556503,1408975000.0000014,6.549786263063575,projected
CHN,2030,22788414442609.164,16226.400228156372,1404403572.0915015,5.936242235260304,projected
CHN,2035,26401547943350.555,19010.839922891846,1388762834.8055894,2.1656023797764,projected
CHN,2040,29595082124481.465,21719.043927966308,1362632822.265885,1.8643310644577331,projected
CHN,2045,32399582417254.36,24405.12206735099,1327573053.2238684,1.463146073417965,projected
CHN,2050,34585712067727.72,26917.700187949507,1284868760.192634,1.1255832850844436,projected
CHN,2055,36139614403251.24,29231.790334321948,1236312042.1269102,0.8749928117977156,projected
CHN,2060,37411967743711.14,31602.857183363914,1183815992.542763,0.6059231371416784,projected
CHN,2065,38413938178649.94,34008.25683206568,1129547402.806904,0.39587262906259973,projected
CHN,2070,39180375714790.59,36435.57169042147,1075333085.1424708,0.16461160029922062,projected
CIV,2012,35281210700.94247,1503.4343304668143,23467077.99999997,0.38437678521373597,hist
CIV,2013,39077544167.60535,1632.3271278700577,23939774.99999996,0.409402344006993,hist
CIV,2014,42739891584.486145,1742.5369300117768,24527394.999999966,0.426425227791211,hist
CIV,2015,45815005169.265144,1814.718550880167,25246342.000000026,0.44620325590139,hist
CIV,2016,49101205368.91004,1889.2777794993765,25989405.000000026,0.43877495464017,hist
CIV,2017,52739979047.065544,1972.8143178894713,26733372.000000026,0.46122127803406193,hist
CIV,2018,55294253263.743805,2013.323075984985,27464173.000000015,0.44942915266372696,hist
CIV,2019,59010785540.98567,2093.099943357792,28193008.999999974,0.467605284700189,hist
CIV,2020,59423700880.66157,2055.084839964321,28915449.00000004,0.4595501871681121,hist
CIV,2021,63620992438.48177,2146.4763531794542,29639735.999999996,0.580322307864011,hist
CIV,2022,67692661917.01775,2227.0984524698397,30395002.000000034,0.605701555801839,hist
CIV,2023,72160377909.67381,2315.381474416482,31165653.99999995,0.575152377678325,hist
CIV,2024,76504096839.43692,2395.676890892219,31934229.999999955,0.589054440955677,hist
CIV,2025,76504096839.43692,2395.676890892219,31934229.999999955,0.6035480136046107,projected
CIV,2030,114073058162.56767,3371.632808650423,33833179.54134755,0.6630484921187582,projected
CIV,2035,162305307499.54318,4558.849379986998,35602252.66753737,0.7838221605470895,projected
CIV,2040,222681419552.43353,5991.815105940279,37164267.52415431,0.8838963575879902,projected
CIV,2045,296382703923.95355,7703.012681717533,38476206.1507952,1.0275122463926962,projected
CIV,2050,383082538871.31836,9680.875596812764,39571063.07588961,1.1677250337483263,projected
CIV,2055,483661310919.4982,11963.137820135971,40429301.926574394,0.8466028612142189,projected
CIV,2060,597723592222.5322,14543.847018700424,41098039.01636077,0.5413154725279267,projected
CIV,2065,725193944763.6865,17406.522772013708,41662194.92899851,0.34860998001056426,projected
CIV,2070,865206074834.3025,20559.366512413504,42083304.18701866,0.1616011290951371,projected
CMR,2012,27461703151.657288,1319.669616340538,20809528.999999993,0.360945218894671,hist
CMR,2013,28833560540.790077,1347.2130636705986,21402375.99999999,0.382158504270741,hist
CMR,2014,30482787768.478348,1381.8193845490687,22059893.00000003,0.402109837976095,hist
CMR,2015,32210233020.456924,1415.0000971056843,22763414.000000022,0.403515922523748,hist
CMR,2016,33671222913.45477,1435.618307278389,23454160.999999974,0.413632361438979,hist
CMR,2017,34863580363.115135,1444.9068291657316,24128601.000000022,0.408780434472765,hist
CMR,2018,36242614248.575645,1461.0196999931675,24806383.000000026,0.42522926458081406,hist
CMR,2019,37502066832.74025,1470.317852761871,25506094.999999966,0.40269198401401707,hist
CMR,2020,37599547048.584114,1434.5191372340917,26210557.999999996,0.39632883817277,hist
CMR,2021,38854942334.57684,1443.576002376633,26915757.999999978,0.384499667443882,hist
CMR,2022,40306867605.136406,1458.661804316925,27632771.000000004,0.377591519866032,hist
CMR,2023,41656165354.26204,1468.178370073374,28372687.000000022,0.364184752751828,hist
CMR,2024,43124429828.96428,1480.7309743199326,29123743.999999993,0.353419532873246,hist
CMR,2025,43124429828.9642,1480.73097431993,29123743.999999993,0.1576255907282622,projected
CMR,2030,57115142325.784164,1831.908820281234,31177939.476821706,0.19992547453021767,projected
CMR,2035,74616475896.69603,2251.328700216967,33143305.946175266,0.20600522617070538,projected
CMR,2040,96697394936.17046,2766.707758334258,34950346.54270414,0.172391357393339,projected
CMR,2045,123867728403.56285,3393.6202899923414,36500173.212908976,0.20318514914402355,projected
CMR,2050,156909970069.18005,4146.25100348486,37843818.412657514,0.18454721923199616,projected
CMR,2055,196674656639.8772,5043.541349401151,38995349.30217823,0.1295324519395425,projected
CMR,2060,243720430486.01144,6105.879495812495,39915696.11767782,0.0781235270538732,projected
CMR,2065,298316504965.2315,7342.115616012035,40630864.531014554,0.046471192084855145,projected
CMR,2070,360172464935.3121,8748.472393334976,41169754.98599155,0.015981986171384983,projected
COD,2012,32115268325.52307,438.40605824363325,73254617.99999993,0.0411769262109865,hist
COD,2013,35206198726.08804,464.5267154604943,75789395.00000007,0.0439415039531586,hist
COD,2014,37777053057.33223,481.83024188377556,78403242.00000007,0.0473985501773001,hist
COD,2015,40179574490.30321,495.8266330148832,81035531.00000003,0.0443348733039091,hist
COD,2016,40337814832.80495,480.461377880475,83956414.99999993,0.0356208635159088,hist
COD,2017,42048626459.96324,482.85468212854096,87083398.00000004,0.0373745177008366,hist
COD,2018,44601688163.95686,495.3121057110267,90047643.99999993,0.04621886609270981,hist
COD,2019,44849398935.13741,482.524295129471,92947442.00000004,0.0478324083410493,hist
COD,2020,45197173728.883385,470.85295000092947,95989998.00000013,0.0482487769194453,hist
COD,2021,48103175756.197334,485.16080592978454,99148931.99999985,0.0466742294309333,hist
COD,2022,52582143957.1903,513.5127043721667,102396968.00000016,0.0610125487309351,hist
COD,2023,57069235865.14312,539.4591263791302,105789730.99999987,0.0580434409082674,hist
COD,2024,60565728422.47265,554.2441299807658,109276265.00000007,0.0568247825820182,hist
COD,2025,60565728422.47265,554.2441299807658,109276265.00000007,0.2725138894525723,projected
COD,2030,96565150254.24292,795.2973691857036,121420180.67168377,0.299007955672288,projected
COD,2035,146903121533.05966,1103.69364307992,133101356.93372132,0.3704650436024778,projected
COD,2040,218322036558.10583,1514.7729213650164,144128557.80480152,0.45336400360361623,projected
COD,2045,318108644898.3628,2056.0637320788496,154717307.60832438,0.5144434144465272,projected
COD,2050,453094687918.57367,2749.069761160321,164817457.27956083,0.47071348679046177,projected
COD,2055,630592561104.685,3623.470252422529,174030009.1281534,0.3439628044604654,projected
COD,2060,858430887432.544,4716.114135438257,182020804.1578222,0.23150046059275795,projected
COD,2065,1144774168661.4946,6053.777888203273,189100787.93810144,0.16500116334900392,projected
COD,2070,1497994555749.5383,7675.981632538614,195153483.61433208,0.10384544321048284,projected
COG,2012,11694979455.2472,2467.0610290683794,4740450.0,0.944931388370302,hist
COG,2013,11611660392.46821,2390.65754938662,4857099.000000004,1.11984540566293,hist
COG,2014,12383378937.255608,2488.6811854899233,4975880.000000003,1.0605360257884,hist
COG,2015,12434793867.356794,2439.3518940369568,5097580.999999996,1.12810370252086,hist
COG,2016,11354801748.821903,2174.193102512247,5222536.000000001,1.07043781028987,hist
COG,2017,10719526284.7166,2003.271210751875,5351010.999999999,1.03367382350737,hist
COG,2018,10472514332.327307,1909.9560382117072,5483118.000000004,1.17123140519682,hist
COG,2019,10590275024.738003,1885.5108087773144,5616661.000000002,1.28891524697681,hist
COG,2020,9926500702.400629,1725.5104004996247,5752790.999999995,1.28685363330599,hist
COG,2021,10027261669.799496,1701.7906045687148,5892182.999999995,1.20634406636725,hist
COG,2022,10175199489.763899,1686.0023439138574,6035104.000000002,1.38493056623382,hist
COG,2023,10369226732.570696,1677.0854920592417,6182884.999999995,1.27244805620677,hist
COG,2024,10636718505.673996,1679.5806109770772,6332960.999999996,1.33536271579755,hist
COG,2025,10636718505.67395,1679.58061097707,6332960.999999996,0.5163918597218,projected
COG,2030,13917201783.12478,2016.8393072018896,6900501.062939488,0.6434979786346859,projected
COG,2035,17789950940.970272,2385.5799715632506,7457285.504167217,0.6522371963463027,projected
COG,2040,22399108426.249893,2806.4576464899965,7981274.349272363,0.537782920066456,projected
COG,2045,27797256147.95625,3289.4764378089626,8450358.795234691,0.6252072526364995,projected
COG,2050,34097667571.73029,3840.243243360053,8879038.490774415,0.560336335839515,projected
COG,2055,41392426438.6934,4468.669834544648,9262807.048019744,0.3884731909076569,projected
COG,2060,49720511377.899704,5181.78943075421,9595239.644977793,0.23151652380839602,projected
COG,2065,58994809077.43617,5975.064188532738,9873502.14423775,0.1362325609008019,projected
COG,2070,69156197589.87805,6844.606732973406,10103750.337725466,0.0463915299722149,projected
COL,2012,259471791121.28766,5675.756179783051,45715809.99999997,1.61000537888315,hist
COL,2013,272793056063.56982,5910.80592301166,46151583.99999995,1.8121783209001,hist
COL,2014,285066097496.81384,6121.839820198247,46565428.99999993,1.82364474726519,hist
COL,2015,293492370193.16614,6248.51490534512,46969940.00000003,1.83556759919216,hist
COL,2016,299618678572.1915,6316.07067782541,47437512.00000008,1.8654751539246,hist
COL,2017,303691577641.58246,6309.6774529251725,48131077.99999994,1.68289187289759,hist
COL,2018,311479214511.7949,6353.546428539199,49024464.99999999,1.74191600051117,hist
COL,2019,321405606655.84235,6439.96359812647,49907985.000000075,1.72438739011403,hist
COL,2020,298309675728.0936,5891.955232154035,50629997.00000009,1.66507219030647,hist
COL,2021,330530695024.8854,6457.169218070859,51188172.999999925,1.80057803586778,hist
COL,2022,354752900899.0198,6856.725905053742,51737943.99999999,1.70753982802254,hist
COL,2023,357280089727.8732,6828.597537911125,52321151.999999925,1.77360964835025,hist
COL,2024,362990610076.17413,6863.5956319434235,52886362.99999998,1.79780371737796,hist
COL,2025,362990610076.17413,6863.5956319434235,52886362.99999998,4.666008135216256,projected
COL,2030,425905553798.175,7714.301995504474,55209862.67407892,3.816024706377605,projected
COL,2035,496638221426.6,8678.401329389104,57226924.93429083,0.8910193944292503,projected
COL,2040,576711506194.3514,9780.965434836347,58962636.15658108,0.8261944033613686,projected
COL,2045,664792427405.1544,11003.344585463685,60417305.142238244,0.8487502029306874,projected
COL,2050,760919480843.4569,12364.764642144492,61539342.06316493,0.603165369592367,projected
COL,2055,865237410658.8038,13879.029241317028,62341349.35626798,0.40194590362168015,projected
COL,2060,977387949417.2256,15542.583347676135,62884523.60548935,0.20668519462021373,projected
COL,2065,1097563576040.9843,17382.356981079425,63142390.71465824,0.12982403591660338,projected
COL,2070,1224618655984.7969,19387.775429732887,63164474.97667704,0.05378814596740489,projected
COM,2012,895376387.0110744,1313.581249374403,681630.0000000001,0.213312207502604,hist
COM,2013,935365362.1673561,1343.5451171047014,696191.9999999999,0.250792884721456,hist
COM,2014,955070416.2120739,1342.328024213636,711502.9999999995,0.217145957220138,hist
COM,2015,966029600.8622274,1329.370482359859,726682.0000000003,0.23559135908141401,hist
COM,2016,998105646.5662843,1345.6255573930575,741741.0000000003,0.270175168960594,hist
COM,2017,1036190384.8103594,1369.4103826248465,756668.9999999995,0.344536382486926,hist
COM,2018,1073934613.0151198,1391.846204610117,771589.9999999998,0.268666001373787,hist
COM,2019,1092843397.4294302,1389.364306438052,786578.0000000002,0.287320520024715,hist
COM,2020,1090706042.1056907,1359.7062468671456,802163.0000000003,0.334969326682981,hist
COM,2021,1112522258.3942003,1359.7624202115933,818174.0000000002,0.48547130561469803,hist
COM,2022,1141481327.5844693,1368.374188533604,834187.9999999994,0.515231578493098,hist
COM,2023,1175671154.8403113,1382.513085031063,850387.0000000006,0.515412394592109,hist
COM,2024,1214916246.5260706,1401.8889841155265,866628.0000000001,0.514984514693732,hist
COM,2025,1214916246.5260737,1401.88898411553,866628.0000000001,0.514984514693732,projected
COM,2030,1669748885.7051253,1792.2758213786387,931636.1163767392,0.514984514693732,projected
COM,2035,2272423874.13932,2282.1544287013826,995736.2418424945,0.514984514693732,projected
COM,2040,3069902899.23911,2910.165444564301,1054889.4754328046,0.514984514693732,projected
COM,2045,4103929683.147128,3715.9832756244286,1104399.3954621633,0.514984514693732,projected
COM,2050,5434510826.443399,4751.969760858676,1143633.2931254574,0.514984514693732,projected
COM,2055,7138176486.389405,6072.525955587204,1175487.1924131864,0.514984514693732,projected
COM,2060,9265366993.907497,7706.38238289398,1202297.853072283,0.514984514693732,projected
COM,2065,11844781157.970743,9665.194758460193,1225508.7925261622,0.514984514693732,projected
COM,2070,14883376265.602848,11958.513574657329,1244584.1343646534,0.514984514693732,projected
CPV,2012,1710821579.612859,3341.7421054836063,511954.9999999998,1.46106591399635,hist
CPV,2013,1721636311.1576188,3361.093877022051,512224.9999999996,1.42808336180389,hist
CPV,2014,1733630380.4448998,3383.842280979103,512325.99999999994,1.51095201102423,hist
CPV,2015,1749857620.3532894,3415.062667309318,512393.99999999965,1.54334359887118,hist
CPV,2016,1824764034.9525595,3560.140072953407,512553.99999999965,1.62012197739165,hist
CPV,2017,1907814790.7283316,3719.7130604791473,512893.00000000006,1.73155024537282,hist
CPV,2018,1978536809.331932,3853.679400352406,513415.0000000004,1.55059746988304,hist
CPV,2019,2116002110.9275591,4115.902834694071,514103.9999999996,1.6298258718080403,hist
CPV,2020,1675762033.71886,3255.9362898405825,514678.9999999996,1.22076090145508,hist
CPV,2021,1793627260.881232,3471.6553421785984,516649.0000000004,1.2540428801759,hist
CPV,2022,2077803747.086581,3997.767632506538,519741.0000000001,1.3085363671521,hist
CPV,2023,2177429478.9348702,4168.67748407594,522331.00000000006,1.24595323654924,hist
CPV,2024,2335159974.8350067,4448.966090788905,524876.9999999998,1.28830183071462,hist
CPV,2025,2335159974.835011,4448.966090788913,524876.9999999998,1.6863606634652644,projected
CPV,2030,2817062919.476544,5257.198930597391,535848.6442430347,1.9225856691165633,projected
CPV,2035,3339650537.755928,6143.384168872229,543617.4014116725,2.3574440677368282,projected
CPV,2040,3926071006.0533357,7156.3462405859755,548613.8979396085,2.7497920272708027,projected
CPV,2045,4565802426.014141,8290.967060631685,550696.0035692477,3.2969097338485733,projected
CPV,2050,5242711220.16127,9538.677722495275,549626.6225451006,3.860915347744321,projected
CPV,2055,5952588629.152864,10912.868481555968,545465.0754028091,2.8816999385566118,projected
CPV,2060,6710165310.685402,12463.954995868557,538365.6562391014,1.8977278253037404,projected
CPV,2065,7561737617.519179,14242.083660465769,530943.2101223791,1.2562429082719442,projected
CPV,2070,8518528907.899173,16269.642657121061,523584.26595010044,0.5964957679222405,projected
CRI,2012,51310359848.03413,11001.519285657589,4663933.999999999,1.63797343615926,hist
CRI,2013,52590433317.51912,11151.143786976767,4716147.0,1.68258114091864,hist
CRI,2014,54453244250.76311,11422.67357931763,4767119.000000002,1.68785381694898,hist
CRI,2015,56441920820.519394,11714.710598073189,4818038.000000004,1.61015749564449,hist
CRI,2016,58814921621.315865,12084.435132563414,4866997.999999999,1.69149442839303,hist
CRI,2017,61260269007.514,12468.56545317093,4913177.000000001,1.70887391193112,hist
CRI,2018,62862779082.59079,12679.525364301559,4957817.999999997,1.7024626559506602,hist
CRI,2019,64382494195.799904,12877.650101079027,4999552.999999996,1.63874650393745,hist
CRI,2020,61631202097.72056,12242.209890853288,5034320.000000003,1.42529676301864,hist
CRI,2021,66522107766.42957,13146.692791846463,5059987.999999998,1.59152551349924,hist
CRI,2022,69549856033.02475,13686.16140908222,5081765.000000003,1.6131599946081703,hist
CRI,2023,73105190307.87245,14318.838965213656,5105525.0,1.58608566210135,hist
CRI,2024,76264229553.43077,14866.582367610885,5129910.000000001,1.63283566378358,hist
CRI,2025,76264229553.43091,14866.582367610912,5129910.000000001,1.486394187101385,projected
CRI,2030,89791679867.41156,16673.72351057565,5385220.632359613,1.319187018100602,projected
CRI,2035,104119104617.26794,18544.76874474318,5614473.06517544,1.175451528571017,projected
CRI,2040,119674163092.61786,20566.078711116817,5819007.345718706,1.0192410072362788,projected
CRI,2045,136045128408.75043,22703.776720916307,5992180.51168624,0.9303725951081463,projected
CRI,2050,152951925658.3467,24921.680886815695,6137303.753827567,0.9258411060309993,projected
CRI,2055,170571488390.64078,27270.32320443949,6254839.266550111,0.6655118090642681,projected
CRI,2060,189571300516.48886,29871.40657163923,6346246.202429359,0.416493563529293,projected
CRI,2065,209541312246.43292,32747.279732946678,6398739.496997539,0.24124151052236825,projected
CRI,2070,230212349792.301,35902.434213401706,6412165.493401755,0.06926091785413269,projected
CUB,2012,80357078126.46222,7109.24834185635,11303175.00000001,2.55579516374824,hist
CUB,2013,82564971264.27295,7307.820044107417,11298166.999999998,2.56876181773557,hist
CUB,2014,83429902609.35292,7392.4832463302755,11285774.999999981,2.38402768086374,hist
CUB,2015,87132799999.99985,7727.919972079979,11275064.999999987,2.61116898217438,hist
CUB,2016,87579654548.89085,7774.069846262301,11265612.000000015,2.42368545978683,hist
CUB,2017,89164663941.1994,7927.2776943176705,11247828.999999996,2.35681925818751,hist
CUB,2018,91169039692.77103,8120.431235582556,11227117.999999985,2.38546526365894,hist
CUB,2019,91020354637.14749,8124.752820591084,11202845.999999994,1.98985150737589,hist
CUB,2020,81054139247.45093,7252.28811179844,11176353.999999998,1.6536430395816,hist
CUB,2021,82070953176.23288,7379.0427528367445,11122168.000000017,1.9560215238611798,hist
CUB,2022,83527427215.72969,7552.33152218841,11059819.999999981,1.78698206661591,hist
CUB,2023,81915873064.45303,7433.42885399674,11019930.999999985,1.81740702369189,hist
CUB,2024,81046145427.25609,7381.397740488681,10979783.000000007,1.9129886264601,hist
CUB,2025,81046145427.25623,7381.397740488694,10979783.000000007,1.8617428595205798,projected
CUB,2030,88923106574.0298,8268.999238067392,10753793.05450422,1.7709973238245793,projected
CUB,2035,96729219457.34615,9244.960516711735,10462913.203630531,1.690950190204213,projected
CUB,2040,105633053627.48007,10446.701142446596,10111618.221591149,1.572442739878093,projected
CUB,2045,116079331316.49374,11961.36129619752,9704525.132385643,1.5400584992443116,projected
CUB,2050,126517073070.15096,13687.938718060455,9242960.22038869,1.6480588021104665,projected
CUB,2055,136143047371.42607,15582.856630289127,8736719.498965194,1.2773009562365778,projected
CUB,2060,145394294110.56046,17727.411240311285,8201665.327193447,0.8639584900563442,projected
CUB,2065,154472261361.96243,20131.23274681896,7673263.893209489,0.5393069836814622,projected
CUB,2070,163507548936.583,22781.60443152888,7177174.435980231,0.1658857854254222,projected
CUW,2012,3083966131.997179,20277.511256622336,152088.00000000006,,hist
CUW,2013,3064361462.6738997,19921.477179297493,153822.00000000003,,hist
CUW,2014,3044829273.4201493,19529.528593090516,155909.0,,hist
CUW,2015,3058779211.898308,19361.81296302258,157980.00000000003,,hist
CUW,2016,3026120390.7398915,18953.05385522029,159663.99999999997,,hist
CUW,2017,2987500760.4188013,18651.47969669923,160175.00000000012,,hist
CUW,2018,2924640415.449138,18355.17657936146,159336.00000000003,,hist
CUW,2019,2830872591.421989,17980.529794792907,157440.99999999994,,hist
CUW,2020,2308902987.9911003,14849.969694183905,155481.99999999988,,hist
CUW,2021,2405500837.7641826,15625.41142310508,153948.0000000001,,hist
CUW,2022,2571624725.6201835,16772.814719576454,153321.00000000012,,hist
CUW,2023,2679684396.5907264,17326.964686272117,154653.9999999999,,hist
CUW,2024,2814389451.522949,18044.77518656479,155966.9999999999,,hist
CUW,2025,2814389451.522949,18044.77518656479,155966.9999999999,,projected
CUW,2030,2814389451.522949,18044.77518656479,155966.9999999999,,projected
CUW,2035,2814389451.522949,18044.77518656479,155966.9999999999,,projected
CUW,2040,2814389451.522949,18044.77518656479,155966.9999999999,,projected
CUW,2045,2814389451.522949,18044.77518656479,155966.9999999999,,projected
CUW,2050,2814389451.522949,18044.77518656479,155966.9999999999,,projected
CUW,2055,2814389451.522949,18044.77518656479,155966.9999999999,,projected
CUW,2060,2814389451.522949,18044.77518656479,155966.9999999999,,projected
CUW,2065,2814389451.522949,18044.77518656479,155966.9999999999,,projected
CUW,2070,2814389451.522949,18044.77518656479,155966.9999999999,,projected
CYM,2012,4403722268.681411,77074.38862856016,57135.99999999996,3.3429011481377797,hist
CYM,2013,4460060434.887373,76038.87878079232,58654.99999999999,3.69448469866167,hist
CYM,2014,4578454046.888693,76104.62179003806,60160.000000000044,3.85804521276596,hist
CYM,2015,4708167255.287274,76379.20987779874,61642.00000000005,4.07027675935239,hist
CYM,2016,4860710632.084429,77031.86421686898,63099.99999999994,4.17115689381933,hist
CYM,2017,5015477958.079398,77717.17607622837,64535.00000000001,4.35422638878128,hist
CYM,2018,5229501727.252444,79305.76920660051,65941.0,4.68904020260536,hist
CYM,2019,5434269999.233804,80714.57215134801,67326.99999999996,5.84460914640486,hist
CYM,2020,5165012391.414227,75199.64462486493,68684.00000000004,4.83227534797042,hist
CYM,2021,5416518359.793965,77259.63313450622,70108.00000000004,4.48023050151195,hist
CYM,2022,5729358427.598351,80029.03196768233,71591.00000000006,5.00342221787655,hist
CYM,2023,6062554528.013683,83005.48383052225,73037.99999999999,4.92072619732194,hist
CYM,2024,6062554528.013683,83005.48383052225,73037.99999999999,4.92072619732194,hist
CYM,2025,6062554528.013683,83005.48383052225,73037.99999999999,4.92072619732194,projected
CYM,2030,6062554528.013683,83005.48383052225,73037.99999999999,4.92072619732194,projected
CYM,2035,6062554528.013683,83005.48383052225,73037.99999999999,4.92072619732194,projected
CYM,2040,6062554528.013683,83005.48383052225,73037.99999999999,4.92072619732194,projected
CYM,2045,6062554528.013683,83005.48383052225,73037.99999999999,4.92072619732194,projected
CYM,2050,6062554528.013683,83005.48383052225,73037.99999999999,4.92072619732194,projected
CYM,2055,6062554528.013683,83005.48383052225,73037.99999999999,4.92072619732194,projected
CYM,2060,6062554528.013683,83005.48383052225,73037.99999999999,4.92072619732194,projected
CYM,2065,6062554528.013683,83005.48383052225,73037.99999999999,4.92072619732194,projected
CYM,2070,6062554528.013683,83005.48383052225,73037.99999999999,4.92072619732194,projected
CYP,2012,20981332378.094418,18003.59223345728,1165397.0000000002,6.11139379970946,hist
CYP,2013,19599191826.140785,16554.839598225182,1183894.999999999,5.440262861149,hist
CYP,2014,19251098679.034584,16018.541072136399,1201800.9999999993,5.67256975156453,hist
CYP,2015,19909278416.857494,16325.744785049541,1219502.0000000005,5.62213100101517,hist
CYP,2016,21218032913.055416,17151.262709484203,1237111.9999999998,5.83770911607033,hist
CYP,2017,22438246417.1514,17889.4153332813,1254275.0,5.87048294831676,hist
CYP,2018,23845497750.300785,18765.09281645281,1270736.9999999995,5.67702050070156,hist
CYP,2019,25246562822.68208,19621.61486711218,1286670.999999999,5.60889302704421,hist
CYP,2020,24433464399.392498,18762.542282218725,1302247.0000000005,5.22358661605671,hist
CYP,2021,27218282939.64103,20662.033691139302,1317309.0000000002,5.252526172674749,hist
CYP,2022,29470249084.605797,22135.281014748572,1331369.9999999995,5.425313774533,hist
CYP,2023,30536911914.859528,22704.428863310204,1344976.000000001,5.35563459868429,hist
CYP,2024,31740302544.14632,23367.97700635531,1358282.0000000007,5.40469504859816,hist
CYP,2025,44303378465.29297,32617.21679687498,1358282.0000000007,3.646911471558911,projected
CYP,2030,48934215920.59733,34416.06584736967,1421842.2331481343,2.781788329390874,projected
CYP,2035,54057508555.34909,36551.64514822897,1478935.0338713366,1.6159516051473766,projected
CYP,2040,59748883414.96357,38995.47277910671,1532200.5134651496,0.6146487305351099,projected
CYP,2045,65762112909.71692,41546.658441739484,1582849.629217102,0.08379333429998757,projected
CYP,2050,71917802652.81041,44132.1888209776,1629599.7224281186,0.03754974195390038,projected
CYP,2055,78631022009.77837,47082.61942192987,1670064.7282413957,0.023400680450229295,projected
CYP,2060,86169103792.3209,50602.52334170544,1702861.7962476648,0.00996572537220757,projected
CYP,2065,94438833270.04257,54841.82928799489,1722021.940116349,0.01013136773914526,projected
CYP,2070,103118355807.80429,59675.35347424984,1727989.0240164273,0.010371953642682123,projected
CZE,2012,176290606021.54602,16772.353922332728,10510785.000000002,10.8487615339863,hist
CZE,2013,176216894659.90897,16759.780863564203,10514272.000000002,10.41753532722,hist
CZE,2014,180173337874.85394,17118.042557157878,10525346.999999996,10.1886522126064,hist
CZE,2015,189107698561.9187,17931.598767076768,10546058.99999999,10.2684424579836,hist
CZE,2016,193988322685.05823,18359.097810390394,10566332.000000015,10.3928969863904,hist
CZE,2017,204024435232.9211,19257.693068091095,10594438.000000011,10.4187499138699,hist
CZE,2018,209798950825.42,19736.629526128505,10629927.999999994,10.2865042924091,hist
CZE,2019,217279912681.7296,20360.059922181386,10671869.999999987,9.72456561033821,hist
CZE,2020,205753475017.53888,19233.146954982865,10697857.999999989,8.86715826663618,hist
CZE,2021,214043320221.167,20373.878304342332,10505771.999999993,9.4724309646164,hist
CZE,2022,220137498830.7299,20627.34865101099,10672117.999999989,9.15364691432385,hist
CZE,2023,220242240981.1027,20272.58740173344,10864041.999999987,7.88005974203708,hist
CZE,2024,222958017484.6542,20445.432830126978,10905028.000000013,7.12966532502255,hist
CZE,2025,222958017484.6546,20445.432830127014,10905028.000000013,4.604289135244749,projected
CZE,2030,257607775895.30392,23333.524475517817,11040242.813107517,2.95629627546926,projected
CZE,2035,294383422612.8848,26442.282396589933,11133056.450938188,1.9608077000188417,projected
CZE,2040,331497343548.0691,29539.83842445833,11222043.221251903,1.8916333499682396,projected
CZE,2045,366308835759.7286,32329.088428121442,11330626.799891302,1.0831954300837852,projected
CZE,2050,402846437657.51294,35204.816534709506,11442935.294388888,0.557578012451426,projected
CZE,2055,439621514889.8783,38124.049526000126,11531343.610023953,0.29017869034704574,projected
CZE,2060,478365871995.10114,41319.34245889892,11577286.653845958,0.02694683691172018,projected
CZE,2065,520978742164.60834,45117.043129551435,11547271.408470692,0.02742342758164121,projected
CZE,2070,563977153824.5542,49221.1474603505,11458025.318870496,0.028046740881330284,projected
DEU,2012,3284148978797.688,40834.508821845535,80425823.00000001,9.94745307113612,hist
DEU,2013,3297186905208.25,40884.89267590282,80645604.99999996,10.1408601249876,hist
DEU,2014,3369071713224.2715,41602.46612816686,80982499.99999997,9.61630846170469,hist
DEU,2015,3425099578746.0938,41929.75491107212,81686611.00000013,9.60884887243027,hist
DEU,2016,3501212900675.8965,42516.9337063103,82348669.00000015,9.58423383867929,hist
DEU,2017,3599173571724.6934,43543.48070505506,82657001.99999991,9.36976518940283,hist
DEU,2018,3640049243667.403,43905.855006197264,82905782.00000009,9.00657809367265,hist
DEU,2019,3675639268112.0225,44235.2658954681,83092961.9999999,8.38218043063623,hist
DEU,2020,3523764998709.969,42372.872678425534,83160870.99999997,7.72103264767393,hist
DEU,2021,3661544208117.2075,44011.019463167504,83196078.00000013,8.06128144646434,hist
DEU,2022,3727790994177.6157,44817.13163313897,83177812.99999996,7.9118286026587406,hist
DEU,2023,3695372350062.4824,44368.992007488145,83287272.99999999,7.07982839106762,hist
DEU,2024,3677048776153.856,44027.76315544697,83516592.9999999,6.94395663386317,hist
DEU,2025,3677048776153.8496,44027.7631554469,83516592.9999999,5.5771405935266145,projected
DEU,2030,3842073767730.836,46188.11596802297,83183167.08113374,4.4710469959020545,projected
DEU,2035,4041182869291.893,48848.156329872116,82729486.0833998,2.7163536806318187,projected
DEU,2040,4304197060811.1245,52381.307064243665,82170478.40238488,1.0776952597780192,projected
DEU,2045,4576073495464.775,56145.448773182565,81503908.07189524,0.15301707401173464,projected
DEU,2050,4837786716301.385,59945.116731643546,80703599.89386153,0.07129583947039571,projected
DEU,2055,5100096995656.186,63934.24044964578,79770979.67829916,0.04606658938963926,projected
DEU,2060,5393816739086.991,68451.13734182015,78798058.71087615,0.0202507911424331,projected
DEU,2065,5694918196780.517,73275.62232247932,77719137.9108007,0.02110804350875473,projected
DEU,2070,6006524359325.488,78397.76324711619,76616016.96967335,0.021996377862505204,projected
DJI,2012,2107658964.7727883,2140.1376944233584,984823.9999999994,0.888889791475431,hist
DJI,2013,2107658964.7727883,2140.1376944233584,984823.9999999994,0.888889791475431,hist
DJI,2014,2259262606.112411,2253.1408224976844,1002717.0000000001,0.8811060349031681,hist
DJI,2015,2424391785.4389706,2376.125547198722,1020313.0000000005,0.800048612533605,hist
DJI,2016,2597091693.8654695,2502.851814494316,1037652.9999999997,0.7184482673880379,hist
DJI,2017,2738843335.302559,2596.451346982683,1054840.9999999995,0.641423683758974,hist
DJI,2018,2869605010.379198,2677.165033445099,1071881.9999999993,0.686269570717672,hist
DJI,2019,3028726927.177008,2781.943501134839,1088708.9999999995,0.765677513458601,hist
DJI,2020,3065135713.1142173,2773.406617800971,1105187.999999999,0.6749077984922021,hist
DJI,2021,3200221046.3112836,2854.1598703509667,1121248.000000001,0.731060389851309,hist
DJI,2022,3365561651.6642103,2959.7867301126803,1137096.0000000007,0.762292717589368,hist
DJI,2023,3594666717.820391,3117.815538153104,1152943.9999999995,0.763263436905869,hist
DJI,2024,3845591877.094759,3290.424820525976,1168721.9999999998,0.765537056716653,hist
DJI,2025,3845591877.0947657,3290.424820525982,1168721.9999999998,0.3186132982208045,projected
DJI,2030,5224853813.613966,4222.071365498488,1237509.5921660438,0.3978741303357468,projected
DJI,2035,6972688643.665353,5364.871313066626,1299693.5502782227,0.5075089593012329,projected
DJI,2040,9117516445.78633,6728.3224382123835,1355095.0522235553,0.5850718388145082,projected
DJI,2045,11660225347.43121,8310.334706612872,1403099.3647166453,0.7001865534081043,projected
DJI,2050,14600815348.600002,10119.641463675387,1442819.4319936985,0.6509659519812812,projected
DJI,2055,17915307008.02668,12164.751540185867,1472722.8048056746,0.4642193802887759,projected
DJI,2060,21618798492.43435,14470.68901123825,1493971.605335774,0.28655605565340675,projected
DJI,2065,25728164223.45459,17065.76820345867,1507588.988478136,0.15440257164918458,projected
DJI,2070,30183899661.64957,19922.861664191652,1515038.3599711778,0.02471529706979766,projected
DMA,2012,589738544.3789089,8532.3438811729,69118.00000000004,0.785613009635695,hist
DMA,2013,589765106.1870103,8459.658698802406,69715.00000000006,0.859212508068565,hist
DMA,2014,603537403.6877613,8576.263676236082,70372.99999999994,0.950648686285933,hist
DMA,2015,583177777.7777781,8282.598747021415,70410.00000000004,1.02826303081949,hist
DMA,2016,591617792.3021063,8499.52291903149,69606.00000000004,1.11628307904491,hist
DMA,2017,546983994.013143,7985.634110212904,68495.99999999999,1.01027797243635,hist
DMA,2018,563196657.6332437,8261.164925532365,68174.00000000003,1.04878692756769,hist
DMA,2019,585432211.240413,8624.516959935365,67880.00000000004,1.26988803771361,hist
DMA,2020,493481872.0442114,7302.944549512545,67573.00000000003,1.14098826454353,hist
DMA,2021,520030399.24190134,7738.317300703865,67202.00000000003,1.13687092646052,hist
DMA,2022,574096959.6329954,8590.922090698165,66825.99999999999,1.21509592074941,hist
DMA,2023,595064186.903307,8946.988225880428,66509.99999999997,1.22387610885581,hist
DMA,2024,607279298.4040952,9172.710496247943,66205.00000000001,1.27331772524734,hist
DMA,2025,607279298.4040952,9172.710496247943,66205.00000000001,1.27331772524734,projected
DMA,2030,607279298.4040952,9172.710496247943,66205.00000000001,1.27331772524734,projected
DMA,2035,607279298.4040952,9172.710496247943,66205.00000000001,1.27331772524734,projected
DMA,2040,607279298.4040952,9172.710496247943,66205.00000000001,1.27331772524734,projected
DMA,2045,607279298.4040952,9172.710496247943,66205.00000000001,1.27331772524734,projected
DMA,2050,607279298.4040952,9172.710496247943,66205.00000000001,1.27331772524734,projected
DMA,2055,607279298.4040952,9172.710496247943,66205.00000000001,1.27331772524734,projected
DMA,2060,607279298.4040952,9172.710496247943,66205.00000000001,1.27331772524734,projected
DMA,2065,607279298.4040952,9172.710496247943,66205.00000000001,1.27331772524734,projected
DMA,2070,607279298.4040952,9172.710496247943,66205.00000000001,1.27331772524734,projected
DNK,2012,287802068160.37427,51470.68984542701,5591572.000000005,6.9026384708987,hist
DNK,2013,291810211099.2946,51970.39093248054,5614931.999999996,7.18355983652162,hist
DNK,2014,295539545106.6938,52368.36259692723,5643474.999999997,6.41399137942491,hist
DNK,2015,301758922337.6366,53094.01336075727,5683482.999999996,5.99477468305967,hist
DNK,2016,311032111297.5162,54300.203962199084,5728010.000000004,6.2287600754887,hist
DNK,2017,320538736986.01337,55601.014571778775,5764980.000000003,5.81887534735593,hist
DNK,2018,326500781502.59906,56355.07330847141,5793636.0,5.78874820578994,hist
DNK,2019,332088518944.14575,57114.62273363471,5814421.999999999,5.17323991963432,hist
DNK,2020,326176991232.29486,55934.55559455234,5831404.0,4.76521606117498,hist
DNK,2021,347379325644.4167,59312.81580437709,5856732.999999997,5.04788249694838,hist
DNK,2022,348921108389.07556,59108.744937406846,5903037.000000005,4.8270407249692,hist
DNK,2023,351030642723.99994,59026.98436509998,5946951.999999998,4.4073670007762,hist
DNK,2024,363238912546.89044,60772.86242760408,5976992.000000005,4.2782054919933,hist
DNK,2025,363238912546.89044,60772.86242760408,5976992.000000005,3.419379763746528,projected
DNK,2030,388607157056.6827,63514.67787354984,6118383.499170905,2.6671880766990483,projected
DNK,2035,417383100069.3978,66782.29540830593,6249906.4687358225,1.5776794706898634,projected
DNK,2040,452368378270.6869,71011.10441115612,6370389.279562001,0.6099461100817325,projected
DNK,2045,494306576739.7869,76192.06778789638,6487638.294787306,0.08434849686458701,projected
DNK,2050,542067126334.71704,82032.78158884164,6607933.021845144,0.038206487412032836,projected
DNK,2055,592843593046.7332,88047.65898484345,6733212.442920093,0.02394717665215323,projected
DNK,2060,647022960938.5822,94319.38143530324,6859915.227310905,0.010206677994610069,projected
DNK,2065,705270458812.3326,101080.70896774417,6977300.2783092,0.01031654296299271,projected
DNK,2070,767598879529.5668,108366.79499982668,7083340.238407848,0.010439466111950069,projected
DOM,2012,59015618840.28774,5860.298933210139,10070411.000000017,2.17318836341436,hist
DOM,2013,61927882062.54293,6075.033999727379,10193832.999999998,2.10753894045547,hist
DOM,2014,66331713896.78786,6430.278110513383,10315527.999999994,2.10372169025182,hist
DOM,2015,70966782572.43861,6800.95309395474,10434828.999999994,2.28789566173054,hist
DOM,2016,75735566406.04778,7177.753764754888,10551430.000000015,2.35715917178999,hist
DOM,2017,78714898894.65596,7379.399780671371,10666843.000000002,2.23015375777069,hist
DOM,2018,84301701754.60173,7818.705932404696,10782052.999999985,2.37696846787898,hist
DOM,2019,88427452425.89453,8117.046391857861,10894043.000000019,2.61257459696093,hist
DOM,2020,81415993438.07347,7395.873426239602,11008300.000000007,2.44597258432274,hist
DOM,2021,92824351636.87671,8344.90510312395,11123475.99999999,2.66716087668998,hist
DOM,2022,97686450823.96661,8698.135920943956,11230734.000000002,2.85936787390744,hist
DOM,2023,99828029402.87067,8809.963353859495,11331264.999999994,2.89366632939923,hist
DOM,2024,104773032846.36003,9168.454188971451,11427557.0,2.99473457012728,hist
DOM,2025,104773032846.35947,9168.454188971402,11427557.0,2.4328540317532936,projected
DOM,2030,123218069012.82152,10383.078378658938,11867200.123046376,2.182666125775446,projected
DOM,2035,142683405161.33197,11652.4715043256,12244904.877764808,1.9650971089982876,projected
DOM,2040,163867392046.78104,13057.486858779956,12549688.452230401,1.723132024765404,projected
DOM,2045,186506616665.1321,14577.165409847803,12794436.46424805,1.5887162581811558,projected
DOM,2050,210354682356.2767,16205.203438401672,12980687.540015487,1.596033805655962,projected
DOM,2055,235387085584.95544,17977.37772764203,13093516.14852171,1.1591545294474577,projected
DOM,2060,261263499472.56717,19880.327803567274,13141810.439649126,0.7333236930816818,projected
DOM,2065,288184036223.729,21928.4814286985,13141996.957736136,0.4282632527165479,projected
DOM,2070,315869627797.9884,24093.862497328162,13109962.250055013,0.12351429640710164,projected
DZA,2012,170101934378.95523,4518.439789564625,37646166.00000006,3.7260075833485895,hist
DZA,2013,174524584673.84882,4543.2344400676775,38414170.999999955,3.79361564251901,hist
DZA,2014,181680092643.1473,4634.101491799535,39205031.00000006,3.95441595238121,hist
DZA,2015,187493855609.3452,4685.059027290027,40019529.00000004,4.11245469680565,hist
DZA,2016,194806115978.4386,4768.731400810255,40850720.99999994,3.9349562520573396,hist
DZA,2017,197728207716.0819,4742.900755325291,41689299.0,3.9895201883821594,hist
DZA,2018,200496402625.8527,4717.003588536111,42505034.99999993,4.1125786627396,hist
DZA,2019,202300870247.92,4672.664086786358,43294546.00000001,4.19651934911155,hist
DZA,2020,192185826737.37338,4363.685337677839,44042091.00000006,3.90423106841135,hist
DZA,2021,199488888151.4852,4456.746876377746,44761099.00000003,4.05087238809753,hist
DZA,2022,206670488126.83185,4544.46688060372,45477388.999999985,4.16005852930563,hist
DZA,2023,215143978140.1548,4660.405456878954,46164218.99999993,4.12827519079225,hist
DZA,2024,223104305329.36102,4765.729001683868,46814307.999999985,3.9808000579651805,hist
DZA,2025,223104305329.36102,4765.729001683868,46814307.999999985,0.9407978432576639,projected
DZA,2030,262327673178.91724,5376.297079837579,48793373.819075175,0.9964693193851692,projected
DZA,2035,294400807664.2362,5831.323140957077,50486107.62049402,0.9200253731017473,projected
DZA,2040,323168618372.82635,6215.7551875342115,51991851.13032536,0.5436390393015635,projected
DZA,2045,357600156437.5258,6707.93094535494,53310053.33099832,0.4725281335509829,projected
DZA,2050,400964196150.5531,7386.901764983121,54280428.91422819,0.3683592852885307,projected
DZA,2055,452262359487.6852,8249.952357328186,54819996.51621673,0.3086975752542036,projected
DZA,2060,511688935813.94293,9312.640154096567,54945635.968641445,0.25208371430817506,projected
DZA,2065,579551710262.0377,10580.396756664695,54775990.314065725,0.1467540788201103,projected
DZA,2070,651424828806.4731,11980.768686985248,54372540.34577249,0.04094530043735755,projected
ECU,2012,86890603905.32875,5579.85624282158,15572194.0,2.48269447452299,hist
ECU,2013,93156490881.18866,5893.321726830367,15807128.000000004,2.60378102840693,hist
ECU,2014,97093344927.4785,6055.041727614851,16035124.000000024,2.71026279559796,hist
ECU,2015,97209558000.0,5976.159680565101,16266224.99999999,2.66047592480738,hist
ECU,2016,96540800718.33983,5849.135879336723,16505138.999999998,2.548787986578,hist
ECU,2017,102304671535.15614,6104.272535217514,16759519.00000001,2.44983761168802,hist
ECU,2018,103373033702.49805,6063.095617877588,17049547.00000001,2.47598953802116,hist
ECU,2019,103544017315.43497,5971.389383867237,17340021.000000004,2.41784020907472,hist
ECU,2020,93971273313.91537,5355.689341964437,17546065.000000026,2.08585799722046,hist
ECU,2021,102825145845.2948,5815.094773909488,17682453.999999978,2.32777079470983,hist
ECU,2022,108859360917.98601,6107.4949500654075,17823897.000000007,2.47809443692364,hist
ECU,2023,111023744250.54596,6174.8182280663505,17980083.000000007,2.60232947756693,hist
ECU,2024,108801876280.21587,5999.393910665928,18135477.999999993,2.64474970000791,hist
ECU,2025,108801876280.21587,5999.393910665928,18135477.999999993,2.2076414161287246,projected
ECU,2030,129568934460.25792,6838.353361342977,18947388.006110877,1.9686763174152755,projected
ECU,2035,152686525956.283,7765.191472808137,19662944.112962965,1.762296499900969,projected
ECU,2040,179683942423.66873,8859.368398641675,20281800.500723958,1.5354408227911602,projected
ECU,2045,210572623445.66495,10131.078694190104,20784817.66866766,1.4083460299989088,projected
ECU,2050,245276104439.5027,11582.041339079553,21177277.585075106,1.4088272516063425,projected
ECU,2055,284111081236.17664,13243.452675539125,21452946.46319343,1.0188230614896614,projected
ECU,2060,326881876753.7986,15120.473163246701,21618495.216693986,0.6419682439231983,projected
ECU,2065,373105620162.5991,17187.965898606322,21707374.936836023,0.37338163832989524,projected
ECU,2070,422604094797.22833,19450.647501004023,21726993.652803276,0.10732653869442756,projected
EGY,2012,300070833532.5108,3220.99194203067,93161000.99999988,2.50058176167515,hist
EGY,2013,306628779736.1832,3216.3783902628998,95333553.00000012,2.39951090462348,hist
EGY,2014,315569804751.5717,3235.662462352573,97528653.99999987,2.39012321445552,hist
EGY,2015,329366576819.4068,3306.981594141406,99597342.0,2.40381816615146,hist
EGY,2016,343682967575.51196,3381.2224630620694,101644589.00000007,2.46076060182603,hist
EGY,2017,358053111989.02277,3452.909612455401,103696056.99999988,2.52378641552398,hist
EGY,2018,377141312302.66895,3568.639662861609,105682094.00000001,2.42443152195678,hist
EGY,2019,398080548973.0522,3701.244634518795,107553157.99999999,2.20383858928624,hist
EGY,2020,412213064649.08704,3770.869478674211,109315124.00000007,2.25205800434348,hist
EGY,2021,425777537421.9963,3837.3199232444713,110957008.00000003,2.35795200966486,hist
EGY,2022,453827104224.6046,4029.7829545797836,112618249.99999997,2.29974804261299,hist
EGY,2023,470892276431.9167,4111.311847899504,114535772.0000001,2.40830000255291,hist
EGY,2024,482189779212.6326,4137.6092923289825,116538258.00000006,2.50251380967098,hist
EGY,2025,482189779212.6326,4137.6092923289825,116538258.00000006,1.084005391602816,projected
EGY,2030,623007045441.0448,5058.510830889871,123160168.33188201,1.036954574922742,projected
EGY,2035,790612689823.2555,6114.760779651093,129295767.78445414,0.9453874793780909,projected
EGY,2040,985671027145.4708,7305.869887204727,134914944.06049365,0.7971956016360559,projected
EGY,2045,1202691827086.4155,8595.642425240532,139918782.98180377,0.7826769048887583,projected
EGY,2050,1437825865842.319,9975.046677871764,144142269.43237603,0.6525809560958117,projected
EGY,2055,1696036751417.4841,11480.578421214668,147730949.53851986,0.5536128364129613,projected
EGY,2060,1977816169233.7166,13125.395343524611,150686216.86960983,0.4612697925792714,projected
EGY,2065,2277097943977.207,14887.165804075355,152957115.81003904,0.41071184996727617,projected
EGY,2070,2585517771920.6045,16741.61352582179,154436594.05545202,0.36348638963019336,projected
ERI,2012,,,3535602.9999999977,0.09117997719939613,hist
ERI,2013,,,3535602.9999999977,0.09117997719939613,hist
ERI,2014,,,3535602.9999999977,0.09117997719939613,hist
ERI,2015,,,3535602.9999999977,0.09117997719939613,hist
ERI,2016,,,3535602.9999999977,0.09117997719939613,hist
ERI,2017,,,3535602.9999999977,0.09117997719939613,hist
ERI,2018,,,3535602.9999999977,0.09117997719939613,hist
ERI,2019,,,3535602.9999999977,0.09117997719939613,hist
ERI,2020,,,3535602.9999999977,0.09117997719939613,hist
ERI,2021,,,3535602.9999999977,0.09117997719939613,hist
ERI,2022,,,3535602.9999999977,0.09117997719939613,hist
ERI,2023,,,3535602.9999999977,0.09117997719939613,hist
ERI,2024,,,3535602.9999999977,0.09117997719939613,hist
ERI,2025,,,3535602.9999999977,0.09117997719939613,projected
ERI,2030,,,3907104.052016961,0.10910060386072393,projected
ERI,2035,,,4288383.440381707,0.13316157471170434,projected
ERI,2040,,,4663817.843799202,0.14717201296037494,projected
ERI,2045,,,5011097.419342319,0.16972944993359035,projected
ERI,2050,,,5322957.633468283,0.15275840057219614,projected
ERI,2055,,,5601777.477938964,0.10565894781967047,projected
ERI,2060,,,5852511.663920949,0.06332825210081383,projected
ERI,2065,,,6072498.865355993,0.033186228502084456,projected
ERI,2070,,,6261985.255103986,0.005176846391732258,projected
ESP,2012,1158267740898.6892,24763.56827448391,46773054.999999925,6.09265740713323,hist
ESP,2013,1141735527746.3499,24498.555950794496,46604197.00000003,5.5007234648845,hist
ESP,2014,1159095455877.4417,24947.851250591342,46460733.00000005,5.49369292128904,hist
ESP,2015,1206164777553.122,25982.441619777455,46422303.00000008,5.84933711711804,hist
ESP,2016,1241326362266.4805,26719.244226861498,46458139.00000006,5.66204126256542,hist
ESP,2017,1277275696051.0898,27426.28101509298,46571231.99999997,5.97761510797052,hist
ESP,2018,1307871701701.2517,27956.722546648347,46782011.00000003,5.80969253331158,hist
ESP,2019,1333521400432.6912,28301.43939495636,47118501.000000015,5.3981216422823,hist
ESP,2020,1187633217292.0222,25077.019882928063,47359424.00000007,4.52823497177668,hist
ESP,2021,1267004457826.9175,26705.362913895988,47443820.99999992,4.91513320564969,hist
ESP,2022,1347716659731.4512,28203.109341947376,47786102.00000004,4.99422196018416,hist
ESP,2023,1380882052539.2717,28558.63198175016,48352528.00000006,4.57046216901007,hist
ESP,2024,1428595035672.37,29245.21924517287,48848839.99999999,4.50540688376633,hist
ESP,2025,1428595035672.3726,29245.21924517292,48848839.99999999,3.4138678048563014,projected
ESP,2030,1522886692421.9531,30756.721280889567,49513947.813682795,2.689265774527206,projected
ESP,2035,1625637709908.4346,32370.417664281074,50219855.88101429,1.6020931875985391,projected
ESP,2040,1730489745094.2737,33957.44701409024,50960537.29764277,0.6221489648096304,projected
ESP,2045,1835444600167.527,35567.80212251128,51604105.13546611,0.08652680510955618,projected
ESP,2050,1953007501434.8318,37535.26951735987,52031263.57016235,0.03959217082871217,projected
ESP,2055,2093350827757.3135,40110.485421404985,52189615.901287384,0.025209456225676295,projected
ESP,2060,2257018748539.0967,43308.69225626018,52114682.548809804,0.01096261113666057,projected
ESP,2065,2435101823536.1226,47007.07483016106,51802879.29709025,0.011338057340630868,projected
ESP,2070,2610668721288.4023,50829.04965857388,51361745.67151351,0.011747556952720785,projected
EST,2012,21772481344.23012,16460.68434790013,1322696.0000000007,16.0506269014195,hist
EST,2013,22154913628.324387,16809.532668378142,1317997.0,17.9337282254815,hist
EST,2014,22891074856.693794,17413.686756021132,1314544.9999999998,17.3074333704818,hist
EST,2015,23311847750.93938,17722.155766952274,1315406.9999999995,15.981517507509102,hist
EST,2016,24032887679.503685,18264.987330427877,1315789.9999999993,15.6467217413113,hist
EST,2017,25387062190.046818,19270.814121051128,1317384.0,16.6729670316324,hist
EST,2018,26326306710.85819,19914.345492287845,1321976.999999999,17.8889647853178,hist
EST,2019,27307395871.06759,20579.875673237566,1326898.0000000005,11.6534202327534,hist
EST,2020,26519903136.831196,19946.945696897972,1329522.0000000005,9.12576098778358,hist
EST,2021,28709089435.118717,21570.665845526815,1330932.000000001,9.71169075504984,hist
EST,2022,28357067289.1155,21023.29949372462,1348839.9999999993,11.1341597224282,hist
EST,2023,27578887219.40511,20126.373048695757,1370285.9999999998,8.37350742837627,hist
EST,2024,27554054399.2591,20078.139762099287,1372341.0000000002,7.75936884491537,hist
EST,2025,27554054399.2591,20078.139762099287,1372341.0000000002,5.614573141831951,projected
EST,2030,31302449187.96931,23075.65526680223,1356513.989572489,3.6922552232300023,projected
EST,2035,35406009356.69894,26389.296645763916,1341680.6757667945,2.496833941104208,projected
EST,2040,39675362493.27987,29800.441622512357,1331368.2728549778,2.446809201257748,projected
EST,2045,43894609310.68795,33148.10891721333,1324196.4849431915,1.4223213619679684,projected
EST,2050,47777849046.583954,36271.38937760336,1317232.3935317884,0.7433101930516871,projected
EST,2055,51271291093.62061,39188.79712526334,1308314.9995580805,0.3924845072616525,projected
EST,2060,55282007200.353485,42601.26156552357,1297661.270320037,0.03689288742300826,projected
EST,2065,59719363877.69035,46479.34662332286,1284858.0760325014,0.03782120480411245,projected
EST,2070,64195037152.04186,50484.68859464417,1271574.3909501345,0.038782858531558106,projected
ETH,2012,46140518129.23979,481.6399999098087,95798767.00000001,0.0938018335872736,hist
ETH,2013,51023232360.262825,518.3246622081062,98438750.9999999,0.106072048801188,hist
ETH,2014,56256936828.983376,556.3625322438671,101115610.00000015,0.122678387639653,hist
ETH,2015,62103418181.8182,597.9121132186635,103867134.99999999,0.130068091316854,hist
ETH,2016,67961933367.15487,636.8356809514287,106718161.99999999,0.15021997848876,hist
ETH,2017,74461941569.32068,678.9854191575702,109666480.99999996,0.144744318001779,hist
ETH,2018,79537377550.69254,705.9688120733596,112664152.00000016,0.155059082147088,hist
ETH,2019,86189951998.9241,744.7027897539722,115737383.0000002,0.159693432847017,hist
ETH,2020,91412658764.84724,768.7054244852084,118917670.99999985,0.151498089800296,hist
ETH,2021,96569731965.96115,790.6570195977799,122138587.99999999,0.156331429015701,hist
ETH,2022,101708941221.84517,811.1777293262035,125384287.0000002,0.146229646781817,hist
ETH,2023,108415879003.46916,842.4466048940362,128691692.0000002,0.147767891652244,hist
ETH,2024,116669335367.21191,883.4585886192875,132059766.99999994,0.146636636122491,hist
ETH,2025,116669335367.21242,883.4585886192914,132059766.99999994,0.21561903861302437,projected
ETH,2030,157969990117.2968,1097.0097988648972,144000527.8719955,0.24594770952147058,projected
ETH,2035,211612130932.2883,1363.654013078049,155180220.8645549,0.25728472209643216,projected
ETH,2040,285172797594.4199,1721.5338480099585,165650415.7173971,0.2257090622928832,projected
ETH,2045,384078897283.9795,2188.799052044945,175474718.39643908,0.21996046127168617,projected
ETH,2050,513275391147.6105,2782.1368601582008,184489626.83971775,0.2435725019870105,projected
ETH,2055,678299214473.1609,3519.8400558364337,192707396.8456143,0.1834727186332424,projected
ETH,2060,884728563088.816,4424.977973003985,199939653.59520203,0.12892139971487152,projected
ETH,2065,1139297501015.225,5530.142404346296,206015942.75760764,0.0978594167526169,projected
ETH,2070,1449605990557.0315,6867.272663190605,211089039.5144919,0.06890315117001353,projected
FIN,2012,235550695854.07117,43507.93453715787,5413971.000000001,9.66512380653683,hist
FIN,2013,233242909052.23422,42883.63849864167,5438972.000000004,9.80540072646081,hist
FIN,2014,232127848351.00906,42502.48801998589,5461511.999999997,9.05273118506377,hist
FIN,2015,233210733506.2502,42560.34567671031,5479531.000000002,8.39046261440988,hist
FIN,2016,239208760000.40067,43529.67616169678,5495302.999999997,8.88160307084068,hist
FIN,2017,247110710501.52716,44862.22040420489,5508214.000000003,8.36494370044446,hist
FIN,2018,250058685918.64264,45337.24095505737,5515524.999999996,8.6010307269027,hist
FIN,2019,253433824168.6001,45898.570844895505,5521606.0,7.99426833424913,hist
FIN,2020,247120696232.08963,44690.98011030746,5529542.999999995,7.13874546232844,hist
FIN,2021,253734502126.39273,45792.045418087124,5541016.999999997,7.09479866241161,hist
FIN,2022,255670602724.75888,46016.149210392854,5556105.999999997,6.68162198489374,hist
FIN,2023,253269616816.4163,45357.02965473772,5583911.000000003,5.88954587564164,hist
FIN,2024,254323653957.12024,45254.03586589186,5619911.000000001,5.53521221243539,hist
FIN,2025,254323653957.11935,45254.0358658917,5619911.000000001,4.976073467234733,projected
FIN,2030,274849386483.82892,48012.437654800815,5724545.553382175,3.900636948603134,projected
FIN,2035,297936034565.74255,51263.283682185545,5811879.637146187,2.321463666028635,projected
FIN,2040,323908937276.4807,55008.544399313876,5888338.635634228,0.9029233195559819,projected
FIN,2045,350791207883.973,58808.97108837714,5964926.8026949465,0.125529288569881,projected
FIN,2050,379157838014.8595,62684.99575171279,6048621.898558548,0.057112676940994714,projected
FIN,2055,409522818219.4802,66697.78551495686,6139976.238456154,0.03593322151350914,projected
FIN,2060,442130152803.05096,70910.28976838719,6235063.405426371,0.015365563726950327,projected
FIN,2065,478320735794.6973,75629.76900275097,6324503.460764224,0.015573326195521826,projected
FIN,2070,517095956982.33136,80712.65555817902,6406627.974340406,0.015793307672299826,projected
FJI,2012,4051237182.531143,4427.978444550377,914918.0000000002,1.31727652095598,hist
FJI,2013,4243031642.795052,4630.351265447175,916352.0000000005,1.49844164687806,hist
FJI,2014,4480790532.157975,4883.2430043625145,917584.9999999995,1.70000599399511,hist
FJI,2015,4682479893.975583,5097.531068646954,918578.0000000003,1.76054728068819,hist
FJI,2016,4796997047.630023,5218.8582341274805,919166.0000000007,1.73254885406989,hist
FJI,2017,5053797787.50532,5500.678401523486,918759.0000000005,1.67682711135347,hist
FJI,2018,5246466309.219013,5720.214471771093,917180.0000000005,1.80433502693037,hist
FJI,2019,5215934671.175677,5701.10435269432,914898.9999999993,1.76959423936413,hist
FJI,2020,4319652697.819007,4721.122818976294,914962.9999999999,1.17414583977713,hist
FJI,2021,4131922233.0840917,4507.333535960723,916711.0000000003,1.46469279849375,hist
FJI,2022,4865137079.950596,5291.516931235708,919421.9999999997,1.56000182723494,hist
FJI,2023,5324525632.971326,5761.569486359097,924144.9999999997,1.55581645737411,hist
FJI,2024,5512527123.401246,5935.208965056727,928783.9999999999,1.62222863442953,hist
FJI,2025,5512527123.401246,5935.208965056727,928783.9999999999,0.899470089514397,projected
FJI,2030,6463708274.105775,6848.793798283015,943773.2343067796,0.7874020543706635,projected
FJI,2035,7581346126.183597,7946.671396505305,954027.8876408094,0.6112744414628419,projected
FJI,2040,8910837961.827421,9295.476614942745,958620.8788372395,0.4388130091636652,projected
FJI,2045,10458669107.064795,10918.205913673388,957910.9598919458,0.2568350659405382,projected
FJI,2050,12246457315.320793,12849.75089304697,953050.1732875911,0.09899019863787957,projected
FJI,2055,14296901227.691822,15145.420381674223,943975.199591746,0.05128171009666998,projected
FJI,2060,16598111079.794018,17823.48016315412,931249.7294499609,0.002657395759650606,projected
FJI,2065,19208454805.875244,20928.387515621944,917818.1927077344,0.0018702240774174784,projected
FJI,2070,22098748438.81149,24438.467418225853,904260.8139301961,0.001059818437787109,projected
FRA,2012,2374265767668.0884,36161.29182534651,65657658.999999985,5.55949763606406,hist
FRA,2013,2392826743357.492,36256.08668098099,65997932.00000008,5.45712098979101,hist
FRA,2014,2416703156974.402,36444.39490891453,66312067.000000075,4.93048874498212,hist
FRA,2015,2442483452642.4995,36702.43237333795,66548272.0,4.99116340691761,hist
FRA,2016,2463489569347.31,36920.53428469133,66724104.0,5.01727531627851,hist
FRA,2017,2514819204088.1387,37580.59793293554,66918019.999999985,5.06155143263354,hist
FRA,2018,2556210832760.0166,38062.44359614114,67158347.99999997,4.89217066506758,hist
FRA,2019,2608036638906.12,38705.20729406181,67382061.00000006,4.79214044818249,hist
FRA,2020,2413981867676.362,35709.204592592614,67601110.00000009,4.24677642127474,hist
FRA,2021,2580120255051.753,38030.8571685178,67842811.00000012,4.66820869200128,hist
FRA,2022,2650215998256.027,38868.330333055674,68184456.99999991,4.51246828877731,hist
FRA,2023,2688358302961.2153,39319.415222729556,68372285.99999991,4.15598361008436,hist
FRA,2024,2720362347819.8115,39683.39534890297,68551653.00000003,4.00355772602595,hist
FRA,2025,2720362347819.8066,39683.3953489029,68551653.00000003,3.1346605602451096,projected
FRA,2030,2977138695993.1865,42301.96141330125,70378266.07862839,2.4379804160994576,projected
FRA,2035,3261611817007.167,45220.843693502015,72126292.89081226,1.4373982799304725,projected
FRA,2040,3571140098243.462,48413.06764013172,73763970.60373813,0.5538492745641258,projected
FRA,2045,3897752964466.6167,51802.319099306165,75242827.58450525,0.0764675732975768,projected
FRA,2050,4227762667861.4995,55219.7119456405,76562562.87652138,0.03467086850854153,projected
FRA,2055,4571784742919.446,58782.84271046268,77774134.97060631,0.02179816247195862,projected
FRA,2060,4944177380523.004,62642.60991205221,78926746.30677803,0.009327331287424351,projected
FRA,2065,5335672625590.801,66719.81792850516,79971330.72677654,0.009463803661628661,projected
FRA,2070,5736137974992.871,70880.17364411216,80927256.2422589,0.00960727041758968,projected
FSM,2012,316527680.318535,2933.799984415005,107890.00000000003,0.0018537399202891,hist
FSM,2013,304890763.52858186,2819.9032891721486,108120.99999999999,0.0018497794138049,hist
FSM,2014,297006847.8589338,2740.016678280878,108395.99999999991,0.0018450865345584,hist
FSM,2015,310175057.8020729,2853.076435870276,108716.0,0.0018396556164686003,hist
FSM,2016,313099160.14997417,2870.494248452662,109075.00000000003,0.0018336007334401997,hist
FSM,2017,319911415.2405157,2922.0724622584366,109480.99999999993,0.0018268009974333,hist
FSM,2018,319911415.240516,2910.6935304708068,109909.00000000003,0.001819687195771,hist
FSM,2019,332969024.02584356,3019.2508661961456,110282.00000000007,0.0018135325801128,hist
FSM,2020,327398648.1180222,2951.7711431896387,110916.00000000007,0.0018031663601283,hist
FSM,2021,337547021.6659777,3023.9645745178254,111623.99999999999,0.0017917293771948003,hist
FSM,2022,327738276.52252907,2923.2591516004145,112114.00000000007,0.0017838985318515,hist
FSM,2023,329223318.36968386,2923.0517479329123,112629.99999999997,0.0017757258279321,hist
FSM,2024,331590401.6902881,2930.279265555745,113160.0,0.0017674089784376,hist
FSM,2025,331590401.6902881,2930.279265555745,113160.0,0.0017674089784376,projected
FSM,2030,331590401.6902881,2930.279265555745,113160.0,0.0017674089784376,projected
FSM,2035,331590401.6902881,2930.279265555745,113160.0,0.0017674089784376,projected
FSM,2040,331590401.6902881,2930.279265555745,113160.0,0.0017674089784376,projected
FSM,2045,331590401.6902881,2930.279265555745,113160.0,0.0017674089784376,projected
FSM,2050,331590401.6902881,2930.279265555745,113160.0,0.0017674089784376,projected
FSM,2055,331590401.6902881,2930.279265555745,113160.0,0.0017674089784376,projected
FSM,2060,331590401.6902881,2930.279265555745,113160.0,0.0017674089784376,projected
FSM,2065,331590401.6902881,2930.279265555745,113160.0,0.0017674089784376,projected
FSM,2070,331590401.6902881,2930.279265555745,113160.0,0.0017674089784376,projected
GAB,2012,12564804521.2615,6803.226680792134,1846888.9999999993,3.1891467218658,hist
GAB,2013,13273296028.579283,6938.257538622327,1913058.9999999988,3.1769537688069205,hist
GAB,2014,13846034032.371105,6998.605454395752,1978399.0000000007,3.1677634289139904,hist
GAB,2015,14383107762.695208,7047.126546343567,2040988.9999999998,3.1559699733805506,hist
GAB,2016,14683922149.308805,6991.325144673585,2100306.000000001,3.12287828535461,hist
GAB,2017,14753324537.172705,6840.059593478005,2156899.9999999995,2.66535305299272,hist
GAB,2018,14876945089.692085,6724.596142910782,2212317.9999999986,2.44580571147547,hist
GAB,2019,15460241661.125904,6817.568794687626,2267706.000000001,2.49273935862938,hist
GAB,2020,15176119359.542898,6534.279665289966,2322539.000000001,2.3804551828839,hist
GAB,2021,15398898313.795513,6479.049006907622,2376722.0000000023,2.25718447508796,hist
GAB,2022,15866657481.092804,6527.48207900403,2430746.999999999,2.29694822208975,hist
GAB,2023,16253635205.631224,6541.253686180682,2484789.000000002,2.06073835645602,hist
GAB,2024,16805289922.765593,6618.98685865885,2538951.999999998,2.0474983378969,hist
GAB,2025,16805289922.765593,6618.98685865885,2538951.999999998,0.9475375981524984,projected
GAB,2030,19652363028.121674,7330.273885675741,2680986.186140304,1.2184226925699937,projected
GAB,2035,22782240938.958313,8114.501534441266,2807595.863068256,1.2744314498306009,projected
GAB,2040,26368720063.00721,9032.181130106785,2919418.8738213954,1.0815524220243435,projected
GAB,2045,30405115923.04788,10083.37154668495,3015371.9698094423,1.2889112196726888,projected
GAB,2050,34828183080.763824,11254.823414449746,3094511.7305038227,1.1827346825385092,projected
GAB,2055,39616325532.82744,12534.666623819603,3160540.8202516222,0.8375427961166435,projected
GAB,2060,44733035749.80383,13920.68179835555,3213422.7617420396,0.5085512127242229,projected
GAB,2065,50199909735.02064,15451.10554411501,3248952.6132413675,0.30456045271395543,projected
GAB,2070,55936219571.277245,17119.641344618456,3267370.9948287406,0.10553283221775571,projected
GBR,2012,2748282336997.971,43136.70067959957,63711000.00000007,7.55583494216069,hist
GBR,2013,2795510733841.0635,43585.19362386477,64139000.00000002,7.33126023168431,hist
GBR,2014,2883853723651.9795,44627.88182686441,64620000.00000003,6.66445837202105,hist
GBR,2015,2945579890258.4604,45255.34492162091,65087999.99999996,6.38957565142576,hist
GBR,2016,3010574705731.297,45888.010513074856,65606999.99999989,5.97285960339598,hist
GBR,2017,3101591068534.48,47018.02547576751,65966000.000000015,5.77133371736955,hist
GBR,2018,3149707010747.5327,47514.776369345294,66289000.00000005,5.64018313747379,hist
GBR,2019,3189276748351.144,47864.75887126334,66630999.99999993,5.38807912233045,hist
GBR,2020,2868821517197.4087,42982.46310076426,66743999.99999997,4.78988972791562,hist
GBR,2021,3113908148054.3506,46487.34247065491,66984000.00000004,5.04470918428281,hist
GBR,2022,3274265196937.1934,48433.00983576697,67604000.00000006,4.80733240636649,hist
GBR,2023,3283159739927.9487,47934.937509898205,68492000.00000001,4.44995911931321,hist
GBR,2024,3320141995547.612,47960.91057619417,69225999.99999988,4.22412677317771,hist
GBR,2025,3320141995547.612,47960.91057619417,69225999.99999988,3.39521119002892,projected
GBR,2030,3631718275010.76,51079.07615937765,71099920.90849532,2.639533864940989,projected
GBR,2035,3954043171480.4683,54284.68286665327,72839021.29802091,1.5568049743851742,projected
GBR,2040,4312454706287.5967,57877.52640090453,74510003.70016159,0.5997204701136071,projected
GBR,2045,4703370816876.802,61752.796605699004,76164499.0251784,0.08262612893342992,projected
GBR,2050,5097566537130.111,65559.98728145991,77754233.16123311,0.037340894863190234,projected
GBR,2055,5501077563499.745,69433.52572722509,79227973.89133239,0.023404755324561818,projected
GBR,2060,5945499898423.773,73791.10068050229,80572045.18694411,0.009993665173385773,projected
GBR,2065,6434169026397.631,78723.38028729906,81731361.16508573,0.010128354489892914,projected
GBR,2070,6956670364732.39,84052.40432811082,82765869.93961544,0.010274746780649057,projected
GEO,2012,13460417765.695692,3609.7807986259904,3728874.0,2.2188467617838494,hist
GEO,2013,14151325572.137613,3806.506006490522,3717668.000000002,2.46103202330063,hist
GEO,2014,14730184213.849398,3960.350800919017,3719413.9999999986,2.64568558380433,hist
GEO,2015,15223796148.83961,4086.622346596495,3725276.0000000014,2.8580432698141,hist
GEO,2016,15749049874.534391,4225.091549048061,3727504.9999999995,2.95779616660474,hist
GEO,2017,16561685511.098312,4442.50744127375,3728004.0000000014,2.99648283639181,hist
GEO,2018,17565660917.334103,4713.653548453033,3726549.0,2.98855589984192,hist
GEO,2019,18510819818.495697,4975.811481948144,3720161.0000000014,3.20488817553864,hist
GEO,2020,17346401920.569977,4659.60925318235,3722715.999999998,3.1000484592432,hist
GEO,2021,19192793472.267998,5175.198651858244,3708609.999999999,3.32825506052133,hist
GEO,2022,21296041913.214375,5736.3044957859665,3712501.999999997,3.6263953527836494,hist
GEO,2023,22963990777.45481,6180.6206023429,3715483.0000000005,3.64859696572424,hist
GEO,2024,25186857750.18801,6808.073980259805,3699556.9999999986,3.6402736868225,hist
GEO,2025,25186857750.18801,6808.073980259805,3699556.9999999986,3.41576989012126,projected
GEO,2030,29187961657.98662,8197.174170144208,3560734.596111813,3.381817165218105,projected
GEO,2035,33315127743.70221,9732.556595733575,3423060.2633542805,2.6080248231133507,projected
GEO,2040,37706598105.82333,11481.709593614783,3284057.813724252,1.9959415674661627,projected
GEO,2045,42024988944.514366,13386.373411601635,3139385.676190114,1.8423206052311738,projected
GEO,2050,46069331570.34253,15407.794499175436,2990001.6886133817,1.66091205228506,projected
GEO,2055,49806740197.764175,17531.621079326433,2840966.0448626215,1.3960225744225763,projected
GEO,2060,53544757821.214455,19842.890476310386,2698435.385970575,1.0991464305731495,projected
GEO,2065,57743176442.27423,22476.923966797116,2568998.1657442264,0.8917119868014248,projected
GEO,2070,61978134825.04937,25284.653252834236,2451215.533995984,0.6591167818173633,projected
GHA,2012,43858655296.919846,1640.5407208800264,26734268.000000015,0.541462365829504,hist
GHA,2013,47065830437.53098,1718.5970476995833,27386192.999999993,0.562243171221352,hist
GHA,2014,48410143589.68266,1726.369301346464,28041592.00000004,0.529042716262329,hist
GHA,2015,49436806230.48398,1722.7728283360605,28696068.000000037,0.543997874552012,hist
GHA,2016,51104539956.39968,1740.8110190292807,29356741.999999996,0.546382156439567,hist
GHA,2017,55258774288.87895,1841.4463615324926,30008353.999999963,0.578922122819532,hist
GHA,2018,58684861220.50868,1915.4532323780975,30637584.999999985,0.621997458350585,hist
GHA,2019,62503939826.86105,1999.5537222021128,31258944.999999966,0.648665525979844,hist
GHA,2020,62825173619.41565,1970.194114603977,31887808.99999996,0.71957907173867,hist
GHA,2021,66014472471.14646,2030.048665009665,32518664.999999974,0.753155149511826,hist
GHA,2022,68526224001.221756,2067.208959107662,33149152.00000004,0.717599050497581,hist
GHA,2023,70678009792.10495,2091.813356459501,33787913.99999999,0.687364126711107,hist
GHA,2024,74629231909.51941,2167.7269140667804,34427413.99999997,0.702085843566409,hist
GHA,2025,74629231909.51941,2167.7269140667804,34427413.99999997,0.8110090429645718,projected
GHA,2030,100302258396.2568,2680.701061178692,37416428.05638103,0.8685355610598093,projected
GHA,2035,132021242492.58379,3270.6348899521176,40365631.42470378,1.001486479602573,projected
GHA,2040,172154081369.8527,3983.6552826831758,43215105.01126969,1.101166965436946,projected
GHA,2045,222339508035.7009,4846.38887839724,45877356.03033806,1.2483681898022598,projected
GHA,2050,284219685244.5368,5885.326499609651,48292934.17508576,1.3861063097476387,projected
GHA,2055,360319592569.86676,7146.503572683939,50419004.04935294,0.983430191247183,projected
GHA,2060,452864449717.3324,8652.84624517651,52337050.363027036,0.6157779353180494,projected
GHA,2065,563326989950.8076,10418.427254784123,54070252.27268625,0.3891216472033515,projected
GHA,2070,691941122000.1372,12446.087233555892,55595072.4927104,0.1772065401336977,projected
GIN,2012,7858142150.2509,719.5059167945467,10921580.999999998,0.22992092445223797,hist
GIN,2013,8168199850.291778,729.8331432363261,11191873.00000001,0.20281681180621,hist
GIN,2014,8470141696.431184,738.2722744813075,11472924.000000006,0.20686966984179497,hist
GIN,2015,8794201742.846079,747.356966759447,11767069.99999999,0.243671534205201,hist
GIN,2016,9745789528.355495,807.2364210438877,12073030.00000001,0.267497057490953,hist
GIN,2017,10749606370.46789,867.9075025776102,12385658.999999987,0.264023093159597,hist
GIN,2018,11433119223.75778,899.9073280451739,12704773.999999981,0.294495596694597,hist
GIN,2019,12075307751.683493,926.4222195485297,13034345.999999993,0.3693319173819691,hist
GIN,2020,12643401588.69848,945.5709033896625,13371182.999999981,0.403359971963588,hist
GIN,2021,13349198344.073008,973.6468900961623,13710513.000000002,0.370350839534597,hist
GIN,2022,13879482945.937992,987.502501465336,14055136.999999994,0.371451377528373,hist
GIN,2023,14648645956.270311,1016.8809480032378,14405468.000000006,0.348923061715176,hist
GIN,2024,15432355339.810686,1045.9220747581687,14754784.999999981,0.352794025802477,hist
GIN,2025,15432355339.810715,1045.9220747581705,14754784.999999981,0.4140718519902723,projected
GIN,2030,23334276105.20517,1492.5311447143856,15634029.606578477,0.4548387901088037,projected
GIN,2035,33153390251.447144,2018.6942555727005,16423185.512083193,0.5386143722641785,projected
GIN,2040,45625660987.07845,2667.292499788441,17105608.399040338,0.6087356225990697,projected
GIN,2045,61072772481.44636,3455.2987731553817,17675106.11699568,0.7090184562745229,projected
GIN,2050,79781363036.82504,4402.786377511297,18120652.74034984,0.8083227299188267,projected
GIN,2055,101879811197.86255,5525.689305398399,18437484.550267722,0.5884568540675046,projected
GIN,2060,127312781384.96898,6824.121188258182,18656289.63389861,0.3779954620201305,projected
GIN,2065,156413393787.27426,8294.94583840692,18856469.570067033,0.24415290636615272,projected
GIN,2070,189102702977.89645,9938.273409756157,19027721.937319517,0.1132942180902175,projected
GMB,2012,1305822857.8482206,639.1398818890468,2043094.0000000005,0.217513242170943,hist
GMB,2013,1343336129.3654397,638.5223685322126,2103820.0000000005,0.212137920544533,hist
GMB,2014,1324430251.8302686,611.8794729521954,2164527.999999998,0.223512932149642,hist
GMB,2015,1378176608.9320405,619.5363642964599,2224529.0000000014,0.228812481203886,hist
GMB,2016,1404959537.1217508,615.1933654943869,2283769.000000001,0.224978971165648,hist
GMB,2017,1472715273.8067513,628.7772992729239,2342189.0000000014,0.223551557965647,hist
GMB,2018,1579264608.77791,658.1278332585623,2399631.9999999995,0.191821079232149,hist
GMB,2019,1677527292.27233,682.7976429404268,2456844.0,0.189267206220664,hist
GMB,2020,1687449652.9567418,670.758642891253,2515733.000000002,0.167744351248722,hist
GMB,2021,1776141480.0321798,689.4932395573697,2576009.9999999995,0.185403006975905,hist
GMB,2022,1873704900.0944414,710.6869792163156,2636470.0000000023,0.187713116401856,hist
GMB,2023,1984568191.3287904,735.6123837095125,2697845.000000001,0.17562165357906,hist
GMB,2024,2094736745.3015406,758.9658887290595,2759988.0000000014,0.178370340740612,hist
GMB,2025,2094736745.3015425,758.9658887290602,2759988.0000000014,0.21124504027798705,projected
GMB,2030,2808290055.932223,938.5462909656171,2992170.000525954,0.22679176553117938,projected
GMB,2035,3706117419.08422,1153.2998821255471,3213489.80999963,0.2626899936263964,projected
GMB,2040,4852162512.288603,1417.5421271910443,3422940.609111555,0.290303986204525,projected
GMB,2045,6282175664.346822,1741.129628499031,3608103.3608982195,0.33145587454408104,projected
GMB,2050,8045277245.725928,2136.9971954953644,3764757.980349619,0.37128438711131584,projected
GMB,2055,10190296973.813253,2616.222787992763,3895041.745138045,0.26582100714406615,projected
GMB,2060,12755019748.968067,3185.0240817809895,4004685.4973340626,0.16804614999430276,projected
GMB,2065,15778683736.948095,3846.87639786422,4101687.214517315,0.10711366138056247,projected
GMB,2070,19279890734.85324,4604.727068814767,4186977.956940189,0.04913364558406014,projected
GNB,2012,1041496885.435439,630.6686230282477,1651416.9999999988,0.193894092164487,hist
GNB,2013,1075408772.9502294,634.0954560893539,1695972.9999999995,0.194283753338054,hist
GNB,2014,1085781367.4383695,623.6101591033656,1741121.9999999988,0.195965590004606,hist
GNB,2015,1152384166.7963805,645.0668372070419,1786457.0,0.20291560334225797,hist
GNB,2016,1214989490.9555693,663.242608032003,1831892.9999999988,0.20678063620528103,hist
GNB,2017,1271652706.0328903,677.4661313113669,1877072.0000000005,0.163339498964344,hist
GNB,2018,1319485332.4773006,686.4568198395251,1922168.0000000005,0.183438700467389,hist
GNB,2019,1389780856.9748595,706.2985628749866,1967695.9999999998,0.181227181434531,hist
GNB,2020,1429964954.9559493,710.275129060129,2013254.999999999,0.167042923027634,hist
GNB,2021,1502186168.8535094,729.6270906075356,2058841.0000000005,0.16319861514318,hist
GNB,2022,1585255149.1631694,752.9011232631657,2105528.999999999,0.163331875267451,hist
GNB,2023,1677635814.1343787,779.0857891555298,2153338.999999999,0.152925294159443,hist
GNB,2024,1747195818.6794884,793.6921576737795,2201351.999999998,0.155449923501557,hist
GNB,2025,1747195818.679487,793.6921576737789,2201351.999999998,0.19479976172786273,projected
GNB,2030,2395661192.8676267,1021.9531281735178,2344198.698377942,0.21291356155324323,projected
GNB,2035,3305081584.571803,1332.4847245694464,2480389.848851546,0.25031375239649795,projected
GNB,2040,4559129945.300157,1749.1191159937935,2606529.140075063,0.28039739685019444,projected
GNB,2045,6245662874.13624,2297.8297164958426,2718070.372795416,0.3236146642826031,projected
GNB,2050,8450968102.322842,3005.314067317423,2812008.3003059546,0.3656043465488801,projected
GNB,2055,11266039964.625053,3900.1111230927495,2888645.889579473,0.26362786248717734,projected
GNB,2060,14771413676.869488,5007.834019563102,2949661.194673179,0.16780660317018953,projected
GNB,2065,19045009675.148106,6354.050092200109,2997302.413231954,0.10781049479222266,projected
GNB,2070,24140169466.047318,7959.912200280395,3032718.0575178904,0.049892104697568995,projected
GNQ,2012,15070007775.405195,11650.719627088403,1293483.0000000005,4.3371269664928,hist
GNQ,2013,14447134439.883993,10731.6455729191,1346217.9999999988,4.251391676533821,hist
GNQ,2014,14507099626.490303,10363.487247354891,1399828.0,4.08471612226645,hist
GNQ,2015,13185496881.017412,9068.910032386455,1453923.0,3.71883517902943,hist
GNQ,2016,12023008461.848497,7971.834019045732,1508185.9999999988,3.57336561935995,hist
GNQ,2017,11341603434.732384,7259.109364548034,1562395.999999999,3.1278881922380806,hist
GNQ,2018,10634279338.581701,6578.900397657113,1616421.9999999993,3.28825022178614,hist
GNQ,2019,10051326714.932493,6018.120663218625,1670177.0,3.0669803260373,hist
GNQ,2020,9569759527.147488,5575.262415114922,1716468.0000000014,2.86058347723348,hist
GNQ,2021,9652085293.257545,5487.924792019919,1758786.0000000002,2.86038210447434,hist
GNQ,2022,9963221065.409672,5524.243124185792,1803545.0000000014,2.82155421683407,hist
GNQ,2023,9456161986.863632,5118.219861483311,1847549.0000000005,2.57914675064098,hist
GNQ,2024,9541952850.627113,5041.940385511731,1892515.999999999,2.55052004844345,hist
GNQ,2025,9541952850.627113,5041.940385511731,1892515.999999999,1.1766731927696836,projected
GNQ,2030,11179298961.6367,5390.010195367319,2074077.516819029,1.4578473393723133,projected
GNQ,2035,12943429459.337614,5750.516364888278,2250829.080040203,1.4714754937929018,projected
GNQ,2040,14899164289.177992,6157.327015575678,2419745.492076158,1.2078660463455921,projected
GNQ,2045,17041363543.589172,6606.921351908361,2579319.873191301,1.3947718393875972,projected
GNQ,2050,19339187777.15979,7090.404933635591,2727515.2770779287,1.2421005408563919,projected
GNQ,2055,21767794103.308487,7595.839065193556,2865752.4095073496,0.8550159615121354,projected
GNQ,2060,24352310959.037056,8139.042781895752,2992036.239593877,0.5055687103221878,projected
GNQ,2065,27033343856.886536,8713.074717634445,3102618.1609775005,0.29521133808690675,projected
GNQ,2070,29766346931.26265,9321.12271096816,3193429.359774076,0.09994779245208273,projected
GRC,2012,197978089510.09308,17924.662049688588,11045011.000000004,7.38387675666416,hist
GRC,2013,193479795684.27606,17644.876663502055,10965211.000000002,6.737444450453349,hist
GRC,2014,195012591113.5869,17903.525244001212,10892412.999999996,6.51907892218189,hist
GRC,2015,194567373678.09894,17980.729823813745,10820882.999999989,6.41834866895798,hist
GRC,2016,194505511433.34332,18049.928997891984,10775971.000000013,6.3252954188536705,hist
GRC,2017,197370820217.69183,18352.088446125836,10754678.999999983,6.358525438090709,hist
GRC,2018,201445880434.66986,18769.03896219765,10732882.000000002,6.19923893694163,hist
GRC,2019,206033167050.8954,19216.6759579785,10721582.000000019,5.7354129269356,hist
GRC,2020,187085880047.7381,17486.951333323,10698599.0,4.89415483279633,hist
GRC,2021,203277223532.8712,19232.96833271134,10569207.000000007,5.08222613106168,hist
GRC,2022,214502162962.97205,20552.322327968453,10436882.0,5.28092585505901,hist
GRC,2023,219083738943.27145,21050.8648111581,10407351.000000019,4.92324127436463,hist
GRC,2024,223655084018.9242,21494.68560605987,10405134.000000002,5.046422275772711,hist
GRC,2025,223655084018.92462,21494.68560605991,10405134.000000002,3.8066166701735766,projected
GRC,2030,247008100256.7793,23787.128282735903,10384107.628328197,3.045635782082027,projected
GRC,2035,271564654889.59882,26182.63460576496,10371937.697583918,1.8424223956431676,projected
GRC,2040,297100538655.75494,28683.61380278595,10357848.934184803,0.7270171840321421,projected
GRC,2045,323070034673.1719,31283.996428328664,10327006.506771673,0.1026942994509825,projected
GRC,2050,350381966018.0722,34134.75999398658,10264667.63146417,0.04766665358756308,projected
GRC,2055,380120010788.32214,37370.824330032956,10171571.475955905,0.03072171040160868,projected
GRC,2060,412399093857.02203,41001.364873687904,10058179.65151872,0.013490889499691754,projected
GRC,2065,445695579329.89996,44955.274534213786,9914199.923096847,0.014070863293727781,projected
GRC,2070,478641649698.91364,49084.90710415263,9751299.8992397,0.01469639071747254,projected
GRD,2012,852529700.2278153,7559.562848395607,112775.00000000009,0.843272001773443,hist
GRD,2013,872573509.1023229,7688.752977013424,113487.00000000006,1.08029994624935,hist
GRD,2014,936638937.7860473,8206.628621123324,114132.00000000001,0.963796306031612,hist
GRD,2015,997007407.4074078,8694.124380056923,114676.00000000001,1.02113781436395,hist
GRD,2016,1034291535.85512,8983.68397337896,115130.00000000003,1.10831234256927,hist
GRD,2017,1080200382.6086311,9357.407288835826,115438.0000000001,1.10882031913235,hist
GRD,2018,1127312678.4280617,9744.169195772021,115691.00000000007,1.24037306272744,hist
GRD,2019,1134939081.0314405,9785.560402405908,115981.00000000009,1.55542718203844,hist
GRD,2020,978809798.8044869,8413.28335500372,116340.9999999999,1.3202568312117,hist
GRD,2021,1024791581.86502,8782.32193426076,116688.00000000004,1.37803373097491,hist
GRD,2022,1099706286.2188196,9406.193376432213,116913.00000000003,1.44894066528102,hist
GRD,2023,1149485315.7638903,9817.863835839207,117081.00000000001,1.45113212220599,hist
GRD,2024,1195043156.5398312,10196.004987243345,117207.00000000004,1.50076360626925,hist
GRD,2025,1195043156.5398312,10196.004987243345,117207.00000000004,1.50076360626925,projected
GRD,2030,1195043156.5398312,10196.004987243345,117207.00000000004,1.50076360626925,projected
GRD,2035,1195043156.5398312,10196.004987243345,117207.00000000004,1.50076360626925,projected
GRD,2040,1195043156.5398312,10196.004987243345,117207.00000000004,1.50076360626925,projected
GRD,2045,1195043156.5398312,10196.004987243345,117207.00000000004,1.50076360626925,projected
GRD,2050,1195043156.5398312,10196.004987243345,117207.00000000004,1.50076360626925,projected
GRD,2055,1195043156.5398312,10196.004987243345,117207.00000000004,1.50076360626925,projected
GRD,2060,1195043156.5398312,10196.004987243345,117207.00000000004,1.50076360626925,projected
GRD,2065,1195043156.5398312,10196.004987243345,117207.00000000004,1.50076360626925,projected
GRD,2070,1195043156.5398312,10196.004987243345,117207.00000000004,1.50076360626925,projected
GRL,2012,2480080343.49763,43655.700466425435,56810.00000000003,9.48600598486182,hist
GRL,2013,2447881939.218306,43338.38392469075,56482.999999999956,9.51436715471912,hist
GRL,2014,2563963821.891272,45545.142941491635,56295.000000000015,8.54072297717382,hist
GRL,2015,2499113022.816751,44536.35497053765,56114.00000000003,9.24546458994191,hist
GRL,2016,2616120347.6951528,46561.78314340142,56186.00000000001,9.18200263410814,hist
GRL,2017,2617499780.416439,46597.945247034826,56171.99999999998,8.95641956846828,hist
GRL,2018,2633808516.6403484,47012.98603502754,56023.000000000015,9.0730592792246,hist
GRL,2019,2708402650.632367,48170.789695551255,56224.999999999956,9.31791907514451,hist
GRL,2020,2715195047.196713,48169.94069573884,56367.00000000004,9.35831248780315,hist
GRL,2021,2759563889.53607,48709.93397588954,56653.0,9.67998164263146,hist
GRL,2022,2814880887.7773414,49679.33654148959,56660.99999999999,10.4198655159634,hist
GRL,2023,2839256686.2447615,49929.775542860494,56864.999999999985,10.2857645300273,hist
GRL,2024,2839256686.2447615,49929.775542860494,56864.999999999985,10.2857645300273,hist
GRL,2025,2839256686.2447615,49929.775542860494,56864.999999999985,10.2857645300273,projected
GRL,2030,2839256686.2447615,49929.775542860494,56864.999999999985,10.2857645300273,projected
GRL,2035,2839256686.2447615,49929.775542860494,56864.999999999985,10.2857645300273,projected
GRL,2040,2839256686.2447615,49929.775542860494,56864.999999999985,10.2857645300273,projected
GRL,2045,2839256686.2447615,49929.775542860494,56864.999999999985,10.2857645300273,projected
GRL,2050,2839256686.2447615,49929.775542860494,56864.999999999985,10.2857645300273,projected
GRL,2055,2839256686.2447615,49929.775542860494,56864.999999999985,10.2857645300273,projected
GRL,2060,2839256686.2447615,49929.775542860494,56864.999999999985,10.2857645300273,projected
GRL,2065,2839256686.2447615,49929.775542860494,56864.999999999985,10.2857645300273,projected
GRL,2070,2839256686.2447615,49929.775542860494,56864.999999999985,10.2857645300273,projected
GTM,2012,55161308535.57361,3655.5731579124217,15089646.999999976,0.833631164466604,hist
GTM,2013,57199419016.29294,3717.304626284131,15387336.999999989,0.8796388874826099,hist
GTM,2014,59741348518.37594,3809.6158757009102,15681725.00000002,0.9269197106823389,hist
GTM,2015,62186066547.65663,3893.505332990683,15971743.000000004,1.06172507283645,hist
GTM,2016,63851286764.09988,3924.778948370979,16268760.000000007,1.10787792062825,hist
GTM,2017,65817811430.0879,3972.740578360683,16567356.999999998,1.02957279184604,hist
GTM,2018,68060140995.09708,4040.2121371198027,16845685.00000002,1.11243324329049,hist
GTM,2019,70794727937.1204,4139.122038363074,17103802.999999985,1.14962736649855,hist
GTM,2020,69530651433.08301,4005.8391159399885,17357324.99999999,1.01505848395418,hist
GTM,2021,75122100458.92189,4268.628585654117,17598650.000000015,1.14808238131902,hist
GTM,2022,78265598404.14166,4385.148911780468,17847877.000000007,1.06185178214753,hist
GTM,2023,81030845277.97235,4470.707284554616,18124838.000000007,1.11051475329048,hist
GTM,2024,83989981406.96953,4563.095906527166,18406359.000000015,1.1066501528086,hist
GTM,2025,83989981406.96953,4563.095906527166,18406359.000000015,0.9918890040776418,projected
GTM,2030,106238020651.78377,5369.622117801281,19785008.762457468,0.8597275479754221,projected
GTM,2035,133102250662.1511,6317.916983481206,21067426.338484593,0.7500487017233141,projected
GTM,2040,165911740580.28693,7467.190591163387,22218763.342752434,0.6391357796178958,projected
GTM,2045,205753342361.99365,8840.633442825276,23273597.27022449,0.5735423642765219,projected
GTM,2050,253538105166.48517,10471.927114858492,24211217.513798676,0.5619331691142959,projected
GTM,2055,309837192746.2363,12377.771691978116,25031742.42154087,0.39816956329544295,projected
GTM,2060,374772495040.2161,14576.193117553898,25711273.994365722,0.2461437621784236,projected
GTM,2065,449374607109.319,17071.311711033442,26323378.93630526,0.140408064638094,projected
GTM,2070,534080301234.84625,19882.232679808552,26862189.465131488,0.03958574085595047,projected
GUM,2012,5556275705.186523,33404.93176369123,166330.9999999999,0.001803632515887,hist
GUM,2013,5650199454.049133,34044.31904154549,165965.99999999985,0.0018075991468132,hist
GUM,2014,5751510464.058235,34755.26911072983,165485.99999999994,0.0012085614493068,hist
GUM,2015,5798999999.999994,35165.701464479534,164904.9999999999,0.0012128195021375,hist
GUM,2016,5809553230.20928,35373.84831434167,164233.00000000015,0.0018266730803187998,hist
GUM,2017,5861264058.234758,35850.90255205066,163489.99999999988,0.0018349746161844,hist
GUM,2018,5812719199.272068,35731.22037430811,162678.99999999997,0.0018441224743205003,hist
GUM,2019,5959409099.181076,36830.126441097294,161808.00000000015,0.0024720656580638,hist
GUM,2020,5332547224.749772,32884.88526467873,162157.99999999997,0.0024667299794028,hist
GUM,2021,5442300818.926307,33239.48463278754,163730.0000000001,0.0018322848592194,hist
GUM,2022,5719850773.430388,34627.98627818372,165180.00000000003,0.0018162005085361,hist
GUM,2023,5719850773.430388,34627.98627818372,165180.00000000003,0.0018162005085361,hist
GUM,2024,5719850773.430388,34627.98627818372,165180.00000000003,0.0018162005085361,hist
GUM,2025,5719850773.430388,34627.98627818372,165180.00000000003,0.0018162005085361,projected
GUM,2030,5719850773.430388,34627.98627818372,165180.00000000003,0.0018162005085361,projected
GUM,2035,5719850773.430388,34627.98627818372,165180.00000000003,0.0018162005085361,projected
GUM,2040,5719850773.430388,34627.98627818372,165180.00000000003,0.0018162005085361,projected
GUM,2045,5719850773.430388,34627.98627818372,165180.00000000003,0.0018162005085361,projected
GUM,2050,5719850773.430388,34627.98627818372,165180.00000000003,0.0018162005085361,projected
GUM,2055,5719850773.430388,34627.98627818372,165180.00000000003,0.0018162005085361,projected
GUM,2060,5719850773.430388,34627.98627818372,165180.00000000003,0.0018162005085361,projected
GUM,2065,5719850773.430388,34627.98627818372,165180.00000000003,0.0018162005085361,projected
GUM,2070,5719850773.430388,34627.98627818372,165180.00000000003,0.0018162005085361,projected
GUY,2012,4032790343.8501086,5403.798994289217,746287.9999999995,2.68341444589756,hist
GUY,2013,4180123674.4704747,5573.342179046289,750020.9999999997,2.63645951246698,hist
GUY,2014,4250621228.25175,5635.717041179466,754229.0000000005,2.73802784035087,hist
GUY,2015,4279840193.7046003,5640.415605694662,758780.9999999998,2.73412223026143,hist
GUY,2016,4442793237.239929,5818.616822046457,763548.0000000002,3.21708654858634,hist
GUY,2017,4608708975.078147,5997.18271426825,768478.9999999995,3.21257965409595,hist
GUY,2018,4813377725.773476,6080.90612132746,791555.9999999994,3.26041366624724,hist
GUY,2019,5071030135.731626,6278.6305407955315,807665.0000000003,3.45861217212582,hist
GUY,2020,7275896377.204186,9010.61000469879,807481.0000000002,4.12368835923074,hist
GUY,2021,8735441012.709677,10711.997337414772,815482.0000000003,4.07256076774227,hist
GUY,2022,14268000638.322012,17365.33364286419,821637.0000000005,4.48373186699236,hist
GUY,2023,19089873040.055817,23101.353828274125,826353.0000000005,4.52651590785052,hist
GUY,2024,27454923839.268177,33034.95763893333,831086.9999999998,4.55860818422139,hist
GUY,2025,27454923839.268177,33034.95763893333,831086.9999999998,3.705475923660996,projected
GUY,2030,31977418017.184395,38445.860772833796,831751.9070812413,3.449552867705623,projected
GUY,2035,36456840821.97759,44131.878893092384,826088.5721700804,3.2265162312629023,projected
GUY,2040,41434660944.33701,50880.877513054744,814346.429731011,2.94146264785859,projected
GUY,2045,47446194021.64879,59470.153017754965,797815.2335926159,2.8221897710624098,projected
GUY,2050,54497593107.216095,69996.83710798569,778572.2235297781,2.9475549646208323,projected
GUY,2055,62201215842.93191,82213.72288651722,756579.4816127066,2.222102570375402,projected
GUY,2060,69775624459.27864,95311.82731134073,732077.292268809,1.458193021505051,projected
GUY,2065,77393104448.74846,109218.95959064817,708605.0328515967,0.879810168354335,projected
GUY,2070,86105827926.20316,125451.23046892928,686368.9387847745,0.26132567716229005,projected
HKG,2012,285202001494.7983,39887.83394565085,7150100.000000004,6.24424833219116,hist
HKG,2013,294047609778.9751,40959.98130339954,7178900.000000004,6.43354831520149,hist
HKG,2014,302170458556.2992,41796.8681867763,7229499.999999998,6.57781312677225,hist
HKG,2015,309385622601.34814,42432.161974044124,7291300.000000006,6.06825943247432,hist
HKG,2016,316116086739.66986,43087.54555784286,7336599.999999999,6.14445383420113,hist
HKG,2017,328116204743.63605,44380.81003403613,7393200.000000003,5.96964778445058,hist
HKG,2018,337457513840.2758,45280.50798919515,7452600.000000001,5.91190993747149,hist
HKG,2019,331813719170.55194,44195.27686444302,7507900.000000005,5.79498927796055,hist
HKG,2020,310097161184.3499,41451.29811313329,7480999.9999999935,4.55312124047587,hist
HKG,2021,330112209080.3701,44530.926209058314,7413099.999999998,4.65895509301102,hist
HKG,2022,317951587861.71686,43281.685229130686,7346099.999999998,4.37404881501749,hist
HKG,2023,328201901799.31903,43550.62987477859,7536100.000000002,4.527461153647109,hist
HKG,2024,336423318692.0372,44712.765472553154,7524099.999999999,4.60070971943488,hist
HKG,2025,336423318692.0377,44712.765472553234,7524099.999999999,4.60070971943488,projected
HKG,2030,375877077929.57947,48078.38665099246,7818005.222557117,4.60070971943488,projected
HKG,2035,416767609171.40106,51450.5693080837,8100349.807128767,4.60070971943488,projected
HKG,2040,456599835180.8021,54661.42501872443,8353236.94953786,4.60070971943488,projected
HKG,2045,493257145492.94037,57488.69816422088,8580071.583529575,4.60070971943488,projected
HKG,2050,525935648649.808,59915.293404154014,8777986.700359613,4.60070971943488,projected
HKG,2055,556069313198.1204,62195.20031244736,8940711.026005523,4.60070971943488,projected
HKG,2060,585431326050.4724,64532.48926143081,9071885.072940579,4.60070971943488,projected
HKG,2065,612761533029.4574,67052.44380621542,9138541.390085137,4.60070971943488,projected
HKG,2070,637528678925.6827,69703.98895090273,9146229.484437937,4.60070971943488,projected
HND,2012,19072018181.907074,2188.393788178909,8715075.999999993,1.13935896829815,hist
HND,2013,19604424966.4102,2205.401267280672,8889278.0,1.13847266335916,hist
HND,2014,20203944075.62802,2229.247722322175,9063122.000000011,1.09616752372968,hist
HND,2015,20979791685.416027,2271.2026598034813,9237305.000000013,1.17120740302502,hist
HND,2016,21796529142.773247,2315.7298305819795,9412380.000000015,1.03396802934008,hist
HND,2017,22852116284.63563,2383.373984397135,9588137.000000017,0.974871343619725,hist
HND,2018,23730778960.538177,2430.135036577627,9765209.999999987,0.922263832523827,hist
HND,2019,24338200129.367157,2447.6164928218086,9943632.999999983,1.02100509944404,hist
HND,2020,22156260473.816944,2189.4316866822246,10119640.000000017,0.91129723982276,hist
HND,2021,24940257609.68917,2423.7663491691096,10289876.999999993,1.00784489455025,hist
HND,2022,25973672631.77664,2482.22384904714,10463872.000000019,1.01020922274279,hist
HND,2023,26902451582.39209,2527.2736633318873,10644850.999999994,1.11312971877201,hist
HND,2024,27858556649.763718,2573.3715999564834,10825703.000000006,1.13551979026212,hist
HND,2025,27858556649.76369,2573.371599956481,10825703.000000006,0.8946832008687887,projected
HND,2030,34994432173.78824,3059.36223267393,11438472.96016417,0.7889027445041072,projected
HND,2035,43631083624.35756,3637.553313951664,11994623.819536224,0.6988898652219675,projected
HND,2040,54299094277.80958,4346.985963956166,12491205.338144753,0.6031191150966754,projected
HND,2045,67232061638.54999,5207.6477717303915,12910255.183447285,0.5485151376869611,projected
HND,2050,82608411941.09949,6232.581149490705,13254285.818300148,0.5445520441620215,projected
HND,2055,100613027632.412,7433.3088845953125,13535429.402230421,0.3906443334454455,projected
HND,2060,121344512684.19653,8823.827916438695,13751912.869711911,0.24414270138345298,projected
HND,2065,145160306493.89752,10433.711018864871,13912624.782441994,0.14093505950957205,projected
HND,2070,172204793448.6602,12284.077255831178,14018537.156864231,0.040241291925245955,projected
HRV,2012,50189155633.3966,11780.474276728348,4260368.0,4.40975990806428,hist
HRV,2013,50122079966.69184,11838.21524503566,4233921.999999997,4.34143567122871,hist
HRV,2014,49842552678.56144,11862.760949182048,4201598.000000004,4.20723258150827,hist
HRV,2015,50998893384.82891,12283.784062005285,4151725.0000000014,4.34144843408463,hist
HRV,2016,52766750207.31371,12848.419539106982,4106867.000000003,4.44976669563441,hist
HRV,2017,54499590874.62747,13485.301251427401,4041407.000000001,4.65112768894595,hist
HRV,2018,56086115348.75004,14060.987483312545,3988775.000000003,4.45402410514506,hist
HRV,2019,57825641269.215096,14641.663970692962,3949390.0000000014,4.5506268056586,hist
HRV,2020,53019830857.52197,13545.488116241711,3914205.9999999977,4.39207849561316,hist
HRV,2021,59717412023.484924,15395.128778275783,3878980.9999999967,4.5132213846884,hist
HRV,2022,64073470836.97715,16618.11118747237,3855641.0,4.57371420212618,hist
HRV,2023,66483687609.84402,17225.154484029023,3859685.9999999986,4.83573016043274,hist
HRV,2024,69027943227.32446,17854.20910126855,3866200.0,4.83151414825927,hist
HRV,2025,69027943227.32422,17854.209101268487,3866200.0,2.3462574478054976,projected
HRV,2030,74526915300.89189,19466.188402464148,3828531.4906054144,1.5401568978977707,projected
HRV,2035,80122428863.5045,21152.072385918495,3787923.3486759514,1.041163273664279,projected
HRV,2040,85587922840.06485,22851.70639277227,3745362.4411669895,1.0239662810387629,projected
HRV,2045,90528667110.04361,24466.396041729615,3700122.688917441,0.5992599272785983,projected
HRV,2050,95072345578.3067,26030.72197664601,3652313.0500799315,0.3156063219800511,projected
HRV,2055,99725801062.33821,27683.735060426643,3602324.6445850544,0.16781593151983631,projected
HRV,2060,104601924819.48885,29462.297488025728,3550365.509071446,0.015874941083201165,projected
HRV,2065,109465591610.31094,31379.13483816395,3488483.419790677,0.016399667886752987,projected
HRV,2070,114249845240.79022,33428.80928732191,3417706.094728304,0.016987445419966524,projected
HTI,2012,13643386325.966381,1354.885461244988,10069770.999999983,0.273948632992746,hist
HTI,2013,14233433330.5029,1392.382047368592,10222362.000000002,0.291263408593826,hist
HTI,2014,14644604839.589197,1411.7683480215373,10373235.000000004,0.311214389725095,hist
HTI,2015,14849629308.602491,1411.1268474679673,10523241.999999989,0.33202695519118497,hist
HTI,2016,15118774099.592773,1416.7488187969832,10671456.999999983,0.335286924737644,hist
HTI,2017,15498296353.5977,1432.672286095404,10817754.0,0.331556809297013,hist
HTI,2018,15756778637.997593,1437.3525192834898,10962361.999999998,0.32453772280098,hist
HTI,2019,15485274058.242973,1394.4211407111268,11105162.999999981,0.323714293972993,hist
HTI,2020,14973407477.256111,1331.6977850693202,11243848.000000004,0.30634530100371304,hist
HTI,2021,14704149691.21042,1292.719549635512,11374586.000000015,0.299641674870628,hist
HTI,2022,14456828250.629427,1256.721435924475,11503606.000000017,0.294629353613119,hist
HTI,2023,14187369712.676382,1219.1187164584724,11637397.99999999,0.290485897277037,hist
HTI,2024,13595808327.378109,1154.8730090988818,11772557.000000004,0.298473814991934,hist
HTI,2025,13595808327.378084,1154.8730090988797,11772557.000000004,0.27941789867339883,projected
HTI,2030,18348267431.302593,1508.2650180376809,12165148.174804516,0.2519264383530828,projected
HTI,2035,24485198082.229267,1961.5254439575397,12482732.843285661,0.22807901673619513,projected
HTI,2040,32493696076.049732,2550.7426528204705,12738915.876174334,0.20085128018367857,projected
HTI,2045,42622073083.7746,3297.6825316689146,12924856.372455027,0.18607899491005692,projected
HTI,2050,55057307198.203285,4225.26339366255,13030502.969538763,0.188119656827811,projected
HTI,2055,70082842916.70067,5364.559055114369,13064045.375711974,0.13745974057507265,projected
HTI,2060,87760013817.47794,6743.7736270691785,13013487.502785314,0.08762192527139491,projected
HTI,2065,108290089312.52939,8382.92102328526,12917942.207940614,0.05155068156892842,projected
HTI,2070,131727852792.10193,10314.648380030927,12770949.42442497,0.015002065603597335,projected
HUN,2012,113496503293.0171,11440.762271882515,9920362.000000011,4.80352430687509,hist
HUN,2013,115802945078.18712,11729.572079850128,9872734.000000004,4.5374057479924,hist
HUN,2014,120822254244.7303,12287.377944103348,9833038.000000017,4.55934371452648,hist
HUN,2015,125244126623.28888,12782.941257797227,9797754.999999985,4.85223400666785,hist
HUN,2016,128298381762.59201,13145.655988556271,9759755.0,4.94531881179394,hist
HUN,2017,133589642960.1718,13734.24428043347,9726755.99999999,5.2571073027842,hist
HUN,2018,141078862882.165,14533.778314431276,9706963.999999994,5.28069332491601,hist
HUN,2019,148241697677.3041,15290.80854663313,9694824.000000007,5.31240175169761,hist
HUN,2020,141809897486.431,14664.297119538574,9670418.999999993,5.13443109342005,hist
HUN,2021,152052706989.4451,15787.953542756291,9630932.000000011,5.29398400902426,hist
HUN,2022,158366514062.4819,16487.797393594454,9605074.000000004,4.95293425120931,hist
HUN,2023,157072489603.6521,16375.046272419231,9592186.00000001,4.48048025757632,hist
HUN,2024,157952280644.58707,16518.636993639662,9562065.000000002,4.45791782423566,hist
HUN,2025,157952280644.58734,16518.63699363969,9562065.000000002,2.612611207109869,projected
HUN,2030,175727147641.1663,18617.190000919523,9438972.671626972,1.720437723091381,projected
HUN,2035,195038727427.9649,20971.057947596422,9300376.162010418,1.167847147805777,projected
HUN,2040,214124211025.17502,23391.332556631744,9153997.982234152,1.1538123698602465,projected
HUN,2045,233559587742.01068,25936.749379863937,9004967.597186072,0.678134287960752,projected
HUN,2050,254037230827.90106,28694.338842602556,8853217.780042779,0.3585741998062705,projected
HUN,2055,274922588354.0334,31614.968165040264,8695962.840096798,0.19145418247094093,projected
HUN,2060,296977715674.16833,34819.83768195156,8528980.473338136,0.0181992949793435,projected
HUN,2065,320112174312.471,38402.7454483013,8335658.572729227,0.018901588104639686,projected
HUN,2070,342579463866.74133,42183.03885848742,8121260.893886804,0.019688191332246148,projected
IDN,2012,740537688618.413,2930.518445322994,252698524.99999973,1.9954892890649,hist
IDN,2013,781691320690.6985,3055.2424600646837,255852467.00000006,1.85640226795234,hist
IDN,2014,820828013230.5876,3170.72103011429,258877398.99999988,1.9510247010786803,hist
IDN,2015,860854232686.2153,3288.222697255386,261799249.0000003,1.95721455259026,hist
IDN,2016,904181621780.3865,3416.810051709712,264627417.9999997,1.91626591013332,hist
IDN,2017,950021694164.0032,3553.5199926232162,267346658.00000048,2.00394276108737,hist
IDN,2018,999178586309.0203,3701.3215546191204,269951845.9999997,2.20953925241911,hist
IDN,2019,1049330233997.4486,3850.903217389778,272489380.9999999,2.33979466524606,hist
IDN,2020,1027656193885.3792,3739.449065631621,274814866.0,2.16976580881181,hist
IDN,2021,1065709127396.86,3850.6887725390243,276758052.99999994,2.24993200107532,hist
IDN,2022,1122268412650.1987,4024.912252883901,278830528.9999997,2.5918955237502,hist
IDN,2023,1178932006499.4993,4192.651678906924,281190066.99999976,2.74747187282401,hist
IDN,2024,1238236350136.5613,4367.862666211915,283487931.0000004,2.86503978188758,hist
IDN,2025,1238236350136.559,4367.862666211908,283487931.0000004,0.02928131909198124,projected
IDN,2030,1594553901256.46,5483.446519620656,290794101.0368003,0.036820733775213846,projected
IDN,2035,1981081177412.821,6683.517131701291,296412972.1484736,0.048387122936032416,projected
IDN,2040,2408359036572.6436,8023.113928582885,300177594.13744605,0.06000010668510937,projected
IDN,2045,2857354864954.278,9464.550312337024,301900752.8788474,0.07181593218867757,projected
IDN,2050,3317400030267.892,11005.017273301328,301444327.42655075,0.07006293296486121,projected
IDN,2055,3790206394240.0635,12661.994931206622,299337222.5176587,0.05123179771209277,projected
IDN,2060,4269803125605.453,14441.335175059063,295665398.9292919,0.03230372709458918,projected
IDN,2065,4747417260306.196,16332.9160771555,290665625.0408528,0.020292732613355433,projected
IDN,2070,5211653318675.096,18312.161878777923,284600657.9220399,0.007890724061453809,projected
IND,2012,1704596203504.3228,1333.0962655766793,1278674502.000002,1.57607553513255,hist
IND,2013,1813453530766.6316,1399.453798028705,1295829511.0000014,1.5994585571681703,hist
IND,2014,1947834564908.9482,1484.3164068291342,1312277190.9999993,1.70517686000076,hist
IND,2015,2103588360044.937,1583.9981590798488,1328024497.9999979,1.71550269097521,hist
IND,2016,2277267041550.3613,1694.465349738245,1343944296.000001,1.7202923565219,hist
IND,2017,2432016068497.752,1788.697703184456,1359657400.0000014,1.7954533987753103,hist
IND,2018,2588974770244.575,1883.3577270506185,1374659064.0000024,1.85989309419052,hist
IND,2019,2689205295885.3115,1936.0306774106677,1389030312.0000002,1.8368822321279898,hist
IND,2020,2533830417086.5405,1806.5011058387788,1402617695.000001,1.6804001606439198,hist
IND,2021,2779348258938.774,1965.3094343750636,1414203896.0000014,1.83702951699406,hist
IND,2022,2990839011962.4624,2098.2112447615027,1425423212.0000014,1.96929618962877,hist
IND,2023,3265719695911.2383,2270.9051808026957,1438069595.9999995,2.09622858892568,hist
IND,2024,3477820532826.4766,2396.9499921354404,1450935790.999999,2.17365173535787,hist
IND,2025,3477820532826.4766,2396.9499921354404,1450935790.999999,1.6006092856799616,projected
IND,2030,4514808737962.312,2975.6244297449357,1517264306.890138,1.6592333244561621,projected
IND,2035,5694827069863.173,3607.406223274649,1578648679.242354,0.7940272693235273,projected
IND,2040,7045715850714.443,4312.777003488391,1633684246.835743,0.8455895946084209,projected
IND,2045,8547843581509.179,5081.918496205209,1682011151.475975,0.873533507022641,projected
IND,2050,10184651339513.953,5918.062514810235,1720943520.624592,0.8837769408306898,projected
IND,2055,11957762323725.408,6834.665786139235,1749575282.521621,0.8412593986116801,projected
IND,2060,13860380104897.328,7847.990512661767,1766105614.23785,0.8055934415983284,projected
IND,2065,15867431084857.484,8956.58965506886,1771592949.5416293,0.7642869093322627,projected
IND,2070,17938209545317.31,10145.767636293403,1768048529.0387304,0.7269299902637714,projected
IRL,2012,216854920423.99496,47147.160466941954,4599533.000000001,8.17522126702863,hist
IRL,2013,221610413457.21597,47928.03464870054,4623816.000000001,7.857968396666299,hist
IRL,2014,242410308909.2923,52044.62011818868,4657740.000000003,7.75893459059544,hist
IRL,2015,302101388556.2708,64250.138518125714,4701957.0,8.00687883789665,hist
IRL,2016,305795232417.1447,64205.97977735105,4762721.999999996,8.29636917712182,hist
IRL,2017,336707637029.95514,69748.62210340153,4827444.999999999,7.92618041220563,hist
IRL,2018,362595940328.69293,74029.05506114362,4898022.000000002,7.76337876800063,hist
IRL,2019,380627401462.693,76485.635854651,4976455.999999998,7.30821291296457,hist
IRL,2020,407856325068.063,80927.93647539515,5039746.999999996,6.80456776897729,hist
IRL,2021,474166373639.8973,92781.23221507859,5110584.999999998,7.11906758228265,hist
IRL,2022,509781668505.942,97793.53666716971,5212835.999999997,6.84581291258731,hist
IRL,2023,496851698334.41797,93541.96436783815,5311537.999999996,6.1870780177041,hist
IRL,2024,509767195342.4617,94474.98797070704,5395790.000000004,6.03605774131313,hist
IRL,2025,509767195342.4608,94474.98797070688,5395790.000000004,4.605829010827058,projected
IRL,2030,568410884142.0266,100957.17537186728,5630217.783414926,3.5245037745251033,projected
IRL,2035,630379824410.0454,107616.30086489242,5857661.147463709,2.0469200758679,projected
IRL,2040,693388901516.587,114006.76389980223,6081997.925368618,0.7768622320884725,projected
IRL,2045,755530818589.2614,119974.12012965919,6297448.297789051,0.10566525461028982,projected
IRL,2050,820203659435.3235,126326.8696075608,6492709.44481817,0.04728349976746384,projected
IRL,2055,891356302424.2234,133800.64537367356,6661823.640199014,0.029431767362201294,projected
IRL,2060,970183653114.4409,142538.17104980964,6806483.105324906,0.012508730328269357,projected
IRL,2065,1054043263213.7966,152277.90550460515,6921839.775251706,0.012645409593959187,projected
IRL,2070,1139457388544.4692,162424.44076436773,7015307.44500147,0.012817476248923413,projected
IRN,2012,401507697046.1525,5058.646378118352,79370579.99999993,7.46470417628295,hist
IRN,2013,395396833390.86957,4916.972919484757,80414685.99999991,7.61840318570665,hist
IRN,2014,415106476157.8197,5093.203197021866,81502044.99999994,7.810109550011899,hist
IRN,2015,409191686496.67694,4952.733555321775,82619362.00000003,7.61916074830014,hist
IRN,2016,445262288195.3401,5312.617249541916,83812228.00000003,7.66363471449536,hist
IRN,2017,458739730634.7577,5395.239839859796,85026753.9999999,7.83730730212281,hist
IRN,2018,441546348305.71906,5127.224953670185,86117998.0,7.68073939665899,hist
IRN,2019,431119516583.7054,4952.456690810785,87051648.00000001,8.18571981543646,hist
IRN,2020,450269020578.62146,5132.82430762118,87723443.00000007,8.38853190019001,hist
IRN,2021,468869169367.7799,5300.622719618942,88455487.99999985,8.86620624375505,hist
IRN,2022,489278157562.54425,5465.314475394125,89524245.99999994,8.84742330027555,hist
IRN,2023,515368187132.47485,5687.843963301166,90608707.00000013,9.00722487961339,hist
IRN,2024,534246745197.83466,5834.442969398628,91567737.99999985,9.05329342087712,hist
IRN,2025,534246745197.83466,5834.442969398628,91567737.99999985,6.366411736720951,projected
IRN,2030,620995282886.5027,6593.395899953126,94184437.32324909,5.526992915101215,projected
IRN,2035,720406213264.0173,7478.468504958607,96330714.34162639,4.397953218700335,projected
IRN,2040,829424494555.3386,8450.097445981593,98155612.98050684,3.1797985927612396,projected
IRN,2045,935611610775.8795,9405.234212008714,99477757.77675793,2.9026895114070874,projected
IRN,2050,1035663768256.9592,10347.257838109865,100090650.5337596,2.06838108585711,projected
IRN,2055,1134978422438.6106,11357.815086961045,99929292.18768354,1.397037837021762,projected
IRN,2060,1235374686705.8733,12475.215009259462,99026324.25885588,0.7289414863278282,projected
IRN,2065,1344539455223.4456,13788.141025060391,97514193.73936644,0.48144486119029695,projected
IRN,2070,1453197046269.008,15221.228068246088,95471734.59023383,0.22740781908088206,projected
IRQ,2012,147674239072.76703,4387.904690587076,33654842.00000002,3.95321422100273,hist
IRQ,2013,158939252263.83408,4504.826875373548,35281989.00000004,4.09302888224357,hist
IRQ,2014,162537141323.77484,4446.973432348629,36550058.999999985,3.7835233042989094,hist
IRQ,2015,166774104959.10236,4440.141892523686,37560535.00000005,3.6715158609961196,hist
IRQ,2016,189767872908.42596,4932.927291143895,38469626.999999985,4.03030161950881,hist
IRQ,2017,186314571374.74185,4736.327108098552,39337352.999999985,4.25410677734214,hist
IRQ,2018,191221819559.37775,4749.0092183689485,40265623.999999955,4.4937314270853,hist
IRQ,2019,201765390224.3958,4898.148976522647,41192170.99999999,4.70108992313127,hist
IRQ,2020,177479307669.56915,4213.998437660607,42116605.00000006,4.3658386045124,hist
IRQ,2021,180145367592.77194,4182.50064045731,43071211.00000001,4.6367351965098,hist
IRQ,2022,194483223959.19687,4412.997331465106,44070551.0,5.04369459778254,hist
IRQ,2023,195490074355.08722,4337.08705324181,45074049.00000006,5.16873911194444,hist
IRQ,2024,192469260104.18942,4180.296194773168,46042015.00000007,5.18375227496016,hist
IRQ,2025,192469260104.18942,4180.296194773168,46042015.00000007,3.412380407999362,projected
IRQ,2030,243039723235.90485,4778.17172670116,50864585.2717602,2.7582085544227763,projected
IRQ,2035,298662059293.4192,5364.984615271046,55668763.41887336,2.0510600014004337,projected
IRQ,2040,346732452899.1034,5745.03446804229,60353415.60226667,1.3937582545002145,projected
IRQ,2045,398788761008.99475,6161.736320383374,64720192.53562975,1.2024342114716695,projected
IRQ,2050,452980595302.09534,6594.617497323638,68689441.87982595,0.8122853778973987,projected
IRQ,2055,512102186516.714,7078.815540811895,72342920.02161412,0.5200911919659742,projected
IRQ,2060,580635733410.9044,7670.464791566551,75697594.49900562,0.2570015848260618,projected
IRQ,2065,662972599685.347,8420.236931835272,78735622.88713956,0.16070066564475294,projected
IRQ,2070,761783095404.0616,9347.925552881443,81492208.20112827,0.07180235253447356,projected
ISL,2012,16156200535.196413,50375.411688834996,320716.0000000002,11.3655071776899,hist
ISL,2013,16737332122.853008,51696.08765289839,323764.00000000023,11.4608171384095,hist
ISL,2014,17057653878.221302,52102.5757919438,327385.9999999998,10.5804768682839,hist
ISL,2015,17700486957.190693,53505.696407934025,330815.0,10.9704819914454,hist
ISL,2016,18801118749.2807,56049.292864815056,335439.00000000006,9.4768348343514,hist
ISL,2017,19456350341.806522,56657.9800285571,343400.0000000003,9.69685497961561,hist
ISL,2018,20363166145.083603,57731.65234018839,352721.00000000023,9.34052693205111,hist
ISL,2019,20594942207.76321,57118.84527187539,360563.00000000006,8.81066554249882,hist
ISL,2020,19226227440.89952,52464.307285863804,366463.00000000023,8.38201946717677,hist
ISL,2021,20222255991.40321,54285.02091539572,372519.99999999994,8.49269837861054,hist
ISL,2022,22005999303.451305,57606.87560948812,382003.0000000003,8.48003811488391,hist
ISL,2023,23147265109.091705,60019.40841898678,385663.0000000001,8.34925829026897,hist
ISL,2024,22922580053.479626,59307.177775971446,386506.0000000001,8.5199194837855,hist
ISL,2025,22922580053.479626,59307.177775971446,386506.0000000001,5.769026639914832,projected
ISL,2030,26337701546.331543,64604.02915397273,407678.9310394264,4.367177475367276,projected
ISL,2035,30141293108.995358,70474.22649640217,427692.4289553447,2.5152983326320517,projected
ISL,2040,34441500255.41135,76974.25134029257,447441.8348435792,0.9474354343603129,projected
ISL,2045,39108832962.309,83753.74305200657,466950.2703661198,0.12785629576986965,projected
ISL,2050,43955459547.581215,90504.26208848797,485672.8128958724,0.05671366634999305,projected
ISL,2055,49043990571.93057,97487.78938166902,503078.29198917595,0.03496792244976155,projected
ISL,2060,54414269119.440254,104850.55630958057,518969.7702583217,0.014719392097213221,projected
ISL,2065,60241320166.61868,113059.7546190143,532827.2679311772,0.014738861428249523,projected
ISL,2070,66449726447.16571,121915.44240625946,545047.6587349365,0.014801668936901867,projected
ISR,2012,274800159647.14093,34738.658700099964,7910500.000000005,9.80845711396245,hist
ISR,2013,286027695014.0373,35489.50865612471,8059500.0000000065,8.47298219492524,hist
ISR,2014,296827610046.1461,36129.31461058048,8215700.000000002,8.02420974475699,hist
ISR,2015,303469434072.2958,36213.10414819582,8380100.0,8.11347119962769,hist
ISR,2016,317003511449.3098,37093.78790654221,8546000.000000002,7.90452843435525,hist
ISR,2017,330783435889.1893,37963.04911906959,8713300.000000006,7.78383620442312,hist
ISR,2018,344027669320.13104,38729.642603698274,8882800.0,7.14844418426622,hist
ISR,2019,356792803355.85345,39407.20160767097,9054000.000000013,7.213883366467859,hist
ISR,2020,349579824803.20776,37935.54327171792,9215099.999999998,6.66216318867945,hist
ISR,2021,382399686301.5497,40804.96898025366,9371400.000000013,6.50617837249504,hist
ISR,2022,406350386042.2793,42516.38880902733,9557500.000000013,6.65826837562124,hist
ISR,2023,413772459124.1373,42011.62139548556,9849000.0,6.14077571327038,hist
ISR,2024,417380424316.4695,41845.166056752256,9974399.999999994,5.78134023099134,hist
ISR,2025,417380424316.4702,41845.16605675233,9974399.999999994,4.871718314008341,projected
ISR,2030,494713298242.7769,45560.895711909274,10858287.364913737,3.9961194891952405,projected
ISR,2035,580283142669.279,49420.03779129789,11741859.54935587,3.007531927080449,projected
ISR,2040,676782393637.3125,53559.317628984674,12636128.009051751,2.058886836307747,projected
ISR,2045,782506454267.469,57846.753889536776,13527231.895530917,1.7793008147407348,projected
ISR,2050,895649646463.7559,62223.084993130164,14394169.729171118,1.1988619916673429,projected
ISR,2055,1017045890262.8755,66786.89150202285,15228226.189147778,0.764158419165893,projected
ISR,2060,1149686270755.119,71714.93981192667,16031335.643175406,0.3753231575217624,projected
ISR,2065,1297535928390.4492,77007.76748348423,16849416.244520143,0.23225296770145484,projected
ISR,2070,1460357092579.8835,82589.00727877984,17682221.165952954,0.10234700288958352,projected
ITA,2012,1863124632394.2478,30953.414744742677,60191246.99999998,6.55333989010063,hist
ITA,2013,1829252558793.342,30330.022159966775,60311613.00000006,5.99742374656768,hist
ITA,2014,1829227175768.2878,30325.028779392276,60320706.999999955,5.68586837020992,hist
ITA,2015,1845428048839.1003,30639.8829751432,60229605.00000002,5.87319309166979,hist
ITA,2016,1868241619489.509,31077.679267521147,60115222.999999955,5.80834075921169,hist
ITA,2017,1898202609462.0835,31635.522771080014,60002252.00000007,5.7611454316748,hist
ITA,2018,1913894038926.8274,31819.39718300665,60148657.9999999,5.65886939655412,hist
ITA,2019,1922107755078.1592,32180.434101742852,59729080.99999994,5.56784056329278,hist
ITA,2020,1751650987235.4292,29469.79892386259,59438851.000000015,4.96667406979317,hist
ITA,2021,1908092024820.8267,32267.709105020105,59133172.999999925,5.58651571090224,hist
ITA,2022,2000084512919.5586,33891.88665262168,59013666.99999994,5.60897190137329,hist
ITA,2023,2019599234310.2932,34239.6554751239,58984216.00000007,5.1591446091273,hist
ITA,2024,2033588532657.2363,34495.25457996362,58952703.9999999,5.07573834102673,hist
ITA,2025,2033588532657.2363,34495.25457996362,58952703.9999999,3.816217622878499,projected
ITA,2030,2163212997335.1018,36626.291288673114,59061753.762770064,3.0415212019990494,projected
ITA,2035,2301402757646.9395,38919.20414063555,59132831.938976996,1.835567945097561,projected
ITA,2040,2449631826309.4106,41429.92743863837,59127108.77752674,0.7233985691714263,projected
ITA,2045,2611352383829.924,44287.24140365104,58963988.29696907,0.10216072723027597,projected
ITA,2050,2787414657833.456,47561.96316604802,58605963.090759136,0.047420681129832415,projected
ITA,2055,2979130306012.8013,51316.67818031382,58053841.59015304,0.030574018391278924,projected
ITA,2060,3186722566525.7705,55554.90719750903,57361675.63373514,0.013436562728940992,projected
ITA,2065,3400351870426.103,60173.970671344,56508683.61335204,0.014022106632462233,projected
ITA,2070,3608310497867.9243,64917.82971173726,55582734.57215615,0.014644796229419523,projected
JAM,2012,14649543756.562407,5284.008525575902,2772430.0000000014,2.52991058385604,hist
JAM,2013,14725382395.311094,5289.884385461114,2783687.0000000005,2.68841288550042,hist
JAM,2014,14826961375.634516,5307.191653808023,2793749.000000001,2.58240808318858,hist
JAM,2015,14963589915.591188,5339.307182568061,2802533.999999998,2.53581223278647,hist
JAM,2016,15376650479.980297,5472.283140230323,2809915.000000002,2.71374756887664,hist
JAM,2017,15729242259.403221,5586.136572313308,2815764.0000000023,2.59524590839289,hist
JAM,2018,16124965549.224886,5717.876211075326,2820096.9999999986,3.08184434790718,hist
JAM,2019,16416735750.88521,5814.792753116937,2823271.0000000005,2.98926316318908,hist
JAM,2020,15053421189.292995,5317.841450339646,2830738.999999999,2.09235114929352,hist
JAM,2021,15912170664.542215,5607.453782538777,2837682.0000000023,2.28087572885193,hist
JAM,2022,16936803585.151299,5965.461274648735,2839143.9999999986,2.64695978787973,hist
JAM,2023,17401946531.63098,6127.907712634328,2839785.999999999,2.7128452636924,hist
JAM,2024,17308839319.813393,6096.432703096288,2839174.9999999986,2.84378384565939,hist
JAM,2025,17308839319.813427,6096.432703096299,2839174.9999999986,2.495348400399329,projected
JAM,2030,18978252878.467014,6657.033396119422,2850857.393855045,2.3153357891008093,projected
JAM,2035,20791918846.227036,7302.262542293377,2847325.5687266816,2.1535561923793693,projected
JAM,2040,23023119425.26991,8134.302234639165,2830374.2301617595,1.9469802265242822,projected
JAM,2045,25690701664.02157,9170.147634085308,2801558.130703327,1.8489355271787493,projected
JAM,2050,28669260201.801704,10395.30881204391,2757903.6582911094,1.9143202565668909,projected
JAM,2055,31895005028.553074,11814.808688719724,2699578.627879524,1.4327009449102706,projected
JAM,2060,35204836686.74337,13371.053448369797,2632914.214476912,0.932756126202328,projected
JAM,2065,38776352363.46342,15095.63819017613,2568712.3575005997,0.5583552478379541,projected
JAM,2070,42894432444.536385,17090.226079686265,2509880.925186908,0.16440667863319716,projected
JOR,2012,35488605511.91929,4677.476139771917,7587127.000000001,3.23339783293465,hist
JOR,2013,36414839440.0743,4556.520237167119,7991808.999999996,3.015399892565,hist
JOR,2014,37647146046.47385,4282.118728492388,8791710.000000007,2.93907556095458,hist
JOR,2015,38587017887.32385,4042.7567809755396,9544728.999999993,2.68560794130457,hist
JOR,2016,39356512808.34932,3933.1470461106787,10006366.999999987,2.52192429080405,hist
JOR,2017,40330034782.848564,3940.7019918114493,10234226.000000011,2.59425578446284,hist
JOR,2018,41103996749.736694,3928.7702682120575,10462306.000000019,2.4097651129684,hist
JOR,2019,41823826702.47794,3919.064269160733,10671890.999999985,2.18238735759201,hist
JOR,2020,41362613665.93586,3806.879493549135,10865227.999999994,1.9279853124113,hist
JOR,2021,42874683401.06764,3874.3271408463283,11066356.000000007,1.96480214444574,hist
JOR,2022,44009762839.50167,3909.80228869045,11256263.00000001,2.07333464045749,hist
JOR,2023,45279041100.77381,3958.2304395218252,11439213.00000001,2.10161310922351,hist
JOR,2024,46405988481.47294,4016.8342914329646,11552876.00000001,2.0898692239058,hist
JOR,2025,46405988481.472855,4016.8342914329573,11552876.00000001,1.5530386807045298,projected
JOR,2030,63232547362.38627,4960.255759363473,12747840.117522612,1.2568013070427488,projected
JOR,2035,84482529047.35117,6070.96019010165,13915843.030085266,0.9370031290061366,projected
JOR,2040,110560682617.3424,7347.432227863984,15047526.69892733,0.6383881340117864,projected
JOR,2045,141436881118.1124,8771.903962810888,16123851.984443074,0.5511793583250266,projected
JOR,2050,176665114640.0431,10305.353229963106,17143043.105634097,0.3716818282745824,projected
JOR,2055,216371130470.42844,11966.938054023129,18080742.918000422,0.23764018667736975,projected
JOR,2060,260913832325.08493,13788.381676497393,18922730.632690452,0.11740719053877723,projected
JOR,2065,309393996113.1066,15765.522428015962,19624722.081096478,0.07362851661909638,projected
JOR,2070,360685135719.1611,17885.27236595706,20166600.11315743,0.033134673526059935,projected
JPN,2012,4277925608846.492,33518.44493685986,127629000.00000016,10.2516011251361,hist
JPN,2013,4363702302793.372,34239.88624734881,127445000.00000007,10.3847926556554,hist
JPN,2014,4376627829634.9824,34386.90585526716,127275999.99999997,10.0063625506773,hist
JPN,2015,4444930651964.18,34960.639384338516,127140999.9999999,9.69456115651128,hist
JPN,2016,4478437728050.463,35242.19937714803,127076000.00000001,9.66865261733136,hist
JPN,2017,4553466417290.107,35861.972854567226,126971999.99999993,9.55283290804272,hist
JPN,2018,4582763011478.551,36138.529082481386,126811000.0000001,9.17213648658239,hist
JPN,2019,4564332550096.39,36043.784401351804,126633000.0000002,8.87456666113888,hist
JPN,2020,4374056271824.0176,34642.97187432391,126261000.0000002,8.39710520271501,hist
JPN,2021,4492005937826.881,35741.16010629242,125681593.00000003,8.5947828493867,hist
JPN,2022,4534320578755.852,36238.329489530246,125124989.0000001,8.3956307081074,hist
JPN,2023,4601203385713.689,36952.51507098606,124516649.99999982,8.05063579850566,hist
JPN,2024,4606002855955.126,37152.56360035516,123975370.99999997,7.84242057238933,hist
JPN,2025,4606002855955.134,37152.56360035523,123975370.99999997,8.68186714278919,projected
JPN,2030,4821761150975.386,39681.13538515091,121512681.13108826,7.2099906926986055,projected
JPN,2035,4982661199524.749,41959.94602962131,118748036.42519647,5.5136785391179295,projected
JPN,2040,5110109518028.567,44126.66479119271,115805478.21163452,4.55173544585426,projected
JPN,2045,5248851109829.951,46560.81214508692,112731090.11660159,3.71321611072006,projected
JPN,2050,5383232864605.991,49115.529638386106,109603477.84580828,2.472041082320109,projected
JPN,2055,5533666470602.825,51964.49743687325,106489367.61728819,1.604095824983264,projected
JPN,2060,5698557976261.767,55136.95478631056,103352787.5876926,0.6840067079953471,projected
JPN,2065,5859692816405.809,58595.1770695348,100002988.46186812,0.368911975206294,projected
JPN,2070,6015629856419.34,62341.411812025566,96494924.98754951,0.03202862741640321,projected
KAZ,2012,164960327499.37387,9531.91477617056,17306105.999999985,14.954739096131698,hist
KAZ,2013,174857947143.91122,9959.72586930534,17556502.000000026,15.7272046561439,hist
KAZ,2014,182201980933.86374,10226.710053968269,17816284.99999997,13.078674931390001,hist
KAZ,2015,184388404706.04172,10196.122625598215,18084168.99999999,11.2116791211142,hist
KAZ,2016,186416677156.15207,10151.423313301968,18363600.000000004,11.7692010281208,hist
KAZ,2017,194059760924.3522,10404.271864631708,18651931.000000022,12.1409198865254,hist
KAZ,2018,202016211108.85696,10670.212014827914,18932727.00000001,12.115523558756202,hist
KAZ,2019,211106940610.6124,10989.684071838836,19209555.00000003,11.3909406022159,hist
KAZ,2020,205829267103.1999,10565.035981623552,19482117.0,11.5744967551524,hist
KAZ,2021,214679925583.06897,10873.391527527623,19743603.0,12.2524647603581,hist
KAZ,2022,221549683201.0989,11058.348241340715,20034609.000000004,12.3050866627844,hist
KAZ,2023,232848717043.77084,11453.395272536274,20330104.000000004,12.5643331681924,hist
KAZ,2024,244491152895.8878,11872.784262629862,20592570.999999974,12.567818753666097,hist
KAZ,2025,244491152895.88647,11872.784262629799,20592570.999999974,11.761315324488576,projected
KAZ,2030,297484090161.54346,14057.909622347179,21161331.816264305,10.906235420225283,projected
KAZ,2035,346336818867.00464,15974.755614866866,21680257.727679234,7.89205243159504,projected
KAZ,2040,388114237183.6146,17510.59457303095,22164537.906746533,5.6679769086456675,projected
KAZ,2045,418130460527.5533,18529.232993144386,22565988.60202454,4.912286114891744,projected
KAZ,2050,433821100305.2621,18993.5919634774,22840392.756644063,4.167183638896938,projected
KAZ,2055,443658859474.0273,19284.980875817662,23005408.319090005,3.304126568448228,projected
KAZ,2060,457535198652.5543,19803.568354959272,23103674.572768442,2.4604506313357186,projected
KAZ,2065,477283473793.2317,20633.507214166104,23131475.84844659,1.8980742302467788,projected
KAZ,2070,498009923731.8137,21577.010828410395,23080579.96041256,1.3416069178240806,projected
KEN,2012,61281315911.57941,1396.3017870975643,43888303.00000001,0.293759364539568,hist
KEN,2013,63608687382.87652,1413.9414252258273,44986791.00000007,0.308839543589584,hist
KEN,2014,66801914096.61837,1450.5933820227658,46051439.999999925,0.341036024063525,hist
KEN,2015,70120446896.83582,1489.1195977728396,47088525.99999994,0.361032749251909,hist
KEN,2016,73074983895.09544,1517.9779605774195,48139687.00000008,0.38436685307073093,hist
KEN,2017,75879571212.38844,1542.3377397337206,49197765.99999997,0.391204755110222,hist
KEN,2018,80165208728.3955,1596.690459149451,50207106.999999925,0.381159185292234,hist
KEN,2019,84264984851.35497,1645.7096177786216,51202827.00000005,0.380387200105182,hist
KEN,2020,84035138346.85904,1609.3341407828093,52217334.000000045,0.367016056392308,hist
KEN,2021,90413816676.97949,1698.8957827144368,53219165.99999997,0.40428104416367594,hist
KEN,2022,94807911027.62492,1747.5319880442846,54252460.99999995,0.405006512054817,hist
KEN,2023,100230916344.51595,1811.216518384258,55339002.99999996,0.3843202596187,hist
KEN,2024,104966566488.39091,1860.0228704777664,56432943.999999925,0.38344092060835994,hist
KEN,2025,104966566488.39053,1860.0228704777599,56432943.999999925,0.5297703412389756,projected
KEN,2030,138994109104.34402,2262.738379255411,61427388.3267416,0.5871078192054561,projected
KEN,2035,181628695575.19794,2737.8352475527067,66340257.59495645,0.5654801678498754,projected
KEN,2040,236494547506.22382,3330.9374037847474,70999397.11791313,0.5399158521914881,projected
KEN,2045,306245567747.0293,4066.9498754181254,75301043.07359923,0.5183487294040519,projected
KEN,2050,393585834739.20386,4973.9099940403785,79130067.7356022,0.4199705744097079,projected
KEN,2055,502129534969.622,6091.826092073867,82426767.83287486,0.31207580590998873,projected
KEN,2060,635436047740.073,7447.343320427506,85323855.82347459,0.21347488137061824,projected
KEN,2065,796119907358.7693,9051.522393610385,87954254.8467607,0.1583738049315416,projected
KEN,2070,985220134545.7668,10916.876259864282,90247439.93553473,0.10687062155878801,projected
KGZ,2012,5572083788.241155,985.8472865972005,5652075.999999996,1.84730353944285,hist
KGZ,2013,6180302892.031289,1069.7840443871619,5777149.999999997,1.67670910396995,hist
KGZ,2014,6429000667.909082,1088.5821422950755,5905847.999999995,1.68334843700684,hist
KGZ,2015,6678177511.663132,1105.651938442607,6040036.000000002,1.70796995249697,hist
KGZ,2016,6967733666.777645,1128.3161612818035,6175337.999999996,1.57746831023662,hist
KGZ,2017,7297999868.503004,1157.1827575806744,6306695.999999995,1.5280901441896,hist
KGZ,2018,7572252145.255484,1175.0712778746952,6444078.999999996,1.7802078466139197,hist
KGZ,2019,7920623120.268596,1201.877014297205,6590210.999999998,1.55180160392437,hist
KGZ,2020,7354379549.419777,1093.3285646142238,6726595.999999998,1.38383515228208,hist
KGZ,2021,7759385792.104214,1132.5546781282012,6851224.000000006,1.53476225562031,hist
KGZ,2022,8455209116.53133,1212.1781272176838,6975219.999999998,1.5054865652983,hist
KGZ,2023,9217301873.925804,1298.2572448221133,7099750.000000005,1.44095214620233,hist
KGZ,2024,10050558458.413706,1391.6840432992824,7221868.000000003,1.48784220370685,hist
KGZ,2025,10050558458.41376,1391.68404329929,7221868.000000003,1.4727845245664102,projected
KGZ,2030,12945596503.29497,1750.9414733820126,7393506.122332026,1.370849319959619,projected
KGZ,2035,16563414387.926924,2197.4795073498403,7537460.227741735,0.9969001504883354,projected
KGZ,2040,20816930203.905964,2724.3602137421726,7641034.434030254,0.7220327378520297,projected
KGZ,2045,25605128937.483753,3329.382129598937,7690654.884535044,0.6329902029421136,projected
KGZ,2050,30748186447.806618,3997.362204326733,7692119.171618942,0.5434035803352626,projected
KGZ,2055,36247844373.04265,4735.9705532625885,7653730.943929048,0.4361498449918388,projected
KGZ,2060,42246481633.4321,5569.90022517021,7584782.4782428825,0.3291356131234594,projected
KGZ,2065,48825519813.331955,6504.200710283733,7506767.086097814,0.2568537360612671,projected
KGZ,2070,55765512503.56543,7516.999946766761,7418586.257613516,0.1833045091080279,projected
KHM,2012,19357661918.85192,1295.2527147789317,14945085.000000024,0.376906521441665,hist
KHM,2013,20878690156.781666,1376.2955759592553,15170207.999999974,0.375413441925121,hist
KHM,2014,22549052336.9265,1464.5311586692646,15396772.000000006,0.456810037844296,hist
KHM,2015,24174170369.073833,1547.3201044439343,15623251.00000002,0.54531544042914,hist
KHM,2016,26085259688.337273,1645.4667157812594,15852802.999999985,0.668405454858677,hist
KHM,2017,28191654621.94786,1753.9353050466207,16073372.000000028,0.735875459113371,hist
KHM,2018,30665817313.849136,1884.2837481708582,16274522.000000024,0.756550637862052,hist
KHM,2019,33099747942.811024,2008.3209400670596,16481304.000000017,0.953249815669925,hist
KHM,2020,31922812945.08813,1908.634275183358,16725474.000000015,1.1140611022444,hist
KHM,2021,32909177695.67297,1938.7643674172807,16974304.999999993,1.0888575408536603,hist
KHM,2022,34597385966.83145,2011.274333132621,17201724.000000026,1.06878240808886,hist
KHM,2023,36329791405.142044,2085.057484621226,17423879.999999978,1.08564797278218,hist
KHM,2024,38500536184.96454,2182.718439023412,17638800.999999974,1.10207037315065,hist
KHM,2025,38500536184.96451,2182.71843902341,17638800.999999974,3.460395932374361,projected
KHM,2030,49149282784.62251,2708.1295647570937,18148792.96184301,2.939513321749824,projected
KHM,2035,60725434267.841835,3275.239532879338,18540761.265926927,1.8079669297060035,projected
KHM,2040,74303022888.4727,3945.22728643019,18833648.227072172,1.6039716190848243,projected
KHM,2045,90318225372.5736,4738.466950289278,19060642.676226698,1.2940649621375508,projected
KHM,2050,108077076079.53401,5632.1089141252705,19189450.652929995,0.9701705812065486,projected
KHM,2055,128136970752.72784,6672.884318231094,19202636.317647945,0.6421435059797101,projected
KHM,2060,150082906293.5749,7854.637345585353,19107553.880629256,0.3163490189749496,projected
KHM,2065,174943391656.84726,9236.704731142217,18940022.091104954,0.19135864619010115,projected
KHM,2070,202924869710.45963,10831.852747761466,18734086.811916504,0.06426884103125803,projected
KIR,2012,157815476.89625213,1405.5028044623632,112284.00000000009,0.496954151971786,hist
KIR,2013,170016068.14069203,1493.4913485891525,113838.00000000006,0.527943217554771,hist
KIR,2014,172164497.7445469,1492.8506819324957,115325.99999999993,0.526334044361202,hist
KIR,2015,191559398.68829313,1639.8527474065231,116815.00000000009,0.533321919274066,hist
KIR,2016,205137185.56986684,1731.436938249016,118477.99999999994,0.57225814075187,hist
KIR,2017,212828045.37518686,1769.5119133251878,120274.99999999994,0.574516732488048,hist
KIR,2018,220233266.96334425,1803.9486498095089,122084.00000000009,0.621703089675961,hist
KIR,2019,227422251.8714242,1835.2196308246712,123921.00000000007,0.614100919133964,hist
KIR,2020,224083567.26451585,1777.044760581099,126098.99999999993,0.584461415237234,hist
KIR,2021,243085266.38138926,1893.5266159934338,128377.00000000012,0.627059364216332,hist
KIR,2022,254185331.93461227,1948.2431223862534,130469.00000000009,0.580980922671286,hist
KIR,2023,260926354.579915,1968.809738020938,132530.00000000003,0.573455066777333,hist
KIR,2024,274669078.17177796,2041.8760178695634,134518.00000000003,0.592485763986976,hist
KIR,2025,274669078.17177796,2041.8760178695634,134518.00000000003,0.592485763986976,projected
KIR,2030,274669078.17177796,2041.8760178695634,134518.00000000003,0.592485763986976,projected
KIR,2035,274669078.17177796,2041.8760178695634,134518.00000000003,0.592485763986976,projected
KIR,2040,274669078.17177796,2041.8760178695634,134518.00000000003,0.592485763986976,projected
KIR,2045,274669078.17177796,2041.8760178695634,134518.00000000003,0.592485763986976,projected
KIR,2050,274669078.17177796,2041.8760178695634,134518.00000000003,0.592485763986976,projected
KIR,2055,274669078.17177796,2041.8760178695634,134518.00000000003,0.592485763986976,projected
KIR,2060,274669078.17177796,2041.8760178695634,134518.00000000003,0.592485763986976,projected
KIR,2065,274669078.17177796,2041.8760178695634,134518.00000000003,0.592485763986976,projected
KIR,2070,274669078.17177796,2041.8760178695634,134518.00000000003,0.592485763986976,projected
KNA,2012,835799755.4907212,17770.496364057588,47033.00000000004,1.69668105372823,hist
KNA,2013,883668355.0180657,18773.892689839704,47069.00000000004,1.93333191697295,hist
KNA,2014,950623606.0363424,20187.806197548092,47089.000000000015,2.06629998513453,hist
KNA,2015,957222222.2222222,20328.80035301085,47087.000000000015,2.16407925754455,hist
KNA,2016,994866931.117104,21133.657591441413,47074.99999999998,2.36856080722252,hist
KNA,2017,997065001.5288227,21191.6047083703,47050.0,2.21041445270988,hist
KNA,2018,1017041453.0661803,21635.497214648145,47008.000000000015,2.36342750170184,hist
KNA,2019,1046924638.7838099,22297.764499569996,46951.99999999998,2.77304481172261,hist
KNA,2020,886725390.8211365,18918.82634566111,46870.000000000015,2.55173885214423,hist
KNA,2021,889985054.3575515,19031.821191060284,46762.99999999997,2.48487051728931,hist
KNA,2022,983259885.9570283,21050.758653728994,46709.00000000004,2.78533045023443,hist
KNA,2023,1012966873.6456609,21664.03339847,46758.00000000003,2.7909662517643996,hist
KNA,2024,1016129628.2661299,21692.2406392872,46842.99999999998,2.88410221377794,hist
KNA,2025,1016129628.2661299,21692.2406392872,46842.99999999998,2.88410221377794,projected
KNA,2030,1016129628.2661299,21692.2406392872,46842.99999999998,2.88410221377794,projected
KNA,2035,1016129628.2661299,21692.2406392872,46842.99999999998,2.88410221377794,projected
KNA,2040,1016129628.2661299,21692.2406392872,46842.99999999998,2.88410221377794,projected
KNA,2045,1016129628.2661299,21692.2406392872,46842.99999999998,2.88410221377794,projected
KNA,2050,1016129628.2661299,21692.2406392872,46842.99999999998,2.88410221377794,projected
KNA,2055,1016129628.2661299,21692.2406392872,46842.99999999998,2.88410221377794,projected
KNA,2060,1016129628.2661299,21692.2406392872,46842.99999999998,2.88410221377794,projected
KNA,2065,1016129628.2661299,21692.2406392872,46842.99999999998,2.88410221377794,projected
KNA,2070,1016129628.2661299,21692.2406392872,46842.99999999998,2.88410221377794,projected
KOR,2012,1402787524457.73,27944.056419004464,50199852.999999985,12.8528563619499,hist
KOR,2013,1448958816285.7827,28732.711152033044,50428893.00000006,12.7317329769662,hist
KOR,2014,1495538208413.16,29470.673299165563,50746659.0,12.4261677995393,hist
KOR,2015,1539212301135.5527,30171.79065452229,51014947.00000009,12.6198190502874,hist
KOR,2016,1588028842393.0466,31005.407287638813,51217802.999999925,12.6677788190173,hist
KOR,2017,1642548917819.5864,31979.90273024672,51361910.99999992,12.952944838831998,hist
KOR,2018,1694718171579.2512,32852.88874889408,51585058.00000008,13.1917269531809,hist
KOR,2019,1733930596323.247,33496.31138156429,51764821.99999993,12.6531894575046,hist
KOR,2020,1721788880530.9888,33215.929892810906,51836238.99999995,11.9094442789339,hist
KOR,2021,1801214449834.76,34792.939721459756,51769539.0,12.3387268331673,hist
KOR,2022,1850343736945.763,35809.013810514436,51672569.00000008,11.8737409785064,hist
KOR,2023,1879634949821.7227,36347.703639255276,51712619.00000003,11.4162657281001,hist
KOR,2024,1917295522781.858,37048.42640014964,51751064.99999994,11.3622569893006,hist
KOR,2025,1917295522781.8545,37048.426400149576,51751064.99999994,16.48153907557265,projected
KOR,2030,2173575618935.9453,41983.687273800475,51771908.56917288,11.843930752151438,projected
KOR,2035,2402222191262.755,46699.45279867765,51440050.092637844,7.58923250068671,projected
KOR,2040,2602011072519.5693,51324.10814761663,50697638.33081629,5.86237564086576,projected
KOR,2045,2777462790904.332,56018.19324692275,49581441.848035805,4.813918093216064,projected
KOR,2050,2925224564345.876,60756.52285039102,48146675.074691996,3.6229833052727307,projected
KOR,2055,3057877446832.3345,65769.44615587126,46493890.789125286,2.580857354877814,projected
KOR,2060,3153810441229.787,70506.81764046456,44730574.244777486,1.4655210917095174,projected
KOR,2065,3229575451276.636,75272.49825503844,42905118.41833895,0.9422861768100708,projected
KOR,2070,3305668729634.3755,80495.48844068931,41066509.361826636,0.37266863529009836,projected
KWT,2012,112054550468.93604,33578.33096519655,3337108.9999999986,27.5578052739662,hist
KWT,2013,113342578898.91391,32311.180000853496,3507843.9999999995,26.7612812884495,hist
KWT,2014,113910328503.34589,31073.15373006233,3665875.999999997,25.187022146957496,hist
KWT,2015,114585555688.51094,29882.212649569672,3834573.9999999986,24.9282188842881,hist
KWT,2016,117938415952.58002,29454.44263888281,4004095.9999999967,24.5748353685826,hist
KWT,2017,112380895138.1999,27048.370693595763,4154811.9999999967,23.4582455235038,hist
KWT,2018,115463874454.8621,26706.019166086404,4323515.000000002,22.9164695855109,hist
KWT,2019,118077765349.78804,26580.22647416079,4442315.999999999,21.7968059903888,hist
KWT,2020,112389586345.29893,25541.537898790906,4400266.999999999,21.1232409306072,hist
KWT,2021,114268886945.81804,26203.26172578558,4360865.000000004,22.908184500093405,hist
KWT,2022,121991940635.83296,26579.83216468751,4589643.000000004,22.358558171082205,hist
KWT,2023,119958083706.27802,24716.196765637007,4853420.000000002,22.6972114508944,hist
KWT,2024,116887023610.31389,23867.826500294952,4897262.999999997,23.6726718577295,hist
KWT,2025,116887023610.3141,23867.826500294996,4897262.999999997,15.903867079059532,projected
KWT,2030,140798905013.02997,26122.90820439996,5389863.330351358,12.903551489666238,projected
KWT,2035,165965440306.00854,28232.746369549892,5878473.108270072,9.628747700648175,projected
KWT,2040,193239715779.9753,30442.3073688225,6347735.519479113,6.569236324725529,projected
KWT,2045,217408698389.71252,32086.45113442724,6775716.562697185,5.693643849206893,projected
KWT,2050,239549764621.78384,33493.817120682026,7152059.25197056,3.8673361493279264,projected
KWT,2055,259519427516.84317,34705.75465839948,7477705.932956405,2.4943164702209217,projected
KWT,2060,278496924611.09296,35891.72766520156,7759362.469505938,1.2429001592210462,projected
KWT,2065,295629659330.3938,37047.83095261881,7979675.239516189,0.7860463039582846,projected
KWT,2070,310519002374.71625,38163.43388928664,8136558.237278698,0.3564990901835768,projected
LAO,2012,11568812077.438595,1774.6358520367153,6518977.999999996,0.511690636170271,hist
LAO,2013,12497359667.470192,1890.2786129487545,6611384.999999995,0.596607216188438,hist
LAO,2014,13448654116.2974,2006.3119544444633,6703171.999999999,0.654511028510084,hist
LAO,2015,14426380125.648785,2121.013390973624,6801644.999999994,1.31255012574164,hist
LAO,2016,15439521179.398703,2234.760987418471,6908801.999999998,2.29721448088974,hist
LAO,2017,16503694943.285591,2351.574417475952,7018146.999999996,2.74206282655521,hist
LAO,2018,17534839203.111607,2459.9787463619537,7128045.000000006,2.78650036580858,hist
LAO,2019,18491844275.710606,2554.9563801924555,7237636.000000001,2.67630204116372,hist
LAO,2020,18584864138.190002,2529.7462269876146,7346533.0,2.645846687138,hist
LAO,2021,19054754737.379906,2556.5891264040483,7453194.000000004,3.19548907488521,hist
LAO,2022,19570648221.686214,2589.050151916277,7559007.000000005,3.17918742501495,hist
LAO,2023,20303702352.295017,2648.887266080348,7664993.000000005,3.3586071115785803,hist
LAO,2024,21142284373.384193,2721.0781066308236,7769818.999999997,3.35435098295083,hist
LAO,2025,21142284373.38417,2721.078106630821,7769818.999999997,10.142584145357532,projected
LAO,2030,27371195874.795464,3368.1875947383014,8126386.997432703,8.475988257262353,projected
LAO,2035,34184323615.90876,4062.366875482786,8414878.484318621,5.143217177740145,projected
LAO,2040,42066638695.88122,4863.867270686384,8648804.820273153,4.509617483171079,projected
LAO,2045,51030930436.94813,5773.790551466572,8838375.757150736,3.6031788939525344,projected
LAO,2050,60989719875.02086,6784.224238181585,8989932.781374026,2.6737381130315256,projected
LAO,2055,71728146396.54863,7889.552731515184,9091535.203260284,1.7511380907069969,projected
LAO,2060,83164358339.22714,9110.142992010024,9128765.42247095,0.8549174967847625,projected
LAO,2065,95692266827.89806,10498.458263304905,9114887.579481049,0.5133835188122327,projected
LAO,2070,109558449995.25642,12093.337153355254,9059405.903097626,0.17159235949656795,projected
LBN,2012,46707037069.30462,8920.805698467304,5235742.000000002,4.47632828355561,hist
LBN,2013,48494923363.26253,8443.538565287841,5743435.999999999,4.02278357415317,hist
LBN,2014,49699566407.48326,7830.415111333608,6346989.999999995,3.93405377982319,hist
LBN,2015,49929337836.81593,7714.1099998804,6472469.000000005,4.15689901334406,hist
LBN,2016,50705514062.860825,8019.141691342609,6323060.000000004,4.40699597979459,hist
LBN,2017,51163399287.70344,8305.574054257217,6160128.000000005,4.75585896916428,hist
LBN,2018,50199119756.200775,8388.723512383494,5984118.999999996,4.59444406102218,hist
LBN,2019,46727888410.684746,8064.048734162351,5794593.999999999,4.66025747446672,hist
LBN,2020,36728167162.87391,6440.828430929212,5702398.000000005,3.82658313221911,hist
LBN,2021,34156740537.16037,5973.419338929876,5718121.999999998,2.92316253483224,hist
LBN,2022,33944395264.17692,5909.036515550281,5744489.0,1.81652362812428,hist
LBN,2023,33686219465.274815,5834.634157393939,5773493.000000002,1.87387427333851,hist
LBN,2024,33780809031.63025,5834.634157393939,5789704.739040326,2.211296049954177,hist
LBN,2025,33875664201.731228,5834.634157393939,5805962.0,2.5487178265698445,projected
LBN,2030,34729347703.90091,5834.634157393939,5952275.115636882,2.219953085019927,projected
LBN,2035,35349617691.87661,5834.634157393939,6058583.406995589,1.7750191072335846,projected
LBN,2040,35753336867.676704,5834.634157393939,6127776.9785048645,1.292916681671771,projected
LBN,2045,35956236170.63923,5834.634157393939,6162551.961389678,1.189391182164121,projected
LBN,2050,35979885320.8798,5834.634157393939,6166605.197565694,0.852190448576245,projected
LBN,2055,35853356768.399574,5834.634157393939,6144919.424462015,0.5766914658052659,projected
LBN,2060,35569606970.98534,5834.634157393939,6096287.446901835,0.30056376881007857,projected
LBN,2065,35103795620.32489,5834.634157393939,6016451.8757083705,0.19807637520956256,projected
LBN,2070,34482872425.98778,5834.634157393939,5910031.631081679,0.09325006394846012,projected
LBR,2012,2949005327.4299083,674.3600114222318,4373042.999999996,0.223437089459216,hist
LBR,2013,3205193907.9446197,717.0072803589738,4470239.000000001,0.202986909648455,hist
LBR,2014,3227674916.865777,707.1576949301414,4564292.999999996,0.259010541172532,hist
LBR,2015,3227075700.0,692.590082351257,4659431.0,0.264624586135088,hist
LBR,2016,3176896008.3100004,668.0315131756024,4755608.0,0.291277161616349,hist
LBR,2017,3254893758.734149,671.2608998353552,4848924.999999999,0.253788210788989,hist
LBR,2018,3292571599.1351795,665.8754396371368,4944725.999999998,0.129815079743549,hist
LBR,2019,3211334057.9282775,636.6993848248702,5043720.999999997,0.20014984968439,hist
LBR,2020,3115556299.7914605,605.0254754314108,5149463.000000003,0.162113991303559,hist
LBR,2021,3270920145.6690817,621.9279830634249,5259323.000000001,0.15986848497420697,hist
LBR,2022,3428189426.3946376,638.0051838582887,5373293.999999997,0.161651307373094,hist
LBR,2023,3588757484.773827,653.3291883431623,5493030.999999997,0.152830013156671,hist
LBR,2024,3733092094.539797,665.1013376241909,5612816.999999997,0.154485706553412,hist
LBR,2025,3733092094.5398035,665.1013376241922,5612816.999999997,0.18722192681796146,projected
LBR,2030,5671797126.605486,888.600910158917,6382839.654745732,0.19162117111669627,projected
LBR,2035,8333605831.484848,1165.6412591987325,7149374.445799395,0.21281208745371546,projected
LBR,2040,12034402995.766392,1522.5234674536239,7904247.949552843,0.22658736348782618,projected
LBR,2045,17165260040.546127,1986.743548724202,8639897.208458984,0.24948244612355383,projected
LBR,2050,24130368202.337566,2584.96609439469,9334887.70110467,0.2698848649709766,projected
LBR,2055,33390939453.89138,3348.2687414820284,9972598.387999078,0.18712721941983484,projected
LBR,2060,45507593600.15925,4309.908056664587,10558831.650663404,0.11487485991557748,projected
LBR,2065,60922872107.3364,5498.995865008724,11078908.514007358,0.07147502333884997,projected
LBR,2070,80006148240.25142,6944.138455764591,11521393.006476607,0.032182409042445,projected
LBY,2012,77854953189.63202,12599.258882136062,6179327.999999996,10.1719960487613,hist
LBY,2013,63842648630.664,10126.314927806055,6304627.999999996,9.93067314994636,hist
LBY,2014,49131511071.10637,7644.248439474035,6427252.0,9.61533793913791,hist
LBY,2015,48717501321.30523,7458.489177563741,6531819.000000002,8.3409996510926,hist
LBY,2016,47991152062.80313,7236.164099235016,6632126.0,7.71283597446731,hist
LBY,2017,63584342257.96058,9435.600600400461,6738769.999999996,8.22031320255774,hist
LBY,2018,68633808773.51881,10020.916575136109,6849054.999999996,8.36151848685695,hist
LBY,2019,60949510655.87083,8768.410487458605,6951032.999999998,8.26849764632106,hist
LBY,2020,42996651437.74801,6102.798640325126,7045399.000000001,6.48685759316115,hist
LBY,2021,55164567212.7209,7731.354481525803,7135175.000000004,8.1793228617378,hist
LBY,2022,50586008471.7998,7002.681892963588,7223804.999999994,8.05301361263212,hist
LBY,2023,55745806520.29507,7630.496649281747,7305659.000000004,8.65140297405067,hist
LBY,2024,56804949261.29735,7696.080781931906,7381022.999999995,8.66457129316627,hist
LBY,2025,56804949261.29735,7696.080781931906,7381022.999999995,2.2133381781902046,projected
LBY,2030,67572066952.22842,8715.771508053269,7752849.749421796,2.149570872470846,projected
LBY,2035,78579779302.90211,9690.46365405929,8108980.344814092,1.806454002489733,projected
LBY,2040,89595887857.10464,10592.248667583937,8458627.68793373,1.3565084577925082,projected
LBY,2045,99765717000.44414,11355.560577145381,8785626.77048602,0.9737040080894257,projected
LBY,2050,109344337605.64331,12071.47753430276,9058074.06714931,0.7013080212093261,projected
LBY,2055,119544566796.2426,12922.455160344503,9250917.51628532,0.4743421387419338,projected
LBY,2060,130919106383.85208,13973.438123495387,9369140.595664892,0.25868968186062297,projected
LBY,2065,143525861220.39575,15206.700900822303,9438329.993893323,0.15370303866665122,projected
LBY,2070,156731352225.82928,16553.704454700808,9468053.066594515,0.05045387859996645,projected
LCA,2012,1815145417.3783803,10517.277763553337,172587.00000000006,0.845370740554039,hist
LCA,2013,1782131987.4838605,10279.4155096001,173369.0000000001,0.96153291534242,hist
LCA,2014,1805800308.136751,10369.938256651341,174137.99999999997,1.02102929860226,hist
LCA,2015,1807640740.74074,10334.986082391812,174905.00000000003,1.04285183385266,hist
LCA,2016,1869604354.1788197,10644.161291340648,175646.00000000003,1.11815811347825,hist
LCA,2017,1932793731.4677181,10960.484351247687,176341.99999999985,1.11317780222522,hist
LCA,2018,1988589215.440772,11233.888357845692,177017.00000000012,1.46426614392968,hist
LCA,2019,1974662679.7946398,11114.778594033804,177661.00000000003,1.6587771092136103,hist
LCA,2020,1493605760.0110915,8379.27495097386,178250.0000000001,1.55736325385694,hist
LCA,2021,1666845859.7076094,9336.921274171304,178522.0,1.58075755369086,hist
LCA,2022,2006689780.7596385,11224.289945573852,178780.99999999997,1.65621626459187,hist
LCA,2023,2051035272.37698,11440.082953827601,179284.99999999988,1.65658030510082,hist
LCA,2024,2130856442.557091,11854.951723323667,179744.00000000015,1.7107664233576598,hist
LCA,2025,2130856442.5570986,11854.95172332371,179744.00000000015,1.7107664233576598,projected
LCA,2030,2474095949.562293,13392.58460595384,184736.25684338802,1.7107664233576598,projected
LCA,2035,2859973904.642669,15152.443217267466,188746.71652842703,1.7107664233576598,projected
LCA,2040,3304479725.8264155,17226.356490563943,191826.96745167824,1.7107664233576598,projected
LCA,2045,3807613413.1135316,19645.969270377485,193811.43076787327,1.7107664233576598,projected
LCA,2050,4360847276.888981,22403.245501553494,194652.47910560947,1.7107664233576598,projected
LCA,2055,4967379200.758411,25531.632338209925,194557.83848666702,1.7107664233576598,projected
LCA,2060,5631473029.529337,29087.44501716484,193604.93938900923,1.7107664233576598,projected
LCA,2065,6354194724.403611,33132.97258274053,191778.58879204845,1.7107664233576598,projected
LCA,2070,7129148518.170014,37686.13457740223,189171.65684710135,1.7107664233576598,projected
LKA,2012,73771125924.02751,3484.7904903388385,21169458.00000002,0.845279080834285,hist
LKA,2013,76760144811.45953,3728.935866478485,20584999.999999978,0.720767549186301,hist
LKA,2014,81655890649.04723,3929.920620321848,20777999.999999966,0.860549619790163,hist
LKA,2015,85090301052.04652,4057.715834623105,20970000.000000004,0.9399666189794941,hist
LKA,2016,89390445684.94124,4214.74117992085,21208999.99999998,1.10736008298364,hist
LKA,2017,95165677467.06578,4436.0078994576825,21453000.000000026,1.09125530228872,hist
LKA,2018,97364084798.83247,4493.035754445438,21669999.999999963,1.01443931702815,hist
LKA,2019,97149412680.29063,4455.781896082674,21803000.00000002,1.09952758794661,hist
LKA,2020,92656723482.0522,4227.23315306594,21918999.999999966,1.03172589990419,hist
LKA,2021,96555233343.70403,4357.972257794916,22155999.99999997,1.02995125473912,hist
LKA,2022,89459202881.0578,4033.145614762981,22181000.00000003,0.937608764257698,hist
LKA,2023,87374939262.09393,3964.919873943543,22037000.00000002,0.979275763488678,hist
LKA,2024,91751304716.64082,4186.498663836504,21916000.0,1.06473352801606,hist
LKA,2025,91751304716.64066,4186.498663836496,21916000.0,3.636747133364298,projected
LKA,2030,114936474194.50444,5144.857818201621,22340068.13324928,3.1183024022257007,projected
LKA,2035,139205354264.00986,6134.655386281621,22691633.922143742,1.928998185689543,projected
LKA,2040,164986361450.4135,7188.9493442643015,22949996.383275084,1.7188107296372863,projected
LKA,2045,191676827921.09683,8309.185138450444,23068065.60779582,1.3962461350456628,projected
LKA,2050,219830303690.49753,9534.100873005093,23057266.397602975,1.0543440938319644,projected
LKA,2055,250146912579.68716,10902.833498225742,22943293.834615972,0.7018054363706152,projected
LKA,2060,282942801815.2232,12434.88192047319,22753959.677685164,0.3468918881965736,projected
LKA,2065,317447289440.3857,14098.438553841872,22516485.6539294,0.21018780131571255,projected
LKA,2070,351568190294.98175,15814.509188136504,22230736.731223755,0.07072267592298356,projected
LSO,2012,2210102550.3464518,1086.390348162832,2034354.0000000016,0.283333185866373,hist
LSO,2013,2249719203.3698077,1093.9532348927157,2056503.9999999986,0.2825669193933,hist
LSO,2014,2288201773.0760493,1100.0499368421497,2080088.9999999993,0.288016522369956,hist
LSO,2015,2359686724.53829,1121.1985134251843,2104610.9999999995,0.283472812790582,hist
LSO,2016,2444845631.3955283,1147.5874880167075,2130421.9999999986,0.308624300725396,hist
LSO,2017,2368122098.5345526,1097.8216681275185,2157110.000000001,0.333455410247971,hist
LSO,2018,2333058897.5103016,1068.4446291337304,2183603.0000000005,0.346995310044912,hist
LSO,2019,2299976266.273458,1040.9935101411736,2209404.9999999986,0.354575100536117,hist
LSO,2020,2112391171.3304098,944.834128375428,2235726.999999999,0.314528562744915,hist
LSO,2021,2160272945.187769,955.2212363015013,2261541.999999999,0.33799947115729,hist
LSO,2022,2211855514.879171,967.5192859832514,2286110.0,0.42915695220264993,hist
LSO,2023,2252257815.533859,974.3824781497934,2311471.9999999995,0.428947441284169,hist
LSO,2024,2316549022.3524017,991.0696619107453,2337423.000000002,0.428078272524913,hist
LSO,2025,2316549022.3524,991.0696619107445,2337423.000000002,0.20386121088780687,projected
LSO,2030,2936872290.4470854,1222.5085848057327,2402332.6518510953,0.22932715539580778,projected
LSO,2035,3710681473.031025,1513.9141235681693,2451051.493122515,0.25963637845514886,projected
LSO,2040,4732920179.800498,1901.306128291039,2489299.387076932,0.30600253567794483,projected
LSO,2045,6048996224.088508,2400.502982352192,2519886.985585517,0.34513769811352857,projected
LSO,2050,7692684012.506359,3027.1038462846354,2541268.6194918943,0.41348792130095285,projected
LSO,2055,9706764460.095121,3803.9855269669392,2551735.381557745,0.30592420264112236,projected
LSO,2060,12134769024.264887,4752.759637794388,2553204.8639211776,0.19994139607870537,projected
LSO,2065,15027359314.932665,5902.598576290705,2545888.7506417753,0.11291275523818285,projected
LSO,2070,18425064620.03206,7274.563621913833,2532806.8565554298,0.02544026663367665,projected
LTU,2012,37413912227.18652,12516.618406566746,2989139.0000000005,4.8479177448757,hist
LTU,2013,38928020774.41473,13145.806930996943,2961250.000000002,4.51309413254538,hist
LTU,2014,40396597406.97144,13753.189598230534,2937253.000000001,4.49797821297655,hist
LTU,2015,41540954817.20395,14269.803987828673,2911109.0000000005,4.69257592209704,hist
LTU,2016,42650896790.507744,14823.107153522025,2877324.9999999986,4.69887829841954,hist
LTU,2017,44618059836.15029,15695.99932884559,2842638.9999999995,4.91240709777077,hist
LTU,2018,46812540124.59279,16604.90214408088,2819199.9999999986,4.97247446083995,hist
LTU,2019,49002127329.26312,17431.72390815912,2811089.0000000005,5.08575146500164,hist
LTU,2020,49023107998.608864,17443.65526327997,2810369.0,5.07196741780172,hist
LTU,2021,52150790162.913086,18569.705724621705,2808379.999999999,5.10322677130588,hist
LTU,2022,53474129886.97057,18884.515253169848,2831638.9999999977,4.65112254775415,hist
LTU,2023,53657151896.42729,18685.55236791783,2871584.9999999986,4.51994281903548,hist
LTU,2024,55144866855.247345,19092.6451176955,2888278.000000001,4.49056496639174,hist
LTU,2025,55144866855.247345,19092.6451176955,2888278.000000001,2.4437363620457226,projected
LTU,2030,59526640636.44374,21108.532020546354,2820027.4930773233,1.626961249207797,projected
LTU,2035,64120188539.97447,23384.437988344027,2742002.547674448,1.1191428669916357,projected
LTU,2040,68671938919.36046,25799.712329978793,2661732.737212148,1.1211105079514758,projected
LTU,2045,72648973341.75308,28112.43232574872,2584229.3722557933,0.6676266527963051,projected
LTU,2050,75410396436.9299,30072.63699454701,2507608.376698188,0.35767397377783855,projected
LTU,2055,77274566013.7951,31823.314031768343,2428237.5473734136,0.1937127602609656,projected
LTU,2060,79261341661.48546,33798.132239305465,2345139.6988532003,0.018700354179860573,projected
LTU,2065,82022068131.25983,36257.795462929345,2262191.2635345063,0.0196777644710172,projected
LTU,2070,85224455106.16597,39056.09305764026,2182103.954442881,0.020702400856139287,projected
LUX,2012,55477349891.779236,104487.74431256512,530946.0000000003,20.4689365773544,hist
LUX,2013,57236974872.26053,105338.95552168095,543359.9999999997,18.9995583038869,hist
LUX,2014,58738350400.01686,105583.93727342918,556319.0000000001,17.6515632218206,hist
LUX,2015,60071584216.13744,105462.01258442266,569603.9999999997,16.3436352272807,hist
LUX,2016,63062061883.63004,108351.45182698352,582014.0000000005,15.5348496771555,hist
LUX,2017,63892707251.430466,107142.12667259813,596335.9999999999,15.408092082316,hist
LUX,2018,64922207640.64353,106788.72874519874,607949.9999999997,15.6999753269183,hist
LUX,2019,66707126419.27337,107591.96585049592,620001.0000000005,15.63174898105,hist
LUX,2020,66366885630.95079,105274.24717679949,630419.0000000003,12.6787105084079,hist
LUX,2021,70965934440.76741,110873.1852451746,640063.9999999998,13.0933781621838,hist
LUX,2022,70187142285.23163,107467.18708263729,653102.9999999997,11.1248914795982,hist
LUX,2023,70256936375.55827,105422.82966786948,666430.0000000001,10.4160977146887,hist
LUX,2024,70508886559.2139,104147.17399280051,677012.0000000003,10.5572722492364,hist
LUX,2025,70508886559.21352,104147.17399279996,677012.0000000003,8.560646980318815,projected
LUX,2030,77591277967.05005,107556.0693644294,721403.0637745748,6.414832143518107,projected
LUX,2035,84506132012.42851,110443.4003319367,765153.2980553482,3.6544058799276304,projected
LUX,2040,91428145774.15157,113208.93984931019,807605.3525088165,1.3643669551223683,projected
LUX,2045,98086681974.40225,115629.71355373335,848282.6685272482,0.1829347981276348,projected
LUX,2050,104624934940.06767,117994.01404164483,886696.9717899531,0.08074217831964467,projected
LUX,2055,111310678062.42686,120682.82967999649,922340.6375006214,0.04957448766509925,projected
LUX,2060,118046539199.19658,123613.85483957242,954962.041693456,0.020791699811047445,projected
LUX,2065,124402935369.71545,126672.59144956285,982082.5006114199,0.0207848347276434,projected
LUX,2070,130501581751.83759,130044.8588230957,1003512.0414053675,0.02089617260300754,projected
LVA,2012,24352854611.118813,11971.010746652224,2034319.0000000007,3.94598880509891,hist
LVA,2013,24863312429.905464,12353.538613530081,2012646.9999999988,3.86525804077913,hist
LVA,2014,25384188823.06398,12731.67719593416,1993781.9999999984,3.79876034591545,hist
LVA,2015,26344565876.890186,13321.975314061548,1977526.9999999995,3.86745667695055,hist
LVA,2016,27016796481.332104,13787.336744002343,1959536.9999999988,3.81753444818853,hist
LVA,2017,27935083541.20498,14382.86127271337,1942247.9999999988,3.82654532273942,hist
LVA,2018,29139005429.854836,15120.069817180398,1927174.0000000012,4.20714476222697,hist
LVA,2019,29335802338.52589,15328.38599332952,1913822.0,4.13194121501373,hist
LVA,2020,28318076614.162277,14900.729571886579,1900449.0,3.82914774350693,hist
LVA,2021,30284070900.411057,16070.168003232213,1884489.999999999,3.99598830452802,hist
LVA,2022,30862052747.759586,16421.37485959999,1879382.9999999988,3.68567769315781,hist
LVA,2023,30571453786.123104,16229.384452024507,1883710.0000000012,3.6631965642269795,hist
LVA,2024,30557357896.857327,16374.773539624011,1866124.0000000005,3.6477747459440004,hist
LVA,2025,30557357896.857327,16374.773539624011,1866124.0000000005,2.03346146803003,projected
LVA,2030,34134465021.50116,18753.99737384854,1820116.764498425,1.3552343600682721,projected
LVA,2035,37283386501.60872,20998.088163775275,1775561.003974063,0.9291822163173928,projected
LVA,2040,40147935448.79486,23145.30530401511,1734603.8395885942,0.9249018929768736,projected
LVA,2045,42764553194.50943,25237.77353480305,1694466.159446943,0.5474127733511852,projected
LVA,2050,44947779391.19488,27178.823049410807,1653779.4631312878,0.2915765276114449,projected
LVA,2055,46872011839.36149,29068.30295779358,1612478.4411191265,0.1568334100158163,projected
LVA,2060,49223779194.00273,31334.65298467434,1570905.5153116868,0.015008994156966722,projected
LVA,2065,51823477750.11551,33945.106641480736,1526684.7825066927,0.015676128132014633,projected
LVA,2070,54203877579.467285,36610.427197617784,1480558.4563895583,0.016404148536161164,projected
MAC,2012,52924239876.45312,93192.88585394106,567899.9999999999,3.06920232435288,hist
MAC,2013,58630357383.34832,99054.49802897157,591900.0000000005,3.0667342456496,hist
MAC,2014,57435035498.682655,92383.84349152754,621699.9999999998,3.36030239665434,hist
MAC,2015,44940613353.10388,69902.96057412325,642900.0000000006,4.29149167833256,hist
MAC,2016,44625350360.84795,68391.34154919225,652500.0000000001,4.02436781609195,hist
MAC,2017,49051541817.73493,75650.12618404525,648399.9999999999,4.45172732880938,hist
MAC,2018,52170812899.48495,79178.65062905595,658899.9999999998,3.22598269843679,hist
MAC,2019,50886936460.43353,75724.6078280261,671999.9999999999,3.34419642857143,hist
MAC,2020,23203378176.644485,33853.776155010935,685399.9999999998,3.25780566092793,hist
MAC,2021,28415367854.048416,41634.23861399036,682499.9999999999,2.99970695970696,hist
MAC,2022,23028683194.510326,34000.71341283081,677300.0000000006,2.47822235346228,hist
MAC,2023,40371220293.39947,59474.39642516126,678800.0,2.47569239835003,hist
MAC,2024,43540200437.27699,63377.293212921366,687000.0000000002,2.52532751091703,hist
MAC,2025,43540200437.27699,63377.293212921366,687000.0000000002,2.52532751091703,projected
MAC,2030,46931797228.36969,65104.701652359036,720866.4817937791,2.52532751091703,projected
MAC,2035,50282277677.52427,66763.74376873799,753137.4791038735,2.52532751091703,projected
MAC,2040,53361991972.45203,68226.2811556145,782132.5018542468,2.52532751091703,projected
MAC,2045,56130826608.823006,69529.81830925695,807291.432276761,2.52532751091703,projected
MAC,2050,58515574441.23531,70616.60947206177,828637.5525348039,2.52532751091703,projected
MAC,2055,60582422751.83322,71632.24995146434,845742.2849747408,2.52532751091703,projected
MAC,2060,62612166070.92589,72903.81105666113,858832.5515968358,2.52532751091703,projected
MAC,2065,64338049594.71972,74302.57357196682,865892.6131596799,2.52532751091703,projected
MAC,2070,65558502963.95683,75580.40604819206,867400.7774204733,2.52532751091703,projected
MAR,2012,98936909179.35236,2966.157827471623,33355240.999999985,1.75533733964027,hist
MAR,2013,103015299181.3481,3048.9110679589253,33787571.00000003,1.73118097184317,hist
MAR,2014,105816536606.03995,3093.618395032506,34204779.99999999,1.73842954113431,hist
MAR,2015,110413823841.592,3190.451291826292,34607587.99999997,1.76683506518859,hist
MAR,2016,110989284688.17416,3168.9985568293278,35023457.000000045,1.74200393753249,hist
MAR,2017,116603009678.13927,3289.559334505444,35446392.00000005,1.80163893690506,hist
MAR,2018,120177639735.15894,3353.193205957826,35839759.99999996,1.81912490485427,hist
MAR,2019,123651944968.71303,3414.7715687336167,36210898.000000015,1.9847450344921,hist
MAR,2020,114775951852.21318,3137.3086401710007,36584208.000000045,1.84742826740981,hist
MAR,2021,124135631043.72726,3359.15317145709,36954442.00000005,1.97891230504847,hist
MAR,2022,126385828220.59407,3385.7218659592945,37329064.000000045,1.93751442575683,hist
MAR,2023,131006044306.04106,3473.8091332315603,37712505.00000005,1.8573653487086,hist
MAR,2024,135975581947.96497,3570.6773514556626,38081173.00000002,1.83925269318779,hist
MAR,2025,133899270776.82918,3516.1540527343814,38081173.00000002,0.997277578608201,projected
MAR,2030,171202755971.96426,4403.522763315177,38878589.977601215,1.0114898720004035,projected
MAR,2035,214362197882.57422,5440.376213772551,39402090.85906723,0.8515487190771458,projected
MAR,2040,263911237212.2207,6648.213900425454,39696562.28950931,0.6760131974221821,projected
MAR,2045,318220769802.84393,8001.930833065462,39767998.054656595,0.6429114174885208,projected
MAR,2050,375673964323.47076,9477.799711494403,39637255.0337674,0.5377264389736974,projected
MAR,2055,435813089778.7976,11085.956901536589,39312176.084537275,0.4783975824578517,projected
MAR,2060,498154051322.75037,12839.966191657706,38797146.65030875,0.42012625688467464,projected
MAR,2065,563859131135.0583,14776.504571142183,38159168.72764677,0.4415950494170836,projected
MAR,2070,631822411130.746,16878.93891683252,37432590.65299781,0.4648916811908223,projected
MDA,2012,6833561915.8976555,2389.086661475291,2860324.0000000023,2.92022861745732,hist
MDA,2013,7451580071.7711315,2605.850299861423,2859558.0,2.62071970563283,hist
MDA,2014,7824131195.576616,2737.801850566471,2857814.999999999,2.81365308811102,hist
MDA,2015,7797667196.730872,2749.5513705433787,2835978.000000001,2.92639787755758,hist
MDA,2016,8159947934.638285,2910.9548687237584,2803186.0000000023,3.00493795274377,hist
MDA,2017,8500675703.957472,3085.333058442625,2755188.999999998,3.01460262798668,hist
MDA,2018,8847128857.51461,3267.9961042871937,2707203.000000002,3.27363703423792,hist
MDA,2019,9161406662.068962,3438.6773267071217,2664224.0000000023,3.41941968843461,hist
MDA,2020,8403210632.930217,3188.9169160269935,2635130.000000002,3.35786090249817,hist
MDA,2021,9573777856.36482,3688.1672944214365,2595809.0000000014,3.7185709734421906,hist
MDA,2022,9133384072.527622,3611.954847332858,2528654.0000000005,3.27771217414482,hist
MDA,2023,9242984685.90416,3760.7000642058983,2457782.9999999986,3.33935095165033,hist
MDA,2024,9252510447.170382,3851.512025183464,2402305.9999999986,3.41675873098598,hist
MDA,2025,9252510447.170399,3851.512025183471,2402305.9999999986,3.7672121046104237,projected
MDA,2030,11324743876.397753,4998.7472124446695,2265516.4174343823,3.806559166960361,projected
MDA,2035,13514648029.42843,6344.355843105626,2130184.4290645705,3.0013671843108467,projected
MDA,2040,15664856034.670029,7847.959616247965,1996041.8759340213,2.3517927028283614,projected
MDA,2045,17601933532.139328,9445.42998805939,1863539.6752070712,2.2227023486495514,projected
MDA,2050,19194977748.770008,11068.742931187837,1734160.5878916285,2.0508732865293546,projected
MDA,2055,20469980209.900032,12712.834206777685,1610182.2675376923,1.7639794223541552,projected
MDA,2060,21702451084.113274,14544.3782734789,1492153.922019949,1.4235214723811211,projected
MDA,2065,23085200232.099415,16677.645482608055,1384200.201171883,1.1852216085401328,projected
MDA,2070,24389502230.88334,18985.1693313406,1284660.7688992955,0.9006695447291484,projected
MDG,2012,10385448752.875603,442.6415001235422,23462438.000000004,0.12150058744960801,hist
MDG,2013,10624353147.15871,440.6746589036302,24109290.00000002,0.126490659824491,hist
MDG,2014,10979121878.073483,443.3438699082043,24764347.999999963,0.126540783548996,hist
MDG,2015,11323020701.301693,445.32006948056795,25426701.999999993,0.134437411505432,hist
MDG,2016,11775165456.534603,451.156594331461,26099951.999999996,0.124571110322348,hist
MDG,2017,12238318933.716518,456.8518595740317,26788375.000000037,0.132624692613867,hist
MDG,2018,12629254472.201199,459.3303677995422,27494926.000000004,0.11912379760542,hist
MDG,2019,13186360203.144196,467.27741349647823,28219554.0,0.142139028845034,hist
MDG,2020,12245161113.128399,422.9242554223185,28953555.999999993,0.108038542830456,hist
MDG,2021,12814644792.206886,431.5991030777455,29691082.999999974,0.138189637609379,hist
MDG,2022,13347233960.42568,438.51626335318747,30437260.99999995,0.144033985186775,hist
MDG,2023,13908224364.653015,445.8345519105825,31195932.00000003,0.147269201638214,hist
MDG,2024,14492369787.952614,453.3830670047725,31964956.00000002,0.146494805123461,hist
MDG,2025,14492369787.9526,453.3830670047721,31964956.00000002,0.21724103108416604,projected
MDG,2030,20016454954.00497,565.6856407382411,35384414.08532616,0.23982027735536507,projected
MDG,2035,27560523165.802505,711.3901221056951,38741785.00570702,0.2970410371722622,projected
MDG,2040,38050824466.310425,905.6892394545747,42013113.1172823,0.3359689142910406,projected
MDG,2045,52491034111.06054,1163.7187044256202,45106290.64518532,0.3554049728030823,projected
MDG,2050,71998520167.72096,1500.6380576210177,47978604.70222994,0.29691984767822766,projected
MDG,2055,97711840762.13695,1928.247913132039,50673899.39679713,0.20638139406064776,projected
MDG,2060,130813971642.09897,2460.630578562678,53162783.874087684,0.12547311321767152,projected
MDG,2065,172425540884.22565,3112.5566296278266,55396756.23663845,0.0742850354345895,projected
MDG,2070,223780869377.2733,3899.5942941061617,57385679.76558361,0.02718099718207875,projected
MDV,2012,3445643747.574397,8907.661348681804,386817.9999999999,3.72836837996164,hist
MDV,2013,3685976098.723911,9213.327914424752,400070.00000000006,4.05254080535906,hist
MDV,2014,3975719121.7691846,9612.078618067397,413617.00000000023,5.30224821513622,hist
MDV,2015,4129505319.129207,9644.906550281457,428154.0,3.7098800898741997,hist
MDV,2016,4392772972.49748,9909.076697234164,443307.99999999977,3.9117272866720203,hist
MDV,2017,4703536561.409316,10263.299114767195,458287.0000000003,3.50893653976657,hist
MDV,2018,5106580520.208961,10793.894132536656,473099.0000000001,2.9302534987391606,hist
MDV,2019,5460112147.979689,11194.92537480638,487730.9999999998,3.10683553024106,hist
MDV,2020,3663253190.262128,7295.60220956454,502118.0,2.40580899310521,hist
MDV,2021,5037261439.190697,9759.22193607081,516154.0000000004,3.25639247201417,hist
MDV,2022,5733717715.049741,10939.996327173785,524105.9999999997,3.4143856395461993,hist
MDV,2023,6017127527.216376,11439.536434287045,525993.9999999997,3.41106552546227,hist
MDV,2024,6227390285.843909,11798.791369146047,527798.9999999995,3.56650922036609,hist
MDV,2025,6227390285.843887,11798.791369146005,527798.9999999995,3.56650922036609,projected
MDV,2030,7471034960.200347,13493.451345617013,553678.5785074263,3.56650922036609,projected
MDV,2035,8893434458.757927,15450.318135615827,575614.9731478294,3.56650922036609,projected
MDV,2040,10526672980.732204,17681.15036711679,595361.3176838084,3.56650922036609,projected
MDV,2045,12306582127.691984,20068.401637053837,613231.8034222213,3.56650922036609,projected
MDV,2050,14150659673.08295,22515.959896430497,628472.4141530509,3.56650922036609,projected
MDV,2055,16043627426.802435,25066.867342821315,640033.2042845805,3.56650922036609,projected
MDV,2060,18078682348.47664,27937.788613345587,647104.9873947662,3.56650922036609,projected
MDV,2065,20352077035.75232,31324.302790577938,649721.6289798487,3.56650922036609,projected
MDV,2070,22816449099.31127,35193.191760493784,648319.9720726649,3.56650922036609,projected
MEX,2012,1142776194808.0798,9782.51776305352,116818207.99999991,4.33350424276325,hist
MEX,2013,1152513808584.6223,9738.710598036627,118343573.00000012,4.17443117084187,hist
MEX,2014,1181370028689.6921,9862.481254442024,119784261.00000013,4.01481960973153,hist
MEX,2015,1213294467716.879,10021.23861188272,121072305.99999991,4.05069677949307,hist
MEX,2016,1234800030119.7012,10100.50212140151,122251351.00000006,4.06104469144067,hist
MEX,2017,1257912134612.3015,10193.772719345661,123400057.0000002,4.05743329599921,hist
MEX,2018,1282719194577.9475,10296.869092853383,124573710.99999979,3.8383170587251794,hist
MEX,2019,1277682078094.169,10159.444836431829,125762982.0,3.92542377851696,hist
MEX,2020,1170944075446.2612,9234.643623179238,126799054.00000015,3.46247141559905,hist
MEX,2021,1241768434200.3625,9728.05680032554,127648148.00000018,3.5466248989370404,hist
MEX,2022,1287835026749.8088,10013.247923614274,128613116.99999993,3.5218382896357294,hist
MEX,2023,1331023107619.6296,10259.17666164024,129739759.00000003,3.66576524934041,hist
MEX,2024,1350022500028.808,10316.46119022155,130861006.99999978,3.6373868038475394,hist
MEX,2025,1350022500028.8008,10316.461190221493,130861006.99999978,3.0431349194798725,projected
MEX,2030,1563670111825.756,11517.810756778767,135761052.58592337,2.9016746150423196,projected
MEX,2035,1792960824271.1501,12816.753324067577,139891966.31445575,2.5037813766422508,projected
MEX,2040,2036070302433.784,14212.665874992746,143257452.2149472,2.231524399305529,projected
MEX,2045,2299500047028.9556,15767.393171099904,145838948.90397704,2.0767977435124054,projected
MEX,2050,2588478685186.826,17531.597294955605,147646483.18334424,1.453974353953435,projected
MEX,2055,2900124670213.97,19504.212954309754,148692217.2664826,0.9744249071243118,projected
MEX,2060,3227509280012.155,21668.259254981862,148951018.2628123,0.5042234747766795,projected
MEX,2065,3579152914698.6177,24041.523380988365,148873798.8013252,0.3511396929540471,projected
MEX,2070,3949540374775.23,26577.338869548923,148605561.83450064,0.19815139915687593,projected
MHL,2012,175899999.99999982,3420.914447966702,51418.99999999999,0.0019448063945233997,hist
MHL,2013,182599999.99999982,3602.9281190189586,50680.99999999999,0.0019731260235591,hist
MHL,2014,180300000.00000024,3620.7727528315554,49796.00000000003,0.0020081934291911,hist
MHL,2015,183699999.99999994,3764.3442622950815,48799.99999999999,0.0020491803278688,hist
MHL,2016,188299999.99999988,3946.8444109077923,47709.00000000001,0.0020960405793456,hist
MHL,2017,194999999.99999988,4190.934685894815,46529.000000000015,0.0021491972748178,hist
MHL,2018,205700000.00000033,4542.342939163082,45285.00000000004,0.0022082367229767,hist
MHL,2019,227200000.00000036,5162.815006703483,44007.00000000004,0.0022723657599927,hist
MHL,2020,220900000.0,5172.575282161753,42706.00000000003,0.0023415913454783,hist
MHL,2021,225670074.4628912,5455.316422822326,41367.00000000001,0.0024173858389537,hist
MHL,2022,224089111.32812482,5591.464214590037,40076.999999999985,0.0024951967462634,hist
MHL,2023,212866912.84179705,5482.445536399851,38827.00000000001,0.0025755273392227,hist
MHL,2024,218192687.98828095,5811.03355673487,37548.00000000001,0.0026632576968147,hist
MHL,2025,218192687.98828095,5811.03355673487,37548.00000000001,0.0026632576968147,projected
MHL,2030,218192687.98828095,5811.03355673487,37548.00000000001,0.0026632576968147,projected
MHL,2035,218192687.98828095,5811.03355673487,37548.00000000001,0.0026632576968147,projected
MHL,2040,218192687.98828095,5811.03355673487,37548.00000000001,0.0026632576968147,projected
MHL,2045,218192687.98828095,5811.03355673487,37548.00000000001,0.0026632576968147,projected
MHL,2050,218192687.98828095,5811.03355673487,37548.00000000001,0.0026632576968147,projected
MHL,2055,218192687.98828095,5811.03355673487,37548.00000000001,0.0026632576968147,projected
MHL,2060,218192687.98828095,5811.03355673487,37548.00000000001,0.0026632576968147,projected
MHL,2065,218192687.98828095,5811.03355673487,37548.00000000001,0.0026632576968147,projected
MHL,2070,218192687.98828095,5811.03355673487,37548.00000000001,0.0026632576968147,projected
MKD,2012,9085697011.49163,4708.051685359229,1929820.9999999995,4.98507374518155,hist
MKD,2013,9351477059.693981,4863.680886669678,1922716.000000001,4.57514266277495,hist
MKD,2014,9690853712.458025,5053.750012363663,1917556.9999999995,4.35528122501704,hist
MKD,2015,10064519962.565498,5262.686719286717,1912430.0000000005,4.14802110404041,hist
MKD,2016,10351178142.853596,5429.946783583599,1906312.9999999988,3.9977170590558804,hist
MKD,2017,10463154366.078505,5510.8186292092305,1898656.999999999,4.20312884317705,hist
MKD,2018,10764555646.472586,5698.393344844895,1889050.9999999986,3.99285143704431,hist
MKD,2019,11185494933.694414,5961.584753991931,1876262.0000000007,4.62504703500897,hist
MKD,2020,10661068595.405502,5743.726494245809,1856123.999999999,4.08399438830595,hist
MKD,2021,11141955229.994007,6064.9231512002,1837114.0000000007,4.15543074626833,hist
MKD,2022,11449348867.205414,6250.627209520608,1831712.0000000002,4.47897922817561,hist
MKD,2023,11741875752.50339,6423.992213933677,1827815.9999999988,4.38791431960329,hist
MKD,2024,12093396439.500013,6628.846865940314,1824359.0000000012,3.99992545326879,hist
MKD,2025,12093396439.500013,6628.846865940314,1824359.0000000012,2.2201859956950556,projected
MKD,2030,14476339048.942795,7811.242825936502,1853269.62322506,1.4206865315604598,projected
MKD,2035,17129731469.256927,9108.395485390136,1880653.0191550215,0.9363776272244344,projected
MKD,2040,19924876893.889816,10453.351613175388,1906075.4513199893,0.8984193567042916,projected
MKD,2045,22704727915.42512,11766.131331635075,1929668.0680743319,0.5130839545434474,projected
MKD,2050,25415940640.132458,13033.711722931106,1950015.5581480635,0.2639461274051573,projected
MKD,2055,28168933197.691597,14328.941460352313,1965876.7729377681,0.13730913379629098,projected
MKD,2060,30997651702.294632,15685.159483054385,1976240.7730557823,0.012734591389268544,projected
MKD,2065,33765565628.72943,17124.440909517845,1971776.2353317107,0.012955487809913891,projected
MKD,2070,36349573683.77177,18606.927688892156,1953550.5426546857,0.013270210656812513,projected
MLI,2012,13333713052.133596,786.3234713368544,16957033.000000004,0.133938525684299,hist
MLI,2013,13772483870.184814,788.8194482057481,17459615.000000015,0.157002316488651,hist
MLI,2014,14668058747.860882,813.975661285202,18020266.999999974,0.16153478747013,hist
MLI,2015,15583181170.410486,838.1198694010313,18593021.99999998,0.189920713265439,hist
MLI,2016,16518961030.436182,860.7530755456918,19191288.999999974,0.238623888160926,hist
MLI,2017,17406945659.576927,878.5613483774322,19813011.000000034,0.260490442366382,hist
MLI,2018,18254289663.851902,892.9783227914204,20442030.000000004,0.28284862119858,hist
MLI,2019,19167003985.69258,909.7510697033117,21068404.999999978,0.290188080208255,hist
MLI,2020,18942920941.979572,872.389426814295,21713835.999999963,0.315153895424097,hist
MLI,2021,19530329790.372696,872.3325094198574,22388629.999999993,0.326094093296463,hist
MLI,2022,20253575064.03182,877.8178424329334,23072640.000000026,0.324748273279521,hist
MLI,2023,21210639746.391823,892.3609077603817,23769127.00000003,0.301946302024471,hist
MLI,2024,22269531976.23502,909.7553179108116,24478595.00000002,0.302799241541437,hist
MLI,2025,22269531976.23506,909.7553179108133,24478595.00000002,0.34708819359951454,projected
MLI,2030,30755207336.886925,1122.6162592791784,27396010.9544775,0.3609597924531898,projected
MLI,2035,42224656568.24368,1394.4651096159128,30280181.466766074,0.40625114373763144,projected
MLI,2040,57968592873.5805,1753.0561833078493,33067162.037099864,0.4379132164830015,projected
MLI,2045,79306832346.88887,2220.309855973353,35718812.909616105,0.4879106377676433,projected
MLI,2050,107788376346.5522,2824.641940623552,38160014.12297852,0.5337868074772661,projected
MLI,2055,145095371955.98245,3592.384976378751,40389705.69970583,0.37356255761529633,projected
MLI,2060,192888139090.55243,4551.7151874597275,42377022.978496514,0.23141907391669944,projected
MLI,2065,252875745007.5876,5723.436989869941,44182498.288206704,0.14490712750204557,projected
MLI,2070,326490051930.3371,7124.963589155571,45823399.35424592,0.06542217414754121,projected
MLT,2012,9042950074.187843,21529.39821675661,420027.9999999999,6.486234251049929,hist
MLT,2013,9611962674.485643,22626.498139134303,424810.0,5.60886043172242,hist
MLT,2014,10345486496.085005,23866.066785130137,433481.00000000035,5.4659835148484,hist
MLT,2015,11340795042.0881,25529.68133377177,444220.00000000023,3.76435099725361,hist
MLT,2016,11803273067.559809,25969.512035202697,454505.00000000023,3.00436738869759,hist
MLT,2017,13334316042.920115,28546.659736591067,467106.00000000023,3.33585952653145,hist
MLT,2018,14292948664.828196,29536.805237471566,483902.99999999977,3.23907890630974,hist
MLT,2019,14876823596.302103,29522.661886008067,503912.00000000023,3.32002413119751,hist
MLT,2020,14362489738.433088,27861.82028445381,515489.99999999977,3.14341694310268,hist
MLT,2021,16288744391.398096,31436.349303093895,518149.9999999998,3.14078934671427,hist
MLT,2022,16693210193.34342,31430.61870702357,531113.0000000003,3.3821427831742,hist
MLT,2023,18466282602.650806,33408.20050158716,552747.0000000002,3.23421022637843,hist
MLT,2024,19721971907.751305,34670.08159971188,568847.0000000001,3.1788864140972906,hist
MLT,2025,19721971907.751305,34670.08159971188,568847.0000000001,2.0599260874137144,projected
MLT,2030,22227766437.150208,38680.58909835834,574649.1187253812,1.6281885226093096,projected
MLT,2035,24967177202.366024,43257.63107177487,577173.9363382946,0.979496027911607,projected
MLT,2040,27654507915.011173,47934.82399098106,576918.941440452,0.3861532886304666,projected
MLT,2045,30126078409.863647,52375.79037490594,575190.9077499578,0.05454677289592554,projected
MLT,2050,32367008671.90329,56491.78671747269,572950.6987232942,0.025264027692847985,projected
MLT,2055,34441282765.71687,60372.27687720058,570481.7599603159,0.016205109498790615,projected
MLT,2060,36488772832.494095,64293.052443660665,567538.3489447609,0.00707334836971224,projected
MLT,2065,38577926941.327934,68582.81003529017,562501.4040905755,0.007336942105160245,projected
MLT,2070,40686425069.687935,73309.50360908502,554995.2334508209,0.0076391359077967414,projected
MMR,2012,47501220127.36314,953.1230819364838,49837446.00000005,0.251973184982232,hist
MMR,2013,51503673422.19065,1024.6906047465836,50262657.99999994,0.28292574578925,hist
MMR,2014,55711475877.00923,1099.2438775160488,50681634.000000015,0.350073559191087,hist
MMR,2015,59607290408.43598,1166.733055479355,51089056.00000009,0.386395865290602,hist
MMR,2016,63101751664.10658,1225.3791397266777,51495696.00000005,0.446262538135226,hist
MMR,2017,66973743449.825775,1290.5640902745795,51894938.00000005,0.650427600472324,hist
MMR,2018,71172235146.72917,1361.5683126598535,52272247.00000006,0.641233195886911,hist
MMR,2019,75854734834.64212,1440.9898823870794,52640713.00000008,0.653317518704581,hist
MMR,2020,68991135074.45169,1301.3138635245014,53016521.99999997,0.654863780011824,hist
MMR,2021,60700903303.712685,1136.995660556977,53387101.99999998,0.5963556515953979,hist
MMR,2022,63151698290.197945,1174.766979473643,53756786.999999955,0.577248041256632,hist
MMR,2023,63756973611.17021,1177.7664964717646,54133797.99999999,0.577107115225871,hist
MMR,2024,63137226235.74156,1158.4792809931548,54500091.000000045,0.575463259318228,hist
MMR,2025,63137226235.741844,1158.47928099316,54500091.000000045,2.1508775230606734,projected
MMR,2030,75946024983.31377,1384.6748964868636,54847549.54105161,1.8680306819462966,projected
MMR,2035,87501446171.09012,1599.1649141467908,54716962.20760017,1.1765601135314065,projected
MMR,2040,99134925399.86046,1828.2504710433032,54223929.91004589,1.0699369820757505,projected
MMR,2045,111070930093.20865,2082.1932815131345,53343237.19097449,0.8880395452109817,projected
MMR,2050,123126650745.80182,2358.8234103610494,52198333.37458511,0.6849708057872342,projected
MMR,2055,135410074388.44461,2661.885589424155,50869982.88973713,0.46553186727696155,projected
MMR,2060,148096326056.11432,2997.2433230613847,49410845.264590904,0.2349456219886162,projected
MMR,2065,161339499601.75644,3367.5173898258795,47910517.13324594,0.14528332398411198,projected
MMR,2070,175533120796.80762,3781.6729391412114,46416790.563773565,0.04981681335726684,projected
MNE,2012,3696429855.6999154,5948.379119529708,621418.0000000006,0.0,hist
MNE,2013,3821595609.093792,6138.2515360805655,622587.0000000001,0.0,hist
MNE,2014,3912179230.879996,6272.091163810783,623744.0000000005,0.0,hist
MNE,2015,4010885990.8398614,6421.003073459997,624651.0000000001,0.0,hist
MNE,2016,4148832618.1787257,6634.385088388035,625353.0000000005,0.0,hist
MNE,2017,4282287496.647778,6840.911554402173,625981.9999999995,0.0,hist
MNE,2018,4484964786.609811,7159.471147359848,626438.0000000003,0.0,hist
MNE,2019,4682030356.634099,7470.295884717107,626752.9999999998,0.0,hist
MNE,2020,3980071397.7355223,6351.95486320484,626590.0000000002,0.0,hist
MNE,2021,4499321890.027171,7198.304607812726,625053.0000000005,0.0,hist
MNE,2022,4847549017.670111,7773.603239415111,623591.0000000003,0.0,hist
MNE,2023,5161590831.648246,8278.02849851129,623528.9999999999,0.0,hist
MNE,2024,5324908668.480592,8540.008289131294,623525.0000000002,0.0,hist
MNE,2025,5324908668.480592,8540.008289131294,623525.0000000002,0.0,projected
MNE,2030,6051910599.474652,9588.186211775117,631184.0911102025,0.0,projected
MNE,2035,6804082484.601346,10672.719987894385,637520.9405211539,0.0,projected
MNE,2040,7558595760.810153,11760.70613070081,642699.1438106569,0.0,projected
MNE,2045,8287353735.115783,12818.282526342196,646526.062917155,0.0,projected
MNE,2050,8995624537.452974,13858.889748751566,649086.9543329268,0.0,projected
MNE,2055,9744869683.727049,14981.10342525784,650477.4319425226,0.0,projected
MNE,2060,10556747041.44747,16226.642001053413,650581.1270601853,0.0,projected
MNE,2065,11344625140.576279,17543.151217173105,646669.7459388569,0.0,projected
MNE,2070,12080992635.898745,18909.57367785331,638882.3376831532,0.0,projected
MNG,2012,9422609644.692371,3318.164965970889,2839705.0000000023,6.21877976761671,hist
MNG,2013,10520241544.914906,3628.907080695764,2899010.9999999995,6.61573895373284,hist
MNG,2014,11349786311.98749,3830.3589204959435,2963112.999999998,6.59114249102211,hist
MNG,2015,11619892590.69412,3838.9212698998404,3026864.000000003,5.95530555717072,hist
MNG,2016,11793003947.892607,3817.9196271670153,3088856.0000000023,6.18895798314975,hist
MNG,2017,12457761002.743196,3956.2049437134065,3148917.000000002,6.69287250187922,hist
MNG,2018,13422599720.36159,4183.855664476625,3208188.9999999977,7.155656976568399,hist
MNG,2019,14174566537.4555,4337.816708543202,3267673.000000002,7.75337679137417,hist
MNG,2020,13528524951.028688,4066.0341088279206,3327203.999999999,6.76709333121744,hist
MNG,2021,13749955731.693588,4063.536698492466,3383740.9999999986,7.35537974094353,hist
MNG,2022,14441951078.837978,4205.885545135516,3433747.999999998,7.26765621705495,hist
MNG,2023,15513848972.870401,4456.5362755272745,3481145.000000002,7.79990491634218,hist
MNG,2024,16308475359.18709,4626.796096442421,3524788.0000000005,7.846656309542591,hist
MNG,2025,16308475359.187119,4626.796096442429,3524788.0000000005,24.984951078234722,projected
MNG,2030,21784087387.28798,5967.360776348036,3650539.6948061883,21.08544422689807,projected
MNG,2035,27925784599.486973,7426.95935721583,3760056.2028597943,12.862943409973607,projected
MNG,2040,34661326139.42055,8965.912186938707,3865900.6932851975,11.27449482299007,projected
MNG,2045,41642976359.50803,10517.359263986948,3959451.7325370805,8.988251512782867,projected
MNG,2050,48567078778.76352,12052.239288492461,4029714.115047119,6.665811957970297,projected
MNG,2055,55383432124.12074,13612.726922198952,4068503.867054309,4.372953606249573,projected
MNG,2060,62482218648.02935,15314.60189209722,4079911.387071184,2.1376544616399036,projected
MNG,2065,69905476814.92691,17136.488235048113,4079335.0338813243,1.281905016598868,projected
MNG,2070,77328326841.39308,18996.013013741715,4070766.1542163496,0.4267499638053322,projected
MNP,2012,822860606.0606061,15457.425819224662,53234.00000000003,0.0018784987038358,hist
MNP,2013,844921212.1212131,16015.034916433766,52758.00000000003,0.0018954471359793,hist
MNP,2014,880218181.8181819,16869.527038563796,52178.00000000001,0.0019165165395377,hist
MNP,2015,910000000.0000004,17665.100749310866,51514.00000000002,0.0019412198625616,hist
MNP,2016,1175830303.0303001,23158.574498853723,50773.00000000001,0.0019695507454749,hist
MNP,2017,1448278787.8787897,28989.347022133956,49958.99999999998,0.0020016413459036,hist
MNP,2018,1165903030.30303,23756.607582024782,49076.99999999999,0.002037614361106,hist
MNP,2019,1032436363.6363591,21451.44016365101,48128.999999999985,0.0020777493818695,hist
MNP,2020,732412121.2121207,15410.11869239439,47528.00000000001,0.002104022891769,hist
MNP,2021,768812121.2121218,16365.016735394998,46979.000000000015,0.0021286106558249,hist
MNP,2022,896763636.3636365,19461.861112974446,46078.0,0.0021702330830330996,hist
MNP,2023,896763636.3636365,19461.861112974446,46078.0,0.0021702330830330996,hist
MNP,2024,896763636.3636365,19461.861112974446,46078.0,0.0021702330830330996,hist
MNP,2025,896763636.3636365,19461.861112974446,46078.0,0.0021702330830330996,projected
MNP,2030,896763636.3636365,19461.861112974446,46078.0,0.0021702330830330996,projected
MNP,2035,896763636.3636365,19461.861112974446,46078.0,0.0021702330830330996,projected
MNP,2040,896763636.3636365,19461.861112974446,46078.0,0.0021702330830330996,projected
MNP,2045,896763636.3636365,19461.861112974446,46078.0,0.0021702330830330996,projected
MNP,2050,896763636.3636365,19461.861112974446,46078.0,0.0021702330830330996,projected
MNP,2055,896763636.3636365,19461.861112974446,46078.0,0.0021702330830330996,projected
MNP,2060,896763636.3636365,19461.861112974446,46078.0,0.0021702330830330996,projected
MNP,2065,896763636.3636365,19461.861112974446,46078.0,0.0021702330830330996,projected
MNP,2070,896763636.3636365,19461.861112974446,46078.0,0.0021702330830330996,projected
MOZ,2012,13149604768.381222,540.2945177802999,24337846.00000004,0.193192939095761,hist
MOZ,2013,14013719723.485897,559.393953685689,25051611.0,0.204274287988904,hist
MOZ,2014,15093136077.353275,585.2667161339821,25788474.99999997,0.22454992007088398,hist
MOZ,2015,16208985769.615013,610.563774706591,26547572.00000002,0.24326895129995296,hist
MOZ,2016,16970320249.582777,620.7797149545574,27337104.99999995,0.304783553342609,hist
MOZ,2017,17418032489.647003,618.3976943603321,28166393.000000007,0.295110559594905,hist
MOZ,2018,18025039081.869225,621.1537341947886,29018644.00000004,0.277593949600126,hist
MOZ,2019,18442825951.879936,617.1393200019511,29884380.00000005,0.288756199727081,hist
MOZ,2020,18217911539.74022,591.8040599859316,30783688.000000022,0.258364105041605,hist
MOZ,2021,18651030677.511303,588.2158546954157,31707800.0,0.288380146210081,hist
MOZ,2022,19465045724.740395,596.0588894614649,32656245.99999998,0.3336942035529741,hist
MOZ,2023,20532020330.76629,610.4332588507472,33635159.999999985,0.318684376705804,hist
MOZ,2024,20973160980.921234,605.6047208485182,34631766.000000045,0.292006477521244,hist
MOZ,2025,20973160980.921253,605.6047208485188,34631766.000000045,0.15302071612377832,projected
MOZ,2030,28520780559.47584,761.70659629232,37443263.19123857,0.16363186993931012,projected
MOZ,2035,37930336536.89883,945.5724388528137,40113623.217399,0.17643268481339508,projected
MOZ,2040,50321844294.88499,1180.8746448823179,42614044.185782224,0.19879358301732022,projected
MOZ,2045,66825456799.87768,1489.828243481288,44854470.3674877,0.21563571077620794,projected
MOZ,2050,88585219264.08784,1890.8345895681584,46849798.36566219,0.24943571139995896,projected
MOZ,2055,116829656772.63245,2401.836288687034,48641806.82210338,0.1784813036496156,projected
MOZ,2060,152861636698.78796,3040.4206997639726,50276475.4596805,0.11292146775946761,projected
MOZ,2065,197982524551.4214,3827.9592701972592,51720123.06735414,0.06181243229896059,projected
MOZ,2070,253476789864.82065,4789.742264526477,52920757.708009966,0.013540996757139002,projected
MRT,2012,5388639480.835958,1488.971775572145,3619033.999999997,0.698114469220239,hist
MRT,2013,5612311839.1624155,1502.9014238108298,3734318.0000000033,0.620006116243983,hist
MRT,2014,5852228252.66622,1520.6462163490166,3848514.0,0.697074247358851,hist
MRT,2015,6166863896.686769,1554.9489787178263,3965958.9999999977,0.695166036764374,hist
MRT,2016,6244622452.8030815,1528.0515229937528,4086657.0000000005,0.642260899312078,hist
MRT,2017,6636194355.5862665,1576.0685782516175,4210600.000000004,0.90462166912079,hist
MRT,2018,6952885074.445966,1602.902256490725,4337684.999999997,1.02255004685679,hist
MRT,2019,7171275534.84383,1605.1352359742023,4467707.999999999,1.00413903504884,hist
MRT,2020,7145411800.089601,1553.3061558659085,4600131.000000002,1.00766695557148,hist
MRT,2021,7198481880.1079,1520.3111804258992,4734874.0,0.931619299689918,hist
MRT,2022,7687691068.956829,1576.7562410730804,4875636.999999999,1.03090119301334,hist
MRT,2023,8211183625.049438,1634.8989714462432,5022440.999999998,0.961166094335404,hist
MRT,2024,8729112418.520094,1688.6139322919012,5169395.000000001,0.969475151347498,hist
MRT,2025,8729112418.520086,1688.6139322918996,5169395.000000001,1.1232503428435148,projected
MRT,2030,11258381349.111477,2015.586003486042,5585661.603940306,1.2099334634401802,projected
MRT,2035,14439237643.374077,2411.5903886978685,5987433.73296097,1.404113776749954,projected
MRT,2040,18423272998.692062,2897.5629344886956,6358195.978905643,1.5564709387555036,projected
MRT,2045,23429909973.6518,3505.893509844933,6683006.745030345,1.782195548946795,projected
MRT,2050,29608684784.994926,4248.691067105107,6968895.671007007,1.9975715775517338,projected
MRT,2055,37055177282.59741,5131.200492925862,7221541.495734496,1.4278877504787104,projected
MRT,2060,45840301548.62563,6155.702956359565,7446802.075020077,0.9000149723089024,projected
MRT,2065,55928086671.83552,7322.693755382716,7637638.35278845,0.5728895185280619,projected
MRT,2070,67228605374.11812,8623.736670009897,7795762.782033204,0.26281104379210607,projected
MUS,2012,10929718037.504704,8702.822428782878,1255882.0000000007,2.98093292204204,hist
MUS,2013,11297000949.121584,8973.515500995363,1258926.9999999993,3.06387900172131,hist
MUS,2014,11729333766.0201,9300.078786385831,1261207.9999999998,3.16403004104002,hist
MUS,2015,12162211503.07929,9630.543783750692,1262879.0,3.16000186874594,hist
MUS,2016,12631973062.513279,9995.650286420692,1263746.9999999988,3.21654571682465,hist
MUS,2017,13129418116.134209,10379.91387067319,1264887.000000001,3.32606786218848,hist
MUS,2018,13655479838.658983,10789.924152113219,1265576.9999999993,3.29636205462015,hist
MUS,2019,14050298678.019802,11098.313706734132,1265984.9999999993,3.32168232640987,hist
MUS,2020,12006466620.770899,9483.676026308473,1266014.0000000005,2.95810314893832,hist
MUS,2021,12415142570.935396,9804.003186312144,1266333.9999999993,3.14916917653636,hist
MUS,2022,13494399202.062315,10688.438311272199,1262523.0000000005,3.20778314533676,hist
MUS,2023,14170187784.809696,11348.433772563189,1248646.999999999,3.4617469949473296,hist
MUS,2024,14868086969.43529,11934.770909956978,1245778.9999999995,3.53634151803811,hist
MUS,2025,14868086969.435316,11934.770909957,1245778.9999999995,3.53634151803811,projected
MUS,2030,17438995799.191742,13727.758908110938,1270345.4304466294,3.53634151803811,projected
MUS,2035,19943785213.595825,15472.608434302436,1288973.691687362,3.53634151803811,projected
MUS,2040,22468720387.36506,17269.78626932371,1301042.1806595374,3.53634151803811,projected
MUS,2045,25042212006.783703,19154.30863797579,1307393.1552472957,3.53634151803811,projected
MUS,2050,27764472310.745228,21211.193055464835,1308953.8263191665,3.53634151803811,projected
MUS,2055,30482083593.31476,23326.998748963044,1306729.76499687,3.53634151803811,projected
MUS,2060,33236887047.020054,25533.995063328217,1301672.0244751158,3.53634151803811,projected
MUS,2065,36074856327.84822,27905.517903795077,1292749.9303978924,3.53634151803811,projected
MUS,2070,38995991435.79937,30461.092742558376,1280190.1680078784,3.53634151803811,projected
MWI,2012,8054933506.225038,512.7403179745099,15709576.99999998,0.361753852443003,hist
MWI,2013,8490733601.03182,525.3576455165571,16161815.999999998,0.310800469452195,hist
MWI,2014,8968360291.15988,539.5626019180575,16621538.000000026,0.299117927594907,hist
MWI,2015,9219474379.315342,539.605363240686,17085587.0,0.28731819398420405,hist
MWI,2016,9449961238.719234,538.2219908109591,17557739.00000003,0.279415248170622,hist
MWI,2017,9827959688.352259,544.7957292203487,18039714.999999993,0.299783006549716,hist
MWI,2018,10255826273.665913,553.5287909020853,18528081.000000022,0.294590681031673,hist
MWI,2019,10842133933.720812,569.8662493719462,19025752.000000015,0.294726852321002,hist
MWI,2020,10928176721.531603,559.4470860860678,19533887.999999993,0.266526561430064,hist
MWI,2021,11426314939.906416,569.9689673224337,20047258.00000003,0.305223786714373,hist
MWI,2022,11531564448.65002,560.6357597149421,20568728.000000034,0.272369783877739,hist
MWI,2023,11755940188.726097,557.0352396579123,21104482.000000004,0.222924211075164,hist
MWI,2024,11952668098.890682,551.9515234705605,21655285.99999997,0.221419380007265,hist
MWI,2025,11952668098.890673,551.95152347056,21655285.99999997,0.1444387841222412,projected
MWI,2030,16793813276.250854,679.8058975907819,24703835.809262294,0.14638617771096682,projected
MWI,2035,23388584746.2654,836.927460706392,27945772.894731794,0.14947814087279862,projected
MWI,2040,32642210896.114708,1041.6876253941045,31335891.970268045,0.15956437343270152,projected
MWI,2045,45600778521.20853,1311.4530670552838,34771185.997223526,0.16418360706747287,projected
MWI,2050,63557587012.379524,1664.4410547536343,38185543.9283112,0.1806301552083139,projected
MWI,2055,88103889857.40651,2124.5506054627904,41469423.9952994,0.12356552086331803,projected
MWI,2060,121074093819.36946,2712.865563713815,44629595.8925526,0.07508293898391155,projected
MWI,2065,164658608036.0378,3455.793488813486,47647120.28338586,0.03960240897472553,projected
MWI,2070,221196818693.65393,4383.2600769504925,50463995.93234821,0.008381426297494088,projected
MYS,2012,258378881826.4732,8710.52671359901,29662831.00000004,7.40984230399317,hist
MYS,2013,270506469604.10117,8964.807248962015,30174265.000000037,7.85952532729463,hist
MYS,2014,286755041078.02997,9341.73055971278,30696136.99999998,8.18962008151058,hist
MYS,2015,301355266964.94745,9648.679793752295,31232798.000000034,8.09596053481984,hist
MYS,2016,314764917575.0886,9901.479601798135,31789685.00000005,7.78504411100645,hist
MYS,2017,333061328477.2677,10293.762920536143,32355644.0,7.350569192812231,hist
MYS,2018,349191778300.0045,10610.195024047902,32910966.99999998,7.72644571640815,hist
MYS,2019,364602265936.13947,10902.9834855856,33440595.999999963,7.63039929073035,hist
MYS,2020,344706479641.24365,10171.4657842762,33889557.999999985,7.467786980284609,hist
MYS,2021,356134704342.1391,10388.266712085662,34282399.00000003,7.5232628848407,hist
MYS,2022,388299855024.743,11191.65117569427,34695493.00000006,7.983299156463931,hist
MYS,2023,402034268648.2163,11445.392527507927,35126297.99999997,8.03895132928611,hist
MYS,2024,422559964245.2399,11883.791277489956,35557672.999999985,8.32321620146515,hist
MYS,2025,422559964245.24146,11883.791277489998,35557672.999999985,0.09340915150536229,projected
MYS,2030,514177363241.3791,13662.11831256761,37635259.150727294,0.11383627277686746,projected
MYS,2035,615265828834.3751,15562.584357403446,39534939.35868565,0.14515883577227714,projected
MYS,2040,725150238714.8246,17610.74519195839,41176578.89036692,0.1750159305200746,projected
MYS,2045,839553869518.0065,19710.37796655474,42594508.889813825,0.20367087543937726,projected
MYS,2050,958271793730.1082,21869.722589469762,43817281.623476766,0.19286239063264274,projected
MYS,2055,1085023445726.8835,24190.667204678703,44852977.24723483,0.13680645562505064,projected
MYS,2060,1217951954535.9243,26649.481333753185,45702651.36805174,0.08361983131233586,projected
MYS,2065,1352994062952.7441,29191.248815459636,46349303.91317143,0.050920016751030514,projected
MYS,2070,1489163841938.6387,31815.70152199666,46805940.7996729,0.019197705463018595,projected
NAM,2012,9702493818.431114,4420.967413738618,2194654.0,1.36313058914982,hist
NAM,2013,10247261642.730787,4549.267590938985,2252507.999999999,1.37810831304484,hist
NAM,2014,10871578021.666891,4701.956941890991,2312138.999999999,1.38659483707511,hist
NAM,2015,11335161083.506104,4774.106508657749,2374300.000000002,1.5019584719706898,hist
NAM,2016,11338991738.874294,4648.627134602143,2439212.9999999995,1.5983434001048702,hist
NAM,2017,11222512162.973906,4476.733244021052,2506853.0,1.49737539456841,hist
NAM,2018,11341464002.125294,4400.4753770574325,2577326.999999998,1.47819814870212,hist
NAM,2019,11246291861.588,4243.0927448196435,2650494.000000001,1.45542679968338,hist
NAM,2020,10335184546.164305,3787.499439732854,2728762.0000000005,1.29890404513109,hist
NAM,2021,10707646943.9364,3809.80753359715,2810547.999999999,1.31835499696145,hist
NAM,2022,11285723332.892683,3905.5513526816258,2889661.9999999977,1.23886461461583,hist
NAM,2023,11787126126.612907,3977.9777990961825,2963095.000000001,1.21960315143456,hist
NAM,2024,12224610619.857506,4034.3505346328275,3030131.0000000005,1.20450237960009,hist
NAM,2025,12224610619.85755,4034.3505346328416,3030131.0000000005,0.6980270718288826,projected
NAM,2030,15118441261.916508,4744.392606799613,3186591.522853509,0.7674038787373069,projected
NAM,2035,18311868488.094543,5508.202043932838,3324472.91185781,0.8496830164307918,projected
NAM,2040,21862768911.23278,6353.831833984871,3440879.375229124,0.9826400650394265,projected
NAM,2045,25769683457.057983,7288.264603862039,3535777.699865984,1.0918180445736394,projected
NAM,2050,30004403356.286095,8299.379316880199,3615258.7091976637,1.2901368451704092,projected
NAM,2055,34513429218.89594,9381.86700201452,3678737.8473266624,0.9419164681880898,projected
NAM,2060,39250557026.23281,10524.849625159504,3729322.358431128,0.607603429723813,projected
NAM,2065,44190009799.46829,11745.504350004047,3762291.3825282496,0.3391499500677179,projected
NAM,2070,49296283397.95184,13045.966200169996,3778660.9777748375,0.07569157836681513,projected
NCL,2012,8738203074.395706,30858.723706053293,283168.00000000023,16.1165809696011,hist
NCL,2013,8738203074.395706,30858.723706053293,283168.00000000023,16.1165809696011,hist
NCL,2014,8738203074.395706,30858.723706053293,283168.00000000023,16.1165809696011,hist
NCL,2015,8738203074.395706,30858.723706053293,283168.00000000023,16.1165809696011,hist
NCL,2016,8766998585.585072,30858.723706053293,284101.14005672,16.1165809696011,hist
NCL,2017,8795888988.305063,30858.723706053293,285037.3551443947,16.1165809696011,hist
NCL,2018,8824874595.257288,30858.723706053293,285976.6553963535,16.1165809696011,hist
NCL,2019,8853955720.173815,30858.723706053293,286919.0509793187,16.1165809696011,hist
NCL,2020,8883132677.820572,30858.723706053293,287864.55209351523,16.1165809696011,hist
NCL,2021,8912405784.000755,30858.723706053293,288813.16897278174,16.1165809696011,hist
NCL,2022,8941775355.558247,30858.723706053293,289764.9118846809,16.1165809696011,hist
NCL,2023,8971241710.38104,30858.723706053293,290719.7911306108,16.1165809696011,hist
NCL,2024,9000805167.404684,30858.723706053293,291677.81704591605,16.1165809696011,hist
NCL,2025,9030466046.615736,30858.723706053293,292639.00000000023,16.1165809696011,projected
NCL,2030,9541392840.390863,30858.723706053293,309195.9645278269,16.1165809696011,projected
NCL,2035,10018701146.012772,30858.723706053293,324663.4968265874,16.1165809696011,projected
NCL,2040,10470564953.099627,30858.723706053293,339306.4811376403,16.1165809696011,projected
NCL,2045,10893809734.93492,30858.723706053293,353022.0445506621,16.1165809696011,projected
NCL,2050,11283139790.019548,30858.723706053293,365638.57590151177,16.1165809696011,projected
NCL,2055,11634011816.135056,30858.723706053293,377008.84608694655,16.1165809696011,projected
NCL,2060,11944313711.957804,30858.723706053293,387064.41088536626,16.1165809696011,projected
NCL,2065,12187484578.654682,30858.723706053293,394944.54452320613,16.1165809696011,projected
NCL,2070,12365688836.739372,30858.723706053293,400719.38666451396,16.1165809696011,projected
NER,2012,8259606009.352002,463.0662654964023,17836769.000000007,0.11521705528619,hist
NER,2013,8698614858.598413,469.69021420087836,18519897.99999999,0.109995206237097,hist
NER,2014,9276388744.594826,482.7452474194605,19215908.999999974,0.114592549329829,hist
NER,2015,9683867926.442812,485.6625741752784,19939497.999999993,0.108819188928427,hist
NER,2016,10239808436.943281,495.01743721600553,20685752.999999966,0.104777428213515,hist
NER,2017,10752347793.023485,501.6153054629002,21435445.999999966,0.0920857909837752,hist
NER,2018,11527744540.162985,519.5469934838856,22188068.999999966,0.0913914590764974,hist
NER,2019,12212475570.637314,532.1860245703883,22947757.000000026,0.103413157111608,hist
NER,2020,12646096746.88809,533.1943289102533,23717612.999999985,0.101595383987419,hist
NER,2021,12821067681.411114,523.2631795186503,24502140.000000022,0.116675523035947,hist
NER,2022,14346774735.502605,566.7979629838651,25311973.000000022,0.127125609686768,hist
NER,2023,14586026438.1981,557.5726527278638,26159866.999999993,0.12090657800362699,hist
NER,2024,16088387161.446186,595.1517445593166,27032411.999999966,0.118901709547783,hist
NER,2025,16088387161.44617,595.1517445593161,27032411.999999966,0.12391381607465848,projected
NER,2030,22327100784.78664,708.959586036782,31492769.439227633,0.12379796544539955,projected
NER,2035,31067858614.11982,851.9195830610814,36468064.86416019,0.13298986746258565,projected
NER,2040,43725651668.85428,1043.2747131691908,41911925.130464815,0.136215198666213,projected
NER,2045,62085311968.75007,1300.6200506236196,47735164.42329294,0.14393853652316244,projected
NER,2050,88689572302.76173,1648.263483045583,53807885.21680123,0.14924804149841492,projected
NER,2055,126867001674.05515,2123.33990680615,59748795.408307396,0.09955958473895758,projected
NER,2060,180813382465.933,2759.889737916798,65514712.411088355,0.059015889575584145,projected
NER,2065,255662156346.66107,3588.4718531251024,71245412.20074274,0.03542919746581195,projected
NER,2070,356746564145.6135,4640.171639354321,76882191.40860374,0.015373215824144073,projected
NGA,2012,423525315758.0548,2403.653878969242,176200625.0,0.580337328542393,hist
NGA,2013,451780110046.79834,2495.3410657374907,181049442.9999997,0.63302873569183,hist
NGA,2014,480286163931.1491,2583.615569581399,185896914.99999967,0.660183629190404,hist
NGA,2015,493026682800.6296,2585.7336067179776,190671877.99999976,0.621244733321397,hist
NGA,2016,485055087455.8211,2481.8149035032657,195443699.99999997,0.631791150085677,hist
NGA,2017,488964081500.90295,2441.712364044883,200254579.00000006,0.579461406473008,hist
NGA,2018,498365674277.7342,2431.7785783256763,204938755.00000003,0.592412108680957,hist
NGA,2019,509371727735.7443,2431.535284729821,209485641.00000012,0.60197968413501,hist
NGA,2020,476930359891.9463,2228.6863142288794,213996181.00000006,0.555700571123744,hist
NGA,2021,482220722020.1292,2206.6640625006667,218529285.9999996,0.599006670437755,hist
NGA,2022,503047012794.8553,2254.2908041689248,223150895.99999964,0.578271036832404,hist
NGA,2023,519782610025.9278,2280.919311561152,227882944.99999997,0.552339272252252,hist
NGA,2024,540898072115.8814,2324.6488120275085,232679478.00000027,0.566917637661195,hist
NGA,2025,540898072115.88196,2324.6488120275108,232679478.00000027,0.48454466620386694,projected
NGA,2030,732965238812.147,2818.921820191883,260016164.18090457,0.5087945221280816,projected
NGA,2035,978618053614.219,3384.74400316492,289126165.1395668,0.5833806148903184,projected
NGA,2040,1301302618865.9668,4071.8611719442465,319584230.38391954,0.6571560172030554,projected
NGA,2045,1724270845934.387,4915.461010338471,350785174.0269742,0.684102743696765,projected
NGA,2050,2274933774450.66,5948.7877976139425,382419721.7730872,0.6784247391768762,projected
NGA,2055,2986918398891.137,7251.728655805474,411890535.43804586,0.4349569475041933,projected
NGA,2060,3890670914693.28,8848.046042343887,439720916.46831256,0.22483874725373607,projected
NGA,2065,5013347946727.4,10746.984802247602,466488790.9471054,0.10858567447496001,projected
NGA,2070,6377478106424.501,12968.776066711926,491756359.55301315,0.004965263697289874,projected
NIC,2012,11071852873.363897,1876.1759720149014,5901286.999999998,0.82136320433153,hist
NIC,2013,11617373486.86491,1941.4562855262634,5983845.000000004,0.775237326501605,hist
NIC,2014,12173318263.917393,2006.6486964653373,6066491.999999998,0.809215605987777,hist
NIC,2015,12756696261.067608,2074.4562063473013,6149417.000000003,0.893922139285724,hist
NIC,2016,13338803114.224499,2140.144059416067,6232665.999999998,0.918114335021321,hist
NIC,2017,13956550774.571688,2209.6327342321224,6316230.999999998,0.899666272497,hist
NIC,2018,13487142194.608797,2107.3396261622984,6400079.999999997,0.8094117573530331,hist
NIC,2019,13096437236.414797,2019.9151862004414,6483657.000000001,0.821126102136495,hist
NIC,2020,12803529948.206606,1950.1918121847293,6565267.000000003,0.72292566319085,hist
NIC,2021,14142060836.745,2128.308813954524,6644741.000000002,0.781445055571015,hist
NIC,2022,14644146345.718918,2175.738991444057,6730654.000000005,0.781677382316785,hist
NIC,2023,15292551634.57549,2241.122354766529,6823612.999999996,0.811432301333619,hist
NIC,2024,15841222424.942093,2290.4716250599467,6916139.999999997,0.829841501184187,hist
NIC,2025,15841222424.942122,2290.471625059951,6916139.999999997,0.7152221597109673,projected
NIC,2030,20408135530.810555,2875.0232809967115,7098424.44257894,0.6492454271949998,projected
NIC,2035,26063529601.102627,3601.98773347102,7235874.0589010175,0.5916756846630484,projected
NIC,2040,32968617492.170788,4501.232439359626,7324353.482367844,0.5253122054625577,projected
NIC,2045,41101041216.6378,5577.719758190286,7368789.218261695,0.4908023764616209,projected
NIC,2050,50519049215.30263,6853.4980715312,7371279.409146419,0.5000716074913227,projected
NIC,2055,61268534199.09747,8356.228380298575,7332079.906234958,0.3683033967781835,projected
NIC,2060,73187694943.58109,10087.966279477268,7254950.39495448,0.23634790495931732,projected
NIC,2065,86575422437.90343,12066.082650931003,7175106.034204347,0.13956584163434932,projected
NIC,2070,101457016509.88602,14300.581982381513,7094607.522608679,0.04060930750707071,projected
NLD,2012,747805361887.6842,44631.874538878954,16754961.999999994,10.2418555171895,hist
NLD,2013,747579281182.5654,44487.03063468998,16804432.00000002,10.0780436970437,hist
NLD,2014,759634819525.5803,45042.066954583155,16865007.999999996,9.59164086966339,hist
NLD,2015,775743675302.7323,45793.81354346969,16939922.99999997,9.99734178248626,hist
NLD,2016,794549918521.0227,46655.036338203834,17030314.000000026,10.028805106001,hist
NLD,2017,816650691531.9191,47670.10572532971,17131296.000000022,9.81688717537774,hist
NLD,2018,835096710412.6115,48463.029973995035,17231623.999999985,9.46486529650368,hist
NLD,2019,854304699526.718,49254.01588542639,17344873.999999978,9.10784361996519,hist
NLD,2020,821260592382.702,47086.5804192702,17441500.00000002,8.15069804775965,hist
NLD,2021,872809729132.8391,49780.84405268359,17533043.99999999,8.32113351224123,hist
NLD,2022,916513359459.6729,51777.54315888641,17700982.000000026,7.52014775225465,hist
NLD,2023,911031728184.7765,50960.774502106615,17877116.999999996,6.87570596534106,hist
NLD,2024,920880034447.7483,51178.525696814664,17993484.99999998,6.60188395966651,hist
NLD,2025,920880034447.7483,51178.525696814664,17993484.99999998,5.593737826560447,projected
NLD,2030,993388596356.4812,54296.43330940828,18295651.03651754,4.392682864052385,projected
NLD,2035,1070375697867.4446,57731.678917339384,18540526.06715311,2.6191334179363914,projected
NLD,2040,1157666398547.815,61805.7067472415,18730736.358734116,1.0216213698297114,projected
NLD,2045,1254999203747.1016,66481.83644289896,18877324.558039494,0.14276143856674917,projected
NLD,2050,1356436646695.4348,71382.34069467151,19002411.990066458,0.06543067435680552,projected
NLD,2055,1459953031276.8208,76349.08924635647,19122075.268847987,0.041526850449976865,projected
NLD,2060,1568101775843.0796,81477.77398489763,19245761.133996323,0.017916594030688106,projected
NLD,2065,1680081831170.7693,86776.42325633903,19361040.339353226,0.01830966073319451,projected
NLD,2070,1794552593463.495,92182.09162267979,19467475.318405304,0.018706569039118996,projected
NOR,2012,369676511271.48975,73661.67858303343,5018572.999999999,9.2436037096601,hist
NOR,2013,373433130118.31226,73515.91449174714,5079623.000000002,9.22857857758341,hist
NOR,2014,381081533571.2589,74180.32387310105,5137232.000000004,9.1470465028638,hist
NOR,2015,388159512245.53015,74809.96580498964,5188607.000000004,9.24221086700149,hist
NOR,2016,392680500171.7568,75017.49447690549,5234518.999999999,9.04975223129384,hist
NOR,2017,402355151331.03406,76247.41164453414,5276968.000000001,8.98402264330578,hist
NOR,2018,405690399924.3693,76373.6474606092,5311916.0,8.78033462878555,hist
NOR,2019,410249333418.6955,76712.28711603502,5347896.000000004,8.47933467666537,hist
NOR,2020,405005642242.722,75287.20595275964,5379475.000000004,8.12493784244745,hist
NOR,2021,420836044191.9581,77812.71156143826,5408320.000000005,8.21471362641264,hist
NOR,2022,434497344228.6066,79620.16354550788,5457126.999999998,7.9798582660803,hist
NOR,2023,434810705801.4718,78775.74951549427,5519601.000000001,7.53753758650308,hist
NOR,2024,443929688973.89136,79667.5272314777,5572279.000000001,7.17830173255862,hist
NOR,2025,443929688973.89056,79667.52723147755,5572279.000000001,5.538403611731879,projected
NOR,2030,480023450491.86523,82009.06061989152,5853297.75592423,4.209952173352765,projected
NOR,2035,516824542925.78314,84423.33420888174,6121821.031695413,2.4321990057435214,projected
NOR,2040,553307478481.8475,86738.5073254698,6379029.286331457,0.9197933916463181,projected
NOR,2045,591901044040.1031,89242.8283433695,6632477.42174545,0.12458783507178221,projected
NOR,2050,638376094041.2704,92698.74271940059,6886566.90817951,0.055358895417407177,projected
NOR,2055,693144528014.7123,97075.78483748603,7140241.298848124,0.034099749588699865,projected
NOR,2060,754061627721.3231,102073.25285665512,7387455.642079684,0.014311848145673264,projected
NOR,2065,821330502239.3784,107929.33270057583,7609891.41402332,0.014283366775813803,projected
NOR,2070,894685547389.5951,114597.62880406698,7807190.748416632,0.01430240411015027,projected
NPL,2012,21348110877.043167,775.310578479839,27534914.999999963,0.226080233042303,hist
NPL,2013,22100664484.63609,801.0390608478558,27589995.99999999,0.228209529280106,hist
NPL,2014,23429242138.209476,846.6655417735992,27672369.999999978,0.265694626083707,hist
NPL,2015,24360801286.763775,875.5436354748623,27823628.999999963,0.263161214520219,hist
NPL,2016,24466311259.288086,875.1889437308565,27955461.999999985,0.385041034199327,hist
NPL,2017,26662720369.249165,951.8572985636416,28011257.99999997,0.471231959664218,hist
NPL,2018,28695053195.345737,1021.9149220401164,28079689.000000022,0.531555032536151,hist
NPL,2019,30605298792.54484,1077.1179649818766,28414064.000000037,0.473751308506942,hist
NPL,2020,29880069318.72614,1031.5361878393385,28966574.00000004,0.568109987739662,hist
NPL,2021,31325711777.167446,1062.7888430628996,29475010.00000005,0.589753828751882,hist
NPL,2022,33089761144.51029,1113.554623412233,29715435.999999978,0.506315976652673,hist
NPL,2023,33745781686.650864,1136.4276931382542,29694613.999999963,0.519690203752101,hist
NPL,2024,34982690898.44148,1179.812727683862,29651053.999999993,0.535964084109792,hist
NPL,2025,34982690898.44142,1179.81272768386,29651053.999999993,1.8628649353161422,projected
NPL,2030,45684255459.1513,1441.7605638559135,31686437.127237786,1.523619141954011,projected
NPL,2035,59031884834.41169,1756.9554377293898,33598965.32760207,0.9028566288984057,projected
NPL,2040,76446633670.57965,2159.7311626276537,35396365.526147366,0.7723232573081475,projected
NPL,2045,98873907716.17374,2669.001995060339,37045273.064300746,0.602542199401946,projected
NPL,2050,127255363235.15742,3305.6916722436736,38495835.62304386,0.4376465835515179,projected
NPL,2055,162365536608.46954,4087.2545795738915,39724840.5861219,0.28090368663657656,projected
NPL,2060,205086092347.1941,5040.188134976428,40690166.09201498,0.13443389219960422,projected
NPL,2065,256249951663.1988,6192.463940227359,41380935.62379153,0.07926015468556186,projected
NPL,2070,316877509996.1009,7575.281575087146,41830459.614625685,0.02604755781289793,projected
NRU,2012,68031022.6138793,6626.18317072945,10267.000000000005,0.0,hist
NRU,2013,70836425.6082659,6735.421280618614,10516.99999999999,0.0,hist
NRU,2014,82058037.58581348,7638.990652188924,10742.000000000007,0.0,hist
NRU,2015,84863440.58019967,7747.255849936073,10953.99999999999,0.0,hist
NRU,2016,88370194.3231835,7925.577966204794,11150.000000000005,0.0,hist
NRU,2017,82759388.33440939,7308.317585165088,11323.99999999999,0.0,hist
NRU,2018,82058037.58581333,7149.781091383933,11476.99999999999,0.0,hist
NRU,2019,89071545.07178026,7687.19643322519,11586.999999999998,0.0,hist
NRU,2020,90474246.56897293,7770.69883784016,11642.999999999993,0.0,hist
NRU,2021,97487754.0549406,8325.882146634269,11708.999999999993,0.0,hist
NRU,2022,100293157.04932702,8498.699860124314,11800.999999999998,0.0,hist
NRU,2023,100994507.79792401,8504.800656667283,11875.000000000004,0.0,hist
NRU,2024,102397209.29511712,8570.955829506745,11947.000000000004,0.0,hist
NRU,2025,102397209.29511712,8570.955829506745,11947.000000000004,0.0,projected
NRU,2030,102397209.29511712,8570.955829506745,11947.000000000004,0.0,projected
NRU,2035,102397209.29511712,8570.955829506745,11947.000000000004,0.0,projected
NRU,2040,102397209.29511712,8570.955829506745,11947.000000000004,0.0,projected
NRU,2045,102397209.29511712,8570.955829506745,11947.000000000004,0.0,projected
NRU,2050,102397209.29511712,8570.955829506745,11947.000000000004,0.0,projected
NRU,2055,102397209.29511712,8570.955829506745,11947.000000000004,0.0,projected
NRU,2060,102397209.29511712,8570.955829506745,11947.000000000004,0.0,projected
NRU,2065,102397209.29511712,8570.955829506745,11947.000000000004,0.0,projected
NRU,2070,102397209.29511712,8570.955829506745,11947.000000000004,0.0,projected
NZL,2012,161367975232.5949,36607.14939148272,4408099.999999998,7.89151788752524,hist
NZL,2013,165546666710.16583,37267.65869975146,4442099.999999996,7.784763962990481,hist
NZL,2014,171881119396.75793,38056.26467325541,4516499.999999996,7.813749584855529,hist
NZL,2015,178224167087.99008,38665.372301815885,4609399.999999998,7.67750683386124,hist
NZL,2016,184959455627.0678,39235.369556663594,4714099.999999999,7.36993275492671,hist
NZL,2017,191208740301.49597,39722.60684342197,4813599.999999999,7.534153232507891,hist
NZL,2018,197844796498.7539,40371.545626811785,4900600.000000002,7.27125249969391,hist
NZL,2019,202429793153.82718,40727.88225133835,4970300.000000005,7.49357181659055,hist
NZL,2020,201807833897.72894,39785.47312864304,5072400.0,6.835009068685431,hist
NZL,2021,210960637812.92096,41490.11481983262,5084600.000000001,6.8263580222633,hist
NZL,2022,218336637842.86288,42965.27497547337,5081699.999999997,6.32162465316725,hist
NZL,2023,221380800380.1851,42573.230842343284,5200000.0,6.11076923076923,hist
NZL,2024,224233557754.35187,42408.237873163496,5287499.999999997,6.01694562647754,hist
NZL,2025,224233557754.3523,42408.237873163576,5287499.999999997,3.803878032830687,projected
NZL,2030,245981938893.23425,44744.32054734191,5497500.819863207,3.254426064507258,projected
NZL,2035,270610288767.8165,47582.558707249074,5687173.958692342,2.468745419202964,projected
NZL,2040,300085239335.39246,51162.894568789634,5865290.497431127,1.7266820072161884,projected
NZL,2045,335243655258.64136,55572.64651978471,6032529.963086957,0.9818733779507652,projected
NZL,2050,374521465340.4196,60555.436989243055,6184770.252866788,0.36724839059556913,projected
NZL,2055,416709544430.1675,65929.13887769145,6320567.0743436655,0.18439220238684295,projected
NZL,2060,463283948648.43677,71924.95664773483,6441212.761760173,0.009249755749261481,projected
NZL,2065,515196972266.55035,78731.99644475695,6543679.768466727,0.006315442423650965,projected
NZL,2070,571740166061.4489,86207.04956280484,6632174.154677643,0.00347892264583279,projected
OMN,2012,70318260489.7491,19824.121548594558,3547106.000000003,19.0117803076649,hist
OMN,2013,73994291063.38293,19299.940051686877,3833912.999999997,18.4231097575767,hist
OMN,2014,74950483987.16052,18726.202694697055,4002438.9999999967,18.7456448430569,hist
OMN,2015,78710793237.97139,18808.307792183892,4184894.999999999,18.9549319636454,hist
OMN,2016,82682873555.79599,18830.60572086078,4390876.999999998,18.3626186750392,hist
OMN,2017,82934277088.56462,18277.945563615034,4537396.000000001,17.9309674535791,hist
OMN,2018,84001727416.20732,18269.676943556202,4597876.999999998,18.3513173579893,hist
OMN,2019,83053651985.41565,18089.58666848803,4591241.0,18.6062766036459,hist
OMN,2020,80246670660.85797,17743.88588004769,4522496.999999996,18.1682818142278,hist
OMN,2021,82318780120.40012,18291.3387983888,4500424.0,19.4931188705775,hist
OMN,2022,88892516940.19852,18792.446056530604,4730225.999999999,19.6830764534295,hist
OMN,2023,90149469537.51566,17853.96451199484,5049268.999999999,18.9600910547646,hist
OMN,2024,91620377320.78299,17347.291133905106,5281538.000000005,18.6519911434889,hist
OMN,2025,91620377320.78299,17347.291133905106,5281538.000000005,12.957213777052104,projected
OMN,2030,108119260145.72238,18935.505931114352,5709869.096661606,10.702290328191918,projected
OMN,2035,126025348011.02513,20606.656842837587,6115759.046806699,8.132046332928127,projected
OMN,2040,144614914171.8859,22232.1958903031,6504751.707183447,5.632728949098817,projected
OMN,2045,162209449226.34543,23645.090329134666,6860174.648031542,4.941129357196525,projected
OMN,2050,179271064999.09982,24988.242766350864,7174216.55757667,3.387539845957461,projected
OMN,2055,200467836261.22696,26923.259191552028,7445897.795469343,2.200993367028121,projected
OMN,2060,224506595245.23267,29228.18596156795,7681167.607884926,1.10319150668934,projected
OMN,2065,250475789109.8215,31858.78056994862,7862064.543238902,0.7009912703221162,projected
OMN,2070,276828833925.5685,34633.213615902256,7993160.467166673,0.31885739902660987,projected
PAK,2012,264876940258.88504,1275.4880689896631,207667125.00000003,0.756547286914094,hist
PAK,2013,276443758787.98676,1309.7008044638594,211073977.99999985,0.761812998094914,hist
PAK,2014,287823367553.4048,1343.307781210425,214264646.99999988,0.78969023760602,hist
PAK,2015,299963590534.77344,1380.4702083831696,217290883.00000036,0.820485873767654,hist
PAK,2016,319682711890.74054,1452.186582691765,220138869.0000003,0.893970251114536,hist
PAK,2017,333853050597.69727,1495.2618752803235,223273967.00000015,0.955309760765795,hist
PAK,2018,354390697428.2032,1561.6816981955867,226928892.0000002,0.891523323526385,hist
PAK,2019,363242090361.6468,1573.8330826936988,230800898.99999985,0.861524807145574,hist
PAK,2020,358614068499.2532,1526.0059748630676,235001746.0000001,0.947225728271823,hist
PAK,2021,381973779235.30035,1595.027921754218,239477801.00000012,0.956817705203498,hist
PAK,2022,400224894618.8575,1642.2806697482577,243700667.00000024,0.965826244537936,hist
PAK,2023,398564217461.7743,1610.331228375364,247504495.0000001,0.843982651709012,hist
PAK,2024,410716372191.5034,1634.567352607995,251269163.99999958,0.8118318091749611,hist
PAK,2025,410716372191.5023,1634.5673526079904,251269163.99999958,3.0759261879186113,projected
PAK,2030,521808019283.4989,1942.0405584732362,268690587.8493732,2.514148792662642,projected
PAK,2035,663295166532.7313,2327.6241120596296,284966615.9996107,1.4895130417162727,projected
PAK,2040,843857236366.5454,2809.0253078310625,300409267.9457254,1.2733214584924457,projected
PAK,2045,1067357620369.1624,3389.5989024228024,314892012.6231576,0.9918642214424994,projected
PAK,2050,1336775540127.8547,4075.7331916212133,327984065.0207338,0.7187504840724475,projected
PAK,2055,1657034312967.0864,4889.657615185848,338885550.5589639,0.46074449078327556,projected
PAK,2060,2034540936596.4348,5853.625097279404,347569395.5087815,0.22021672891669858,projected
PAK,2065,2476506248643.4424,6986.933376358875,354448241.48788905,0.12947800405743623,projected
PAK,2070,2988092939285.413,8306.458403654016,359731283.06655324,0.04238137483784338,projected
PAN,2012,47623362260.148796,12668.294540235831,3759256.0000000005,2.77914034053547,hist
PAN,2013,50635232150.02524,13236.830649082789,3825329.0000000014,2.68272349907681,hist
PAN,2014,52977523729.7984,13611.549065607092,3892100.9999999977,2.76763115859532,hist
PAN,2015,55767806073.17808,14082.654843499642,3960034.999999998,2.68464798922232,hist
PAN,2016,58317491742.8781,14474.12434057703,4029085.999999997,2.64685340546218,hist
PAN,2017,61667283149.93554,15045.545619615043,4098707.000000002,2.47597596022355,hist
PAN,2018,64083529457.25712,15375.643485447485,4167859.9999999977,2.38158191493956,hist
PAN,2019,66072084910.00347,15602.54207145808,4234699.999999996,3.1086263489739503,hist
PAN,2020,54297226728.120026,12647.082655380142,4293261.000000002,2.2623129597758,hist
PAN,2021,63238418849.18504,14552.940140029523,4345405.000000004,2.47873328262843,hist
PAN,2022,70219021768.6548,15956.065393205885,4400772.999999997,2.60024772920576,hist
PAN,2023,75251148212.88753,16877.150842395287,4458758.999999997,2.85705058290883,hist
PAN,2024,77318963569.70316,17122.720655566965,4515577.000000003,2.73829900364892,hist
PAN,2025,77318963569.70331,17122.720655566998,4515577.000000003,2.3758242881036873,projected
PAN,2030,94335070582.79,19865.97991041098,4748573.743062766,2.104895352100931,projected
PAN,2035,111826404758.35812,22563.1848622671,4956144.508897227,1.8734995493643931,projected
PAN,2040,130089009246.80609,25309.71226350515,5139884.953745026,1.6235146861337029,projected
PAN,2045,149163961805.84503,28175.09661605738,5294177.47305379,1.4815868935656689,projected
PAN,2050,168711308578.55734,31136.973918611366,5418359.1835080115,1.475469078086141,projected
PAN,2055,188507954846.3424,34184.613361997195,5514409.446441347,1.0620787916958803,projected
PAN,2060,208441290894.09564,37336.68734595797,5582747.311316071,0.6661331790563715,projected
PAN,2065,228058044912.59515,40527.351577671885,5627262.479155961,0.3859518454876746,projected
PAN,2070,247141496318.05692,43761.484890285865,5647465.960939483,0.11064280293391064,projected
PER,2012,169620385179.42285,5740.0434627247305,29550365.999999948,1.6622975160443,hist
PER,2013,179547449111.36072,6021.461427652309,29817918.99999997,1.6876932290278202,hist
PER,2014,183824551906.25598,6103.918647499694,30115825.999999978,1.76825633140529,hist
PER,2015,189802976285.61868,6231.7115033889395,30457599.999999955,1.80255174406388,hist
PER,2016,197306492869.1389,6392.25474941012,30866493.999999985,1.86289055051085,hist
PER,2017,202276318741.54764,6457.4194025472,31324636.99999996,1.76274029927306,hist
PER,2018,210305376512.77985,6593.1443745952665,31897583.99999998,1.7351408181886103,hist
PER,2019,215017545590.3152,6626.260834949676,32449303.000000022,1.79270106356368,hist
PER,2020,191509018299.91727,5831.830247585228,32838579.000000034,1.44746823545562,hist
PER,2021,217099648514.38187,6547.847181817751,33155881.999999993,1.79843805693361,hist
PER,2022,223198050485.2508,6667.51695632036,33475437.99999998,1.90408262918024,hist
PER,2023,222298021864.38065,6568.000277979302,33845616.99999995,1.92281618030482,hist
PER,2024,229642617310.29965,6711.194032725258,34217847.99999996,2.02424185179617,hist
PER,2025,229642617310.30005,6711.19403272527,34217847.99999996,1.6172356415048355,projected
PER,2030,277008237188.9771,7920.870382281302,34971944.220755644,1.4742541042995305,projected
PER,2035,324625562932.9219,9144.172159483698,35500814.86559096,1.3491419883649416,projected
PER,2040,374375608575.67786,10449.601981670825,35826781.65468438,1.2014349168643674,projected
PER,2045,425716401387.14844,11844.941916006317,35940775.76791398,1.1257361251808025,projected
PER,2050,478569971873.7143,13352.644534290754,35840838.16840214,1.1505835816438175,projected
PER,2055,532317649053.40515,14980.466681457581,35534116.551408485,0.850175626751451,projected
PER,2060,585612764172.3109,16707.365142221784,35051174.089227736,0.5472740976538192,projected
PER,2065,639451547010.3065,18519.36264600259,34528809.61582834,0.3244495044998881,projected
PER,2070,693910695819.2644,20419.95580884701,33981988.12548974,0.0948476192258531,projected
PHL,2012,253818843989.0043,2533.7414196495847,100175512.00000012,0.893452882976031,hist
PHL,2013,270952964501.39124,2654.415069339784,102076336.00000004,0.955039177738511,hist
PHL,2014,288153024771.69653,2776.920059094783,103767130.00000018,1.00237329489598,hist
PHL,2015,306445871242.3218,2909.8581801030027,105312991.9999999,1.07477147738809,hist
PHL,2016,328355086268.9758,3076.3374186759006,106735718.99999985,1.13642556715245,hist
PHL,2017,351113338965.5815,3247.4503878361998,108119693.0000002,1.25459105770861,hist
PHL,2018,373379140695.81757,3410.936479761095,109465286.99999988,1.29114721089618,hist
PHL,2019,396224439236.6421,3575.8817092292206,110804683.00000003,1.33500133744347,hist
PHL,2020,358510629276.3909,3198.6669000841293,112081264.0,1.21683584867494,hist
PHL,2021,378998554988.8572,3350.975875877762,113100950.00000006,1.28744630350143,hist
PHL,2022,407730367707.39215,3577.7013657324346,113964337.99999982,1.33112167071071,hist
PHL,2023,430232801525.6528,3744.697638029281,114891199.00000018,1.41396992471112,hist
PHL,2024,454721721977.4442,3925.304869721794,115843669.99999993,1.5030109111702,hist
PHL,2025,454721721977.44507,3925.3048697218014,115843669.99999993,0.016069043822785505,projected
PHL,2030,563155939973.3977,4569.233584496001,123249540.55407858,0.019481834678179658,projected
PHL,2035,687944793478.072,5287.8888683653395,130098194.3084478,0.024722527496931764,projected
PHL,2040,840751499135.4836,6168.90375888401,136288639.2780393,0.029635193747621223,projected
PHL,2045,1024004289137.2513,7221.7321327194,141794831.25631446,0.034289545553542106,projected
PHL,2050,1239844629086.542,8461.016687273857,146536128.56613103,0.03232122759115134,projected
PHL,2055,1489936727962.0251,9890.666478553982,150640680.40234375,0.02282943601925448,projected
PHL,2060,1775038419769.7095,11518.08756048032,154108779.81688896,0.013898338505550067,projected
PHL,2065,2093922866155.059,13350.4643978942,156842698.78172466,0.008433484121124874,projected
PHL,2070,2444874281414.842,15388.406311687526,158877679.2017738,0.00316976452159849,projected
PLW,2012,259543766.67708024,14609.83769643007,17765.000000000004,202.865184351252,hist
PLW,2013,252919480.33011803,14331.339547264171,17647.999999999996,103.371486854034,hist
PLW,2014,265990771.287714,15015.002612910748,17715.000000000007,71.5608241603161,hist
PLW,2015,287057525.63476574,16154.053215237242,17769.999999999996,67.2706809229038,hist
PLW,2016,290866364.1050972,16343.561505034393,17797.000000000004,64.3029724110805,hist
PLW,2017,282170906.7389516,15841.618388667857,17811.999999999985,67.1682012126656,hist
PLW,2018,278660962.6924009,15642.806932322943,17813.999999999996,69.0748849219715,hist
PLW,2019,277652130.1714892,15600.18710930943,17797.999999999996,71.2608158220025,hist
PLW,2020,258570955.30544102,14532.989844055806,17792.000000000007,71.7401079136691,hist
PLW,2021,224284364.06870118,12612.290618495254,17783.000000000007,74.7342968003149,hist
PLW,2022,227677066.63482112,12820.376520908887,17759.000000000015,78.7262796328622,hist
PLW,2023,232722385.8817889,13128.131431251137,17727.0,78.8571106222147,hist
PLW,2024,232722385.8817889,13128.131431251137,17727.0,78.8571106222147,hist
PLW,2025,232722385.8817889,13128.131431251137,17727.0,78.8571106222147,projected
PLW,2030,232722385.8817889,13128.131431251137,17727.0,78.8571106222147,projected
PLW,2035,232722385.8817889,13128.131431251137,17727.0,78.8571106222147,projected
PLW,2040,232722385.8817889,13128.131431251137,17727.0,78.8571106222147,projected
PLW,2045,232722385.8817889,13128.131431251137,17727.0,78.8571106222147,projected
PLW,2050,232722385.8817889,13128.131431251137,17727.0,78.8571106222147,projected
PLW,2055,232722385.8817889,13128.131431251137,17727.0,78.8571106222147,projected
PLW,2060,232722385.8817889,13128.131431251137,17727.0,78.8571106222147,projected
PLW,2065,232722385.8817889,13128.131431251137,17727.0,78.8571106222147,projected
PLW,2070,232722385.8817889,13128.131431251137,17727.0,78.8571106222147,projected
PNG,2012,17289980088.706196,2139.4809666042847,8081389.999999998,0.527248406524125,hist
PNG,2013,17951312547.222294,2162.1059259559115,8302697.999999999,0.551230455449542,hist
PNG,2014,20382597142.194286,2391.357802816292,8523440.999999994,0.64972585602458,hist
PNG,2015,21723437010.098213,2484.5963398602994,8743246.000000004,0.683258826298608,hist
PNG,2016,22915960976.066025,2557.094630300352,8961718.000000006,0.738809232783268,hist
PNG,2017,23725951011.661182,2584.8883636271057,9178713.99999999,0.629630686826063,hist
PNG,2018,23659695751.332718,2518.4589931732166,9394513.00000001,0.522006835266501,hist
PNG,2019,24719771866.552948,2572.5617796789584,9609010.000000015,0.52413307926623,hist
PNG,2020,23936789891.161972,2438.6113792229344,9815745.999999989,0.557716143021631,hist
PNG,2021,23814388297.75556,2378.3716816548977,10012895.999999985,0.537976225859132,hist
PNG,2022,25173614524.02924,2467.2348879087663,10203169.000000017,0.541939469982316,hist
PNG,2023,26132952333.282166,2515.290703983557,10389634.999999985,0.529181246501922,hist
PNG,2024,27125951106.41936,2564.7374818649296,10576501.999999989,0.516966762734976,hist
PNG,2025,27125951106.41936,2564.7374818649296,10576501.999999989,0.29360026670220885,projected
PNG,2030,35275862604.241516,3110.5400944506646,11340751.616471734,0.2435675409466458,projected
PNG,2035,45344105346.49065,3763.164799576005,12049460.430645918,0.179898175084408,projected
PNG,2040,58003963544.27548,4577.95091524,12670289.528701646,0.12340617434415824,projected
PNG,2045,73815214855.83765,5586.672184687307,13212734.238847984,0.06921238435412524,projected
PNG,2050,93211440212.93834,6817.5794648643205,13672219.10552287,0.02564873798148041,projected
PNG,2055,116486628637.60135,8284.850698025439,14060196.481918989,0.0127976062601624,projected
PNG,2060,143672505563.85764,10002.075366112304,14364269.444582434,0.0006403772642097212,projected
PNG,2065,174625954033.74405,11968.851715162547,14590034.047503652,0.0004373116534634734,projected
PNG,2070,209430165185.38638,14222.072010629234,14725714.018946277,0.00024190557095759077,projected
POL,2012,439333996551.26715,11542.23533680141,38063163.999999985,8.39990338165267,hist
POL,2013,442340098156.2537,11628.228680952489,38040195.99999996,8.28307772126095,hist
POL,2014,459682079851.43976,12093.162278739426,38011735.000000045,7.959918167376469,hist
POL,2015,480054118583.3675,12637.522032440627,37986412.00000004,8.05009433373176,hist
POL,2016,494605411858.3365,13026.18589887183,37970086.99999999,8.34151367627891,hist
POL,2017,520089746650.75,13695.645284872415,37974825.99999997,8.69581601242887,hist
POL,2018,552573816155.9888,14551.085027708923,37974749.999999955,8.68031784277711,hist
POL,2019,577884228677.5426,15221.309062445376,37965474.99999995,8.21985501300853,hist
POL,2020,566120997479.7732,15090.222844011332,37515748.00000005,7.91347409626485,hist
POL,2021,605337233054.7833,16368.623968902508,36981559.00000007,8.76145594619199,hist
POL,2022,637150470884.7333,17303.644943229952,36821749.000000045,8.36357881859441,hist
POL,2023,638740867489.0582,17410.38301370658,36687353.00000006,7.64977784033642,hist
POL,2024,658084600079.5856,18000.503459128537,36559232.99999997,7.55108565871718,hist
POL,2025,658084600079.5845,18000.503459128504,36559232.99999997,4.3033742529585775,projected
POL,2030,730050469043.9608,20163.965023972443,36205700.028542094,2.8246617711513293,projected
POL,2035,799691103814.8685,22441.143606871454,35635042.39463108,1.919503705602556,projected
POL,2040,863297510139.3341,24693.439462065617,34960602.0443423,1.902597037055169,projected
POL,2045,916505670895.0787,26740.74962660962,34273746.38679042,1.122059779799134,projected
POL,2050,961062744811.456,28602.232877677874,33600969.15935193,0.5949878501388639,projected
POL,2055,1003321095825.2261,30490.219448056174,32906325.831288505,0.31862720634726893,projected
POL,2060,1047968049483.7883,32603.1676182799,32143135.960084293,0.030411872073144795,projected
POL,2065,1097169125618.5935,35095.42834894958,31262451.471159555,0.031739121218582356,projected
POL,2070,1146929525328.8577,37879.7526018747,30278168.323414423,0.033256718968693096,projected
PRI,2012,99210088884.53233,30971.262055019073,3203295.0000000005,,hist
PRI,2013,99210088884.53233,30971.262055019073,3203295.0000000005,,hist
PRI,2014,99210088884.53233,30971.262055019073,3203295.0000000005,,hist
PRI,2015,99210088884.53233,30971.262055019073,3203295.0000000005,,hist
PRI,2016,99210088884.53233,30971.262055019073,3203295.0000000005,,hist
PRI,2017,99210088884.53233,30971.262055019073,3203295.0000000005,,hist
PRI,2018,99210088884.53233,30971.262055019073,3203295.0000000005,,hist
PRI,2019,99210088884.53233,30971.262055019073,3203295.0000000005,,hist
PRI,2020,99210088884.53233,30971.262055019073,3203295.0000000005,,hist
PRI,2021,99210088884.53233,30971.262055019073,3203295.0000000005,,hist
PRI,2022,99210088884.53233,30971.262055019073,3203295.0000000005,,hist
PRI,2023,99210088884.53233,30971.262055019073,3203295.0000000005,,hist
PRI,2024,99210088884.53233,30971.262055019073,3203295.0000000005,,hist
PRI,2025,99210088884.53233,30971.262055019073,3203295.0000000005,,projected
PRI,2030,106669607089.06294,34185.501409559074,3120317.172216044,,projected
PRI,2035,113766036049.101,37632.451880792374,3023083.279544888,,projected
PRI,2040,120234575009.9048,41256.597468968,2914311.4649806423,,projected
PRI,2045,125704040380.7666,45000.55011347608,2793388.97110777,,projected
PRI,2050,130309723376.99126,48878.075299948876,2666015.8481552885,,projected
PRI,2055,133937146816.39816,52846.777119267645,2534443.0468128854,,projected
PRI,2060,136301852246.29501,56763.03569985512,2401243.1781664365,,projected
PRI,2065,138282654398.57544,60789.97017792829,2274761.0172176613,,projected
PRI,2070,140127009000.37772,64984.396724059094,2156317.763407022,,projected
PRT,2012,196414790526.27997,18679.7626789594,10514843.999999989,4.73413585593852,hist
PRT,2013,194481859660.111,18597.72146239644,10457295.000000002,4.60337018320703,hist
PRT,2014,195923731482.46115,18836.896797890546,10401062.000000006,4.58326274759251,hist
PRT,2015,199038523119.63873,19215.78130143464,10358075.99999999,4.99335011637296,hist
PRT,2016,203027536357.754,19662.82312462,10325452.000000007,4.89305456071076,hist
PRT,2017,209757330876.9062,20364.19627359454,10300300.000000017,5.35359164296186,hist
PRT,2018,215937376369.16513,20997.774598701242,10283822.000000006,4.96972818082616,hist
PRT,2019,221866335067.1581,21569.187475291845,10286263.00000001,4.51358282400518,hist
PRT,2020,203663019645.46634,19778.7139525722,10297081.000000011,3.94717687468905,hist
PRT,2021,214984151437.5966,20747.699073416356,10361830.999999987,3.76014625214405,hist
PRT,2022,230002603240.14307,22042.868028364715,10434332.00000001,3.8017191709062,hist
PRT,2023,237132635847.4629,22417.16158643856,10578173.999999989,3.53665954067309,hist
PRT,2024,242206495918.35995,22647.37918955789,10694680.99999999,3.32476489948602,hist
PRT,2025,242206495918.35995,22647.37918955789,10694680.99999999,2.7654632662150718,projected
PRT,2030,264400552325.22516,24537.110301432418,10775537.50531863,2.1915789003516912,projected
PRT,2035,287586315946.2843,26495.518444401307,10854149.412088722,1.3146259909773343,projected
PRT,2040,311679535549.18134,28534.878344936482,10922756.767403178,0.5147909370375596,projected
PRT,2045,337676306433.12915,30777.92964952197,10971378.201144656,0.07217860888237569,projected
PRT,2050,366788617680.25226,33354.86419296906,10996555.57157293,0.03322399006373935,projected
PRT,2055,399753667573.67224,36365.86968191553,10992550.737002358,0.02122676802484841,projected
PRT,2060,436020312635.05383,39765.75370390276,10964718.935838029,0.009240838414469621,projected
PRT,2065,473878077324.1651,43473.463243520244,10900398.587287545,0.009556193688554726,projected
PRT,2070,512086011197.75745,47383.91372391004,10807170.006713852,0.009901708250402567,projected
PRY,2012,30842899501.4341,5230.262448589881,5897007.999999996,0.91780441878322,hist
PRY,2013,33400724748.63009,5583.122744735653,5982445.000000001,0.942925509553368,hist
PRY,2014,35171376876.63362,5794.476446899849,6069811.0,0.980244689661672,hist
PRY,2015,36211447840.10267,5879.337923087614,6159102.999999995,1.08148865183778,hist
PRY,2016,37756961788.47359,6041.958793673481,6249126.000000001,1.20212010447541,hist
PRY,2017,39573101423.94845,6243.133631390298,6338660.000000003,1.33605525458062,hist
PRY,2018,40841122661.191154,6354.239200531596,6427381.999999997,1.3602583446884,hist
PRY,2019,40677000526.5933,6243.536208978236,6515057.999999995,1.30801598389454,hist
PRY,2020,40343536418.80144,6109.19608100826,6603739.000000005,1.1894625150994,hist
PRY,2021,41964030301.44116,6278.1100666380935,6684182.000000003,1.19342950266764,hist
PRY,2022,42037903094.754196,6218.197906941628,6760463.999999994,1.18410511467852,hist
PRY,2023,44139473679.58164,6449.230288129691,6844145.999999995,1.1312441318464,hist
PRY,2024,46015383701.362305,6640.838166131168,6929153.000000004,1.1581935050359,hist
PRY,2025,46015383701.362305,6640.838166131168,6929153.000000004,1.1161245495631016,projected
PRY,2030,59002682762.80463,8068.886532546702,7312369.869722557,0.9853732923218993,projected
PRY,2035,74615318608.22066,9738.104228705022,7662201.682774865,0.8735931422060164,projected
PRY,2040,93392450250.42151,11711.701180256048,7974285.6151303975,0.7543676822858911,projected
PRY,2045,115265151111.06514,13983.367466207403,8243018.099153736,0.685969192120235,projected
PRY,2050,140186704287.0527,16557.835064424347,8466487.541493485,0.6807064585417997,projected
PRY,2055,168281943470.27066,19457.42752090382,8648725.186794568,0.48816753070544316,projected
PRY,2060,199462795810.61487,22708.119956305884,8783765.287237065,0.3052063435269591,projected
PRY,2065,233627403142.31363,26311.862744955204,8879166.230338717,0.1763288396942412,projected
PRY,2070,270569751581.20963,30270.549277681115,8938382.620651828,0.05039449429457614,projected
PSE,2012,12886900000.000004,3237.9161999578882,3979998.000000003,,hist
PSE,2013,13492399999.99999,3309.631202430979,4076707.9999999995,,hist
PSE,2014,13471099999.999998,3227.849344826444,4173398.0000000023,,hist
PSE,2015,13972400000.000002,3272.154323607077,4270092.000000004,,hist
PSE,2016,15210999999.999994,3483.099035329721,4367087.999999998,,hist
PSE,2017,15426899999.999994,3462.979861071358,4454805.000000001,,hist
PSE,2018,15616200000.0,3417.7944083796174,4569087.0,,hist
PSE,2019,15829000000.000008,3378.434620919102,4685306.000000004,,hist
PSE,2020,14037400000.00001,2922.468010848445,4803269.000000004,,hist
PSE,2021,15021700000.000013,3051.4860700799513,4922749.000000001,,hist
PSE,2022,15635000000.000008,3099.960901036796,5043612.000000004,,hist
PSE,2023,14922699999.999998,2888.763060721769,5165775.000000001,,hist
PSE,2024,10959599999.999996,2072.090195176844,5289152.0,,hist
PSE,2025,10959600000.000025,2072.0901951768496,5289152.0,,projected
PSE,2030,14819567577.662092,2677.07179156148,5535737.825326734,,projected
PSE,2035,19501751151.014545,3406.7689752393435,5724412.571781286,,projected
PSE,2040,25046690809.840202,4275.666327211453,5857961.986050349,,projected
PSE,2045,31346542043.454895,5278.512244647704,5938518.391283377,,projected
PSE,2050,38357616017.23832,6415.893569401034,5978530.597853925,,projected
PSE,2055,46053148400.07195,7706.509078591525,5975876.746581193,,projected
PSE,2060,54342612777.87762,9151.580017152532,5938057.98299582,,projected
PSE,2065,63484993413.53929,10759.92003902246,5900136.170464229,,projected
PSE,2070,73403539651.64313,12517.289433036656,5864172.115243296,,projected
PYF,2012,5179978074.056904,18968.442215790383,273084.0000000002,3.38577141099442,hist
PYF,2013,5200635899.879102,18930.126888701197,274727.99999999994,3.61739611543053,hist
PYF,2014,5231504505.844142,18928.18586201283,276387.0000000001,3.55841627862381,hist
PYF,2015,5325846361.811862,19166.95947619305,277866.00000000023,3.61973037363333,hist
PYF,2016,5448457902.843076,19516.071835327566,279177.9999999998,3.61024149467365,hist
PYF,2017,5682340239.153302,20287.768583166315,280086.99999999994,3.14473717095045,hist
PYF,2018,5785013023.386459,20674.420682902837,279815.0000000001,2.79792005432161,hist
PYF,2019,5940599015.382014,21289.87512411394,279034.00000000023,2.81327723503229,hist
PYF,2020,5312451133.133512,19026.790444195984,279208.99999999977,2.56080570468717,hist
PYF,2021,5491263054.60892,19626.23325402055,279792.0000000001,2.28741350717676,hist
PYF,2022,5652560509.13909,20160.499429837913,280377.99999999977,3.3019709106991306,hist
PYF,2023,5809297011.573273,20664.97702592248,281117.9999999999,3.30181631912578,hist
PYF,2024,5874732292.770402,20846.651405999135,281807.0000000002,3.45591131519089,hist
PYF,2025,5874732292.770391,20846.6514059991,281807.0000000002,3.45591131519089,projected
PYF,2030,6287791339.546291,21508.79279541926,292335.8553570429,3.45591131519089,projected
PYF,2035,6801017205.165362,22577.453386494384,301230.4837370926,3.45591131519089,projected
PYF,2040,7452617851.454362,24128.506586975043,308871.9073677525,3.45591131519089,projected
PYF,2045,8213679145.138989,26044.893428533484,315366.202886455,3.45591131519089,projected
PYF,2050,9045993124.392445,28215.472607893815,320603.9909415395,3.45591131519089,projected
PYF,2055,9935102722.577593,30601.182455631628,324664.01378385973,3.45591131519089,projected
PYF,2060,10917150606.287334,33326.06992441295,327585.8998990456,3.45591131519089,projected
PYF,2065,11992136775.52163,36377.36709955554,329659.2835512868,3.45591131519089,projected
PYF,2070,13185877420.70401,39829.127076003155,331061.1702722562,3.45591131519089,projected
QAT,2012,138865975290.0619,80621.75549428308,1722437.9999999993,53.5992587251326,hist
QAT,2013,146581512800.9092,76486.91512268625,1916426.0000000012,53.2936831372565,hist
QAT,2014,154400671412.79004,71756.02657972484,2151745.0,51.4766852020105,hist
QAT,2015,161739835164.835,68985.24333801008,2344557.0000000014,48.6591283555913,hist
QAT,2016,166695713593.11,67294.35176881719,2477112.999999999,46.043357731359,hist
QAT,2017,164199341779.27002,64497.6242543738,2545820.000000002,44.8208042988114,hist
QAT,2018,166226927746.60803,64410.71716287225,2580734.0000000014,44.520899868022,hist
QAT,2019,167370994374.12408,63430.371728543716,2638657.000000002,44.592192164423,hist
QAT,2020,161416766491.66104,57769.58360532837,2794147.9999999995,41.2780926421936,hist
QAT,2021,164042913770.97882,65488.546004039614,2504909.999999999,47.2839742745248,hist
QAT,2022,170908060803.63297,64315.635565295386,2657332.999999998,45.1959539884538,hist
QAT,2023,173539688045.02414,65337.95076453298,2656032.0000000014,48.6426368357008,hist
QAT,2024,177634714249.32797,62157.37517918474,2857821.999999998,47.3321641445828,hist
QAT,2025,177634714249.32828,62157.37517918485,2857821.999999998,32.423094342651716,projected
QAT,2030,199459055611.09924,64380.49883503112,3098128.4584668106,26.70675123772639,projected
QAT,2035,214928956137.60956,64582.54134186871,3327973.035311195,20.234292058810258,projected
QAT,2040,227440261341.91647,64321.53809951506,3535989.1579401023,14.029954237180455,projected
QAT,2045,239395882734.997,64411.807831698425,3716645.9193400433,12.34888680858375,projected
QAT,2050,251513157600.43295,65091.63420386616,3863985.9127318417,8.51610410975321,projected
QAT,2055,265921084621.04126,66825.61210440593,3979328.826881163,5.576267235902118,projected
QAT,2060,282932867399.5145,69624.08957477992,4063720.8921149313,2.8233965642805408,projected
QAT,2065,299710028124.35626,72927.42808789844,4109702.4258571113,1.8157516181903393,projected
QAT,2070,314505249922.48773,76425.20789069851,4115203.0671906783,0.838573941242984,projected
ROU,2012,165163587446.019,8234.285534251941,20058034.999999985,4.36901221879411,hist
ROU,2013,165624017079.63904,8287.958440896735,19983693.000000004,3.9798049339529005,hist
ROU,2014,172441103432.3752,8661.473972742404,19908979.000000015,3.9675665939473803,hist
ROU,2015,177885131240.31516,8977.017481581952,19815616.000000015,4.0525613738175,hist
ROU,2016,182972525962.27487,9286.876782365965,19702266.99999997,3.9947941016127695,hist
ROU,2017,197967999561.0201,10106.226955725271,19588715.000000015,4.17578692629915,hist
ROU,2018,208647427408.28513,10714.170115712666,19473970.00000001,4.26219717910626,hist
ROU,2019,216910469745.25574,11197.316291585308,19371647.99999998,4.18922540818417,hist
ROU,2020,209105975817.66223,10854.04943188705,19265250.000000022,3.92941176470588,hist
ROU,2021,220789460074.34097,11546.322499807206,19122059.000000007,4.22268857135102,hist
ROU,2022,230035489109.19775,12076.303381189664,19048501.999999974,3.97277959180202,hist
ROU,2023,235229078939.70886,12340.817050996893,19061061.999999993,3.68569180458046,hist
ROU,2024,237383786157.71863,12459.911206189126,19051803.999999985,3.72055055783694,hist
ROU,2025,237383786157.71823,12459.911206189105,19051803.999999985,2.0811095173668703,projected
ROU,2030,268960736269.98236,14428.851494457354,18640481.28662908,1.3826463995613691,projected
ROU,2035,296784166270.4583,16306.693017092779,18200144.318616122,0.9471445186738385,projected
ROU,2040,322478866970.03186,18195.772133504513,17722736.06219987,0.9458446169908639,projected
ROU,2045,345323850284.4792,20078.439379551375,17198739.591094404,0.5635154149696425,projected
ROU,2050,366928843645.907,22076.841475851095,16620531.702747181,0.3031376193784174,projected
ROU,2055,386314727433.7674,24161.685988765104,15988732.227270858,0.16526202409517854,projected
ROU,2060,408056660602.26685,26654.23075638745,15309264.196434546,0.016091700087863668,projected
ROU,2065,428809203664.68463,29375.385669059502,14597568.470950857,0.01713019295482991,projected
ROU,2070,448340243648.039,32294.887014393593,13882700.485938132,0.018279313985028092,projected
RUS,2012,1356935163515.0178,9464.010748526382,143378446.99999976,12.6922981666833,hist
RUS,2013,1380755103919.45,9601.536651292136,143805638.0000001,12.2682756012668,hist
RUS,2014,1390921151162.46,9643.288481520885,144237223.00000006,12.1341694161707,hist
RUS,2015,1363482182197.708,9426.683024700384,144640715.99999988,12.1481277789029,hist
RUS,2016,1366123111808.0305,9420.53427826267,145015460.00000015,11.961746699283,hist
RUS,2017,1391065651845.6833,9574.19258020421,145293260.00000024,12.1357322425004,hist
RUS,2018,1430116278515.492,9835.865939790789,145398106.00000012,12.5939247104085,hist
RUS,2019,1461551317106.2117,10048.251964998231,145453291.0000002,12.7738739166789,hist
RUS,2020,1422766794794.9927,9795.623567370323,145245148.0000002,12.2840530273686,hist
RUS,2021,1506233291759.564,10405.989543030755,144746762.00000024,13.3920757412176,hist
RUS,2022,1484605556957.5603,10292.825326212112,144236933.00000006,13.1413838368291,hist
RUS,2023,1545214947189.4924,10743.631544487012,143826130.00000024,13.5462339145189,hist
RUS,2024,1612344875264.3628,11233.202927610157,143533851.00000024,13.997771856619401,hist
RUS,2025,1585081601753.5173,11043.259765625007,143533851.00000024,13.397942048341374,projected
RUS,2030,1833107231548.0361,12888.116396476373,142232361.59235883,12.883842599967648,projected
RUS,2035,2070142809707.2893,14674.814931609399,141067728.57817942,9.630585589314169,projected
RUS,2040,2284370651220.4336,16275.294976870482,140358171.96965402,7.1068151041281995,projected
RUS,2045,2458762199384.6045,17588.465796377575,139794012.0445865,6.296155069414203,projected
RUS,2050,2600432342452.0234,18673.143521496673,139260555.64551222,5.426802914777062,projected
RUS,2055,2747237490818.668,19818.27432155116,138621428.19524986,4.3539377786112405,projected
RUS,2060,2938858986473.765,21304.503109603174,137945436.76304054,3.2720078865202664,projected
RUS,2065,3141396046760.318,22928.50025784238,137008352.5496111,2.544459002852277,projected
RUS,2070,3339646425957.6084,24572.123397870662,135911999.6217751,1.8090066801142894,projected
RWA,2012,7059501492.721939,651.8528186658338,10829901.000000011,0.0782278619167433,hist
RWA,2013,7392699272.959944,666.4087887831753,11093339.99999999,0.08501497294773261,hist
RWA,2014,7848619320.216632,690.6103949443565,11364756.999999989,0.0844012766836986,hist
RWA,2015,8543760199.802073,733.9986298824934,11640021.999999989,0.0951200951338408,hist
RWA,2016,9053886356.47149,759.606288155109,11919183.000000019,0.101567364138968,hist
RWA,2017,9408633100.294983,771.0692375135822,12202060.000000004,0.107481851425087,hist
RWA,2018,10209916254.689093,817.5784373000361,12487995.999999989,0.116840203984691,hist
RWA,2019,11174486370.450905,874.6396589359761,12776103.000000006,0.118588586832777,hist
RWA,2020,10797494124.638395,826.3913077010225,13065836.999999989,0.111389725740494,hist
RWA,2021,11969932683.862709,896.2710335749883,13355260.000000011,0.127784857801346,hist
RWA,2022,12946823692.938108,948.4136869480249,13651030.000000013,0.161247905835677,hist
RWA,2023,14014924091.794683,1004.3321665002348,13954470.999999985,0.163983285357073,hist
RWA,2024,15260942682.754581,1070.4500377092609,14256566.99999998,0.162128792997641,hist
RWA,2025,15260942682.754566,1070.4500377092597,14256566.99999998,0.05685327905598109,projected
RWA,2030,21061345645.06639,1342.6317568557445,15686613.65078174,0.06832197871855668,projected
RWA,2035,28481396168.769783,1660.9313162142407,17147847.048659064,0.08372794573188383,projected
RWA,2040,38084192216.65403,2044.5922692103059,18626790.676149577,0.09264804938134463,projected
RWA,2045,50329597124.9971,2508.8736847689115,20060634.152505323,0.1065989424812996,projected
RWA,2050,65727362733.79786,3071.626225306989,21398229.443502307,0.09554055868862785,projected
RWA,2055,85059898843.98451,3767.2899120140437,22578538.108448986,0.06590886303478836,projected
RWA,2060,109268171788.11339,4624.506749173077,23628070.56290965,0.03943837703422787,projected
RWA,2065,138857487895.95026,5643.068710547766,24606733.50235913,0.020591068349517773,projected
RWA,2070,174238315945.63373,6827.593761814853,25519725.107271057,0.0031938082019659884,projected
SAU,2012,618711318317.786,23643.035832464655,26168860.999999966,20.6100945700312,hist
SAU,2013,636936313349.2811,23057.34944685354,27624004.00000005,19.8087286694572,hist
SAU,2014,662570908159.5933,23404.73060398244,28309272.999999978,20.6973806780556,hist
SAU,2015,693414399999.9988,23256.15495535306,29816381.999999955,20.5071259148746,hist
SAU,2016,705230509999.1514,22783.03285386854,30954197.999999978,19.6907023725829,hist
SAU,2017,713567089638.5406,23035.119997770675,30977354.999999966,19.4764691820848,hist
SAU,2018,736593549189.5162,24393.518830663834,30196280.999999985,19.2090840590601,hist
SAU,2019,748759049109.6003,24905.66974285587,30063798.999999993,19.2859458646594,hist
SAU,2020,720270347023.0989,22827.671935547998,31552510.000000056,18.2902881577409,hist
SAU,2021,767229070838.8905,24922.67169489444,30784383.000000037,19.1759893319934,hist
SAU,2022,859301066620.7893,26706.91792606597,32175224.00000005,19.282874301046,hist
SAU,2023,863963569239.8969,25634.823754784073,33702730.99999997,18.8540744665469,hist
SAU,2024,881212616884.0256,24963.332213909474,35300280.00000005,18.4845842582552,hist
SAU,2025,881212616884.0273,24963.33221390952,35300280.00000005,13.142653497546252,projected
SAU,2030,1062504572996.9131,27565.848275314438,38544236.41838003,10.748122529042641,projected
SAU,2035,1230293634803.928,29491.08876616913,41717470.811564825,8.08204781180457,projected
SAU,2040,1404730411429.108,31384.437466889183,44758820.76621921,5.549579999125589,projected
SAU,2045,1574438119366.0576,33105.179984527545,47558663.63215385,4.831933275822089,projected
SAU,2050,1734575112198.875,34620.53251721398,50102496.58454594,3.288430763450126,projected
SAU,2055,1895397220917.153,36180.50298292831,52387254.58879033,2.120798171599745,projected
SAU,2060,2064589483686.7515,37987.744526894036,54348830.3767309,1.0570052014292017,projected
SAU,2065,2242095611643.8477,40079.15051267364,55941694.94522752,0.6678866596737738,projected
SAU,2070,2423342536665.6797,42402.5529595796,57150863.98160366,0.3023301126764816,projected
SDN,2012,47566600027.22236,1288.258557462806,36923177.999999955,0.474625992378013,hist
SDN,2013,48496595854.76678,1283.459208625078,37785849.00000007,0.466404764386795,hist
SDN,2014,50757206252.6522,1307.3897046267944,38823318.00000007,0.4769298698271999,hist
SDN,2015,51726758676.76772,1292.3796137605982,40024431.00000001,0.538628519166206,hist
SDN,2016,53520457581.10719,1297.154572801771,41259891.999999985,0.580134819548243,hist
SDN,2017,53900054790.136826,1261.8735931267825,42714305.999999955,0.553975991088325,hist
SDN,2018,52455031754.90922,1185.9444931492508,44230595.99999995,0.53463218085508,hist
SDN,2019,51312429477.39517,1126.5529184735744,45548175.00000006,0.515296167190014,hist
SDN,2020,49449890489.35503,1056.864783465986,46789231.00000003,0.4631087012308451,hist
SDN,2021,48525909156.87846,1009.5488772461999,48066924.000000045,0.491048688699115,hist
SDN,2022,48061119947.9824,973.2252639985638,49383345.99999998,0.434223310830335,hist
SDN,2023,33915159867.94174,677.7231882998232,50042791.00000006,0.433700830155536,hist
SDN,2024,29179132473.630424,578.3891429766438,50448963.000000015,0.433463815698253,hist
SDN,2025,29179133340.323746,578.3891601562501,50448963.000000015,0.2049355354065981,projected
SDN,2030,38455605510.31331,701.7612693336913,54798700.34267659,0.2494700502161153,projected
SDN,2035,50254456650.22871,852.3097564417835,58962667.35233754,0.31060035801054714,projected
SDN,2040,65696165970.03158,1045.5788795659294,62832338.38589514,0.3503403247145036,projected
SDN,2045,85602652868.34294,1291.1590134754374,66299078.56037394,0.41142350368151903,projected
SDN,2050,110785277734.56694,1597.810991677177,69335658.79295821,0.37610404734006037,projected
SDN,2055,142338963915.77814,1976.907651629188,72000815.91999266,0.2636339022637557,projected
SDN,2060,181620467581.80856,2445.800686949637,74258081.84244263,0.16006729425792032,projected
SDN,2065,229876669994.9876,3022.095941832717,76065311.7635906,0.0849660117365255,projected
SDN,2070,288001873327.26447,3717.07784158647,77480721.57787894,0.013418074659351764,projected
SEN,2012,15361066998.8901,1154.056779923669,13310495.000000004,0.553255156926921,hist
SEN,2013,15731635117.416412,1147.3859217191,13710849.000000011,0.571875600117834,hist
SEN,2014,16710783797.424805,1180.7987108505015,14152102.0,0.592328969929697,hist
SEN,2015,17774766696.175877,1218.0061355543776,14593330.999999981,0.631685802233911,hist
SEN,2016,18904543055.86557,1257.4090691592767,15034520.999999978,0.684897111121798,hist
SEN,2017,20304894471.312305,1312.1093277604941,15475002.000000004,0.659314939022302,hist
SEN,2018,21565674310.713173,1355.0961086371183,15914497.99999998,0.674573586926839,hist
SEN,2019,22560634320.12701,1379.6087524986049,16352922.000000015,0.674423812453823,hist
SEN,2020,22863414676.284946,1361.7914374864552,16789219.00000003,0.644157420306448,hist
SEN,2021,24359596784.117023,1414.539510938503,17220867.00000001,0.762104486376905,hist
SEN,2022,25297546478.50418,1433.1991875241001,17651102.99999998,0.8239598397901818,hist
SEN,2023,26374572022.22272,1458.9664233258911,18077573.000000015,0.758785485197598,hist
SEN,2024,27973016519.321747,1511.892806702335,18501984.000000034,0.767609570951958,hist
SEN,2025,27973016519.321846,1511.8928067023405,18501984.000000034,0.8343190673814351,projected
SEN,2030,36958299599.67256,1832.3023908810965,20170414.983686443,0.8907492553467223,projected
SEN,2035,48381729591.478386,2218.0889482581047,21812348.702009093,1.0246481971282324,projected
SEN,2040,63364328690.30921,2712.798136553528,23357553.89850362,1.1263717729752907,projected
SEN,2045,82782143669.16096,3341.363412075588,24774959.637730144,1.278051899971448,projected
SEN,2050,107654174540.1375,4135.371706074777,26032526.745297335,1.421622149877747,projected
SEN,2055,139111828990.53967,5126.519654247936,27135725.282018345,1.0102218019040077,projected
SEN,2060,178226645402.3984,6338.694689565762,28117247.182733137,0.6336959598693465,projected
SEN,2065,226089100407.37292,7782.578475510042,29050667.605707098,0.40041288239996714,projected
SEN,2070,283515371473.19135,9477.45584402219,29914712.99251854,0.18207552792853135,projected
SGP,2012,274543305511.61087,51679.35271733311,5312436.999999998,9.44039430491129,hist
SGP,2013,287769788882.2211,53298.97285582858,5399162.0,9.74704963473961,hist
SGP,2014,299095084828.978,54681.93364582529,5469723.999999999,9.84749870377372,hist
SGP,2015,307998545269.3982,55645.60686146056,5535002.000000005,9.9683071478565,hist
SGP,2016,319541032495.04504,56986.78531029114,5607282.999999996,9.44707088976961,hist
SGP,2017,333846562289.7456,59485.301587392045,5612252.999999997,10.1364104576184,hist
SGP,2018,345370865382.86664,61250.34766723018,5638675.999999997,9.61426051080076,hist
SGP,2019,349888458531.0856,61345.52918200618,5703568.999999996,9.79870673958709,hist
SGP,2020,336541232520.50323,59189.70385743013,5685807.0,9.4756645802434,hist
SGP,2021,369376902514.86487,67731.26107117161,5453565.999999997,10.2167829269876,hist
SGP,2022,384550906479.0059,68218.80533356195,5637021.999999998,9.99582758413928,hist
SGP,2023,391555143381.88525,66167.35963036073,5917648.000000005,9.48033745839563,hist
SGP,2024,408736675576.89044,67706.8336149738,6036859.999999995,9.75144363129176,hist
SGP,2025,408736675576.8911,67706.83361497392,6036859.999999995,0.11567273513599416,projected
SGP,2030,450811809617.7538,72460.61578800906,6221473.620051061,0.1447776972814806,projected
SGP,2035,484173534157.1324,75841.85043349507,6383988.937370392,0.188995636701863,projected
SGP,2040,512649662219.3584,78706.37069419547,6513445.578772772,0.2326142968760512,projected
SGP,2045,535936769601.28485,81095.47090518623,6608713.946897009,0.27598465875249123,projected
SGP,2050,553765975778.2749,82984.78032625408,6673102.870202799,0.26624686767654765,projected
SGP,2055,569804512350.2224,84875.30895626737,6713430.7887328975,0.1921642970482014,projected
SGP,2060,583528622461.8481,86630.45390285227,6735837.066214838,0.11928297430950893,projected
SGP,2065,592729377914.236,88259.39829494199,6715764.999138957,0.0738848870233335,projected
SGP,2070,599440187674.9414,90101.16934580452,6652967.9029393615,0.028395807631578836,projected
SLB,2012,1207965042.1634903,2105.914237583795,573606.0,0.648354445385857,hist
SLB,2013,1271231571.5894608,2136.721161770349,594945.0000000002,0.660733345099127,hist
SLB,2014,1286352300.2930503,2085.160672730861,616908.0000000002,0.607059723654094,hist
SLB,2015,1307908813.5996208,2045.4772152664855,639415.0000000005,0.521726890986292,hist
SLB,2016,1380562408.9987702,2084.248457452258,662379.0000000005,0.48854205824762,hist
SLB,2017,1423021077.9804206,2075.3670530230484,685672.0000000005,0.425713752348061,hist
SLB,2018,1462095137.08983,2061.899697066891,709101.0000000002,0.458608858258556,hist
SLB,2019,1487670872.02155,2043.0913977830717,728146.9999999999,0.438510355738608,hist
SLB,2020,1437368862.9268897,1930.6551030719897,744497.9999999997,0.41329862538247203,hist
SLB,2021,1434092017.053131,1880.5519827182984,762591.0000000006,0.436144669947587,hist
SLB,2022,1397028143.8116992,1788.6172792205784,781065.9999999993,0.382810159448753,hist
SLB,2023,1436719369.0170717,1795.8879869714197,800005.0000000006,0.374747657827139,hist
SLB,2024,1479785892.354031,1806.383673243868,819198.0000000005,0.383912070097827,hist
SLB,2025,1479785892.3540323,1806.3836732438697,819198.0000000005,0.383912070097827,projected
SLB,2030,1927985273.6643546,2179.9788803061238,884405.4825859675,0.383912070097827,projected
SLB,2035,2471336031.749372,2608.227956300468,947515.3526284317,0.383912070097827,projected
SLB,2040,3137915622.050807,3120.7408532584764,1005503.4267822648,0.383912070097827,projected
SLB,2045,3951641876.981958,3741.5684780141905,1056145.8116301168,0.383912070097827,projected
SLB,2050,4941632157.74165,4489.693505976457,1100661.3594365837,0.383912070097827,projected
SLB,2055,6126604767.957688,5376.477224399974,1139520.2680583159,0.383912070097827,projected
SLB,2060,7517998670.958173,6414.536367570001,1172025.2626467207,0.383912070097827,projected
SLB,2065,9120493442.650068,7606.873381029402,1198980.5779330372,0.383912070097827,projected
SLB,2070,10928889554.24787,8960.684381621993,1219648.9786720518,0.383912070097827,projected
SLE,2012,6715143020.447696,1025.0436600450155,6551079.999999995,0.148738833902196,hist
SLE,2013,7699806185.6742115,1146.8197345647534,6714050.999999995,0.16721648375920897,hist
SLE,2014,7098065167.701018,1032.2378935590457,6876385.0,0.17552827539470203,hist
SLE,2015,6788352974.783295,964.5759808889879,7037655.000000005,0.14527566355554503,hist
SLE,2016,7225348888.807309,1002.7786228201282,7205328.0,0.146932936293809,hist
SLE,2017,7457128029.049665,1010.5469407120734,7379299.000000003,0.14155816155437,hist
SLE,2018,7672926606.696784,1015.6678297204992,7554563.000000001,0.16027399599420897,hist
SLE,2019,8095145458.326866,1046.96778078594,7731991.000000005,0.156143482319108,hist
SLE,2020,7993685031.063532,1010.2529461475717,7912557.999999994,0.155537564463982,hist
SLE,2021,8465060863.023765,1045.7661615757963,8094602.0,0.181898998863687,hist
SLE,2022,8914856495.105083,1077.0888453850723,8276806.999999999,0.177218098718503,hist
SLE,2023,9423896753.166952,1113.868375006968,8460511.999999998,0.16670385905723,hist
SLE,2024,9828485690.646595,1137.2900567305426,8642021.999999998,0.16915022896262,hist
SLE,2025,9828485690.64657,1137.2900567305396,8642021.999999998,0.19316002137824143,projected
SLE,2030,13334664243.909992,1418.6703309914083,9399410.104383687,0.20670541080313495,projected
SLE,2035,18003529731.4841,1774.5535934589839,10145385.18185375,0.23822690815747846,projected
SLE,2040,24296690922.681934,2236.77172647754,10862391.827951202,0.2619182714058442,projected
SLE,2045,32644247455.80539,2832.908486306569,11523226.963948147,0.2971457152919642,projected
SLE,2050,43541680416.00458,3595.7344526236443,12109259.17630936,0.3304951361831768,projected
SLE,2055,57571120998.71,4558.452971664964,12629530.535154844,0.23472162644017094,projected
SLE,2060,75347784986.9139,5753.936682908439,13094997.240885155,0.14713990394798349,projected
SLE,2065,97223786919.66614,7212.439036097429,13480015.072997116,0.09331595891712648,projected
SLE,2070,123470105323.66136,8961.658568360099,13777595.339280512,0.04275088756641452,projected
SLV,2012,22019127752.942196,3601.4422291458827,6113974.999999999,1.14454180790729,hist
SLV,2013,22499794814.16899,3665.154732705811,6138838.999999995,1.080823263161,hist
SLV,2014,22888906230.213375,3713.949920162225,6162954.999999997,1.10571957770258,hist
SLV,2015,23438240000.0,3790.3408910816165,6183675.999999998,1.17485133438427,hist
SLV,2016,24033351541.72401,3875.8469135795376,6200800.000000004,1.18183137659657,hist
SLV,2017,24573529736.86167,3954.840142775727,6213532.999999994,1.06736376872868,hist
SLV,2018,25166352435.577263,4046.162917205837,6219806.999999994,1.14186822838715,hist
SLV,2019,25779775126.599304,4143.1143709786775,6222318.0,1.30285851671355,hist
SLV,2020,23744951345.51101,3808.531954364086,6234673.000000003,1.06717705964691,hist
SLV,2021,26571731219.353935,4247.547503949774,6255782.000000002,1.20400614983067,hist
SLV,2022,27356823619.696606,4355.960838883596,6280319.000000005,1.34798885215862,hist
SLV,2023,28325024473.79068,4489.177877127178,6309623.999999996,1.46387486797945,hist
SLV,2024,29062047321.26651,4585.225997577935,6338193.000000006,1.50569728627702,hist
SLV,2025,29062047321.26661,4585.225997577951,6338193.000000006,1.1765374381048006,projected
SLV,2030,32925388708.91933,5208.175004993344,6321866.810802646,1.098985581533624,projected
SLV,2035,37190553518.06546,5922.318098287222,6279729.136606364,1.027780284786579,projected
SLV,2040,42129726608.235695,6775.362512165827,6218077.118764885,0.9328185124659272,projected
SLV,2045,47640207300.473236,7773.464617151171,6128568.102742902,0.8896316953513181,projected
SLV,2050,53579449297.20901,8914.431921412397,6010416.566030594,0.924563982717856,projected
SLV,2055,59820058860.06474,10197.542619697917,5866124.917635971,0.6939817979341489,projected
SLV,2060,66236325868.349785,11612.905844730858,5703682.3301554015,0.4532077711876339,projected
SLV,2065,73246909920.43555,13199.933054745146,5549036.469855773,0.27205477714569165,projected
SLV,2070,81068997698.05095,15007.415863679587,5401929.181842108,0.08040286892463945,projected
SMR,2012,1408461048.2479882,42082.55544677131,33468.999999999985,,hist
SMR,2013,1397419106.2321095,42293.48706855451,33041.0,,hist
SMR,2014,1387604046.6624296,42492.850916013784,32654.999999999985,,hist
SMR,2015,1419401070.5604281,43146.82404354284,32896.999999999985,,hist
SMR,2016,1452677592.4434185,43886.2146896897,33100.99999999999,,hist
SMR,2017,1456429357.0017824,43057.77847751016,33825.00000000003,,hist
SMR,2018,1478187032.6214724,42818.69626966778,34522.00000000003,,hist
SMR,2019,1508721722.6040597,43525.422571735246,34663.00000000002,,hist
SMR,2020,1408423247.9964695,40506.85211378976,34769.999999999985,,hist
SMR,2021,1604162946.3794487,46834.1395065821,34251.99999999997,,hist
SMR,2022,1730866817.584969,51277.346099391754,33755.00000000001,,hist
SMR,2023,1737823775.3450413,51323.79726358655,33860.000000000015,,hist
SMR,2024,1737823775.3450413,51323.79726358655,33860.000000000015,,hist
SMR,2025,1737823775.3450413,51323.79726358655,33860.000000000015,,projected
SMR,2030,1737823775.3450413,51323.79726358655,33860.000000000015,,projected
SMR,2035,1737823775.3450413,51323.79726358655,33860.000000000015,,projected
SMR,2040,1737823775.3450413,51323.79726358655,33860.000000000015,,projected
SMR,2045,1737823775.3450413,51323.79726358655,33860.000000000015,,projected
SMR,2050,1737823775.3450413,51323.79726358655,33860.000000000015,,projected
SMR,2055,1737823775.3450413,51323.79726358655,33860.000000000015,,projected
SMR,2060,1737823775.3450413,51323.79726358655,33860.000000000015,,projected
SMR,2065,1737823775.3450413,51323.79726358655,33860.000000000015,,projected
SMR,2070,1737823775.3450413,51323.79726358655,33860.000000000015,,projected
SOM,2012,4605859127.184687,369.617204753385,12461159.999999989,0.06245806971421599,hist
SOM,2013,5110628982.787009,397.10879634485815,12869594.000000002,0.060817769387286,hist
SOM,2014,5569461554.68168,417.51679690639537,13339490.999999978,0.057963231130783,hist
SOM,2015,6152149099.999421,445.58308007339656,13806962.999999994,0.0595713916231977,hist
SOM,2016,6584944951.372278,458.92147682460535,14348739.99999998,0.0583884020478453,hist
SOM,2017,7555288980.077212,506.5010988794591,14916629.00000001,0.0560917617512643,hist
SOM,2018,7710498420.372997,498.9810650138718,15452486.999999978,0.05540855656438991,hist
SOM,2019,7926418061.751361,494.4440397123388,16030971.000000019,0.0528040378839186,hist
SOM,2020,7707287719.385963,462.8670537372354,16651190.999999985,0.0474200313959524,hist
SOM,2021,7972973226.063411,461.6278307259782,17271430.999999996,0.0473151298233482,hist
SOM,2022,8189695542.68851,460.0462266851961,17801896.999999996,0.0467871485830976,hist
SOM,2023,8531635197.808107,464.7210695255666,18358614.999999996,0.04627800081868919,hist
SOM,2024,8882404280.642056,467.2699101944147,19009150.999999974,0.0455149206821494,hist
SOM,2025,8882404280.642063,467.2699101944151,19009150.999999974,0.020032021767604307,projected
SOM,2030,12820227699.176336,624.1218126796813,20541226.79054013,0.024512086758280063,projected
SOM,2035,18236327870.29957,828.719962331733,22005416.424371887,0.030652610884943556,projected
SOM,2040,26201181063.12775,1126.1179841025307,23266817.00586551,0.034846115083814584,projected
SOM,2045,37848982372.319885,1557.4439373771695,24301987.03399872,0.04134022116693783,projected
SOM,2050,54747214906.22427,2174.1478843402274,25180998.63424792,0.03814254731113938,projected
SOM,2055,78641774484.70876,3031.6902660602655,25939910.605348587,0.026951825777639923,projected
SOM,2060,111380507048.51035,4192.549374697654,26566295.848702453,0.016479093411837602,projected
SOM,2065,155461190558.89908,5727.537039105246,27142764.769127566,0.008769923187708658,projected
SOM,2070,213470809332.90533,7712.857217788786,27677267.101556133,0.0013834983496312262,projected
SRB,2012,41331605760.2741,5739.307502353203,7201497.000000004,0.0,hist
SRB,2013,41518250531.7903,5793.3361452556455,7166553.000000003,0.0,hist
SRB,2014,40769149019.86758,5716.54047153506,7131786.999999994,0.0,hist
SRB,2015,41297410634.9586,5820.321557688795,7095383.000000001,0.0,hist
SRB,2016,42526090399.794014,6024.957546537834,7058322.0,0.0,hist
SRB,2017,43531153349.26663,6200.261185921521,7020858.000000005,0.0,hist
SRB,2018,45555069182.00719,6524.08029755192,6982603.999999994,0.0,hist
SRB,2019,47719029694.903244,6870.758108962948,6945234.999999994,0.0,hist
SRB,2020,47265687464.12301,6850.967421688344,6899125.999999998,0.0,hist
SRB,2021,51022863667.99181,7465.676010771485,6834325.999999996,0.0,hist
SRB,2022,52402255080.28259,7862.953873648461,6664448.999999997,0.0,hist
SRB,2023,54366256509.845184,8208.478689150705,6623182.999999994,0.0,hist
SRB,2024,56513683533.783516,8580.261058232576,6586476.000000006,0.0,hist
SRB,2025,56513683533.78361,8580.26105823259,6586476.000000006,0.0,projected
SRB,2030,63766848061.41875,9672.086856380825,6592873.803583636,0.0,projected
SRB,2035,70692937568.70473,10717.736905192847,6595882.898977798,0.0,projected
SRB,2040,77629484181.43703,11779.15465183704,6590412.170989722,0.0,projected
SRB,2045,84588687855.96991,12866.268481023542,6574453.811587233,0.0,projected
SRB,2050,91804090613.93753,14013.19139321542,6551262.167045338,0.0,projected
SRB,2055,99708500430.7581,15284.652785597076,6523439.022750631,0.0,projected
SRB,2060,108360593286.99124,16705.40462828546,6486559.032728601,0.0,projected
SRB,2065,117042314608.65549,18251.8153209887,6412639.649824997,0.0,projected
SRB,2070,125197694956.18805,19869.04652800753,6301142.572680003,0.0,projected
SSD,2012,11500530835.431477,1069.196190809381,10756239.999999981,,hist
SSD,2013,13010519613.876312,1165.1620270749465,11166275.000000011,,hist
SSD,2014,13449448810.700113,1197.0949196947895,11235073.000000013,,hist
SSD,2015,11997800760.224207,1080.1471862476565,11107561.000000002,,hist
SSD,2016,11997800760.224207,1080.1471862476565,11107561.000000002,,hist
SSD,2017,11997800760.224207,1080.1471862476565,11107561.000000002,,hist
SSD,2018,11997800760.224207,1080.1471862476565,11107561.000000002,,hist
SSD,2019,11997800760.224207,1080.1471862476565,11107561.000000002,,hist
SSD,2020,11997800760.224207,1080.1471862476565,11107561.000000002,,hist
SSD,2021,11997800760.224207,1080.1471862476565,11107561.000000002,,hist
SSD,2022,11997800760.224207,1080.1471862476565,11107561.000000002,,hist
SSD,2023,11997800760.224207,1080.1471862476565,11107561.000000002,,hist
SSD,2024,11997800760.224207,1080.1471862476565,11107561.000000002,,hist
SSD,2025,11997800760.224207,1080.1471862476565,11107561.000000002,,projected
SSD,2030,11997800760.224207,1080.1471862476565,11107561.000000002,,projected
SSD,2035,11997800760.224207,1080.1471862476565,11107561.000000002,,projected
SSD,2040,11997800760.224207,1080.1471862476565,11107561.000000002,,projected
SSD,2045,11997800760.224207,1080.1471862476565,11107561.000000002,,projected
SSD,2050,11997800760.224207,1080.1471862476565,11107561.000000002,,projected
SSD,2055,11997800760.224207,1080.1471862476565,11107561.000000002,,projected
SSD,2060,11997800760.224207,1080.1471862476565,11107561.000000002,,projected
SSD,2065,11997800760.224207,1080.1471862476565,11107561.000000002,,projected
SSD,2070,11997800760.224207,1080.1471862476565,11107561.000000002,,projected
STP,2012,232194345.2278451,1225.6945255615003,189439.00000000003,0.7010172139844492,hist
STP,2013,244081946.53840503,1263.7042399528084,193148.0,0.690662082962288,hist
STP,2014,256057120.59548908,1301.3214644502834,196767.00000000012,0.668811335234058,hist
STP,2015,259999643.047388,1298.1094659639627,200290.99999999994,0.702477894663265,hist
STP,2016,273459368.754364,1342.533807688997,203688.9999999999,0.718742789252242,hist
STP,2017,284706696.9773058,1375.594032841987,206969.99999999983,0.720394260037687,hist
STP,2018,297171520.83085394,1413.843486185416,210186.99999999994,0.725544396180544,hist
STP,2019,303157496.46587294,1420.6600831609112,213391.99999999985,0.745576216540451,hist
STP,2020,311114954.7979899,1430.8411929909635,217434.99999999983,0.708717547772898,hist
STP,2021,317023957.7538263,1428.2867609797493,221961.00000000015,0.713188352908844,hist
STP,2022,317558772.3905217,1403.2335670467817,226304.99999999985,0.62393672256468,hist
STP,2023,318740893.73300594,1380.6016941625664,230871.00000000006,0.63065521438379,hist
STP,2024,322247041.6548349,1368.1434755401933,235535.99999999997,0.627080361388493,hist
STP,2025,322247041.6548341,1368.1434755401897,235535.99999999997,0.284831830425428,projected
STP,2030,438918833.6646814,1800.6391513779356,243757.24215970733,0.3737058544558222,projected
STP,2035,566339658.3357028,2264.678317714407,250075.10069124197,0.39900238874544725,projected
STP,2040,706077082.9309893,2774.49197929674,254488.78144169698,0.3459953143449645,projected
STP,2045,854995972.9243637,3323.162671227214,257283.8159043901,0.42125619746477283,projected
STP,2050,1012648451.9549437,3918.9488979834537,258397.97310855857,0.39498921438381185,projected
STP,2055,1178138767.3009639,4566.233810726371,258011.0472077539,0.286104694517745,projected
STP,2060,1346764217.1731603,5252.472147921385,256405.77983952363,0.17773363501852008,projected
STP,2065,1522555688.819474,5971.971724681014,254950.2507734662,0.10823215780671401,projected
STP,2070,1706408934.961669,6735.002774120644,253364.25123959454,0.03795207970922541,projected
SUR,2012,5142988298.245041,9140.928986115352,562633.0000000002,4.34546142867553,hist
SUR,2013,5293854859.136117,9303.460087758098,569020.0000000005,4.02147551931391,hist
SUR,2014,5307380818.792118,9224.24378410547,575373.0000000001,4.55565346305788,hist
SUR,2015,5126237646.220722,8813.617053920672,581627.0000000003,4.68702450195744,hist
SUR,2016,4874454256.150796,8293.315530314052,587757.0,5.03728581709788,hist
SUR,2017,4950790053.58146,8338.692354018622,593713.0000000002,4.12724666631857,hist
SUR,2018,5195768566.2664795,8666.648706977965,599512.9999999999,3.58824579283518,hist
SUR,2019,5256433828.640599,8677.305220217308,605768.0000000001,4.39326606885805,hist
SUR,2020,4416708447.150399,7213.10766669944,612316.9999999998,4.25335243019547,hist
SUR,2021,4309144555.20541,6973.899418681148,617896.0000000005,4.40057873816953,hist
SUR,2022,4412832154.845639,7081.333573257823,623164.0000000001,4.59397526172885,hist
SUR,2023,4519472314.04237,7186.473087399575,628886.0000000001,3.96892282544054,hist
SUR,2024,4597250505.921303,7246.257679592111,634431.0,4.06111933370217,hist
SUR,2025,4597250505.921295,7246.257679592099,634431.0,3.867064270420395,projected
SUR,2030,5627401556.324576,8592.118184087394,654949.2727819463,3.489990519710156,projected
SUR,2035,6738749831.518993,10023.828924219928,672273.0288459521,3.1585669109076133,projected
SUR,2040,7961666812.533238,11605.16387962951,686045.1860148493,2.7816027957817093,projected
SUR,2045,9304210239.23211,13353.23383654798,696775.8037582147,2.5743688861088225,projected
SUR,2050,10729810369.152433,15221.53781512948,704909.7469302685,2.5935976454566676,projected
SUR,2055,12249004246.732708,17242.425410421285,710399.1436917823,1.8853480339372157,projected
SUR,2060,13850015175.247576,19414.19200990275,713396.4250576583,1.192109979768166,projected
SUR,2065,15488215672.369072,21691.847156175256,714010.9166756632,0.6956065433029671,projected
SUR,2070,17185299653.117683,24131.91559253648,712139.8874125332,0.20065486562717744,projected
SVK,2012,81977043067.5237,15159.657042000443,5407578.999999999,6.67699907851554,hist
SVK,2013,82553606913.11516,15249.882451378486,5413393.000000002,6.72042469482633,hist
SVK,2014,84789118561.78897,15647.64917635169,5418649.000000004,6.272818187706939,hist
SVK,2015,89178548717.33237,16442.07608600176,5423800.999999995,6.365646527223251,hist
SVK,2016,90915584911.69739,16740.741399642804,5430798.000000003,6.5265914880280995,hist
SVK,2017,93529165482.89397,17195.288872196274,5439232.000000005,6.93642043582623,hist
SVK,2018,97328432250.48677,17869.014917367887,5446770.999999998,6.837574041574361,hist
SVK,2019,99543529164.30846,18250.980247563628,5454147.000000002,6.381822858826501,hist
SVK,2020,96969818857.11479,17763.85638473518,5458827.0,5.98002098252976,hist
SVK,2021,102454294896.64613,18808.45404965959,5447247.000000004,6.72785720933896,hist
SVK,2022,103012252413.418,18964.829840062295,5431751.999999997,6.11012800289851,hist
SVK,2023,105188526684.46997,19383.37320094016,5426739.999999998,5.73978115774848,hist
SVK,2024,107227789781.413,19776.1758069499,5422068.999999997,5.51311685631444,hist
SVK,2025,107227789781.41241,19776.175806949796,5422068.999999997,3.223863441660474,projected
SVK,2030,121037851045.02782,22263.585105971368,5436584.021347216,2.0900312574069067,projected
SVK,2035,135321964769.37216,24978.00642839137,5417644.725063318,1.402785271568933,projected
SVK,2040,149367176066.2777,27748.530985598496,5382885.89561009,1.3729225222122714,projected
SVK,2045,162477415821.24414,30400.32653563798,5344594.428312261,0.7994628805221086,projected
SVK,2050,174786519425.55884,32959.13873347769,5303127.634461588,0.41885461613695657,projected
SVK,2055,186661596106.72556,35543.018951868995,5251709.101005055,0.22181814647012635,projected
SVK,2060,199010099849.59695,38397.339869316864,5182913.725974673,0.020955252827857988,projected
SVK,2065,211952107266.91663,41677.18603521883,5085566.647609292,0.021677742980208234,projected
SVK,2070,224707120375.84866,45250.479181894465,4965850.626080398,0.022529462584080735,projected
SVN,2012,40926910455.60511,19894.86979645478,2057158.9999999998,7.54292692008736,hist
SVN,2013,40589764218.78197,19704.21860051272,2059952.9999999995,7.52978344651553,hist
SVN,2014,41711191731.42978,20228.708198639066,2061979.9999999998,6.8506969029767495,hist
SVN,2015,42709468274.81373,20697.274853061914,2063531.0000000012,6.92739774687175,hist
SVN,2016,44005450729.606064,21309.712213894938,2065042.0000000016,7.27283028626052,hist
SVN,2017,46282469720.828156,22397.763498833774,2066388.0000000014,7.425662557080279,hist
SVN,2018,48309217703.413506,23293.966665323052,2073894.000000001,7.44975394113682,hist
SVN,2019,50002578162.6734,23943.180094988904,2088385.0,7.0993135844205,hist
SVN,2020,47959972369.98918,22811.805054077788,2102419.0000000005,6.44048593548669,hist
SVN,2021,51996698295.6593,24665.441046402564,2108079.0000000014,6.5747536026875695,hist
SVN,2022,53384233078.316414,25275.71596775702,2112076.0000000014,6.3394025593776,hist
SVN,2023,54652553125.66462,25773.901583506882,2120461.0000000014,5.95087577654104,hist
SVN,2024,55598805913.76191,26134.627203986973,2127400.000000001,6.26652251574692,hist
SVN,2025,55598805913.76201,26134.62720398702,2127400.000000001,3.3430894768472883,projected
SVN,2030,61113022668.982506,28485.118338285774,2145436.853841074,2.154857853903725,projected
SVN,2035,67225394539.250145,31103.605974287915,2161337.6466645906,1.4306538863644889,projected
SVN,2040,73773012703.68556,33869.57583203456,2178149.885004154,1.3804761880118246,projected
SVN,2045,80374933808.41394,36615.223098347946,2195123.4215486837,0.7919715724195004,projected
SVN,2050,87043499430.77484,39383.450992835926,2210154.1951366463,0.40891052570913194,projected
SVN,2055,93949023338.05113,42280.9541677619,2222017.57711714,0.2133073016251336,projected
SVN,2060,101453525132.19724,45469.52749827054,2231242.12443281,0.019805037186007922,projected
SVN,2065,109315932669.18446,48924.04754689246,2234400.8345672525,0.020074641864800624,projected
SVN,2070,117295173804.98428,52518.51469672689,2233406.1517603137,0.02038131747395869,projected
SWE,2012,464448264944.2524,48789.79068836377,9519374.000000004,4.80375075083719,hist
SWE,2013,469732138276.917,48928.4994141291,9600378.999999993,4.579871273832,hist
SWE,2014,480516119003.08154,49557.6183647959,9696110.000000007,4.41199615103377,hist
SWE,2015,501602351911.6,51188.16521204921,9799186.000000007,4.37800649972355,hist
SWE,2016,512292396637.9649,51626.32353123695,9923085.00000001,4.2819344992006,hist
SWE,2017,521937949816.0428,51894.374817780736,10057697.999999983,4.15961982553065,hist
SWE,2018,531177584320.75433,52203.0872589761,10175213.999999983,3.8965568684845304,hist
SWE,2019,545031918111.88293,53024.40994943167,10278886.999999983,3.8423518032643003,hist
SWE,2020,534492107010.62604,51624.581178957254,10353442.00000001,3.67402454179006,hist
SWE,2021,562423939232.5916,53997.13370687997,10415811.000000007,3.88625523254982,hist
SWE,2022,569484812988.2565,54304.18775010329,10486941.00000001,3.5999630397462905,hist
SWE,2023,568322714847.7128,53937.79671224292,10536631.999999987,3.4800778844701,hist
SWE,2024,572983369203.2732,54209.94742648771,10569708.999999985,3.57381645984766,hist
SWE,2025,572983369203.2732,54209.94742648771,10569708.999999985,2.554467890898651,projected
SWE,2030,632372266255.2003,57745.79299886718,10950966.874203386,1.968662813219165,projected
SWE,2035,694961650344.57,61476.95351526884,11304425.652321313,1.152331032310162,projected
SWE,2040,765062560021.8164,65572.2157014006,11667480.682759283,0.43996062906760924,projected
SWE,2045,842151574495.1023,69838.76856141961,12058511.222953098,0.059952010446588835,projected
SWE,2050,922096292858.9396,73936.26452294875,12471502.297397431,0.02674345049584809,projected
SWE,2055,1001473867930.4222,77723.56088136586,12885074.442986881,0.01653191525081818,projected
SWE,2060,1086876403572.398,81836.75927463653,13281029.371225981,0.006964739742612457,projected
SWE,2065,1185710491371.5032,86985.97210478147,13631054.09620785,0.006976307751182172,projected
SWE,2070,1290240996380.1108,92495.74225532956,13949193.38901535,0.007003268281351965,projected
SWZ,2012,3617154618.7403994,3218.5013820549284,1123863.0000000005,0.72161820435409,hist
SWZ,2013,3765262097.1870227,3332.1198392791275,1129990.0000000005,0.851954442074709,hist
SWZ,2014,3842727914.0131555,3381.7929207129096,1136298.999999999,0.865001201268328,hist
SWZ,2015,3908217914.218243,3419.822765595282,1142813.0000000007,0.8583206526352081,hist
SWZ,2016,4023477834.545311,3500.17688847942,1149506.9999999995,0.910738255617408,hist
SWZ,2017,4165142616.568232,3596.2360540049226,1158195.0000000002,0.9167713554280581,hist
SWZ,2018,4167866438.896687,3565.5428506750113,1168928.999999999,0.908609504939992,hist
SWZ,2019,4435938143.628288,3759.671069646665,1179873.9999999998,0.962899428244033,hist
SWZ,2020,4304996589.59367,3609.366913685903,1192728.999999999,0.805379931233331,hist
SWZ,2021,4487365678.932822,3719.0383823980587,1206593.0000000005,0.8198290558622499,hist
SWZ,2022,4504690089.104226,3695.649571795477,1218916.9999999995,0.8831610355750229,hist
SWZ,2023,4663821718.37207,3790.1657678809142,1230505.9999999995,0.876387437363166,hist
SWZ,2024,4802519614.26982,3864.2055051083903,1242822.0,0.880335237065324,hist
SWZ,2025,4802519614.26982,3864.2055051083903,1242822.0,0.4851328676996537,projected
SWZ,2030,5723282407.448598,4454.855168942432,1284729.1753386646,0.5425937165923916,projected
SWZ,2035,6897324935.52912,5232.331013161163,1318212.650954213,0.6108438721672688,projected
SWZ,2040,8389716301.676775,6229.068558788173,1346865.3013684188,0.7156088644772768,projected
SWZ,2045,10221446539.170732,7452.806862077082,1371489.5244611285,0.8023773964661701,projected
SWZ,2050,12391815980.234968,8901.406943076056,1392118.8031824476,0.9550691578025903,projected
SWZ,2055,14903623295.973427,10575.516805818354,1409257.2088556343,0.7009013975367494,projected
SWZ,2060,17781356858.545055,12509.34763313948,1421445.5765414247,0.4544183555773808,projected
SWZ,2065,21067696402.2842,14746.833602908247,1428625.0845150517,0.25460203723777947,projected
SWZ,2070,24755645249.43105,17286.278610682366,1432098.0129368536,0.05693098640026736,projected
SXM,2012,1376368434.1966002,39298.9873567827,35022.99999999999,,hist
SXM,2013,1394353867.676641,38889.77150880348,35854.00000000002,,hist
SXM,2014,1416389988.2210195,38623.1999405819,36672.0,,hist
SXM,2015,1417888715.0837991,37839.62838151635,37471.0,,hist
SXM,2016,1431610451.703029,37428.70275570681,38248.99999999998,,hist
SXM,2017,1323735540.5376704,33945.418518249804,38996.00000000003,,hist
SXM,2018,1232967219.6602488,31047.724105062687,39711.99999999998,,hist
SXM,2019,1368162086.8271885,33877.97664546711,40384.99999999998,,hist
SXM,2020,1185966832.34776,28920.37730071598,41007.99999999996,,hist
SXM,2021,1240255611.8692718,29834.6350068382,41571.00000000003,,hist
SXM,2022,1412651141.919098,33523.60383300741,42138.99999999996,,hist
SXM,2023,1466331885.31203,34300.96342164799,42749.00000000001,,hist
SXM,2024,1510321841.8713906,34840.18089668721,43350.0,,hist
SXM,2025,1510321841.8713906,34840.18089668721,43350.0,,projected
SXM,2030,1510321841.8713906,34840.18089668721,43350.0,,projected
SXM,2035,1510321841.8713906,34840.18089668721,43350.0,,projected
SXM,2040,1510321841.8713906,34840.18089668721,43350.0,,projected
SXM,2045,1510321841.8713906,34840.18089668721,43350.0,,projected
SXM,2050,1510321841.8713906,34840.18089668721,43350.0,,projected
SXM,2055,1510321841.8713906,34840.18089668721,43350.0,,projected
SXM,2060,1510321841.8713906,34840.18089668721,43350.0,,projected
SXM,2065,1510321841.8713906,34840.18089668721,43350.0,,projected
SXM,2070,1510321841.8713906,34840.18089668721,43350.0,,projected
SYC,2012,1248162998.3420393,14135.001057065327,88302.99999999999,10.0404289774979,hist
SYC,2013,1263811654.240358,14050.313558131375,89948.99999999994,8.91949882711314,hist
SYC,2014,1315169064.9572809,14395.615811877102,91359.00000000004,10.1369323219387,hist
SYC,2015,1432403352.1294408,15333.105172710486,93419.0,10.5631616694677,hist
SYC,2016,1605975218.5876305,16962.675397273153,94677.00000000001,11.6216187669656,hist
SYC,2017,1717657339.986379,17921.573197691847,95842.99999999996,12.0280041317571,hist
SYC,2018,1802500555.7617705,18628.186227669645,96762.00000000001,10.3894090655423,hist
SYC,2019,1901895701.03715,19481.646105374122,97625.00000000006,9.16568501920615,hist
SYC,2020,1678615792.638381,17048.361729787943,98462.00000000003,8.51902256708172,hist
SYC,2021,1687886479.3196685,17005.04220636795,99257.99999999991,7.9409216385581,hist
SYC,2022,1902424765.1768985,15869.673878250378,119877.99999999999,7.027144263334391,hist
SYC,2023,1945405357.9961329,16242.436592521952,119773.00000000007,7.00909219941055,hist
SYC,2024,2012826895.3275986,16586.407496478063,121353.99999999999,7.23667946668425,hist
SYC,2025,2012826895.3275986,16586.407496478063,121353.99999999999,7.23667946668425,projected
SYC,2030,2012826895.3275986,16586.407496478063,121353.99999999999,7.23667946668425,projected
SYC,2035,2012826895.3275986,16586.407496478063,121353.99999999999,7.23667946668425,projected
SYC,2040,2012826895.3275986,16586.407496478063,121353.99999999999,7.23667946668425,projected
SYC,2045,2012826895.3275986,16586.407496478063,121353.99999999999,7.23667946668425,projected
SYC,2050,2012826895.3275986,16586.407496478063,121353.99999999999,7.23667946668425,projected
SYC,2055,2012826895.3275986,16586.407496478063,121353.99999999999,7.23667946668425,projected
SYC,2060,2012826895.3275986,16586.407496478063,121353.99999999999,7.23667946668425,projected
SYC,2065,2012826895.3275986,16586.407496478063,121353.99999999999,7.23667946668425,projected
SYC,2070,2012826895.3275986,16586.407496478063,121353.99999999999,7.23667946668425,projected
SYR,2012,25998267919.3561,1142.2908015059782,22759762.999999993,2.0319939183901,hist
SYR,2013,19160700666.09222,884.3298133321048,21666917.000000015,1.43975259608924,hist
SYR,2014,17185167298.461895,847.6598772062755,20273658.999999993,1.52845127759128,hist
SYR,2015,16466863117.000885,847.7316319425637,19424617.999999985,1.44845576885991,hist
SYR,2016,15412063258.114882,802.9694983355018,19193833.999999978,1.34820380336727,hist
SYR,2017,15300590613.03672,795.8832169708576,19224668.000000022,1.61670932366686,hist
SYR,2018,15513754781.297426,792.4138116987546,19577845.00000003,1.7368969873854898,hist
SYR,2019,15703131995.840195,771.5186952713077,20353533.999999993,1.6369196622070603,hist
SYR,2020,15593656903.825207,740.811397013439,21049429.000000015,1.50831644886899,hist
SYR,2021,15882796969.627323,734.3342363234245,21628839.00000003,1.48118445007612,hist
SYR,2022,15999183136.033375,712.2722782000386,22462172.99999997,1.38747039300249,hist
SYR,2023,16507696100.388578,712.2722782000386,23176103.585141163,1.2636924851239042,hist
SYR,2024,17032371479.582073,712.2722782000386,23912725.513653368,1.1399145772453185,hist
SYR,2025,17573722974.68276,712.2722782000386,24672759.999999963,1.0161366693667326,projected
SYR,2030,18813889084.975536,712.2722782000386,26413900.499566738,0.8475555416566972,projected
SYR,2035,19961041534.14555,712.2722782000386,28024453.7729146,0.6501459772028878,projected
SYR,2040,20972145776.898914,712.2722782000386,29444001.14784332,0.45588003851539927,projected
SYR,2045,21845386763.356922,712.2722782000386,30669994.371480703,0.4048979006563964,projected
SYR,2050,22613234273.80871,712.2722782000386,31748019.635066967,0.280440078085213,projected
SYR,2055,23294728569.66229,712.2722782000386,32704808.656220175,0.1835785846364471,projected
SYR,2060,23860213641.367493,712.2722782000386,33498725.658204623,0.0926718196386093,projected
SYR,2065,24305496628.680054,712.2722782000386,34123884.04347524,0.05916823062061696,projected
SYR,2070,24629322950.324448,712.2722782000386,34578522.433253266,0.02700265232538548,projected
TCA,2012,881607724.5254892,27441.333598701713,32126.999999999975,1.8053350764154799,hist
TCA,2013,891048689.6946112,26477.541071958232,33653.00000000003,1.99387870323597,hist
TCA,2014,968670576.8493732,27636.821022806642,35050.000000000015,2.16833095577746,hist
TCA,2015,1078274000.000001,29457.01406911626,36605.00000000001,2.1854937850020506,hist
TCA,2016,1156461656.3024702,30183.000294988127,38315.00000000001,2.29936056374788,hist
TCA,2017,2019043138.359291,50586.10323351518,39912.99999999999,2.21231177811741,hist
TCA,2018,2155382023.582549,51863.18303093314,41558.99999999997,4.56459491325585,hist
TCA,2019,2262756808.2643905,52419.88621286174,43166.000000000015,5.12208682759579,hist
TCA,2020,1497558135.7677307,33739.425399173866,44385.999999999985,4.84161672599468,hist
TCA,2021,1941275299.1635175,42907.74924659105,45242.99999999997,4.75211634949053,hist
TCA,2022,2214745146.4168386,48307.30792454991,45846.99999999998,4.8094749929112,hist
TCA,2023,2518855082.8172507,54523.033092715064,46198.0,4.78808606433179,hist
TCA,2024,2660838540.2330008,57179.296018760106,46534.999999999985,4.92317610400774,hist
TCA,2025,2660838540.2330008,57179.296018760106,46534.999999999985,4.92317610400774,projected
TCA,2030,2660838540.2330008,57179.296018760106,46534.999999999985,4.92317610400774,projected
TCA,2035,2660838540.2330008,57179.296018760106,46534.999999999985,4.92317610400774,projected
TCA,2040,2660838540.2330008,57179.296018760106,46534.999999999985,4.92317610400774,projected
TCA,2045,2660838540.2330008,57179.296018760106,46534.999999999985,4.92317610400774,projected
TCA,2050,2660838540.2330008,57179.296018760106,46534.999999999985,4.92317610400774,projected
TCA,2055,2660838540.2330008,57179.296018760106,46534.999999999985,4.92317610400774,projected
TCA,2060,2660838540.2330008,57179.296018760106,46534.999999999985,4.92317610400774,projected
TCA,2065,2660838540.2330008,57179.296018760106,46534.999999999985,4.92317610400774,projected
TCA,2070,2660838540.2330008,57179.296018760106,46534.999999999985,4.92317610400774,projected
TCD,2012,13427942676.053797,1016.4215206189416,13210998.0,0.0915222301903308,hist
TCD,2013,13809056592.53669,1008.6171142929421,13691078.99999999,0.096069856875415,hist
TCD,2014,14093914057.311617,993.3211577083923,14188678.00000002,0.0989591842171624,hist
TCD,2015,14559599499.501081,993.9907306108686,14647620.99999998,0.110147579596714,hist
TCD,2016,13959379525.77949,923.5658720479892,15114654.999999989,0.111858325578718,hist
TCD,2017,13733590857.585695,879.0758954667165,15622758.99999999,0.141485892472642,hist
TCD,2018,14522052213.259178,898.8347940074013,16156530.999999983,0.149407072594977,hist
TCD,2019,15303748438.862886,917.2037100650614,16685222.999999993,0.141712220447998,hist
TCD,2020,15243505756.045385,884.9805419331992,17224678.99999999,0.140107110268934,hist
TCD,2021,15288236703.007101,857.5276305790861,17828273.000000007,0.153189262919633,hist
TCD,2022,15919594857.696394,862.6021281725219,18455316.0,0.155239823582539,hist
TCD,2023,16553201687.35047,856.8324887453396,19319063.99999997,0.150566300727613,hist
TCD,2024,17248313422.9922,849.7073210006262,20299123.000000007,0.142508619707364,hist
TCD,2025,17248313422.99217,849.7073210006247,20299123.000000007,0.05695752510743756,projected
TCD,2030,23222454840.701984,1025.8653614707132,22636942.149415724,0.06935092171768255,projected
TCD,2035,31484231758.89538,1261.5473636732545,24956836.869939283,0.06890313418742036,projected
TCD,2040,43062296302.987305,1584.8027217915162,27172023.186777584,0.055846949046724874,projected
TCD,2045,58771852267.56247,2006.5959578356612,29289330.53914576,0.06377227285626037,projected
TCD,2050,79807366159.3309,2549.975020140041,31297312.92620584,0.056201752314456205,projected
TCD,2055,107322303110.71886,3234.4033523050825,33181484.008243065,0.038339818194357556,projected
TCD,2060,142531027354.19156,4087.6579373772847,34868628.81820343,0.022523980036558845,projected
TCD,2065,186784172395.56982,5137.816058719006,36354779.980609134,0.013080754927712216,projected
TCD,2070,241554169940.75244,6408.364482229645,37693575.4217134,0.004396389397850478,projected
TGO,2012,4881723795.11932,687.4954645714644,7100735.999999998,0.316333405438535,hist
TGO,2013,5166047627.078628,709.0918611497601,7285441.999999996,0.265104025260238,hist
TGO,2014,5457063353.667456,730.2910496112321,7472450.000000006,0.232146083279246,hist
TGO,2015,5755457836.0186615,751.0519875872478,7663195.000000003,0.20174352864568898,hist
TGO,2016,5998044851.323806,763.2761853533012,7858288.999999997,0.270784136343166,hist
TGO,2017,6238441246.413915,774.2748973474357,8057139.999999995,0.205457519665787,hist
TGO,2018,6537585941.167539,791.5924052163094,8258777.999999996,0.23445357170273903,hist
TGO,2019,6859420393.247428,810.5122626035181,8463067.999999996,0.24876321447494,hist
TGO,2020,7007740719.481549,808.3006970792081,8669719.999999996,0.27934004789082,hist
TGO,2021,7367160812.9222765,829.7867001309892,8878379.000000006,0.285412460990908,hist
TGO,2022,7830882103.100919,861.5080108030538,9089737.999999989,0.28652090962357796,hist
TGO,2023,8315779388.691667,893.7530303009953,9304336.999999994,0.272055924027687,hist
TGO,2024,8858969845.088459,931.0299655298579,9515235.999999996,0.276146592685668,hist
TGO,2025,8858969845.088451,931.0299655298571,9515235.999999996,0.3099897690389229,projected
TGO,2030,11536747825.93963,1129.2008394488748,10216736.848663991,0.33602728941118487,projected
TGO,2035,14835598967.821129,1363.1248106653807,10883522.074973783,0.39239566823114663,projected
TGO,2040,19222251258.570137,1673.3593527643536,11487222.53042384,0.43763347943407943,projected
TGO,2045,25057089600.18768,2085.4088568775283,12015432.617710048,0.5035452324239001,projected
TGO,2050,32756624412.19934,2623.9026554955567,12483932.795141306,0.5664551602036432,projected
TGO,2055,42813430960.24993,3322.4803582166546,12885984.66936614,0.406496691525542,projected
TGO,2060,55760701660.82454,4218.9745857067055,13216647.914811807,0.2576017868368538,projected
TGO,2065,72184061979.67416,5355.843042028576,13477628.3422103,0.16491764988284272,projected
TGO,2070,92724524406.42395,6780.334892658651,13675508.050025763,0.07610433643321728,projected
THA,2012,375224234353.83575,5403.878460362731,69436098.00000001,3.81363739650232,hist
THA,2013,385308369004.1672,5516.611641641348,69845114.00000001,3.95099362283237,hist
THA,2014,389101609925.9325,5541.4659936184535,70216366.99999991,3.88118627669814,hist
THA,2015,401296238228.0841,5688.853353978839,70540795.00000007,3.9901407405459506,hist
THA,2016,415081396923.2924,5857.7805293592555,70859840.99999996,3.9199043644481204,hist
THA,2017,432422173710.3327,6076.743077000813,71160186.99999991,3.9499755670962506,hist
THA,2018,450682801200.3392,6314.199484120429,71376079.00000003,3.87600024932723,hist
THA,2019,460212749509.6259,6434.53770518033,71522271.00000004,4.00533143026177,hist
THA,2020,432369701127.2779,6035.1862773707735,71641484.00000001,3.84739936431244,hist
THA,2021,439080796986.8194,6121.526965297135,71727331.9999999,3.7444122416263905,hist
THA,2022,450410744554.85706,6278.785513827598,71735329.00000004,3.9633748665180004,hist
THA,2023,459498911646.80304,6408.41432577294,71702435.0,3.83577489383729,hist
THA,2024,471178549995.2529,6574.461093879851,71668010.99999996,3.9600526935231906,hist
THA,2025,471178549995.2529,6574.461093879851,71668010.99999996,0.04889290731295028,projected
THA,2030,580375139061.4492,8003.43221234637,72515781.18774375,0.06232919300142138,projected
THA,2035,695083701492.407,9538.675183308103,72870046.22075257,0.08308525624256466,projected
THA,2040,815833719165.3351,11220.282688316014,72710620.74174699,0.10456309877484907,projected
THA,2045,940662757983.439,13050.091372887655,72080932.70041941,0.12697277260149964,projected
THA,2050,1067685683735.8008,15016.966351670251,71098626.62887622,0.12539500010826346,projected
THA,2055,1196663000822.262,17124.86477816151,69878683.2085417,0.09264065350319485,projected
THA,2060,1326127351871.7278,19359.65247805107,68499543.23174031,0.058858807996701366,projected
THA,2065,1452439386766.1646,21715.505637149086,66884898.33188373,0.03722649415911127,projected
THA,2070,1574205026639.0034,24180.746245934854,65101589.9438443,0.01456153516447459,projected
TJK,2012,6808117273.388344,849.5190808317386,8014084.000000001,0.436993173518022,hist
TJK,2013,7311917934.394792,889.8823830999787,8216724.000000003,0.437388428770396,hist
TJK,2014,7801816486.463366,925.970961482804,8425552.000000004,0.565921378207624,hist
TJK,2015,8271431485.074842,956.9163109306556,8643840.000000004,0.589055327261958,hist
TJK,2016,8842160257.545008,997.352614556709,8865630.999999996,0.644680564756192,hist
TJK,2017,9469953672.847797,1042.263917576419,9085946.000000002,0.7631566377348051,hist
TJK,2018,10189670046.825518,1094.8002018221011,9307333.000000015,0.881498491565736,hist
TJK,2019,10943705646.910486,1148.3467671249296,9529965.99999999,0.9486392711159731,hist
TJK,2020,11425228817.455412,1171.9012748035916,9749310.000000007,0.96295019852687,hist
TJK,2021,12499200274.925528,1254.0699959230592,9966908.000000017,0.945809874035157,hist
TJK,2022,13499136339.224812,1325.7554529084903,10182222.000000013,0.938950260561987,hist
TJK,2023,14619564549.617414,1407.1075436221051,10389799.000000007,0.897072214775281,hist
TJK,2024,15847607943.98459,1496.3381339503705,10590926.999999996,0.922478268427306,hist
TJK,2025,15847607943.98459,1496.3381339503705,10590926.999999996,0.8863106940489337,projected
TJK,2030,20713203034.036003,1915.9633134204169,10810855.765843643,0.8273919483025348,projected
TJK,2035,26438607323.409485,2414.9569225348478,10947858.769943742,0.6057294853895631,projected
TJK,2040,33304467580.09906,3021.6943240497826,11021785.79581247,0.4417619288653141,projected
TJK,2045,41096882615.76444,3728.8056113195184,11021460.193850497,0.38980946543593126,projected
TJK,2050,49446912297.20077,4515.999112167774,10949274.140460407,0.33691036777674177,projected
TJK,2055,58135925434.35987,5370.949242507359,10824143.519036472,0.2721739632521403,projected
TJK,2060,67152885356.59059,6302.2820848311385,10655328.41162724,0.20676754559880456,projected
TJK,2065,76858323305.17323,7323.273897566235,10495076.9806269,0.16213784838915268,projected
TJK,2070,87242253720.9472,8433.816201828326,10344338.984057346,0.11601730175925187,projected
TKM,2012,27654947984.180588,4761.079275980703,5808545.999999996,11.7581405053864,hist
TKM,2013,30475752706.608837,5131.167364629984,5939341.000000005,10.99020918314,hist
TKM,2014,33614755226.413246,5533.035288465283,6075283.000000003,10.4055728761936,hist
TKM,2015,35799714285.7143,5759.497903834007,6215769.999999999,10.9255651351321,hist
TKM,2016,38019296559.4106,5977.838281138536,6360040.999999996,10.5800733045589,hist
TKM,2017,40490550853.57668,6222.5559055888225,6507060.999999995,11.091151596704,hist
TKM,2018,43000964982.75928,6460.943568494275,6655523.999999998,11.1534118125034,hist
TKM,2019,45710025794.848404,6718.166080562748,6803943.999999996,10.7659028351791,hist
TKM,2020,48406917338.92571,6965.112268892854,6949912.000000006,11.054139966088798,hist
TKM,2021,51408146222.396286,7248.707632257199,7092043.000000006,13.4562494897451,hist
TKM,2022,54595451255.39511,7551.0365014315785,7230193.000000003,14.0053384467054,hist
TKM,2023,58035050718.99913,7880.44528570939,7364438.000000005,12.8629910388274,hist
TKM,2024,61690926131.84898,8231.495442636577,7494498.000000006,10.8623686336296,hist
TKM,2025,61690926131.84909,8231.495442636591,7494498.000000006,11.757225071562685,projected
TKM,2030,81815211002.94313,10582.298195566182,7731327.306314467,10.860372466114894,projected
TKM,2035,102689942094.23495,12976.754570666777,7913376.301834342,7.866354222767912,projected
TKM,2040,120740530163.62378,14991.218400850341,8054083.859973321,5.674812554477247,projected
TKM,2045,136756782309.6617,16778.951960371014,8150496.087756708,4.9480592316287675,projected
TKM,2050,149990323937.3274,18288.96472079344,8201138.021049246,4.22233804469793,projected
TKM,2055,160804725265.10123,19605.333368975065,8202090.841238668,3.37165368655976,projected
TKM,2060,169736537213.7049,20805.58241209359,8158220.897245477,2.535018704336461,projected
TKM,2065,177173671597.44305,21919.844187389383,8082797.947048006,1.9762219903091691,projected
TKM,2070,182543841961.29956,22870.023030915334,7981795.283482648,1.411407224017758,projected
TLS,2012,1440641467.2507699,1269.4162556124802,1134885.0000000002,0.554064949312045,hist
TLS,2013,1485364306.0252004,1281.928640431865,1158695.0000000005,0.654615753067028,hist
TLS,2014,1551797213.1655698,1312.9649498863862,1181903.0000000002,0.6295778926020161,hist
TLS,2015,1590282371.4644601,1319.5929500315403,1205131.0,0.57686674726648,hist
TLS,2016,1638148814.5948207,1333.6585611756789,1228312.0000000002,0.538055477761351,hist
TLS,2017,1586016118.4779484,1267.086615976753,1251702.999999999,0.496763209802964,hist
TLS,2018,1578617315.672679,1237.2006590123033,1275958.9999999995,0.522430579665961,hist
TLS,2019,1960846014.977691,1507.247435500878,1300945.0000000007,0.559823820376726,hist
TLS,2020,2582938981.94735,1947.8399294352112,1326053.0,0.512347545686334,hist
TLS,2021,2721637681.7497206,2015.820357570384,1350139.0,0.526390245745068,hist
TLS,2022,2163090172.1355214,1579.7108527640285,1369295.0000000007,0.50726833881669,hist
TLS,2023,1770794193.3757694,1279.2112275756388,1384285.999999999,0.47995862126757,hist
TLS,2024,1609639637.8195007,1149.2188829801137,1400638.0000000002,0.499343870436187,hist
TLS,2025,1609639637.8194962,1149.2188829801105,1400638.0000000002,0.006220311798140275,projected
TLS,2030,2218137715.6294956,1453.0172552036663,1526573.5542270516,0.007361615740521427,projected
TLS,2035,2970980277.6207657,1810.496398210423,1640975.5250313769,0.00917355671360331,projected
TLS,2040,3953251113.780876,2270.7634966981836,1740934.7646855884,0.010858270213092895,projected
TLS,2045,5214278958.382776,2853.8056653141225,1827131.7566428732,0.012454548263805787,projected
TLS,2050,6763002575.355136,3551.6219766303734,1904201.1283451912,0.011641138575235205,projected
TLS,2055,8614982035.240417,4375.306851707875,1969000.6500635748,0.00817461500880079,projected
TLS,2060,10746380634.228893,5325.4958406141695,2017911.7505403126,0.004967796693699139,projected
TLS,2065,13257180102.18921,6425.675533806284,2063157.4116124485,0.003000645498987165,projected
TLS,2070,16234781686.423798,7700.66846644357,2108230.182505386,0.0011180148632546102,projected
TON,2012,422596497.9971007,3932.593504532859,107459.99999999993,1.0999441652708,hist
TON,2013,424261200.8142833,3962.169640955968,107078.00000000004,1.11507499206186,hist
TON,2014,432706273.8322643,4058.8156143689957,106609.00000000001,1.23629337110375,hist
TON,2015,437525514.2407261,4123.903239933324,106095.00000000003,1.26961685282059,hist
TON,2016,466396529.43021953,4419.814728689391,105524.00000000006,1.35703726166559,hist
TON,2017,481332022.4906296,4568.6246866873225,105356.00000000001,1.47025323664528,hist
TON,2018,483872624.14682037,4583.559484941509,105567.00000000001,1.39626966760446,hist
TON,2019,482492576.8674383,4566.07497816236,105668.99999999999,1.56621147167097,hist
TON,2020,491207296.77196866,4647.007651290101,105703.99999999996,1.76436085673201,hist
TON,2021,486614870.54858273,4612.900469699331,105490.00000000007,1.95753151957531,hist
TON,2022,476257056.3682983,4533.967902061065,105041.99999999999,1.53652824584452,hist
TON,2023,489545312.4729446,4680.299745431942,104596.99999999996,1.54688949013834,hist
TON,2024,488556771.14340055,4680.299745431942,104385.78674800495,1.54688949013834,hist
TON,2025,487570225.98037213,4680.299745431942,104174.99999999991,1.54688949013834,projected
TON,2030,490758649.85194576,4680.299745431942,104856.24351964533,1.54688949013834,projected
TON,2035,491250079.181474,4680.299745431942,104961.2430616101,1.54688949013834,projected
TON,2040,488280976.63606626,4680.299745431942,104326.86007186557,1.54688949013834,projected
TON,2045,482066252.7518534,4680.299745431942,102999.0126641694,1.54688949013834,projected
TON,2050,472724263.86869293,4680.299745431942,101002.98903506777,1.54688949013834,projected
TON,2055,460811927.4836635,4680.299745431942,98457.78102853868,1.54688949013834,projected
TON,2060,447859979.89574593,4680.299745431942,95690.44810278775,1.54688949013834,projected
TON,2065,437120571.4928578,4680.299745431942,93395.84968238315,1.54688949013834,projected
TON,2070,428224131.5077195,4680.299745431942,91495.02271209746,1.54688949013834,projected
TTO,2012,25149270114.892403,18835.66741229544,1335194.0000000002,28.5171293459977,hist
TTO,2013,25996346049.551785,19392.197459378305,1340556.999999999,27.847379857775497,hist
TTO,2014,26950637730.51971,20032.540200171792,1345342.9999999995,27.651535705021,hist
TTO,2015,26841141793.21431,19887.232771649826,1349667.0000000002,27.2353106358828,hist
TTO,2016,24818295899.894096,18331.034459758022,1353895.0000000005,24.9048855339594,hist
TTO,2017,23608962518.1707,17402.615532845448,1356632.9999999988,23.9896125186399,hist
TTO,2018,23385751652.64677,17205.615135338972,1359192.9999999993,24.00159506413,hist
TTO,2019,23495134887.958717,17225.361633712037,1363985.0000000002,24.3573792966931,hist
TTO,2020,21430194900.933094,15679.961148682498,1366725.0000000005,21.805191241837196,hist
TTO,2021,21276595987.86649,15558.094053682917,1367557.999999999,20.9747593886329,hist
TTO,2022,21459842974.32659,15712.230497272012,1365804.9999999995,20.8660094230143,hist
TTO,2023,21774542874.50179,15922.76683497876,1367509.999999999,19.7069856893185,hist
TTO,2024,22320911476.712093,16312.48495557156,1368332.9999999998,19.5810522730943,hist
TTO,2025,22320911476.712135,16312.484955571588,1368332.9999999998,20.803186813236607,projected
TTO,2030,24498839493.086067,18043.023248651636,1357801.2484641052,19.53221931830891,projected
TTO,2035,26500024659.963753,19764.98671487172,1340756.006682484,18.375615816568235,projected
TTO,2040,28242056088.576992,21452.304714951566,1316504.5184582516,16.81827175626524,projected
TTO,2045,29531086782.70409,22993.96822035699,1284297.1034707993,16.205193459871385,projected
TTO,2050,30350012595.619534,24393.330592836675,1244193.0584309832,17.049208786600275,projected
TTO,2055,31100003514.156704,25953.822885408015,1198282.1818377292,12.968529804263872,projected
TTO,2060,31953137620.523083,27812.676164691922,1148869.581312979,8.58879834111054,projected
TTO,2065,32774136663.344734,29839.25845372108,1098356.2716270406,5.246638726567105,projected
TTO,2070,33381593025.836414,31874.76763243744,1047273.2981389816,1.5831091553518082,projected
TUN,2012,42938131960.30137,3900.046201327015,11009647.000000002,2.56515036313153,hist
TUN,2013,43981498924.36733,3947.5876353317426,11141361.00000001,2.53281443802063,hist
TUN,2014,45340671513.95244,4021.5995470359094,11274288.000000013,2.67906940110098,hist
TUN,2015,45779494041.92953,4014.947736864321,11402264.000000002,2.69429825515354,hist
TUN,2016,46290957182.31971,4015.2889380270253,11528673.999999983,2.59021982927091,hist
TUN,2017,47333713938.69196,4062.806065345192,11650497.999999983,2.60042961253673,hist
TUN,2018,48567689496.97826,4127.970056979944,11765513.999999981,2.56581225435625,hist
TUN,2019,49320533876.25505,4153.279786155148,11875080.999999998,2.54693841667269,hist
TUN,2020,44893953703.87314,3749.2684145292774,11974056.999999985,2.39839346012801,hist
TUN,2021,47020147729.52824,3902.5332299019906,12048622.000000015,2.57438568493559,hist
TUN,2022,48314277429.71238,3986.5455832566663,12119334.000000007,2.50498913554161,hist
TUN,2023,48403183212.313736,3967.3338763453326,12200430.999999993,2.55804077741188,hist
TUN,2024,49184626298.03512,4006.205882674426,12277108.999999994,2.62113010481539,hist
TUN,2025,49184626298.03521,4006.2058826744333,12277108.999999994,0.8780487328083509,projected
TUN,2030,62234181856.06507,4937.014201585808,12605631.524429271,0.9111483211088081,projected
TUN,2035,76492320800.2578,5957.1351354929975,12840454.188207278,0.7741937983104872,projected
TUN,2040,91541767361.13437,7036.965394766811,13008699.379026555,0.636497143853561,projected
TUN,2045,106556113335.74893,8123.721710061393,13116662.182528611,0.6340637491661538,projected
TUN,2050,120335199478.64201,9143.784600820405,13160327.449953843,0.5706392966708693,projected
TUN,2055,133190438191.1274,10140.37925848349,13134660.429953804,0.5303296599974984,projected
TUN,2060,145627839524.7533,11176.6778574657,13029617.689793043,0.49284638681535986,projected
TUN,2065,158004025435.9385,12299.259975525727,12846628.638662035,0.39355850801074954,projected
TUN,2070,169464226448.03876,13445.099905052493,12604162.679695398,0.2927762909585978,projected
TUR,2012,720809935556.1981,9588.320665314375,75175826.99999997,4.57803809727294,hist
TUR,2013,781994134596.3704,10269.448914077344,76147624.00000004,4.38456228128668,hist
TUR,2014,817972077517.7615,10597.980188171628,77181884.00000006,4.60446003106117,hist
TUR,2015,865460050683.6577,11064.649450466253,78218479.00000013,4.70276339686943,hist
TUR,2016,894225044186.9271,11279.616953156881,79277962.00000001,4.93533246982308,hist
TUR,2017,964205820086.0894,12005.645982483233,80312698.00000001,5.39416444458135,hist
TUR,2018,997645953748.9971,12255.00821461692,81407204.00000013,5.27401972926131,hist
TUR,2019,1010631549472.6007,12238.295022012742,82579440.00000006,5.01913672458907,hist
TUR,2020,1028853867659.9418,12338.643833135056,83384680.00000013,5.07395962903497,hist
TUR,2021,1150372769727.9792,13670.938029516055,84147317.99999988,5.47500634541911,hist
TUR,2022,1212967141770.1113,14273.574765487352,84979913.00000004,5.22956172007378,hist
TUR,2023,1274162834489.9902,14932.88513631213,85325965.00000007,5.23215412799609,hist
TUR,2024,1316562171166.7795,15395.02788948928,85518661.00000001,5.37926453268486,hist
TUR,2025,1316562171166.7817,15395.027889489307,85518661.00000001,5.37926453268486,projected
TUR,2030,1538413971151.853,17341.911849937354,88710747.95351416,5.37926453268486,projected
TUR,2035,1766722055934.0938,19318.713646616983,91451329.95143676,5.37926453268486,projected
TUR,2040,2011445215625.5955,21456.55171736134,93745036.11398359,5.37926453268486,projected
TUR,2045,2264983013692.9756,23700.26779726993,95567823.66627446,5.37926453268486,projected
TUR,2050,2524837774679.4414,26053.6643340102,96909123.5041185,5.37926453268486,projected
TUR,2055,2794680902489.5396,28598.23367840092,97722150.74248616,5.37926453268486,projected
TUR,2060,3071399059065.576,31318.619836360445,98069425.63604696,5.37926453268486,projected
TUR,2065,3354961111026.9688,34211.19220609853,98066185.20674965,5.37926453268486,projected
TUR,2070,3642651449252.88,37276.60253859639,97719513.07743938,5.37926453268486,projected
TUV,2012,31949982.260247175,2922.0762996384847,10933.999999999995,0.0,hist
TUV,2013,33339111.923736203,3030.552851898575,11000.999999999993,0.0,hist
TUV,2014,33339111.923736203,3035.2432559847257,10983.999999999993,0.0,hist
TUV,2015,36811936.08245869,3357.834177000704,10962.99999999999,0.0,hist
TUV,2016,38895630.57769226,3558.612129706518,10930.000000000005,0.0,hist
TUV,2017,39847948.41849712,3666.201897000378,10869.000000000005,0.0,hist
TUV,2018,40400752.56808261,3757.859972847422,10750.999999999993,0.0,hist
TUV,2019,45984984.35882522,4345.996064533147,10581.0,0.0,hist
TUV,2020,44019157.51553877,4233.0183205633975,10398.999999999998,0.0,hist
TUV,2021,44813322.94415539,4396.048944884774,10194.0,0.0,hist
TUV,2022,45116847.77562779,4515.297015174919,9992.000000000002,0.0,hist
TUV,2023,46855113.83529815,4773.340855266726,9815.999999999993,0.0,hist
TUV,2024,46855113.83529815,4773.340855266726,9815.999999999993,0.0,hist
TUV,2025,46855113.83529815,4773.340855266726,9815.999999999993,0.0,projected
TUV,2030,46855113.83529815,4773.340855266726,9815.999999999993,0.0,projected
TUV,2035,46855113.83529815,4773.340855266726,9815.999999999993,0.0,projected
TUV,2040,46855113.83529815,4773.340855266726,9815.999999999993,0.0,projected
TUV,2045,46855113.83529815,4773.340855266726,9815.999999999993,0.0,projected
TUV,2050,46855113.83529815,4773.340855266726,9815.999999999993,0.0,projected
TUV,2055,46855113.83529815,4773.340855266726,9815.999999999993,0.0,projected
TUV,2060,46855113.83529815,4773.340855266726,9815.999999999993,0.0,projected
TUV,2065,46855113.83529815,4773.340855266726,9815.999999999993,0.0,projected
TUV,2070,46855113.83529815,4773.340855266726,9815.999999999993,0.0,projected
TZA,2012,39187673997.62713,827.1933745799339,47374259.99999994,0.22379452470603198,hist
TZA,2013,41845219654.68118,857.0602562462808,48824127.99999996,0.23745636583617,hist
TZA,2014,44662433111.64945,887.0127497194009,50351512.000000045,0.223568261465515,hist
TZA,2015,47413919817.12407,911.4387353529528,52020962.00000006,0.253809224058563,hist
TZA,2016,50669888784.255585,941.3993115722436,53824013.0000001,0.262646711236488,hist
TZA,2017,54078588995.42149,971.7121428091427,55652889.99999998,0.255108045601944,hist
TZA,2018,57054358529.885796,993.335558894609,57437145.0000001,0.259781366222155,hist
TZA,2019,60363511324.60036,1020.0865655096925,59174890.99999995,0.287346536895184,hist
TZA,2020,61565931105.41404,1009.7278315063394,60972797.99999997,0.273515412561516,hist
TZA,2021,64226431583.153984,1022.2188513287782,62830412.0000001,0.30147502454703,hist
TZA,2022,67159014151.45101,1037.8167870048198,64711820.999999985,0.323161976851185,hist
TZA,2023,70563656177.7409,1059.2343438120668,66617606.0000001,0.323839316591473,hist
TZA,2024,74463225268.4645,1086.100565208222,68560157.00000006,0.311205530057348,hist
TZA,2025,76840453051.38884,1120.77416992188,68560157.00000006,0.12241929344565156,projected
TZA,2030,107931677000.08873,1414.0246786611992,76329415.34109476,0.14539480685151135,projected
TZA,2035,148230086624.19873,1760.3183593638034,84206408.36681983,0.1765574662651774,projected
TZA,2040,200659206918.61963,2178.9929549229587,92088047.58421728,0.19405384103924364,projected
TZA,2045,268275817470.55902,2691.875181611596,99661313.90607244,0.22218878807600598,projected
TZA,2050,354393112006.9742,3315.829400070943,106879175.38803168,0.1980722872765286,projected
TZA,2055,462588774430.4629,4075.1965628608573,113513242.19455999,0.13575139634242903,projected
TZA,2060,596015487254.5173,4987.05711631896,119512464.63654852,0.08073935685741106,projected
TZA,2065,758337751767.6362,6060.99760501069,125117645.83782552,0.04193392134479131,projected
TZA,2070,952159584794.521,7306.284063864656,130320635.83507545,0.006476238411595435,projected
UGA,2012,28279643267.764107,823.5804682854933,34337438.000000015,0.126072306268161,hist
UGA,2013,29294007439.772556,828.9886697299847,35337041.99999995,0.124837840133874,hist
UGA,2014,30789849487.572376,845.9786647910998,36395538.99999997,0.133324031827087,hist
UGA,2015,32387183730.10021,862.9346103558121,37531446.00000001,0.149085649404502,hist
UGA,2016,33935615078.983307,874.6483706392169,38799151.99999999,0.154688947840922,hist
UGA,2017,34998276801.87446,871.0938800171502,40177387.99999996,0.155657206984187,hist
UGA,2018,37204541496.698555,895.0751278543789,41565831.00000005,0.164969635756831,hist
UGA,2019,39600047064.28004,920.9391015156709,42999637.00000004,0.16429441020629998,hist
UGA,2020,40768765796.47473,917.0350317644011,44457151.99999992,0.160149709994918,hist
UGA,2021,42210585952.78259,919.4016752172649,45910930.00000001,0.176657279649966,hist
UGA,2022,44147216889.624054,933.0940563704235,47312719.00000005,0.16811758377276903,hist
UGA,2023,46503341915.45894,955.7457972754609,48656600.99999995,0.166813953979235,hist
UGA,2024,49319389340.66996,986.0901453639237,50015091.99999994,0.165048181856788,hist
UGA,2025,49319389340.66996,986.0901453639237,50015091.99999994,0.06897128913886988,projected
UGA,2030,70013691784.20203,1223.4134380747457,57228153.30063791,0.07970376599508107,projected
UGA,2035,97916857048.78412,1508.4159347327986,64913698.39985756,0.09413315646974019,projected
UGA,2040,136554724033.44345,1874.0789176548744,72864980.62969567,0.10079857637080132,projected
UGA,2045,189562784662.23093,2342.0555865414854,80938636.02193934,0.11244511957803649,projected
UGA,2050,261294216967.1818,2935.7881169251173,89003091.01354899,0.09775961102198069,projected
UGA,2055,356742704418.34186,3684.1744621166695,96831110.49344346,0.06540691485724798,projected
UGA,2060,481197475978.0934,4611.130945746253,104355630.2433779,0.038004090748788584,projected
UGA,2065,640552970008.7323,5740.248847338568,111589756.30572546,0.019324463911369993,projected
UGA,2070,840650445508.4877,7100.9469196840755,118385682.22192661,0.0029301144259193065,projected
UKR,2012,112148546939.27092,2426.929474815417,46210055.99999996,7.031318031728851,hist
UKR,2013,112199506223.48714,2432.4162785186786,46126770.000000045,6.834963731473071,hist
UKR,2014,100891035818.54788,2194.6011021954496,45972379.999999925,5.85851548255714,hist
UKR,2015,91030967789.07156,1988.2313981683324,45784895.99999994,4.93846267555134,hist
UKR,2016,93253017277.08961,2044.267722867943,45616832.00000005,4.98162827265164,hist
UKR,2017,95453762636.02032,2100.8380249507263,45436041.000000045,4.52463056805499,hist
UKR,2018,98783535744.14438,2185.045874790658,45208906.99999994,4.82875863377984,hist
UKR,2019,101944118786.82106,2267.5685708658384,44957458.000000045,4.62458753784522,hist
UKR,2020,98118341608.386,2196.0230721589746,44680014.0,4.45159215930416,hist
UKR,2021,101499127457.56387,2291.24703281103,44298639.99999995,4.38244379511425,hist
UKR,2022,72309415409.67366,1761.5490660468035,41048765.99999993,2.90739555971061,hist
UKR,2023,76311548883.89688,2022.4175273731555,37732836.000000045,3.2251803177476503,hist
UKR,2024,78535131747.32233,2074.3442503233796,37860220.99999993,3.12934781865114,hist
UKR,2025,84013438718.9349,2219.04248046875,37860220.99999993,4.784813230459415,projected
UKR,2030,99668907463.62059,2687.278162654044,37089166.595684424,4.654279495990311,projected
UKR,2035,116533608008.98192,3197.367780771743,36446732.43715942,3.511377105929611,projected
UKR,2040,134224016674.20802,3735.265821704774,35934260.92843594,2.614927822532428,projected
UKR,2045,152085593509.39117,4284.806616459091,35494155.77477631,2.335946204332418,projected
UKR,2050,170143657139.6704,4848.389457435278,35092819.71536869,2.028661610759998,projected
UKR,2055,189840299396.93277,5466.506995807564,34727898.371396445,1.6371549606489706,projected
UKR,2060,212187908686.40427,6167.564195366137,34403842.74327083,1.2358632822118765,projected
UKR,2065,236242742171.0188,6948.3234926307805,33999963.07333301,0.965872407501342,projected
UKR,2070,260556824113.0474,7770.4020129224355,33531961.883018766,0.6907083589261415,projected
URY,2012,53197370201.039474,15949.317698543431,3335401.000000001,2.6627982662354497,hist
URY,2013,55664418793.73771,16639.40547506507,3345336.9999999977,2.28942554965314,hist
URY,2014,57467273107.59464,17122.03645632247,3356334.0000000014,2.00617697761903,hist
URY,2015,57680327998.66893,17125.901680029794,3368017.0000000014,2.04722838394224,hist
URY,2016,58655009160.085846,17357.234999284123,3379283.0,2.0209020670953,hist
URY,2017,59675827116.7172,17611.603670103217,3388438.0,1.89093027524777,hist
URY,2018,59774159517.75535,17608.944119503696,3394533.9999999995,2.0241364499516,hist
URY,2019,60329073609.82144,17758.438437298606,3397205.9999999995,2.10646631378845,hist
URY,2020,55890466349.15454,16443.3635000843,3398968.000000001,2.03399973168326,hist
URY,2021,59156857853.76051,17416.005220886927,3396694.9999999995,2.51768262973273,hist
URY,2022,61810768801.320915,18228.355844376114,3390912.9999999986,2.38667285182486,hist
URY,2023,62269484309.02053,18378.983356366207,3388080.9999999977,2.41753370123087,hist
URY,2024,64204978531.949,18958.603329353624,3386587.999999998,2.56756948291319,hist
URY,2025,64204978531.94923,18958.603329353693,3386587.999999998,2.140213915807462,projected
URY,2030,73357136833.25793,21621.778679304713,3392742.933932245,1.9903741371177377,projected
URY,2035,82330225357.62099,24326.008459000317,3384452.714319428,1.8535362397617259,projected
URY,2040,91275696155.1913,27148.167318863525,3362131.0449110745,1.6768219934077515,projected
URY,2045,100233639474.53902,30130.005930731422,3326704.9367655334,1.5929543094839442,projected
URY,2050,109424997130.00505,33383.88325679513,3277779.1693161433,1.6478215986044136,projected
URY,2055,118496084039.76126,36830.60118165752,3217326.9031181335,1.2298511006923998,projected
URY,2060,127234867333.59315,40395.476584160075,3149730.5662061344,0.7976779926753294,projected
URY,2065,135922869645.90352,44131.601238391806,3079944.208497445,0.476408414868681,projected
URY,2070,144571672604.05624,48051.91940319481,3008655.5209373003,0.14031248112363873,projected
USA,2012,16892000920975.475,53738.147671459374,314339098.99999976,16.1854221004814,hist
USA,2013,17249744800617.5,54462.625241240625,316726282.00000006,16.495975221911,hist
USA,2014,17685097277697.758,55394.45104353296,319257559.99999946,16.4248953102317,hist
USA,2015,18206020740999.965,56572.918899606295,321815120.99999964,15.9501022949136,hist
USA,2016,18537270454435.6,57151.47084483728,324353340.0000002,15.5045482189269,hist
USA,2017,18992846546661.727,58151.70213918554,326608609.00000024,15.184712721396798,hist
USA,2018,19556270302218.324,59526.66569871212,328529577.0000004,15.5796456645972,hist
USA,2019,20061570168697.562,60750.98986216377,330226226.9999995,15.0439662080505,hist
USA,2020,19627632559934.508,59194.66651720297,331577720.0000001,13.4715821678248,hist
USA,2021,20816096100824.5,62680.25035858051,332099760.0,14.3161154347115,hist
USA,2022,21339074561820.027,63886.131706984175,334017321.00000024,14.417714882516497,hist
USA,2023,21955252291273.586,65186.59772441565,336806230.9999996,13.711941986013901,hist
USA,2024,22568462768174.31,66356.17067501004,340110988.00000024,13.6195685039144,hist
USA,2025,22568462768174.31,66356.17067501004,340110988.00000024,12.234752321498064,projected
USA,2030,24790336996142.387,70397.46118529787,352148168.11205846,11.120916292126813,projected
USA,2035,26827357834170.14,73825.40467060985,363389241.87231994,8.048827711381938,projected
USA,2040,28756666951566.625,76929.38897232528,373805997.1061463,6.257354665542744,projected
USA,2045,30578856736191.258,79765.76125585541,383358175.9234641,5.654741012834933,projected
USA,2050,32258380369257.477,82206.10279912609,392408583.67999905,3.8967773988526555,projected
USA,2055,33947639973646.9,84564.84770165155,401439142.8151759,2.8646157719837766,projected
USA,2060,35722811188965.78,87006.65103515559,410575637.1950433,1.877385870398903,projected
USA,2065,37580248642419.85,89650.66427996711,419185389.69283855,1.1739901058111901,projected
USA,2070,39363748760094.7,92214.37512309327,426872152.06468207,0.49998600041649016,projected
UZB,2012,70106848438.94565,2395.8403675572845,29261903.000000015,4.20977063590157,hist
UZB,2013,75222229947.90175,2530.684478987034,29724065.000000007,4.0848046860347,hist
UZB,2014,80392884506.09995,2659.9907509527307,30222994.00000003,3.74415254822206,hist
UZB,2015,86196264755.31058,2803.1901802175084,30749346.00000002,3.49764512064744,hist
UZB,2016,91309557164.50493,2918.6772585290305,31284567.999999963,3.64421845300852,hist
UZB,2017,95322862968.51091,2995.767614377433,31819178.000000004,3.7168087748841296,hist
UZB,2018,100622047495.60088,3108.161878611203,32373489.999999963,3.48417486035642,hist
UZB,2019,107444145839.57695,3259.3696463249303,32964700.999999963,3.4921323873072594,hist
UZB,2020,109123866128.1479,3249.0519109401894,33586371.99999995,3.69033904584871,hist
UZB,2021,117891622986.82196,3442.7248445034115,34243695.99999996,3.9236623289729,hist
UZB,2022,124966702851.26279,3576.7155271605275,34938954.999999955,3.68952648984493,hist
UZB,2023,132828878427.53183,3725.6741457861876,35652306.99999998,3.72011269845735,hist
UZB,2024,141462755525.29123,3890.415930750158,36361859.00000005,4.08501666540206,hist
UZB,2025,141462755525.291,3890.4159307501513,36361859.00000005,3.513493558404989,projected
UZB,2030,181826092089.70264,4871.370688217422,37325447.74912996,3.2616068711714585,projected
UZB,2035,226614382440.1395,5963.806587690053,37998278.2989469,2.3752496220070505,projected
UZB,2040,275615717263.7965,7159.729362084222,38495270.32730799,1.7214648295804162,projected
UZB,2045,326769188701.56635,8414.202083034916,38835433.88628766,1.5056659578021565,projected
UZB,2050,377931280179.1801,9704.455660998643,38944098.81205937,1.2892089825717195,projected
UZB,2055,429482710123.0311,11067.85362679736,38804516.6303223,1.033292119805158,projected
UZB,2060,482497391830.21375,12553.04688573676,38436675.67102337,0.7801330360590606,projected
UZB,2065,539171280450.7136,14200.502751209153,37968464.208410084,0.6099753422091293,projected
UZB,2070,597881653484.097,15981.836738860957,37410071.39875893,0.43661861096177984,projected
VCT,2012,738391734.9139897,6790.683259582753,108735.99999999991,0.80562095350206,hist
VCT,2013,756574514.5147423,6996.573861513317,108134.99999999997,0.762935219864059,hist
VCT,2014,765242794.4232185,7116.220713472067,107534.99999999997,0.857395266657367,hist
VCT,2015,786555555.5555552,7353.7355605418425,106959.99999999997,0.8891174270755419,hist
VCT,2016,819195102.0358421,7702.894263564697,106349.00000000001,0.951583935909129,hist
VCT,2017,831877075.6021905,7872.926905370763,105662.99999999994,1.03252794261,hist
VCT,2018,858294259.20171,8179.995989570835,104926.00000000006,1.05026399557784,hist
VCT,2019,864031342.4817245,8294.674344866655,104166.99999999996,1.11839642113145,hist
VCT,2020,827146498.1607744,7989.746519335958,103526.0,1.1958348627397901,hist
VCT,2021,844461993.2483894,8211.335880129423,102840.99999999991,1.1415680516525497,hist
VCT,2022,870731795.6358278,8532.738134133893,102046.00000000006,1.24551672775023,hist
VCT,2023,917110146.8129917,9051.352080110068,101322.99999999993,1.25835200300031,hist
VCT,2024,954361646.8322871,9485.187712016848,100615.99999999999,1.31191858153773,hist
VCT,2025,954361646.8322887,9485.187712016865,100615.99999999999,1.31191858153773,projected
VCT,2030,1046929511.4840539,10433.73056243745,100340.86132654341,1.31191858153773,projected
VCT,2035,1142104921.618967,11459.451983488667,99664.88129315147,1.31191858153773,projected
VCT,2040,1252925604.6527717,12715.041695849703,98538.85143465454,1.31191858153773,projected
VCT,2045,1377435901.4731052,14195.660513594132,97032.18107773407,1.31191858153773,projected
VCT,2050,1514983925.709177,15901.977463634703,95270.15927256247,1.31191858153773,projected
VCT,2055,1665569677.3609962,17853.71981710247,93289.78467364043,1.31191858153773,projected
VCT,2060,1828541270.0577648,20059.204439488072,91157.21790332532,1.31191858153773,projected
VCT,2065,2002594931.0579166,22516.970616730956,88937.13835421152,1.31191858153773,projected
VCT,2070,2189034433.103021,25259.233101406488,86662.7432556981,1.31191858153773,projected
VEN,2012,137347654100.44878,4647.373037265937,29553825.99999995,6.55732695996789,hist
VEN,2013,139192362251.3611,4653.364565564894,29912198.0,6.45112739625486,hist
VEN,2014,133771673722.29816,4421.607867233307,30254079.00000004,6.34368674716556,hist
VEN,2015,125449241571.3908,4103.138498700494,30573971.999999963,5.75436845431794,hist
VEN,2016,104072271054.89717,3382.7347793224744,30765720.000000037,5.29608278304555,hist
VEN,2017,87762679935.50772,2871.315311652606,30565323.000000052,4.97170927982669,hist
VEN,2018,70512625399.30647,2365.5928127071243,29807592.00000004,4.62269142706999,hist
VEN,2019,51010266124.70797,1762.737348000825,28938097.999999996,4.15965140487118,hist
VEN,2020,35707915777.1561,1255.3726309050594,28444077.000000007,2.69531333359842,hist
VEN,2021,36049081141.139946,1276.623814494073,28237826.000000026,2.68692781094409,hist
VEN,2022,38933336798.95146,1379.9777882298627,28213016.999999963,3.2610479056529105,hist
VEN,2023,40491326652.4278,1430.7457524931158,28300853.999999996,3.40591488864612,hist
VEN,2024,42637366965.00644,1501.0227744988501,28405543.000000034,3.39410515757435,hist
VEN,2025,42637366965.00644,1501.0227744988501,28405543.000000034,7.561858613299524,projected
VEN,2030,49694892675.84573,1666.1869455216747,29825520.365175176,6.0127668454493675,projected
VEN,2035,57512645884.11567,1850.918041984969,31072497.31189487,2.811447664573723,projected
VEN,2040,65922841526.08771,2050.9157047811937,32143125.81078062,2.264151297183149,projected
VEN,2045,75153556031.63719,2274.748955227926,33038175.86504042,2.0827239458099513,projected
VEN,2050,85184665009.8932,2524.045999970692,33749252.197021104,0.6884300684461029,projected
VEN,2055,96004306523.14716,2800.0736158277546,34286350.89465906,0.5078566119065314,projected
VEN,2060,107529037975.10213,3102.886175206015,34654522.24265454,0.33447582739239434,projected
VEN,2065,119333711156.9837,3424.597436368423,34846055.15664049,0.20093666179787611,projected
VEN,2070,131229353130.12204,3764.979499787547,34855263.65748529,0.06921766605205087,projected
VNM,2012,199081239731.68796,2224.1140425325543,89510355.99999994,1.74532095481779,hist
VNM,2013,210137237901.38904,2320.0843144493424,90573104.00000001,1.80141667663283,hist
VNM,2014,223632762207.56036,2439.2865574442326,91679578.00000015,1.9518218113962102,hist
VNM,2015,239258328381.74124,2577.5688534011206,92823254.0000001,2.16344818077591,hist
VNM,2016,255264731908.12393,2715.578874312719,94000117.00000001,2.38090235568537,hist
VNM,2017,272980590259.1869,2868.136800133786,95176976.99999999,2.40871172027244,hist
VNM,2018,293358610036.8411,3048.2832760214474,96237319.00000001,2.9312672353227094,hist
VNM,2019,314947640805.60034,3241.076489665286,97173775.99999985,3.46316479458409,hist
VNM,2020,323972192107.06525,3303.16949807493,98079191.00000003,3.5515331687432,hist
VNM,2021,332245562394.7698,3358.2173476471385,98935098.00000001,3.3978871684141896,hist
VNM,2022,360611028837.66486,3617.663114650122,99680655.00000016,3.45101965872917,hist
VNM,2023,378876063686.79944,3775.4637555580125,100352192.00000018,3.89354026267807,hist
VNM,2024,405742875627.9195,4017.746041115536,100987686.00000016,4.26605675468195,hist
VNM,2025,405742875627.9195,4017.746041115536,100987686.00000016,0.042425089386759644,projected
VNM,2030,513753328259.1586,4969.95863653853,103371751.32245705,0.05346162220766531,projected
VNM,2035,629091954496.0054,5987.939114670925,105059844.87295142,0.07046220447088397,projected
VNM,2040,758365792327.8779,7147.537834250617,106101682.83318904,0.08761409884893531,projected
VNM,2045,899662037690.4745,8454.577606088138,106411234.19845696,0.10516312748013643,projected
VNM,2050,1045768029199.0625,9882.20481158523,105823351.07779537,0.10301012040395954,projected
VNM,2055,1195438584269.3093,11432.873850012846,104561512.70032305,0.07569974871903115,projected
VNM,2060,1351089670368.3022,13151.334522804455,102734035.69998989,0.0479849185766853,projected
VNM,2065,1520699462073.3403,15134.804705043924,100476979.49921627,0.030299370887760392,projected
VNM,2070,1692526174763.18,17292.672703259643,97875337.3643706,0.011842556339028983,projected
VUT,2012,709081226.9458168,2849.054483214268,248883.0,0.593451541487366,hist
VUT,2013,712367041.3870071,2799.2826266180186,254482.00000000017,0.59336220243475,hist
VUT,2014,730710779.9026687,2807.834229567588,260239.99999999985,0.673608976329542,hist
VUT,2015,759690180.9516536,2854.8941227265345,266101.0,0.598269078282306,hist
VUT,2016,786063165.2822514,2889.01404801498,272086.9999999998,0.609731446191843,hist
VUT,2017,820749507.2027754,2946.961861650787,278506.9999999999,0.597471517771546,hist
VUT,2018,844553132.8725942,2960.6537668315245,285259.0000000001,0.802078111470628,hist
VUT,2019,871926684.7585917,2986.2036911436944,291985.0,0.750038529376509,hist
VUT,2020,828395819.7557684,2771.8709880805236,298857.99999999977,0.841536783355306,hist
VUT,2021,815536673.7660013,2666.302698438548,305867.9999999998,0.95106385761178,hist
VUT,2022,857832270.1819123,2740.2754553066065,313046.0000000001,0.865368028979767,hist
VUT,2023,875793075.4356315,2733.3597852608113,320409.00000000006,0.847978677253136,hist
VUT,2024,884044669.5962107,2697.0918325453304,327777.0,0.869798674098549,hist
VUT,2025,884044669.5962107,2697.0918325453304,327777.0,0.869798674098549,projected
VUT,2030,1130113792.4826856,3189.510888746435,354321.9734631009,0.869798674098549,projected
VUT,2035,1437324326.758466,3785.7425817781036,379667.73907891475,0.869798674098549,projected
VUT,2040,1828729591.4719832,4538.370771603151,402948.47721884033,0.869798674098549,projected
VUT,2045,2318863200.805937,5467.342267002593,424129.8765583276,0.869798674098549,projected
VUT,2050,2921757609.833284,6593.6201989037,443118.88184264465,0.869798674098549,projected
VUT,2055,3652447591.8464794,7942.739234792313,459847.3503759668,0.869798674098549,projected
VUT,2060,4520455169.930743,9530.211324420743,474328.9541069544,0.869798674098549,projected
VUT,2065,5529789616.964067,11377.396854724884,486032.9377249083,0.869798674098549,projected
VUT,2070,6684460205.824411,13502.57622850639,495050.7290388261,0.869798674098549,projected
WSM,2012,787546481.6221325,4007.9109284681404,196497.99999999997,1.36439047725677,hist
WSM,2013,788391466.0461391,3976.3928926813155,198268.00000000003,1.4061774971251,hist
WSM,2014,793594248.7216337,3967.2373047067954,200037.00000000012,1.43223503651824,hist
WSM,2015,824150498.6535364,4084.360838199326,201782.00000000003,1.62948132142609,hist
WSM,2016,889949544.3782719,4373.237924403914,203498.99999999997,1.7405490936073398,hist
WSM,2017,902464748.1871902,4393.3731625596465,205415.0000000001,1.54078329235937,hist
WSM,2018,896962897.9908402,4321.005183449623,207582.00000000015,1.66054860247998,hist
WSM,2019,936894420.7462124,4466.080754820348,209779.99999999994,1.78043664791687,hist
WSM,2020,907769700.5048021,4283.063924927348,211944.00000000006,1.4777488393160503,hist
WSM,2021,861986288.3208394,4032.137339592942,213778.99999999994,1.60679954532484,hist
WSM,2022,881527953.2326069,4095.1586828668806,215260.99999999983,1.54417195869201,hist
WSM,2023,1015816489.3701613,4688.4631403154235,216663.00000000015,1.53833372564766,hist
WSM,2024,1064051361.6493101,4880.544180320566,218019.00000000015,1.60444731881166,hist
WSM,2025,1064051361.6493083,4880.544180320558,218019.00000000015,1.60444731881166,projected
WSM,2030,1210996750.4764907,5573.785110642227,217266.49421131998,1.60444731881166,projected
WSM,2035,1357942139.303672,6317.343340332066,214954.62034398355,1.60444731881166,projected
WSM,2040,1522604348.0603738,7218.773458662986,210922.86061881497,1.60444731881166,projected
WSM,2045,1722700196.6761086,8378.868512206553,205600.57651775228,1.60444731881166,projected
WSM,2050,1962398348.6637087,9845.347502749972,199322.40564546632,1.60444731881166,projected
WSM,2055,2226066315.850071,11577.938738334373,192267.9300832367,1.60444731881166,projected
WSM,2060,2489734283.036434,13469.788760187268,184838.40595892313,1.60444731881166,projected
WSM,2065,2765908240.7612796,15483.41048760488,178636.88642599157,1.60444731881166,projected
WSM,2070,3069178511.3195095,17691.017760333034,173487.95602937273,1.60444731881166,projected
YEM,2012,56340077330.57702,1981.4580004660297,28433647.00000005,0.773829681433409,hist
YEM,2013,59057651713.08677,2014.7289059487018,29312951.999999978,0.982094877377072,hist
YEM,2014,58946215687.176704,1950.1625450588992,30226308.999999996,0.938116526235472,hist
YEM,2015,42444490073.855545,1362.173812060102,31159379.000000045,0.45740000145702503,hist
YEM,2016,38465266584.270096,1197.9586597117163,32109010.0,0.331047266795208,hist
YEM,2017,36514386855.10955,1103.4563484984171,33090920.999999966,0.296939453573988,hist
YEM,2018,36789138480.08591,1079.3293836625514,34085182.000000015,0.35186257770312,hist
YEM,2019,37717714847.93612,1079.3293836625514,34945509.145638555,0.33280884991344456,hist
YEM,2020,38669728950.57839,1079.3293836625514,35827551.381356955,0.3137551221237691,hist
YEM,2021,39645772368.23324,1079.3293836625514,36731856.8069563,0.29470139433409365,hist
YEM,2022,40646451612.90318,1079.3293836625514,37658987.35655209,0.2756476665444182,hist
YEM,2023,41672388505.25905,1079.3293836625514,38609519.14775979,0.2565939387547428,hist
YEM,2024,42724220561.038155,1079.3293836625514,39584042.839693256,0.23754021096506733,hist
YEM,2025,43802601387.196266,1079.3293836625514,40583164.00000002,0.21848648317539188,projected
YEM,2030,48750212434.75861,1079.3293836625514,45167131.71407571,0.17529874716117097,projected
YEM,2035,53764922782.057915,1079.3293836625514,49813267.01179418,0.12936107895134485,projected
YEM,2040,58845679004.50294,1079.3293836625514,54520593.89397744,0.08707378903696694,projected
YEM,2045,63862855037.75153,1079.3293836625514,59169013.65275721,0.07422761570467992,projected
YEM,2050,68660947668.46184,1079.3293836625514,63614452.369924955,0.04949958361412439,projected
YEM,2055,73010656214.90222,1079.3293836625514,67644462.68214333,0.031390772058350336,projected
YEM,2060,76851323461.3303,1079.3293836625514,71202845.6045051,0.01541981791115652,projected
YEM,2065,80328662509.12529,1079.3293836625514,74424604.50445752,0.009594693884289686,projected
YEM,2070,83489489598.673,1079.3293836625514,77353114.68623531,0.004269093529343,projected
ZAF,2012,329233094599.26294,6121.557838607128,53782566.99999998,8.57667504044573,hist
ZAF,2013,337416077838.15076,6170.876708633716,54678790.999999985,8.68872722515024,hist
ZAF,2014,342186555600.7309,6155.005894625165,55594837.99999996,8.75262375978144,hist
ZAF,2015,346709790458.56256,6112.2738248597425,56723536.9999999,8.14948651738695,hist
ZAF,2016,349013858372.62463,6095.295060427997,57259550.99999995,8.03701551903542,hist
ZAF,2017,353055253707.071,6125.692050749691,57635162.00000006,8.14751418587147,hist
ZAF,2018,358551560868.53326,6117.27014060469,58613001.00000007,8.077016906198,hist
ZAF,2019,359483563936.67554,6032.829725986685,59587884.99999991,8.01412233375962,hist
ZAF,2020,337307318679.6392,5569.584833192722,60562381.00000003,7.4445834618028,hist
ZAF,2021,353695896167.04675,5750.909374795849,61502602.9999999,7.29340675223128,hist
ZAF,2022,360975440918.6109,5786.865053447353,62378410.00000001,6.88263936192025,hist
ZAF,2023,363885280375.6972,5756.550494531214,63212384.00000004,6.75922774879049,hist
ZAF,2024,365831497261.3416,5715.475314691476,64007187.00000008,6.87684962627712,hist
ZAF,2025,365831497261.3416,5715.475314691476,64007187.00000008,2.613206545071259,projected
ZAF,2030,434288881787.1818,6583.432502207321,65966937.70940488,2.5780535811616723,projected
ZAF,2035,505659499863.60596,7481.162141485693,67591036.03162736,2.350953755548972,projected
ZAF,2040,580748508019.8743,8420.104270555157,68971652.76809382,2.070275167685336,projected
ZAF,2045,657856555350.6265,9385.376227154513,70093786.2722289,2.1318494540963897,projected
ZAF,2050,736179333306.092,10370.430937380877,70988306.82652606,1.979292171925663,projected
ZAF,2055,817711713645.1854,11412.780470300024,71648772.68717752,1.2423729906532006,projected
ZAF,2060,904097080626.6864,12537.60135136655,72110849.21982652,0.5203433381517223,projected
ZAF,2065,992454423920.7706,13732.714918477466,72269353.13318244,0.3088383807568912,projected
ZAF,2070,1080915644702.8319,14992.889993450875,72095216.14411847,0.09871251354283633,projected
ZMB,2012,18773117888.809402,1258.7893857899644,14913629.000000002,0.289620990303567,hist
ZMB,2013,19722575262.791733,1280.7701217677816,15398997.000000022,0.307539510527861,hist
ZMB,2014,20648211567.061596,1299.0124176250424,15895314.999999996,0.346397664972352,hist
ZMB,2015,21251216798.77621,1295.8778868006755,16399089.000000007,0.356605174836236,hist
ZMB,2016,22049221308.108807,1303.5751386913282,16914423.00000001,0.3740358154694369,hist
ZMB,2017,22826646593.616886,1308.7682924008564,17441319.999999985,0.46088254788055,hist
ZMB,2018,23747586257.25124,1321.250457115735,17973569.00000003,0.506471474864007,hist
ZMB,2019,24089861649.015514,1301.1813297617796,18513839.000000015,0.487959304388463,hist
ZMB,2020,23418945736.899277,1228.7350011319509,19059394.99999998,0.500068339000267,hist
ZMB,2021,24879098747.88614,1269.1082180889523,19603607.000000022,0.49379688135964,hist
ZMB,2022,26175604214.18954,1298.8480495592999,20152938.000000034,0.524548827570452,hist
ZMB,2023,27580695690.340004,1330.859982167505,20723965.000000004,0.548090097623693,hist
ZMB,2024,28634291574.827003,1343.3896638035285,21314956.0,0.542961477377669,hist
ZMB,2025,28634291574.82703,1343.3896638035299,21314956.0,0.26603516680818784,projected
ZMB,2030,40041564920.46561,1680.3957286456869,23828651.928755533,0.27513176343972356,projected
ZMB,2035,54936671579.073044,2082.311244635073,26382545.70281627,0.2870468966163378,projected
ZMB,2040,74860840540.50002,2591.3152740498913,28889128.73326378,0.313775687867168,projected
ZMB,2045,101213104072.31937,3235.581238446683,31281274.248242673,0.33085720989553175,projected
ZMB,2050,135471620037.56454,4035.349216658405,33571225.87515387,0.37247555694568896,projected
ZMB,2055,179333575121.48764,5017.5705944101355,35741116.49196837,0.25991595181225535,projected
ZMB,2060,234439391995.2051,6208.6564733568075,37760084.32762455,0.16088183267227402,projected
ZMB,2065,302399677888.0677,7634.013015583104,39612151.20681448,0.0863585965713357,projected
ZMB,2070,384905885746.52466,9310.319396197985,41341856.20997138,0.01854749816751786,projected
ZWE,2012,18794430788.926224,1360.152300342751,13817887.000000022,0.922261124294909,hist
ZWE,2013,19168343271.844574,1367.818316894637,14013807.999999981,0.907590570671441,hist
ZWE,2014,19623972034.363373,1381.254041258717,14207358.999999978,0.886871374194176,hist
ZWE,2015,19973250000.000023,1387.1263259502578,14399013.000000019,0.881442359972868,hist
ZWE,2016,20124206636.799828,1378.3425619237396,14600294.000000019,0.771813225130946,hist
ZWE,2017,21076969325.212666,1422.9194894692666,14812481.999999974,0.714789054258429,hist
ZWE,2018,22132908952.042995,1472.1460384484253,15034451.999999993,0.816285156253118,hist
ZWE,2019,20731353612.165085,1357.53087818754,15271367.99999999,0.731473434469001,hist
ZWE,2020,19110793941.199566,1230.8193336101606,15526887.999999974,0.584444223465771,hist
ZWE,2021,20729099176.653595,1312.20001358807,15797209.999999998,0.68892544949393,hist
ZWE,2022,22001713149.789696,1369.1976149557074,16069055.999999996,0.719220842842293,hist
ZWE,2023,23178995952.203518,1418.471846287996,16340822.000000011,0.76899436270709,hist
ZWE,2024,23582865676.396137,1417.718941158534,16634373.00000002,0.772821434267465,hist
ZWE,2025,23582865676.396072,1417.7189411585302,16634373.00000002,0.3883115397630824,projected
ZWE,2030,30943008215.11178,1850.3658169063815,16722643.669912396,0.44657922159806634,projected
ZWE,2035,41704897305.33481,2491.6784570018185,16737672.225780442,0.5153920784791975,projected
ZWE,2040,57208614921.90109,3425.3432936091654,16701571.205618449,0.6182436266472398,projected
ZWE,2045,78536534967.56323,4727.870815930964,16611396.128449125,0.7097119975231574,projected
ZWE,2050,106704027246.33176,6479.732785989721,16467349.931010107,0.8649768950740906,projected
ZWE,2055,142747078207.9835,8776.658882759188,16264398.57294613,0.6506183137329807,projected
ZWE,2060,187523855732.55777,11704.092070834578,16022076.261673331,0.43190119809579847,projected
ZWE,2065,242730078934.36755,15364.866114157147,15797734.723553283,0.24666210317484336,projected
ZWE,2070,309355346810.2129,19847.248858157607,15586812.51094717,0.0560378211136749,projected
